lnp_id,ionizable_lipid,helper_lipid,sterol_lipid,peg_lipid,lipid_molar_ratio,target_type,nucleic_acid_sequence,ionizable_lipid_smiles,helper_lipid_smiles,sterol_lipid_smiles,peg_lipid_smiles,size_mean,size_sd,size_flag,pdi_mean,pdi_sd,pdi_flag,ee_mean,ee_sd,ee_flag,zeta_mean,zeta_sd,zeta_flag,ratio_type,ratio_value,ratio_cargo,synthesis_info,bioactivity_profile,transfection_raw,transfection_unit,transfection_pctile,paper_doi,paper_title,paper_authors,paper_journal,paper_year,ionizable_lipid_original,helper_lipid_original,sterol_lipid_original,peg_lipid_original
1,Custom lipid,DOPE,cholesterol,DMG-PEG2000,60:20:19.5:0.5,mRNA,"firefly_luciferase, cre_recombinase",,CCCCCCCC/C=C\CCCCCCCC(=O)OC[C@H](COP(=O)(O)OCCN)OC(=O)CCCCCCC/C=C\CCCCCCCC,C[C@H](CCCC(C)C)[C@H]1CC[C@@H]2[C@@]1(CC[C@H]3[C@H]2CC=C4[C@@]3(CC[C@@H](C4)O)C)C,CCCCCCCCCCCCCC(=O)OCC(COP(=O)([O-])OCCOCCOCCOCCOCCOCCOCCOCCOCCOCCOCCOCCOCCOCCOCCOCCOCCOCCOCCOCCOCCOCCOCCOCCOCCOCCOCCOCCOCCOCCOCCOCCOCCOCCOCCOCCOCCOCCOCCOCCOCCOCCOCCOCCOCCOCCOCCOCCOCCOCCOCCOCCOCCOCCOCCOCCOCCOCCOCCOCCOCCOCCOCCOCCOCCOCCOCCOCCOCCOCCOCCOCCOCCOCCOCCOCCOCCOCCOCCOCCOCCOCCOCCOCCOCCOCCOCCOCCOCCOCCO)OC(=O)CCCCCCCCCCCCC,108.0,2.1,,0.19,0.01,,92.08,2.5,,-2.28,,,,,,"synthesis_method: 3CR-Ugi reaction; device_used: Automated liquid handler (OT-2); total_flow_rate_ml_min: ; flow_rate_ratio: 3:1 (aqueous:ethanol); aqueous_phase_composition: 10 mM citrate buffer; organic_phase_composition: ethanol with lipid components; mixing_time_sec: overnight; temperature_condition: room temperature; post_processing: dialysis against PBS, 20,000 MWCO; sterilization: ; storage_buffer: PBS at 4¡ÆC","cell_line: HeLa, C2C12; animal_model: C57BL/6 mice, ROSAmT/mG reporter mice; administration_route: intramuscular (IM); dose: 0.5 mg/kg mRNA; gene_expression_result: 7.8x higher than MC3 in muscle; biodistribution_result: muscle-specific, lower liver accumulation; toxicity_profile: lower ALT/AST levels than ALC-0315",7.8,fold_change,,https://doi.org/10.1038/s41467-024-50619-z,AGILE platform: a deep learning powered approach to accelerate LNP development for mRNA delivery,"['Yue Xu', 'Shihao Ma', 'Haotian Cui', 'Jingan Chen', 'Shufen Xu', 'Fanglin Gong', 'Alex Golubovic', 'Muye Zhou', 'Kevin Chang Wang', 'Andrew Varley', 'Rick Xing Ze Lu', 'Bo Wang', 'Bowen Li']",Nature Communications,2024.0,(Z)-5-(octadec-9-en-1-ylamino)-5-oxo-4-(piperidin-1-ylamino)pentyl octanoate,DOPE,cholesterol,DMG-PEG2000
2,Custom lipid,DOPE,cholesterol,DMG-PEG2000,35:16:46.5:2.5,mRNA,firefly_luciferase,CCCCCCCCC/C=C/CCCCCCCCC(=O)N(N)CCCCCCCCCC,CCCCCCCC/C=C\CCCCCCCC(=O)OC[C@H](COP(=O)(O)OCCN)OC(=O)CCCCCCC/C=C\CCCCCCCC,C[C@H](CCCC(C)C)[C@H]1CC[C@@H]2[C@@]1(CC[C@H]3[C@H]2CC=C4[C@@]3(CC[C@@H](C4)O)C)C,CCCCCCCCCCCCCC(=O)OCC(COP(=O)([O-])OCCOCCOCCOCCOCCOCCOCCOCCOCCOCCOCCOCCOCCOCCOCCOCCOCCOCCOCCOCCOCCOCCOCCOCCOCCOCCOCCOCCOCCOCCOCCOCCOCCOCCOCCOCCOCCOCCOCCOCCOCCOCCOCCOCCOCCOCCOCCOCCOCCOCCOCCOCCOCCOCCOCCOCCOCCOCCOCCOCCOCCOCCOCCOCCOCCOCCOCCOCCOCCOCCOCCOCCOCCOCCOCCOCCOCCOCCOCCOCCOCCOCCOCCOCCOCCOCCOCCOCCOCCOCCO)OC(=O)CCCCCCCCCCCCC,134.6,,,0.14,,,,,,,,,,,,synthesis_method: 3CR-Ugi reaction; device_used: Automated liquid handler (OT-2); total_flow_rate_ml_min: ; flow_rate_ratio: 3:1 (aqueous:ethanol); aqueous_phase_composition: 10 mM citrate buffer; organic_phase_composition: ethanol with lipid components; mixing_time_sec: overnight; temperature_condition: room temperature; post_processing: ; sterilization: ; storage_buffer: ,"cell_line: HeLa; animal_model: mice; administration_route: intramuscular (IM); dose: 0.2 mg/kg mRNA; gene_expression_result: 7.81 (Log2) in vitro, 3.625E+04 in vivo",7.81,log2,0.875,https://doi.org/10.1038/s41467-024-50619-z,AGILE platform: a deep learning powered approach to accelerate LNP development for mRNA delivery,"['Yue Xu', 'Shihao Ma', 'Haotian Cui', 'Jingan Chen', 'Shufen Xu', 'Fanglin Gong', 'Alex Golubovic', 'Muye Zhou', 'Kevin Chang Wang', 'Andrew Varley', 'Rick Xing Ze Lu', 'Bo Wang', 'Bowen Li']",Nature Communications,2024.0,H1,DOPE,cholesterol,DMG-PEG2000
3,Custom lipid,DOPE,cholesterol,DMG-PEG2000,35:16:46.5:2.5,mRNA,firefly_luciferase,CCCCCC(C)CCCC(=O)OCCC(N(C)N)C(=O)NCCCCCCCCCC/C=C/CCCCCCCCCC,CCCCCCCC/C=C\CCCCCCCC(=O)OC[C@H](COP(=O)(O)OCCN)OC(=O)CCCCCCC/C=C\CCCCCCCC,C[C@H](CCCC(C)C)[C@H]1CC[C@@H]2[C@@]1(CC[C@H]3[C@H]2CC=C4[C@@]3(CC[C@@H](C4)O)C)C,CCCCCCCCCCCCCC(=O)OCC(COP(=O)([O-])OCCOCCOCCOCCOCCOCCOCCOCCOCCOCCOCCOCCOCCOCCOCCOCCOCCOCCOCCOCCOCCOCCOCCOCCOCCOCCOCCOCCOCCOCCOCCOCCOCCOCCOCCOCCOCCOCCOCCOCCOCCOCCOCCOCCOCCOCCOCCOCCOCCOCCOCCOCCOCCOCCOCCOCCOCCOCCOCCOCCOCCOCCOCCOCCOCCOCCOCCOCCOCCOCCOCCOCCOCCOCCOCCOCCOCCOCCOCCOCCOCCOCCOCCOCCOCCOCCOCCOCCOCCOCCO)OC(=O)CCCCCCCCCCCCC,138.0,,,0.14,,,,,,,,,,,,synthesis_method: 3CR-Ugi reaction; device_used: Automated liquid handler (OT-2); total_flow_rate_ml_min: ; flow_rate_ratio: 3:1 (aqueous:ethanol); aqueous_phase_composition: 10 mM citrate buffer; organic_phase_composition: ethanol with lipid components; mixing_time_sec: overnight; temperature_condition: room temperature; post_processing: ; sterilization: ; storage_buffer: ,"cell_line: HeLa; animal_model: mice; administration_route: intramuscular (IM); dose: 0.2 mg/kg mRNA; gene_expression_result: 6.32 (Log2) in vitro, 3.494E+04 in vivo",6.32,log2,0.65625,https://doi.org/10.1038/s41467-024-50619-z,AGILE platform: a deep learning powered approach to accelerate LNP development for mRNA delivery,"['Yue Xu', 'Shihao Ma', 'Haotian Cui', 'Jingan Chen', 'Shufen Xu', 'Fanglin Gong', 'Alex Golubovic', 'Muye Zhou', 'Kevin Chang Wang', 'Andrew Varley', 'Rick Xing Ze Lu', 'Bo Wang', 'Bowen Li']",Nature Communications,2024.0,H2,DOPE,cholesterol,DMG-PEG2000
4,Custom lipid,DOPE,cholesterol,DMG-PEG2000,35:16:46.5:2.5,mRNA,firefly_luciferase,CCCCCCC/C=C/CCCCCCCCC(N(C)N)C(=O)NCCCCCCCCCC/C=C/CCCCCCCCCC,CCCCCCCC/C=C\CCCCCCCC(=O)OC[C@H](COP(=O)(O)OCCN)OC(=O)CCCCCCC/C=C\CCCCCCCC,C[C@H](CCCC(C)C)[C@H]1CC[C@@H]2[C@@]1(CC[C@H]3[C@H]2CC=C4[C@@]3(CC[C@@H](C4)O)C)C,CCCCCCCCCCCCCC(=O)OCC(COP(=O)([O-])OCCOCCOCCOCCOCCOCCOCCOCCOCCOCCOCCOCCOCCOCCOCCOCCOCCOCCOCCOCCOCCOCCOCCOCCOCCOCCOCCOCCOCCOCCOCCOCCOCCOCCOCCOCCOCCOCCOCCOCCOCCOCCOCCOCCOCCOCCOCCOCCOCCOCCOCCOCCOCCOCCOCCOCCOCCOCCOCCOCCOCCOCCOCCOCCOCCOCCOCCOCCOCCOCCOCCOCCOCCOCCOCCOCCOCCOCCOCCOCCOCCOCCOCCOCCOCCOCCOCCOCCOCCOCCO)OC(=O)CCCCCCCCCCCCC,108.7,,,0.09,,,,,,,,,,,,synthesis_method: 3CR-Ugi reaction; device_used: Automated liquid handler (OT-2); total_flow_rate_ml_min: ; flow_rate_ratio: 3:1 (aqueous:ethanol); aqueous_phase_composition: 10 mM citrate buffer; organic_phase_composition: ethanol with lipid components; mixing_time_sec: overnight; temperature_condition: room temperature; post_processing: ; sterilization: ; storage_buffer: ,"cell_line: HeLa; animal_model: mice; administration_route: intramuscular (IM); dose: 0.2 mg/kg mRNA; gene_expression_result: 7.01 (Log2) in vitro, 1.941E+04 in vivo",7.01,log2,0.75,https://doi.org/10.1038/s41467-024-50619-z,AGILE platform: a deep learning powered approach to accelerate LNP development for mRNA delivery,"['Yue Xu', 'Shihao Ma', 'Haotian Cui', 'Jingan Chen', 'Shufen Xu', 'Fanglin Gong', 'Alex Golubovic', 'Muye Zhou', 'Kevin Chang Wang', 'Andrew Varley', 'Rick Xing Ze Lu', 'Bo Wang', 'Bowen Li']",Nature Communications,2024.0,H3,DOPE,cholesterol,DMG-PEG2000
5,Custom lipid,DOPE,cholesterol,DMG-PEG2000,35:16:46.5:2.5,mRNA,firefly_luciferase,CCCCCC(C)CCCC(=O)OCCC(NCCCCN(CCCC)CCCCC)C(=O)NCCCCCCCCCC/C=C/CCCCCCCCCC,CCCCCCCC/C=C\CCCCCCCC(=O)OC[C@H](COP(=O)(O)OCCN)OC(=O)CCCCCCC/C=C\CCCCCCCC,C[C@H](CCCC(C)C)[C@H]1CC[C@@H]2[C@@]1(CC[C@H]3[C@H]2CC=C4[C@@]3(CC[C@@H](C4)O)C)C,CCCCCCCCCCCCCC(=O)OCC(COP(=O)([O-])OCCOCCOCCOCCOCCOCCOCCOCCOCCOCCOCCOCCOCCOCCOCCOCCOCCOCCOCCOCCOCCOCCOCCOCCOCCOCCOCCOCCOCCOCCOCCOCCOCCOCCOCCOCCOCCOCCOCCOCCOCCOCCOCCOCCOCCOCCOCCOCCOCCOCCOCCOCCOCCOCCOCCOCCOCCOCCOCCOCCOCCOCCOCCOCCOCCOCCOCCOCCOCCOCCOCCOCCOCCOCCOCCOCCOCCOCCOCCOCCOCCOCCOCCOCCOCCOCCOCCOCCOCCOCCO)OC(=O)CCCCCCCCCCCCC,110.0,,,0.17,,,,,,,,,,,,synthesis_method: 3CR-Ugi reaction; device_used: Automated liquid handler (OT-2); total_flow_rate_ml_min: ; flow_rate_ratio: 3:1 (aqueous:ethanol); aqueous_phase_composition: 10 mM citrate buffer; organic_phase_composition: ethanol with lipid components; mixing_time_sec: overnight; temperature_condition: room temperature; post_processing: ; sterilization: ; storage_buffer: ,"cell_line: HeLa; animal_model: mice; administration_route: intramuscular (IM); dose: 0.2 mg/kg mRNA; gene_expression_result: 7.63 (Log2) in vitro, 4.065E+04 in vivo",7.63,log2,0.8125,https://doi.org/10.1038/s41467-024-50619-z,AGILE platform: a deep learning powered approach to accelerate LNP development for mRNA delivery,"['Yue Xu', 'Shihao Ma', 'Haotian Cui', 'Jingan Chen', 'Shufen Xu', 'Fanglin Gong', 'Alex Golubovic', 'Muye Zhou', 'Kevin Chang Wang', 'Andrew Varley', 'Rick Xing Ze Lu', 'Bo Wang', 'Bowen Li']",Nature Communications,2024.0,H4,DOPE,cholesterol,DMG-PEG2000
6,Custom lipid,DOPE,cholesterol,DMG-PEG2000,35:16:46.5:2.5,mRNA,firefly_luciferase,CCCCCCCCC/C=C/CCCCCCCCC(NCCCCN(CCCC)CCCCCC)C(=O)NCCCCCCCCCCCCCC,CCCCCCCC/C=C\CCCCCCCC(=O)OC[C@H](COP(=O)(O)OCCN)OC(=O)CCCCCCC/C=C\CCCCCCCC,C[C@H](CCCC(C)C)[C@H]1CC[C@@H]2[C@@]1(CC[C@H]3[C@H]2CC=C4[C@@]3(CC[C@@H](C4)O)C)C,CCCCCCCCCCCCCC(=O)OCC(COP(=O)([O-])OCCOCCOCCOCCOCCOCCOCCOCCOCCOCCOCCOCCOCCOCCOCCOCCOCCOCCOCCOCCOCCOCCOCCOCCOCCOCCOCCOCCOCCOCCOCCOCCOCCOCCOCCOCCOCCOCCOCCOCCOCCOCCOCCOCCOCCOCCOCCOCCOCCOCCOCCOCCOCCOCCOCCOCCOCCOCCOCCOCCOCCOCCOCCOCCOCCOCCOCCOCCOCCOCCOCCOCCOCCOCCOCCOCCOCCOCCOCCOCCOCCOCCOCCOCCOCCOCCOCCOCCOCCOCCO)OC(=O)CCCCCCCCCCCCC,122.6,,,0.14,,,,,,,,,,,,synthesis_method: 3CR-Ugi reaction; device_used: Automated liquid handler (OT-2); total_flow_rate_ml_min: ; flow_rate_ratio: 3:1 (aqueous:ethanol); aqueous_phase_composition: 10 mM citrate buffer; organic_phase_composition: ethanol with lipid components; mixing_time_sec: overnight; temperature_condition: room temperature; post_processing: ; sterilization: ; storage_buffer: ,"cell_line: HeLa; animal_model: mice; administration_route: intramuscular (IM); dose: 0.2 mg/kg mRNA; gene_expression_result: 9.95 (Log2) in vitro, 1.384E+05 in vivo",9.95,log2,0.96875,https://doi.org/10.1038/s41467-024-50619-z,AGILE platform: a deep learning powered approach to accelerate LNP development for mRNA delivery,"['Yue Xu', 'Shihao Ma', 'Haotian Cui', 'Jingan Chen', 'Shufen Xu', 'Fanglin Gong', 'Alex Golubovic', 'Muye Zhou', 'Kevin Chang Wang', 'Andrew Varley', 'Rick Xing Ze Lu', 'Bo Wang', 'Bowen Li']",Nature Communications,2024.0,H5,DOPE,cholesterol,DMG-PEG2000
7,Custom lipid,DOPE,cholesterol,DMG-PEG2000,35:16:46.5:2.5,mRNA,firefly_luciferase,CCCCCCCC/C=C/C(=O)OCCC(NCCCCN(CCCC)CCCCCC)C(=O)NCCCCCCCCCC/C=C/CCCCCCCCCC,CCCCCCCC/C=C\CCCCCCCC(=O)OC[C@H](COP(=O)(O)OCCN)OC(=O)CCCCCCC/C=C\CCCCCCCC,C[C@H](CCCC(C)C)[C@H]1CC[C@@H]2[C@@]1(CC[C@H]3[C@H]2CC=C4[C@@]3(CC[C@@H](C4)O)C)C,CCCCCCCCCCCCCC(=O)OCC(COP(=O)([O-])OCCOCCOCCOCCOCCOCCOCCOCCOCCOCCOCCOCCOCCOCCOCCOCCOCCOCCOCCOCCOCCOCCOCCOCCOCCOCCOCCOCCOCCOCCOCCOCCOCCOCCOCCOCCOCCOCCOCCOCCOCCOCCOCCOCCOCCOCCOCCOCCOCCOCCOCCOCCOCCOCCOCCOCCOCCOCCOCCOCCOCCOCCOCCOCCOCCOCCOCCOCCOCCOCCOCCOCCOCCOCCOCCOCCOCCOCCOCCOCCOCCOCCOCCOCCOCCOCCOCCOCCOCCOCCO)OC(=O)CCCCCCCCCCCCC,119.9,,,0.15,,,,,,,,,,,,synthesis_method: 3CR-Ugi reaction; device_used: Automated liquid handler (OT-2); total_flow_rate_ml_min: ; flow_rate_ratio: 3:1 (aqueous:ethanol); aqueous_phase_composition: 10 mM citrate buffer; organic_phase_composition: ethanol with lipid components; mixing_time_sec: overnight; temperature_condition: room temperature; post_processing: ; sterilization: ; storage_buffer: ,"cell_line: HeLa; animal_model: mice; administration_route: intramuscular (IM); dose: 0.2 mg/kg mRNA; gene_expression_result: 9.61 (Log2) in vitro, 3.299E+04 in vivo",9.61,log2,0.9375,https://doi.org/10.1038/s41467-024-50619-z,AGILE platform: a deep learning powered approach to accelerate LNP development for mRNA delivery,"['Yue Xu', 'Shihao Ma', 'Haotian Cui', 'Jingan Chen', 'Shufen Xu', 'Fanglin Gong', 'Alex Golubovic', 'Muye Zhou', 'Kevin Chang Wang', 'Andrew Varley', 'Rick Xing Ze Lu', 'Bo Wang', 'Bowen Li']",Nature Communications,2024.0,H6,DOPE,cholesterol,DMG-PEG2000
8,Custom lipid,DOPE,cholesterol,DMG-PEG2000,35:16:46.5:2.5,mRNA,firefly_luciferase,CCCCCC(C)CCCC(=O)OCCC(NN1CCCCCC1)C(=O)NCCCCCCCCCC/C=C/CCCCCCCCCC,CCCCCCCC/C=C\CCCCCCCC(=O)OC[C@H](COP(=O)(O)OCCN)OC(=O)CCCCCCC/C=C\CCCCCCCC,C[C@H](CCCC(C)C)[C@H]1CC[C@@H]2[C@@]1(CC[C@H]3[C@H]2CC=C4[C@@]3(CC[C@@H](C4)O)C)C,CCCCCCCCCCCCCC(=O)OCC(COP(=O)([O-])OCCOCCOCCOCCOCCOCCOCCOCCOCCOCCOCCOCCOCCOCCOCCOCCOCCOCCOCCOCCOCCOCCOCCOCCOCCOCCOCCOCCOCCOCCOCCOCCOCCOCCOCCOCCOCCOCCOCCOCCOCCOCCOCCOCCOCCOCCOCCOCCOCCOCCOCCOCCOCCOCCOCCOCCOCCOCCOCCOCCOCCOCCOCCOCCOCCOCCOCCOCCOCCOCCOCCOCCOCCOCCOCCOCCOCCOCCOCCOCCOCCOCCOCCOCCOCCOCCOCCOCCOCCOCCO)OC(=O)CCCCCCCCCCCCC,134.8,,,0.01,,,,,,,,,,,,synthesis_method: 3CR-Ugi reaction; device_used: Automated liquid handler (OT-2); total_flow_rate_ml_min: ; flow_rate_ratio: 3:1 (aqueous:ethanol); aqueous_phase_composition: 10 mM citrate buffer; organic_phase_composition: ethanol with lipid components; mixing_time_sec: overnight; temperature_condition: room temperature; post_processing: ; sterilization: ; storage_buffer: ,"cell_line: HeLa; animal_model: mice; administration_route: intramuscular (IM); dose: 0.2 mg/kg mRNA; gene_expression_result: 5.43 (Log2) in vitro, 7.301E+04 in vivo",5.43,log2,0.40625,https://doi.org/10.1038/s41467-024-50619-z,AGILE platform: a deep learning powered approach to accelerate LNP development for mRNA delivery,"['Yue Xu', 'Shihao Ma', 'Haotian Cui', 'Jingan Chen', 'Shufen Xu', 'Fanglin Gong', 'Alex Golubovic', 'Muye Zhou', 'Kevin Chang Wang', 'Andrew Varley', 'Rick Xing Ze Lu', 'Bo Wang', 'Bowen Li']",Nature Communications,2024.0,H7,DOPE,cholesterol,DMG-PEG2000
9,Custom lipid,DOPE,cholesterol,DMG-PEG2000,35:16:46.5:2.5,mRNA,firefly_luciferase,CCCCCCCC/C=C/C(=O)OCCC(NN1CCCCCC1)C(=O)NCCCCCCCCCC/C=C/CCCCCCCCCC,CCCCCCCC/C=C\CCCCCCCC(=O)OC[C@H](COP(=O)(O)OCCN)OC(=O)CCCCCCC/C=C\CCCCCCCC,C[C@H](CCCC(C)C)[C@H]1CC[C@@H]2[C@@]1(CC[C@H]3[C@H]2CC=C4[C@@]3(CC[C@@H](C4)O)C)C,CCCCCCCCCCCCCC(=O)OCC(COP(=O)([O-])OCCOCCOCCOCCOCCOCCOCCOCCOCCOCCOCCOCCOCCOCCOCCOCCOCCOCCOCCOCCOCCOCCOCCOCCOCCOCCOCCOCCOCCOCCOCCOCCOCCOCCOCCOCCOCCOCCOCCOCCOCCOCCOCCOCCOCCOCCOCCOCCOCCOCCOCCOCCOCCOCCOCCOCCOCCOCCOCCOCCOCCOCCOCCOCCOCCOCCOCCOCCOCCOCCOCCOCCOCCOCCOCCOCCOCCOCCOCCOCCOCCOCCOCCOCCOCCOCCOCCOCCOCCOCCO)OC(=O)CCCCCCCCCCCCC,132.9,,,0.09,,,,,,,,,,,,synthesis_method: 3CR-Ugi reaction; device_used: Automated liquid handler (OT-2); total_flow_rate_ml_min: ; flow_rate_ratio: 3:1 (aqueous:ethanol); aqueous_phase_composition: 10 mM citrate buffer; organic_phase_composition: ethanol with lipid components; mixing_time_sec: overnight; temperature_condition: room temperature; post_processing: ; sterilization: ; storage_buffer: ,"cell_line: HeLa; animal_model: mice; administration_route: intramuscular (IM); dose: 0.2 mg/kg mRNA; gene_expression_result: 4.09 (Log2) in vitro, 1.892E+04 in vivo",4.09,log2,0.375,https://doi.org/10.1038/s41467-024-50619-z,AGILE platform: a deep learning powered approach to accelerate LNP development for mRNA delivery,"['Yue Xu', 'Shihao Ma', 'Haotian Cui', 'Jingan Chen', 'Shufen Xu', 'Fanglin Gong', 'Alex Golubovic', 'Muye Zhou', 'Kevin Chang Wang', 'Andrew Varley', 'Rick Xing Ze Lu', 'Bo Wang', 'Bowen Li']",Nature Communications,2024.0,H8,DOPE,cholesterol,DMG-PEG2000
10,Custom lipid,DOPE,cholesterol,DMG-PEG2000,35:16:46.5:2.5,mRNA,firefly_luciferase,CCCCCC(C)CCC(=O)OCCC(NCCN(C(C)C)C(C)C)C(=O)NCCCCCCCCCC/C=C/CCCCCCCCCC,CCCCCCCC/C=C\CCCCCCCC(=O)OC[C@H](COP(=O)(O)OCCN)OC(=O)CCCCCCC/C=C\CCCCCCCC,C[C@H](CCCC(C)C)[C@H]1CC[C@@H]2[C@@]1(CC[C@H]3[C@H]2CC=C4[C@@]3(CC[C@@H](C4)O)C)C,CCCCCCCCCCCCCC(=O)OCC(COP(=O)([O-])OCCOCCOCCOCCOCCOCCOCCOCCOCCOCCOCCOCCOCCOCCOCCOCCOCCOCCOCCOCCOCCOCCOCCOCCOCCOCCOCCOCCOCCOCCOCCOCCOCCOCCOCCOCCOCCOCCOCCOCCOCCOCCOCCOCCOCCOCCOCCOCCOCCOCCOCCOCCOCCOCCOCCOCCOCCOCCOCCOCCOCCOCCOCCOCCOCCOCCOCCOCCOCCOCCOCCOCCOCCOCCOCCOCCOCCOCCOCCOCCOCCOCCOCCOCCOCCOCCOCCOCCOCCOCCO)OC(=O)CCCCCCCCCCCCC,127.5,,,0.15,,,,,,,,,,,,synthesis_method: 3CR-Ugi reaction; device_used: Automated liquid handler (OT-2); total_flow_rate_ml_min: ; flow_rate_ratio: 3:1 (aqueous:ethanol); aqueous_phase_composition: 10 mM citrate buffer; organic_phase_composition: ethanol with lipid components; mixing_time_sec: overnight; temperature_condition: room temperature; post_processing: ; sterilization: ; storage_buffer: ,"cell_line: HeLa; animal_model: mice; administration_route: intramuscular (IM); dose: 0.2 mg/kg mRNA; gene_expression_result: 6.51 (Log2) in vitro, 3.379E+04 in vivo",6.51,log2,0.6875,https://doi.org/10.1038/s41467-024-50619-z,AGILE platform: a deep learning powered approach to accelerate LNP development for mRNA delivery,"['Yue Xu', 'Shihao Ma', 'Haotian Cui', 'Jingan Chen', 'Shufen Xu', 'Fanglin Gong', 'Alex Golubovic', 'Muye Zhou', 'Kevin Chang Wang', 'Andrew Varley', 'Rick Xing Ze Lu', 'Bo Wang', 'Bowen Li']",Nature Communications,2024.0,H10,DOPE,cholesterol,DMG-PEG2000
11,Custom lipid,DOPE,cholesterol,DMG-PEG2000,35:16:46.5:2.5,mRNA,firefly_luciferase,CCCCCCC/C=C/C(=O)OCCC(NCCN(C(C)C)C(C)C)C(=O)NCCCCCCCCCC/C=C/CCCCCCCCCC,CCCCCCCC/C=C\CCCCCCCC(=O)OC[C@H](COP(=O)(O)OCCN)OC(=O)CCCCCCC/C=C\CCCCCCCC,C[C@H](CCCC(C)C)[C@H]1CC[C@@H]2[C@@]1(CC[C@H]3[C@H]2CC=C4[C@@]3(CC[C@@H](C4)O)C)C,CCCCCCCCCCCCCC(=O)OCC(COP(=O)([O-])OCCOCCOCCOCCOCCOCCOCCOCCOCCOCCOCCOCCOCCOCCOCCOCCOCCOCCOCCOCCOCCOCCOCCOCCOCCOCCOCCOCCOCCOCCOCCOCCOCCOCCOCCOCCOCCOCCOCCOCCOCCOCCOCCOCCOCCOCCOCCOCCOCCOCCOCCOCCOCCOCCOCCOCCOCCOCCOCCOCCOCCOCCOCCOCCOCCOCCOCCOCCOCCOCCOCCOCCOCCOCCOCCOCCOCCOCCOCCOCCOCCOCCOCCOCCOCCOCCOCCOCCOCCOCCO)OC(=O)CCCCCCCCCCCCC,151.0,,,0.16,,,,,,,,,,,,synthesis_method: 3CR-Ugi reaction; device_used: Automated liquid handler (OT-2); total_flow_rate_ml_min: ; flow_rate_ratio: 3:1 (aqueous:ethanol); aqueous_phase_composition: 10 mM citrate buffer; organic_phase_composition: ethanol with lipid components; mixing_time_sec: overnight; temperature_condition: room temperature; post_processing: ; sterilization: ; storage_buffer: ,"cell_line: HeLa; animal_model: mice; administration_route: intramuscular (IM); dose: 0.2 mg/kg mRNA; gene_expression_result: 7.77 (Log2) in vitro, 5.005E+05 in vivo",7.77,log2,0.84375,https://doi.org/10.1038/s41467-024-50619-z,AGILE platform: a deep learning powered approach to accelerate LNP development for mRNA delivery,"['Yue Xu', 'Shihao Ma', 'Haotian Cui', 'Jingan Chen', 'Shufen Xu', 'Fanglin Gong', 'Alex Golubovic', 'Muye Zhou', 'Kevin Chang Wang', 'Andrew Varley', 'Rick Xing Ze Lu', 'Bo Wang', 'Bowen Li']",Nature Communications,2024.0,H11,DOPE,cholesterol,DMG-PEG2000
12,Custom lipid,DOPE,cholesterol,DMG-PEG2000,35:16:46.5:2.5,mRNA,firefly_luciferase,CCCCCC(C)CCCC(=O)OCCC(NCCN(C(C)C)C(C)C)C(=O)NCCCCCCCCCCCCCC,CCCCCCCC/C=C\CCCCCCCC(=O)OC[C@H](COP(=O)(O)OCCN)OC(=O)CCCCCCC/C=C\CCCCCCCC,C[C@H](CCCC(C)C)[C@H]1CC[C@@H]2[C@@]1(CC[C@H]3[C@H]2CC=C4[C@@]3(CC[C@@H](C4)O)C)C,CCCCCCCCCCCCCC(=O)OCC(COP(=O)([O-])OCCOCCOCCOCCOCCOCCOCCOCCOCCOCCOCCOCCOCCOCCOCCOCCOCCOCCOCCOCCOCCOCCOCCOCCOCCOCCOCCOCCOCCOCCOCCOCCOCCOCCOCCOCCOCCOCCOCCOCCOCCOCCOCCOCCOCCOCCOCCOCCOCCOCCOCCOCCOCCOCCOCCOCCOCCOCCOCCOCCOCCOCCOCCOCCOCCOCCOCCOCCOCCOCCOCCOCCOCCOCCOCCOCCOCCOCCOCCOCCOCCOCCOCCOCCOCCOCCOCCOCCOCCOCCO)OC(=O)CCCCCCCCCCCCC,147.5,,,0.17,,,,,,,,,,,,synthesis_method: 3CR-Ugi reaction; device_used: Automated liquid handler (OT-2); total_flow_rate_ml_min: ; flow_rate_ratio: 3:1 (aqueous:ethanol); aqueous_phase_composition: 10 mM citrate buffer; organic_phase_composition: ethanol with lipid components; mixing_time_sec: overnight; temperature_condition: room temperature; post_processing: ; sterilization: ; storage_buffer: ,"cell_line: HeLa; animal_model: mice; administration_route: intramuscular (IM); dose: 0.2 mg/kg mRNA; gene_expression_result: 10.15 (Log2) in vitro, 4.675E+04 in vivo",10.15,log2,1.0,https://doi.org/10.1038/s41467-024-50619-z,AGILE platform: a deep learning powered approach to accelerate LNP development for mRNA delivery,"['Yue Xu', 'Shihao Ma', 'Haotian Cui', 'Jingan Chen', 'Shufen Xu', 'Fanglin Gong', 'Alex Golubovic', 'Muye Zhou', 'Kevin Chang Wang', 'Andrew Varley', 'Rick Xing Ze Lu', 'Bo Wang', 'Bowen Li']",Nature Communications,2024.0,H12,DOPE,cholesterol,DMG-PEG2000
13,Custom lipid,DOPE,cholesterol,DMG-PEG2000,35:16:46.5:2.5,mRNA,firefly_luciferase,CCCCCC(C)CCC(=O)OCCCC(NCCCCN(CC)CC)C(=O)NCCCCCCCCCC/C=C/CCCCCCCCCC,CCCCCCCC/C=C\CCCCCCCC(=O)OC[C@H](COP(=O)(O)OCCN)OC(=O)CCCCCCC/C=C\CCCCCCCC,C[C@H](CCCC(C)C)[C@H]1CC[C@@H]2[C@@]1(CC[C@H]3[C@H]2CC=C4[C@@]3(CC[C@@H](C4)O)C)C,CCCCCCCCCCCCCC(=O)OCC(COP(=O)([O-])OCCOCCOCCOCCOCCOCCOCCOCCOCCOCCOCCOCCOCCOCCOCCOCCOCCOCCOCCOCCOCCOCCOCCOCCOCCOCCOCCOCCOCCOCCOCCOCCOCCOCCOCCOCCOCCOCCOCCOCCOCCOCCOCCOCCOCCOCCOCCOCCOCCOCCOCCOCCOCCOCCOCCOCCOCCOCCOCCOCCOCCOCCOCCOCCOCCOCCOCCOCCOCCOCCOCCOCCOCCOCCOCCOCCOCCOCCOCCOCCOCCOCCOCCOCCOCCOCCOCCOCCOCCOCCO)OC(=O)CCCCCCCCCCCCC,135.5,,,0.02,,,,,,,,,,,,synthesis_method: 3CR-Ugi reaction; device_used: Automated liquid handler (OT-2); total_flow_rate_ml_min: ; flow_rate_ratio: 3:1 (aqueous:ethanol); aqueous_phase_composition: 10 mM citrate buffer; organic_phase_composition: ethanol with lipid components; mixing_time_sec: overnight; temperature_condition: room temperature; post_processing: ; sterilization: ; storage_buffer: ,"cell_line: HeLa; animal_model: mice; administration_route: intramuscular (IM); dose: 0.2 mg/kg mRNA; gene_expression_result: 9.59 (Log2) in vitro, 1.870E+04 in vivo",9.59,log2,0.90625,https://doi.org/10.1038/s41467-024-50619-z,AGILE platform: a deep learning powered approach to accelerate LNP development for mRNA delivery,"['Yue Xu', 'Shihao Ma', 'Haotian Cui', 'Jingan Chen', 'Shufen Xu', 'Fanglin Gong', 'Alex Golubovic', 'Muye Zhou', 'Kevin Chang Wang', 'Andrew Varley', 'Rick Xing Ze Lu', 'Bo Wang', 'Bowen Li']",Nature Communications,2024.0,H13,DOPE,cholesterol,DMG-PEG2000
14,Custom lipid,DOPE,cholesterol,DMG-PEG2000,35:16:46.5:2.5,mRNA,firefly_luciferase,CCCCCCC/C=C/C(=O)OCCCC(NCCCCN(CC)CC)C(=O)NCCCCCCCCCC/C=C/CCCCCCCCCC,CCCCCCCC/C=C\CCCCCCCC(=O)OC[C@H](COP(=O)(O)OCCN)OC(=O)CCCCCCC/C=C\CCCCCCCC,C[C@H](CCCC(C)C)[C@H]1CC[C@@H]2[C@@]1(CC[C@H]3[C@H]2CC=C4[C@@]3(CC[C@@H](C4)O)C)C,CCCCCCCCCCCCCC(=O)OCC(COP(=O)([O-])OCCOCCOCCOCCOCCOCCOCCOCCOCCOCCOCCOCCOCCOCCOCCOCCOCCOCCOCCOCCOCCOCCOCCOCCOCCOCCOCCOCCOCCOCCOCCOCCOCCOCCOCCOCCOCCOCCOCCOCCOCCOCCOCCOCCOCCOCCOCCOCCOCCOCCOCCOCCOCCOCCOCCOCCOCCOCCOCCOCCOCCOCCOCCOCCOCCOCCOCCOCCOCCOCCOCCOCCOCCOCCOCCOCCOCCOCCOCCOCCOCCOCCOCCOCCOCCOCCOCCOCCOCCOCCO)OC(=O)CCCCCCCCCCCCC,128.2,,,0.12,,,,,,,,,,,,synthesis_method: 3CR-Ugi reaction; device_used: Automated liquid handler (OT-2); total_flow_rate_ml_min: ; flow_rate_ratio: 3:1 (aqueous:ethanol); aqueous_phase_composition: 10 mM citrate buffer; organic_phase_composition: ethanol with lipid components; mixing_time_sec: overnight; temperature_condition: room temperature; post_processing: ; sterilization: ; storage_buffer: ,"cell_line: HeLa; animal_model: mice; administration_route: intramuscular (IM); dose: 0.2 mg/kg mRNA; gene_expression_result: 7.62 (Log2) in vitro, 1.952E+04 in vivo",7.62,log2,0.78125,https://doi.org/10.1038/s41467-024-50619-z,AGILE platform: a deep learning powered approach to accelerate LNP development for mRNA delivery,"['Yue Xu', 'Shihao Ma', 'Haotian Cui', 'Jingan Chen', 'Shufen Xu', 'Fanglin Gong', 'Alex Golubovic', 'Muye Zhou', 'Kevin Chang Wang', 'Andrew Varley', 'Rick Xing Ze Lu', 'Bo Wang', 'Bowen Li']",Nature Communications,2024.0,H14,DOPE,cholesterol,DMG-PEG2000
15,Custom lipid,DOPE,cholesterol,DMG-PEG2000,35:16:46.5:2.5,mRNA,firefly_luciferase,CCCCCCCC/C=C/CCCCCCC(=O)OCCC(NCCCCN(CC)CC)C(=O)NCCCCCCCCCC/C=C/CCCCCCCCCC,CCCCCCCC/C=C\CCCCCCCC(=O)OC[C@H](COP(=O)(O)OCCN)OC(=O)CCCCCCC/C=C\CCCCCCCC,C[C@H](CCCC(C)C)[C@H]1CC[C@@H]2[C@@]1(CC[C@H]3[C@H]2CC=C4[C@@]3(CC[C@@H](C4)O)C)C,CCCCCCCCCCCCCC(=O)OCC(COP(=O)([O-])OCCOCCOCCOCCOCCOCCOCCOCCOCCOCCOCCOCCOCCOCCOCCOCCOCCOCCOCCOCCOCCOCCOCCOCCOCCOCCOCCOCCOCCOCCOCCOCCOCCOCCOCCOCCOCCOCCOCCOCCOCCOCCOCCOCCOCCOCCOCCOCCOCCOCCOCCOCCOCCOCCOCCOCCOCCOCCOCCOCCOCCOCCOCCOCCOCCOCCOCCOCCOCCOCCOCCOCCOCCOCCOCCOCCOCCOCCOCCOCCOCCOCCOCCOCCOCCOCCOCCOCCOCCOCCO)OC(=O)CCCCCCCCCCCCC,117.5,,,0.14,,,,,,,,,,,,synthesis_method: 3CR-Ugi reaction; device_used: Automated liquid handler (OT-2); total_flow_rate_ml_min: ; flow_rate_ratio: 3:1 (aqueous:ethanol); aqueous_phase_composition: 10 mM citrate buffer; organic_phase_composition: ethanol with lipid components; mixing_time_sec: overnight; temperature_condition: room temperature; post_processing: ; sterilization: ; storage_buffer: ,"cell_line: HeLa; animal_model: mice; administration_route: intramuscular (IM); dose: 0.2 mg/kg mRNA; gene_expression_result: 5.58 (Log2) in vitro, 6.916E+05 in vivo",5.58,log2,0.46875,https://doi.org/10.1038/s41467-024-50619-z,AGILE platform: a deep learning powered approach to accelerate LNP development for mRNA delivery,"['Yue Xu', 'Shihao Ma', 'Haotian Cui', 'Jingan Chen', 'Shufen Xu', 'Fanglin Gong', 'Alex Golubovic', 'Muye Zhou', 'Kevin Chang Wang', 'Andrew Varley', 'Rick Xing Ze Lu', 'Bo Wang', 'Bowen Li']",Nature Communications,2024.0,H15,DOPE,cholesterol,DMG-PEG2000
16,Custom lipid,DOPE,cholesterol,DMG-PEG2000,35:16:46.5:2.5,mRNA,firefly_luciferase,CCCCCC(C)CCCC(=O)OCCC(NCCN1CCCCCC1)C(=O)NCCCCCCCCCC/C=C/CCCCCCCCCC,CCCCCCCC/C=C\CCCCCCCC(=O)OC[C@H](COP(=O)(O)OCCN)OC(=O)CCCCCCC/C=C\CCCCCCCC,C[C@H](CCCC(C)C)[C@H]1CC[C@@H]2[C@@]1(CC[C@H]3[C@H]2CC=C4[C@@]3(CC[C@@H](C4)O)C)C,CCCCCCCCCCCCCC(=O)OCC(COP(=O)([O-])OCCOCCOCCOCCOCCOCCOCCOCCOCCOCCOCCOCCOCCOCCOCCOCCOCCOCCOCCOCCOCCOCCOCCOCCOCCOCCOCCOCCOCCOCCOCCOCCOCCOCCOCCOCCOCCOCCOCCOCCOCCOCCOCCOCCOCCOCCOCCOCCOCCOCCOCCOCCOCCOCCOCCOCCOCCOCCOCCOCCOCCOCCOCCOCCOCCOCCOCCOCCOCCOCCOCCOCCOCCOCCOCCOCCOCCOCCOCCOCCOCCOCCOCCOCCOCCOCCOCCOCCOCCOCCO)OC(=O)CCCCCCCCCCCCC,134.8,,,0.1,,,,,,,,,,,,synthesis_method: 3CR-Ugi reaction; device_used: Automated liquid handler (OT-2); total_flow_rate_ml_min: ; flow_rate_ratio: 3:1 (aqueous:ethanol); aqueous_phase_composition: 10 mM citrate buffer; organic_phase_composition: ethanol with lipid components; mixing_time_sec: overnight; temperature_condition: room temperature; post_processing: ; sterilization: ; storage_buffer: ,"cell_line: HeLa; animal_model: mice; administration_route: intramuscular (IM); dose: 0.2 mg/kg mRNA; gene_expression_result: 6.30 (Log2) in vitro, 8.059E+05 in vivo",6.3,log2,0.625,https://doi.org/10.1038/s41467-024-50619-z,AGILE platform: a deep learning powered approach to accelerate LNP development for mRNA delivery,"['Yue Xu', 'Shihao Ma', 'Haotian Cui', 'Jingan Chen', 'Shufen Xu', 'Fanglin Gong', 'Alex Golubovic', 'Muye Zhou', 'Kevin Chang Wang', 'Andrew Varley', 'Rick Xing Ze Lu', 'Bo Wang', 'Bowen Li']",Nature Communications,2024.0,H31,DOPE,cholesterol,DMG-PEG2000
17,Custom lipid,DOPE,cholesterol,DMG-PEG2000,35:16:46.5:2.5,mRNA,firefly_luciferase,CCCCCCC/C=C/C(=O)OCCC(NCCN1CCCCCC1)C(=O)NCCCCCCCCCC/C=C/CCCCCCCCCC,CCCCCCCC/C=C\CCCCCCCC(=O)OC[C@H](COP(=O)(O)OCCN)OC(=O)CCCCCCC/C=C\CCCCCCCC,C[C@H](CCCC(C)C)[C@H]1CC[C@@H]2[C@@]1(CC[C@H]3[C@H]2CC=C4[C@@]3(CC[C@@H](C4)O)C)C,CCCCCCCCCCCCCC(=O)OCC(COP(=O)([O-])OCCOCCOCCOCCOCCOCCOCCOCCOCCOCCOCCOCCOCCOCCOCCOCCOCCOCCOCCOCCOCCOCCOCCOCCOCCOCCOCCOCCOCCOCCOCCOCCOCCOCCOCCOCCOCCOCCOCCOCCOCCOCCOCCOCCOCCOCCOCCOCCOCCOCCOCCOCCOCCOCCOCCOCCOCCOCCOCCOCCOCCOCCOCCOCCOCCOCCOCCOCCOCCOCCOCCOCCOCCOCCOCCOCCOCCOCCOCCOCCOCCOCCOCCOCCOCCOCCOCCOCCOCCOCCO)OC(=O)CCCCCCCCCCCCC,132.9,,,0.12,,,,,,,,,,,,synthesis_method: 3CR-Ugi reaction; device_used: Automated liquid handler (OT-2); total_flow_rate_ml_min: ; flow_rate_ratio: 3:1 (aqueous:ethanol); aqueous_phase_composition: 10 mM citrate buffer; organic_phase_composition: ethanol with lipid components; mixing_time_sec: overnight; temperature_condition: room temperature; post_processing: ; sterilization: ; storage_buffer: ,"cell_line: HeLa; animal_model: mice; administration_route: intramuscular (IM); dose: 0.2 mg/kg mRNA; gene_expression_result: 6.21 (Log2) in vitro, 5.577E+04 in vivo",6.21,log2,0.578125,https://doi.org/10.1038/s41467-024-50619-z,AGILE platform: a deep learning powered approach to accelerate LNP development for mRNA delivery,"['Yue Xu', 'Shihao Ma', 'Haotian Cui', 'Jingan Chen', 'Shufen Xu', 'Fanglin Gong', 'Alex Golubovic', 'Muye Zhou', 'Kevin Chang Wang', 'Andrew Varley', 'Rick Xing Ze Lu', 'Bo Wang', 'Bowen Li']",Nature Communications,2024.0,H32,DOPE,cholesterol,DMG-PEG2000
18,Custom lipid,DOPE,cholesterol,DMG-PEG2000,35:16:46.5:2.5,mRNA,firefly_luciferase,CCCCCC(C)CCC(=O)OCCC(NCCN1CCCCCC1)C(=O)NCCCCCCCCCCCCCCCCCC,CCCCCCCC/C=C\CCCCCCCC(=O)OC[C@H](COP(=O)(O)OCCN)OC(=O)CCCCCCC/C=C\CCCCCCCC,C[C@H](CCCC(C)C)[C@H]1CC[C@@H]2[C@@]1(CC[C@H]3[C@H]2CC=C4[C@@]3(CC[C@@H](C4)O)C)C,CCCCCCCCCCCCCC(=O)OCC(COP(=O)([O-])OCCOCCOCCOCCOCCOCCOCCOCCOCCOCCOCCOCCOCCOCCOCCOCCOCCOCCOCCOCCOCCOCCOCCOCCOCCOCCOCCOCCOCCOCCOCCOCCOCCOCCOCCOCCOCCOCCOCCOCCOCCOCCOCCOCCOCCOCCOCCOCCOCCOCCOCCOCCOCCOCCOCCOCCOCCOCCOCCOCCOCCOCCOCCOCCOCCOCCOCCOCCOCCOCCOCCOCCOCCOCCOCCOCCOCCOCCOCCOCCOCCOCCOCCOCCOCCOCCOCCOCCOCCOCCO)OC(=O)CCCCCCCCCCCCC,133.8,,,0.1,,,,,,,,,,,,synthesis_method: 3CR-Ugi reaction; device_used: Automated liquid handler (OT-2); total_flow_rate_ml_min: ; flow_rate_ratio: 3:1 (aqueous:ethanol); aqueous_phase_composition: 10 mM citrate buffer; organic_phase_composition: ethanol with lipid components; mixing_time_sec: overnight; temperature_condition: room temperature; post_processing: ; sterilization: ; storage_buffer: ,"cell_line: HeLa; animal_model: mice; administration_route: intramuscular (IM); dose: 0.2 mg/kg mRNA; gene_expression_result: 5.87 (Log2) in vitro, 4.46E+04 in vivo",5.87,log2,0.515625,https://doi.org/10.1038/s41467-024-50619-z,AGILE platform: a deep learning powered approach to accelerate LNP development for mRNA delivery,"['Yue Xu', 'Shihao Ma', 'Haotian Cui', 'Jingan Chen', 'Shufen Xu', 'Fanglin Gong', 'Alex Golubovic', 'Muye Zhou', 'Kevin Chang Wang', 'Andrew Varley', 'Rick Xing Ze Lu', 'Bo Wang', 'Bowen Li']",Nature Communications,2024.0,H33,DOPE,cholesterol,DMG-PEG2000
19,Custom lipid,DOPE,cholesterol,DMG-PEG2000,35:16:46.5:2.5,mRNA,firefly_luciferase,CCCCCCCC/C=C/CCCCCCC(=O)OCCC(NCCN(C)C)C(=O)NCCCCCCCCCC/C=C/CCCCCCCCCC,CCCCCCCC/C=C\CCCCCCCC(=O)OC[C@H](COP(=O)(O)OCCN)OC(=O)CCCCCCC/C=C\CCCCCCCC,C[C@H](CCCC(C)C)[C@H]1CC[C@@H]2[C@@]1(CC[C@H]3[C@H]2CC=C4[C@@]3(CC[C@@H](C4)O)C)C,CCCCCCCCCCCCCC(=O)OCC(COP(=O)([O-])OCCOCCOCCOCCOCCOCCOCCOCCOCCOCCOCCOCCOCCOCCOCCOCCOCCOCCOCCOCCOCCOCCOCCOCCOCCOCCOCCOCCOCCOCCOCCOCCOCCOCCOCCOCCOCCOCCOCCOCCOCCOCCOCCOCCOCCOCCOCCOCCOCCOCCOCCOCCOCCOCCOCCOCCOCCOCCOCCOCCOCCOCCOCCOCCOCCOCCOCCOCCOCCOCCOCCOCCOCCOCCOCCOCCOCCOCCOCCOCCOCCOCCOCCOCCOCCOCCOCCOCCOCCOCCO)OC(=O)CCCCCCCCCCCCC,137.8,,,0.15,,,,,,,,,,,,synthesis_method: 3CR-Ugi reaction; device_used: Automated liquid handler (OT-2); total_flow_rate_ml_min: ; flow_rate_ratio: 3:1 (aqueous:ethanol); aqueous_phase_composition: 10 mM citrate buffer; organic_phase_composition: ethanol with lipid components; mixing_time_sec: overnight; temperature_condition: room temperature; post_processing: ; sterilization: ; storage_buffer: ,"cell_line: HeLa; animal_model: mice; administration_route: intramuscular (IM); dose: 0.2 mg/kg mRNA; gene_expression_result: 1.46 (Log2) in vitro, 6.802E+04 in vivo",1.46,log2,0.25,https://doi.org/10.1038/s41467-024-50619-z,AGILE platform: a deep learning powered approach to accelerate LNP development for mRNA delivery,"['Yue Xu', 'Shihao Ma', 'Haotian Cui', 'Jingan Chen', 'Shufen Xu', 'Fanglin Gong', 'Alex Golubovic', 'Muye Zhou', 'Kevin Chang Wang', 'Andrew Varley', 'Rick Xing Ze Lu', 'Bo Wang', 'Bowen Li']",Nature Communications,2024.0,H34,DOPE,cholesterol,DMG-PEG2000
20,Custom lipid,DOPE,cholesterol,DMG-PEG2000,35:16:46.5:2.5,mRNA,firefly_luciferase,CCCCCC(C)CCC(=O)OCCCC(NCCCN(C)C)C(=O)NCCCCCCCCCC/C=C/CCCCCCCCCC,CCCCCCCC/C=C\CCCCCCCC(=O)OC[C@H](COP(=O)(O)OCCN)OC(=O)CCCCCCC/C=C\CCCCCCCC,C[C@H](CCCC(C)C)[C@H]1CC[C@@H]2[C@@]1(CC[C@H]3[C@H]2CC=C4[C@@]3(CC[C@@H](C4)O)C)C,CCCCCCCCCCCCCC(=O)OCC(COP(=O)([O-])OCCOCCOCCOCCOCCOCCOCCOCCOCCOCCOCCOCCOCCOCCOCCOCCOCCOCCOCCOCCOCCOCCOCCOCCOCCOCCOCCOCCOCCOCCOCCOCCOCCOCCOCCOCCOCCOCCOCCOCCOCCOCCOCCOCCOCCOCCOCCOCCOCCOCCOCCOCCOCCOCCOCCOCCOCCOCCOCCOCCOCCOCCOCCOCCOCCOCCOCCOCCOCCOCCOCCOCCOCCOCCOCCOCCOCCOCCOCCOCCOCCOCCOCCOCCOCCOCCOCCOCCOCCOCCO)OC(=O)CCCCCCCCCCCCC,135.5,,,0.1,,,,,,,,,,,,synthesis_method: 3CR-Ugi reaction; device_used: Automated liquid handler (OT-2); total_flow_rate_ml_min: ; flow_rate_ratio: 3:1 (aqueous:ethanol); aqueous_phase_composition: 10 mM citrate buffer; organic_phase_composition: ethanol with lipid components; mixing_time_sec: overnight; temperature_condition: room temperature; post_processing: ; sterilization: ; storage_buffer: ,"cell_line: HeLa; animal_model: mice; administration_route: intramuscular (IM); dose: 0.2 mg/kg mRNA; gene_expression_result: 3.10 (Log2) in vitro, 5.662E+04 in vivo",3.1,log2,0.28125,https://doi.org/10.1038/s41467-024-50619-z,AGILE platform: a deep learning powered approach to accelerate LNP development for mRNA delivery,"['Yue Xu', 'Shihao Ma', 'Haotian Cui', 'Jingan Chen', 'Shufen Xu', 'Fanglin Gong', 'Alex Golubovic', 'Muye Zhou', 'Kevin Chang Wang', 'Andrew Varley', 'Rick Xing Ze Lu', 'Bo Wang', 'Bowen Li']",Nature Communications,2024.0,H35,DOPE,cholesterol,DMG-PEG2000
21,Custom lipid,DOPE,cholesterol,DMG-PEG2000,35:16:46.5:2.5,mRNA,firefly_luciferase,CCCCCCC/C=C/C(=O)OCCCC(NCCCN(C)C)C(=O)NCCCCCCCCCC/C=C/CCCCCCCCCC,CCCCCCCC/C=C\CCCCCCCC(=O)OC[C@H](COP(=O)(O)OCCN)OC(=O)CCCCCCC/C=C\CCCCCCCC,C[C@H](CCCC(C)C)[C@H]1CC[C@@H]2[C@@]1(CC[C@H]3[C@H]2CC=C4[C@@]3(CC[C@@H](C4)O)C)C,CCCCCCCCCCCCCC(=O)OCC(COP(=O)([O-])OCCOCCOCCOCCOCCOCCOCCOCCOCCOCCOCCOCCOCCOCCOCCOCCOCCOCCOCCOCCOCCOCCOCCOCCOCCOCCOCCOCCOCCOCCOCCOCCOCCOCCOCCOCCOCCOCCOCCOCCOCCOCCOCCOCCOCCOCCOCCOCCOCCOCCOCCOCCOCCOCCOCCOCCOCCOCCOCCOCCOCCOCCOCCOCCOCCOCCOCCOCCOCCOCCOCCOCCOCCOCCOCCOCCOCCOCCOCCOCCOCCOCCOCCOCCOCCOCCOCCOCCOCCOCCO)OC(=O)CCCCCCCCCCCCC,139.0,,,0.1,,,,,,,,,,,,synthesis_method: 3CR-Ugi reaction; device_used: Automated liquid handler (OT-2); total_flow_rate_ml_min: ; flow_rate_ratio: 3:1 (aqueous:ethanol); aqueous_phase_composition: 10 mM citrate buffer; organic_phase_composition: ethanol with lipid components; mixing_time_sec: overnight; temperature_condition: room temperature; post_processing: ; sterilization: ; storage_buffer: ,"cell_line: HeLa; animal_model: mice; administration_route: intramuscular (IM); dose: 0.2 mg/kg mRNA; gene_expression_result: 3.54 (Log2) in vitro, 1.109E+04 in vivo",3.54,log2,0.3125,https://doi.org/10.1038/s41467-024-50619-z,AGILE platform: a deep learning powered approach to accelerate LNP development for mRNA delivery,"['Yue Xu', 'Shihao Ma', 'Haotian Cui', 'Jingan Chen', 'Shufen Xu', 'Fanglin Gong', 'Alex Golubovic', 'Muye Zhou', 'Kevin Chang Wang', 'Andrew Varley', 'Rick Xing Ze Lu', 'Bo Wang', 'Bowen Li']",Nature Communications,2024.0,H36,DOPE,cholesterol,DMG-PEG2000
22,Custom lipid,DOPE,cholesterol,DMG-PEG2000,35:16:46.5:2.5,mRNA,firefly_luciferase,CCCCCC(C)CCC(=O)OCCCC(NCCCN(C)C)C(=O)NCCCCCCCCCC/C=C/CCCCCCCCCC,CCCCCCCC/C=C\CCCCCCCC(=O)OC[C@H](COP(=O)(O)OCCN)OC(=O)CCCCCCC/C=C\CCCCCCCC,C[C@H](CCCC(C)C)[C@H]1CC[C@@H]2[C@@]1(CC[C@H]3[C@H]2CC=C4[C@@]3(CC[C@@H](C4)O)C)C,CCCCCCCCCCCCCC(=O)OCC(COP(=O)([O-])OCCOCCOCCOCCOCCOCCOCCOCCOCCOCCOCCOCCOCCOCCOCCOCCOCCOCCOCCOCCOCCOCCOCCOCCOCCOCCOCCOCCOCCOCCOCCOCCOCCOCCOCCOCCOCCOCCOCCOCCOCCOCCOCCOCCOCCOCCOCCOCCOCCOCCOCCOCCOCCOCCOCCOCCOCCOCCOCCOCCOCCOCCOCCOCCOCCOCCOCCOCCOCCOCCOCCOCCOCCOCCOCCOCCOCCOCCOCCOCCOCCOCCOCCOCCOCCOCCOCCOCCOCCOCCO)OC(=O)CCCCCCCCCCCCC,132.8,,,0.13,,,,,,,,,,,,synthesis_method: 3CR-Ugi reaction; device_used: Automated liquid handler (OT-2); total_flow_rate_ml_min: ; flow_rate_ratio: 3:1 (aqueous:ethanol); aqueous_phase_composition: 10 mM citrate buffer; organic_phase_composition: ethanol with lipid components; mixing_time_sec: overnight; temperature_condition: room temperature; post_processing: ; sterilization: ; storage_buffer: ,"cell_line: HeLa; animal_model: mice; administration_route: intramuscular (IM); dose: 0.2 mg/kg mRNA; gene_expression_result: 6.21 (Log2) in vitro, 7.084E+05 in vivo",6.21,log2,0.578125,https://doi.org/10.1038/s41467-024-50619-z,AGILE platform: a deep learning powered approach to accelerate LNP development for mRNA delivery,"['Yue Xu', 'Shihao Ma', 'Haotian Cui', 'Jingan Chen', 'Shufen Xu', 'Fanglin Gong', 'Alex Golubovic', 'Muye Zhou', 'Kevin Chang Wang', 'Andrew Varley', 'Rick Xing Ze Lu', 'Bo Wang', 'Bowen Li']",Nature Communications,2024.0,H37,DOPE,cholesterol,DMG-PEG2000
23,Custom lipid,DOPE,cholesterol,DMG-PEG2000,35:16:46.5:2.5,mRNA,firefly_luciferase,CCCCCC(C)CCC(=O)OCCCC(NCCN(C)C)C(=O)NCCCCCCCCCCCCCCCCCC,CCCCCCCC/C=C\CCCCCCCC(=O)OC[C@H](COP(=O)(O)OCCN)OC(=O)CCCCCCC/C=C\CCCCCCCC,C[C@H](CCCC(C)C)[C@H]1CC[C@@H]2[C@@]1(CC[C@H]3[C@H]2CC=C4[C@@]3(CC[C@@H](C4)O)C)C,CCCCCCCCCCCCCC(=O)OCC(COP(=O)([O-])OCCOCCOCCOCCOCCOCCOCCOCCOCCOCCOCCOCCOCCOCCOCCOCCOCCOCCOCCOCCOCCOCCOCCOCCOCCOCCOCCOCCOCCOCCOCCOCCOCCOCCOCCOCCOCCOCCOCCOCCOCCOCCOCCOCCOCCOCCOCCOCCOCCOCCOCCOCCOCCOCCOCCOCCOCCOCCOCCOCCOCCOCCOCCOCCOCCOCCOCCOCCOCCOCCOCCOCCOCCOCCOCCOCCOCCOCCOCCOCCOCCOCCOCCOCCOCCOCCOCCOCCOCCOCCO)OC(=O)CCCCCCCCCCCCC,133.9,,,0.16,,,,,,,,,,,,synthesis_method: 3CR-Ugi reaction; device_used: Automated liquid handler (OT-2); total_flow_rate_ml_min: ; flow_rate_ratio: 3:1 (aqueous:ethanol); aqueous_phase_composition: 10 mM citrate buffer; organic_phase_composition: ethanol with lipid components; mixing_time_sec: overnight; temperature_condition: room temperature; post_processing: ; sterilization: ; storage_buffer: ,"cell_line: HeLa; animal_model: mice; administration_route: intramuscular (IM); dose: 0.2 mg/kg mRNA; gene_expression_result: 6.93 (Log2) in vitro, 3.388E+05 in vivo",6.93,log2,0.71875,https://doi.org/10.1038/s41467-024-50619-z,AGILE platform: a deep learning powered approach to accelerate LNP development for mRNA delivery,"['Yue Xu', 'Shihao Ma', 'Haotian Cui', 'Jingan Chen', 'Shufen Xu', 'Fanglin Gong', 'Alex Golubovic', 'Muye Zhou', 'Kevin Chang Wang', 'Andrew Varley', 'Rick Xing Ze Lu', 'Bo Wang', 'Bowen Li']",Nature Communications,2024.0,H38,DOPE,cholesterol,DMG-PEG2000
24,Custom lipid,DOPE,cholesterol,DMG-PEG2000,35:16:46.5:2.5,mRNA,firefly_luciferase,CCCCCCC/C=C/C(=O)OCCC(NCCN(C)C)C(=O)NCCCCCCCCCC/C=C/CCCCCCCCCC,CCCCCCCC/C=C\CCCCCCCC(=O)OC[C@H](COP(=O)(O)OCCN)OC(=O)CCCCCCC/C=C\CCCCCCCC,C[C@H](CCCC(C)C)[C@H]1CC[C@@H]2[C@@]1(CC[C@H]3[C@H]2CC=C4[C@@]3(CC[C@@H](C4)O)C)C,CCCCCCCCCCCCCC(=O)OCC(COP(=O)([O-])OCCOCCOCCOCCOCCOCCOCCOCCOCCOCCOCCOCCOCCOCCOCCOCCOCCOCCOCCOCCOCCOCCOCCOCCOCCOCCOCCOCCOCCOCCOCCOCCOCCOCCOCCOCCOCCOCCOCCOCCOCCOCCOCCOCCOCCOCCOCCOCCOCCOCCOCCOCCOCCOCCOCCOCCOCCOCCOCCOCCOCCOCCOCCOCCOCCOCCOCCOCCOCCOCCOCCOCCOCCOCCOCCOCCOCCOCCOCCOCCOCCOCCOCCOCCOCCOCCOCCOCCOCCOCCO)OC(=O)CCCCCCCCCCCCC,137.9,,,0.16,,,,,,,,,,,,synthesis_method: 3CR-Ugi reaction; device_used: Automated liquid handler (OT-2); total_flow_rate_ml_min: ; flow_rate_ratio: 3:1 (aqueous:ethanol); aqueous_phase_composition: 10 mM citrate buffer; organic_phase_composition: ethanol with lipid components; mixing_time_sec: overnight; temperature_condition: room temperature; post_processing: ; sterilization: ; storage_buffer: ,"cell_line: HeLa; animal_model: mice; administration_route: intramuscular (IM); dose: 0.2 mg/kg mRNA; gene_expression_result: 4.01 (Log2) in vitro, 2.286E+05 in vivo",4.01,log2,0.34375,https://doi.org/10.1038/s41467-024-50619-z,AGILE platform: a deep learning powered approach to accelerate LNP development for mRNA delivery,"['Yue Xu', 'Shihao Ma', 'Haotian Cui', 'Jingan Chen', 'Shufen Xu', 'Fanglin Gong', 'Alex Golubovic', 'Muye Zhou', 'Kevin Chang Wang', 'Andrew Varley', 'Rick Xing Ze Lu', 'Bo Wang', 'Bowen Li']",Nature Communications,2024.0,H39,DOPE,cholesterol,DMG-PEG2000
25,Custom lipid,DOPE,cholesterol,DMG-PEG2000,35:16:46.5:2.5,mRNA,firefly_luciferase,CCCCCC(C)CCC(=O)OCCCC(NC1CCN(C(C)C)CC1)C(=O)NCCCCCCCCCC/C=C/CCCCCCCCCC,CCCCCCCC/C=C\CCCCCCCC(=O)OC[C@H](COP(=O)(O)OCCN)OC(=O)CCCCCCC/C=C\CCCCCCCC,C[C@H](CCCC(C)C)[C@H]1CC[C@@H]2[C@@]1(CC[C@H]3[C@H]2CC=C4[C@@]3(CC[C@@H](C4)O)C)C,CCCCCCCCCCCCCC(=O)OCC(COP(=O)([O-])OCCOCCOCCOCCOCCOCCOCCOCCOCCOCCOCCOCCOCCOCCOCCOCCOCCOCCOCCOCCOCCOCCOCCOCCOCCOCCOCCOCCOCCOCCOCCOCCOCCOCCOCCOCCOCCOCCOCCOCCOCCOCCOCCOCCOCCOCCOCCOCCOCCOCCOCCOCCOCCOCCOCCOCCOCCOCCOCCOCCOCCOCCOCCOCCOCCOCCOCCOCCOCCOCCOCCOCCOCCOCCOCCOCCOCCOCCOCCOCCOCCOCCOCCOCCOCCOCCOCCOCCOCCOCCO)OC(=O)CCCCCCCCCCCCC,135.4,,,0.23,,,,,,,,,,,,synthesis_method: 3CR-Ugi reaction; device_used: Automated liquid handler (OT-2); total_flow_rate_ml_min: ; flow_rate_ratio: 3:1 (aqueous:ethanol); aqueous_phase_composition: 10 mM citrate buffer; organic_phase_composition: ethanol with lipid components; mixing_time_sec: overnight; temperature_condition: room temperature; post_processing: ; sterilization: ; storage_buffer: ,"cell_line: HeLa; animal_model: mice; administration_route: intramuscular (IM); dose: 0.2 mg/kg mRNA; gene_expression_result: 0.73 (Log2) in vitro, 1.844E+04 in vivo",0.73,log2,0.09375,https://doi.org/10.1038/s41467-024-50619-z,AGILE platform: a deep learning powered approach to accelerate LNP development for mRNA delivery,"['Yue Xu', 'Shihao Ma', 'Haotian Cui', 'Jingan Chen', 'Shufen Xu', 'Fanglin Gong', 'Alex Golubovic', 'Muye Zhou', 'Kevin Chang Wang', 'Andrew Varley', 'Rick Xing Ze Lu', 'Bo Wang', 'Bowen Li']",Nature Communications,2024.0,H40,DOPE,cholesterol,DMG-PEG2000
26,Custom lipid,DOPE,cholesterol,DMG-PEG2000,35:16:46.5:2.5,mRNA,firefly_luciferase,CCCCCCC/C=C/C(=O)OCCCC(NC1CCN(C(C)C)CC1)C(=O)NCCCCCCCCCC/C=C/CCCCCCCCCC,CCCCCCCC/C=C\CCCCCCCC(=O)OC[C@H](COP(=O)(O)OCCN)OC(=O)CCCCCCC/C=C\CCCCCCCC,C[C@H](CCCC(C)C)[C@H]1CC[C@@H]2[C@@]1(CC[C@H]3[C@H]2CC=C4[C@@]3(CC[C@@H](C4)O)C)C,CCCCCCCCCCCCCC(=O)OCC(COP(=O)([O-])OCCOCCOCCOCCOCCOCCOCCOCCOCCOCCOCCOCCOCCOCCOCCOCCOCCOCCOCCOCCOCCOCCOCCOCCOCCOCCOCCOCCOCCOCCOCCOCCOCCOCCOCCOCCOCCOCCOCCOCCOCCOCCOCCOCCOCCOCCOCCOCCOCCOCCOCCOCCOCCOCCOCCOCCOCCOCCOCCOCCOCCOCCOCCOCCOCCOCCOCCOCCOCCOCCOCCOCCOCCOCCOCCOCCOCCOCCOCCOCCOCCOCCOCCOCCOCCOCCOCCOCCOCCOCCO)OC(=O)CCCCCCCCCCCCC,134.6,,,0.14,,,,,,,,,,,,synthesis_method: 3CR-Ugi reaction; device_used: Automated liquid handler (OT-2); total_flow_rate_ml_min: ; flow_rate_ratio: 3:1 (aqueous:ethanol); aqueous_phase_composition: 10 mM citrate buffer; organic_phase_composition: ethanol with lipid components; mixing_time_sec: overnight; temperature_condition: room temperature; post_processing: ; sterilization: ; storage_buffer: ,"cell_line: HeLa; animal_model: mice; administration_route: intramuscular (IM); dose: 0.2 mg/kg mRNA; gene_expression_result: 0.75 (Log2) in vitro, 3.195E+04 in vivo",0.75,log2,0.125,https://doi.org/10.1038/s41467-024-50619-z,AGILE platform: a deep learning powered approach to accelerate LNP development for mRNA delivery,"['Yue Xu', 'Shihao Ma', 'Haotian Cui', 'Jingan Chen', 'Shufen Xu', 'Fanglin Gong', 'Alex Golubovic', 'Muye Zhou', 'Kevin Chang Wang', 'Andrew Varley', 'Rick Xing Ze Lu', 'Bo Wang', 'Bowen Li']",Nature Communications,2024.0,H41,DOPE,cholesterol,DMG-PEG2000
27,Custom lipid,DOPE,cholesterol,DMG-PEG2000,35:16:46.5:2.5,mRNA,firefly_luciferase,CCCCCC(C)CCC(=O)OCCCC(NC1CCN(C(C)C)CC1)C(=O)NCCCCCCCCCCCCCCCCCC,CCCCCCCC/C=C\CCCCCCCC(=O)OC[C@H](COP(=O)(O)OCCN)OC(=O)CCCCCCC/C=C\CCCCCCCC,C[C@H](CCCC(C)C)[C@H]1CC[C@@H]2[C@@]1(CC[C@H]3[C@H]2CC=C4[C@@]3(CC[C@@H](C4)O)C)C,CCCCCCCCCCCCCC(=O)OCC(COP(=O)([O-])OCCOCCOCCOCCOCCOCCOCCOCCOCCOCCOCCOCCOCCOCCOCCOCCOCCOCCOCCOCCOCCOCCOCCOCCOCCOCCOCCOCCOCCOCCOCCOCCOCCOCCOCCOCCOCCOCCOCCOCCOCCOCCOCCOCCOCCOCCOCCOCCOCCOCCOCCOCCOCCOCCOCCOCCOCCOCCOCCOCCOCCOCCOCCOCCOCCOCCOCCOCCOCCOCCOCCOCCOCCOCCOCCOCCOCCOCCOCCOCCOCCOCCOCCOCCOCCOCCOCCOCCOCCOCCO)OC(=O)CCCCCCCCCCCCC,138.0,,,0.14,,,,,,,,,,,,synthesis_method: 3CR-Ugi reaction; device_used: Automated liquid handler (OT-2); total_flow_rate_ml_min: ; flow_rate_ratio: 3:1 (aqueous:ethanol); aqueous_phase_composition: 10 mM citrate buffer; organic_phase_composition: ethanol with lipid components; mixing_time_sec: overnight; temperature_condition: room temperature; post_processing: ; sterilization: ; storage_buffer: ,"cell_line: HeLa; animal_model: mice; administration_route: intramuscular (IM); dose: 0.2 mg/kg mRNA; gene_expression_result: 0.86 (Log2) in vitro, 2.989E+04 in vivo",0.86,log2,0.15625,https://doi.org/10.1038/s41467-024-50619-z,AGILE platform: a deep learning powered approach to accelerate LNP development for mRNA delivery,"['Yue Xu', 'Shihao Ma', 'Haotian Cui', 'Jingan Chen', 'Shufen Xu', 'Fanglin Gong', 'Alex Golubovic', 'Muye Zhou', 'Kevin Chang Wang', 'Andrew Varley', 'Rick Xing Ze Lu', 'Bo Wang', 'Bowen Li']",Nature Communications,2024.0,H42,DOPE,cholesterol,DMG-PEG2000
28,Custom lipid,DOPE,cholesterol,DMG-PEG2000,35:16:46.5:2.5,mRNA,firefly_luciferase,CCCCCC(C)CCC(=O)OCCC(NCCCN1CCOCC1)C(=O)NCCCCCCCCCC/C=C/CCCCCCCCCC,CCCCCCCC/C=C\CCCCCCCC(=O)OC[C@H](COP(=O)(O)OCCN)OC(=O)CCCCCCC/C=C\CCCCCCCC,C[C@H](CCCC(C)C)[C@H]1CC[C@@H]2[C@@]1(CC[C@H]3[C@H]2CC=C4[C@@]3(CC[C@@H](C4)O)C)C,CCCCCCCCCCCCCC(=O)OCC(COP(=O)([O-])OCCOCCOCCOCCOCCOCCOCCOCCOCCOCCOCCOCCOCCOCCOCCOCCOCCOCCOCCOCCOCCOCCOCCOCCOCCOCCOCCOCCOCCOCCOCCOCCOCCOCCOCCOCCOCCOCCOCCOCCOCCOCCOCCOCCOCCOCCOCCOCCOCCOCCOCCOCCOCCOCCOCCOCCOCCOCCOCCOCCOCCOCCOCCOCCOCCOCCOCCOCCOCCOCCOCCOCCOCCOCCOCCOCCOCCOCCOCCOCCOCCOCCOCCOCCOCCOCCOCCOCCOCCOCCO)OC(=O)CCCCCCCCCCCCC,121.6,,,0.14,,,,,,,,,,,,synthesis_method: 3CR-Ugi reaction; device_used: Automated liquid handler (OT-2); total_flow_rate_ml_min: ; flow_rate_ratio: 3:1 (aqueous:ethanol); aqueous_phase_composition: 10 mM citrate buffer; organic_phase_composition: ethanol with lipid components; mixing_time_sec: overnight; temperature_condition: room temperature; post_processing: ; sterilization: ; storage_buffer: ,"cell_line: HeLa; animal_model: mice; administration_route: intramuscular (IM); dose: 0.2 mg/kg mRNA; gene_expression_result: 5.87 (Log2) in vitro, 2.472E+04 in vivo",5.87,log2,0.515625,https://doi.org/10.1038/s41467-024-50619-z,AGILE platform: a deep learning powered approach to accelerate LNP development for mRNA delivery,"['Yue Xu', 'Shihao Ma', 'Haotian Cui', 'Jingan Chen', 'Shufen Xu', 'Fanglin Gong', 'Alex Golubovic', 'Muye Zhou', 'Kevin Chang Wang', 'Andrew Varley', 'Rick Xing Ze Lu', 'Bo Wang', 'Bowen Li']",Nature Communications,2024.0,H43,DOPE,cholesterol,DMG-PEG2000
29,Custom lipid,DOPE,cholesterol,DMG-PEG2000,35:16:46.5:2.5,mRNA,firefly_luciferase,CCCCCCCCC/C=C/C(=O)OCCCC(NCCCN1CCOCC1)C(=O)NCCCCCCCCCC/C=C/CCCCCCCCCC,CCCCCCCC/C=C\CCCCCCCC(=O)OC[C@H](COP(=O)(O)OCCN)OC(=O)CCCCCCC/C=C\CCCCCCCC,C[C@H](CCCC(C)C)[C@H]1CC[C@@H]2[C@@]1(CC[C@H]3[C@H]2CC=C4[C@@]3(CC[C@@H](C4)O)C)C,CCCCCCCCCCCCCC(=O)OCC(COP(=O)([O-])OCCOCCOCCOCCOCCOCCOCCOCCOCCOCCOCCOCCOCCOCCOCCOCCOCCOCCOCCOCCOCCOCCOCCOCCOCCOCCOCCOCCOCCOCCOCCOCCOCCOCCOCCOCCOCCOCCOCCOCCOCCOCCOCCOCCOCCOCCOCCOCCOCCOCCOCCOCCOCCOCCOCCOCCOCCOCCOCCOCCOCCOCCOCCOCCOCCOCCOCCOCCOCCOCCOCCOCCOCCOCCOCCOCCOCCOCCOCCOCCOCCOCCOCCOCCOCCOCCOCCOCCOCCOCCO)OC(=O)CCCCCCCCCCCCC,119.9,,,0.15,,,,,,,,,,,,synthesis_method: 3CR-Ugi reaction; device_used: Automated liquid handler (OT-2); total_flow_rate_ml_min: ; flow_rate_ratio: 3:1 (aqueous:ethanol); aqueous_phase_composition: 10 mM citrate buffer; organic_phase_composition: ethanol with lipid components; mixing_time_sec: overnight; temperature_condition: room temperature; post_processing: ; sterilization: ; storage_buffer: ,"cell_line: HeLa; animal_model: mice; administration_route: intramuscular (IM); dose: 0.2 mg/kg mRNA; gene_expression_result: -0.87 (Log2) in vitro, 3.911E+04 in vivo",0.87,log2,0.1875,https://doi.org/10.1038/s41467-024-50619-z,AGILE platform: a deep learning powered approach to accelerate LNP development for mRNA delivery,"['Yue Xu', 'Shihao Ma', 'Haotian Cui', 'Jingan Chen', 'Shufen Xu', 'Fanglin Gong', 'Alex Golubovic', 'Muye Zhou', 'Kevin Chang Wang', 'Andrew Varley', 'Rick Xing Ze Lu', 'Bo Wang', 'Bowen Li']",Nature Communications,2024.0,H44,DOPE,cholesterol,DMG-PEG2000
30,Custom lipid,DOPE,cholesterol,DMG-PEG2000,35:16:46.5:2.5,mRNA,firefly_luciferase,CCCCCC(C)CCC(=O)OCCCC(NCCCN1CCOCC1)C(=O)NCCCCCCCCCCCCCCCCCC,CCCCCCCC/C=C\CCCCCCCC(=O)OC[C@H](COP(=O)(O)OCCN)OC(=O)CCCCCCC/C=C\CCCCCCCC,C[C@H](CCCC(C)C)[C@H]1CC[C@@H]2[C@@]1(CC[C@H]3[C@H]2CC=C4[C@@]3(CC[C@@H](C4)O)C)C,CCCCCCCCCCCCCC(=O)OCC(COP(=O)([O-])OCCOCCOCCOCCOCCOCCOCCOCCOCCOCCOCCOCCOCCOCCOCCOCCOCCOCCOCCOCCOCCOCCOCCOCCOCCOCCOCCOCCOCCOCCOCCOCCOCCOCCOCCOCCOCCOCCOCCOCCOCCOCCOCCOCCOCCOCCOCCOCCOCCOCCOCCOCCOCCOCCOCCOCCOCCOCCOCCOCCOCCOCCOCCOCCOCCOCCOCCOCCOCCOCCOCCOCCOCCOCCOCCOCCOCCOCCOCCOCCOCCOCCOCCOCCOCCOCCOCCOCCOCCOCCO)OC(=O)CCCCCCCCCCCCC,108.4,,,0.15,,,,,,,,,,,,synthesis_method: 3CR-Ugi reaction; device_used: Automated liquid handler (OT-2); total_flow_rate_ml_min: ; flow_rate_ratio: 3:1 (aqueous:ethanol); aqueous_phase_composition: 10 mM citrate buffer; organic_phase_composition: ethanol with lipid components; mixing_time_sec: overnight; temperature_condition: room temperature; post_processing: ; sterilization: ; storage_buffer: ,"cell_line: HeLa; animal_model: mice; administration_route: intramuscular (IM); dose: 0.2 mg/kg mRNA; gene_expression_result: 5.55 (Log2) in vitro, 2.835E+05 in vivo",5.55,log2,0.4375,https://doi.org/10.1038/s41467-024-50619-z,AGILE platform: a deep learning powered approach to accelerate LNP development for mRNA delivery,"['Yue Xu', 'Shihao Ma', 'Haotian Cui', 'Jingan Chen', 'Shufen Xu', 'Fanglin Gong', 'Alex Golubovic', 'Muye Zhou', 'Kevin Chang Wang', 'Andrew Varley', 'Rick Xing Ze Lu', 'Bo Wang', 'Bowen Li']",Nature Communications,2024.0,H45,DOPE,cholesterol,DMG-PEG2000
31,Custom lipid,DOPE,cholesterol,DMG-PEG2000,35:16:46.5:2.5,mRNA,firefly_luciferase,,CCCCCCCC/C=C\CCCCCCCC(=O)OC[C@H](COP(=O)(O)OCCN)OC(=O)CCCCCCC/C=C\CCCCCCCC,C[C@H](CCCC(C)C)[C@H]1CC[C@@H]2[C@@]1(CC[C@H]3[C@H]2CC=C4[C@@]3(CC[C@@H](C4)O)C)C,CCCCCCCCCCCCCC(=O)OCC(COP(=O)([O-])OCCOCCOCCOCCOCCOCCOCCOCCOCCOCCOCCOCCOCCOCCOCCOCCOCCOCCOCCOCCOCCOCCOCCOCCOCCOCCOCCOCCOCCOCCOCCOCCOCCOCCOCCOCCOCCOCCOCCOCCOCCOCCOCCOCCOCCOCCOCCOCCOCCOCCOCCOCCOCCOCCOCCOCCOCCOCCOCCOCCOCCOCCOCCOCCOCCOCCOCCOCCOCCOCCOCCOCCOCCOCCOCCOCCOCCOCCOCCOCCOCCOCCOCCOCCOCCOCCOCCOCCOCCOCCO)OC(=O)CCCCCCCCCCCCC,130.2,,,0.2,,,,,,,,,,,,synthesis_method: 3CR-Ugi reaction; device_used: Automated liquid handler (OT-2); total_flow_rate_ml_min: ; flow_rate_ratio: 3:1 (aqueous:ethanol); aqueous_phase_composition: 10 mM citrate buffer; organic_phase_composition: ethanol with lipid components; mixing_time_sec: overnight; temperature_condition: room temperature; post_processing: ; sterilization: ; storage_buffer: ,"cell_line: HeLa; animal_model: mice; administration_route: intramuscular (IM); dose: 0.2 mg/kg mRNA; gene_expression_result: 0.55 (Log2) in vitro, 6.313E+04 in vivo",0.55,log2,0.0625,https://doi.org/10.1038/s41467-024-50619-z,AGILE platform: a deep learning powered approach to accelerate LNP development for mRNA delivery,"['Yue Xu', 'Shihao Ma', 'Haotian Cui', 'Jingan Chen', 'Shufen Xu', 'Fanglin Gong', 'Alex Golubovic', 'Muye Zhou', 'Kevin Chang Wang', 'Andrew Varley', 'Rick Xing Ze Lu', 'Bo Wang', 'Bowen Li']",Nature Communications,2024.0,H9252,DOPE,cholesterol,DMG-PEG2000
32,Custom lipid,DOPE,cholesterol,DMG-PEG2000,35:16:46.5:2.5,mRNA,firefly_luciferase,,CCCCCCCC/C=C\CCCCCCCC(=O)OC[C@H](COP(=O)(O)OCCN)OC(=O)CCCCCCC/C=C\CCCCCCCC,C[C@H](CCCC(C)C)[C@H]1CC[C@@H]2[C@@]1(CC[C@H]3[C@H]2CC=C4[C@@]3(CC[C@@H](C4)O)C)C,CCCCCCCCCCCCCC(=O)OCC(COP(=O)([O-])OCCOCCOCCOCCOCCOCCOCCOCCOCCOCCOCCOCCOCCOCCOCCOCCOCCOCCOCCOCCOCCOCCOCCOCCOCCOCCOCCOCCOCCOCCOCCOCCOCCOCCOCCOCCOCCOCCOCCOCCOCCOCCOCCOCCOCCOCCOCCOCCOCCOCCOCCOCCOCCOCCOCCOCCOCCOCCOCCOCCOCCOCCOCCOCCOCCOCCOCCOCCOCCOCCOCCOCCOCCOCCOCCOCCOCCOCCOCCOCCOCCOCCOCCOCCOCCOCCOCCOCCOCCOCCO)OC(=O)CCCCCCCCCCCCC,132.6,,,0.22,,,,,,,,,,,,synthesis_method: 3CR-Ugi reaction; device_used: Automated liquid handler (OT-2); total_flow_rate_ml_min: ; flow_rate_ratio: 3:1 (aqueous:ethanol); aqueous_phase_composition: 10 mM citrate buffer; organic_phase_composition: ethanol with lipid components; mixing_time_sec: overnight; temperature_condition: room temperature; post_processing: ; sterilization: ; storage_buffer: ,"cell_line: HeLa; animal_model: mice; administration_route: intramuscular (IM); dose: 0.2 mg/kg mRNA; gene_expression_result: 0.23 (Log2) in vitro, 5.265E+03 in vivo",0.23,log2,0.03125,https://doi.org/10.1038/s41467-024-50619-z,AGILE platform: a deep learning powered approach to accelerate LNP development for mRNA delivery,"['Yue Xu', 'Shihao Ma', 'Haotian Cui', 'Jingan Chen', 'Shufen Xu', 'Fanglin Gong', 'Alex Golubovic', 'Muye Zhou', 'Kevin Chang Wang', 'Andrew Varley', 'Rick Xing Ze Lu', 'Bo Wang', 'Bowen Li']",Nature Communications,2024.0,H9239,DOPE,cholesterol,DMG-PEG2000
33,Custom lipid,DOPE,cholesterol,DMG-PEG2000,35:16:46.5:2.5,mRNA,firefly_luciferase,,CCCCCCCC/C=C\CCCCCCCC(=O)OC[C@H](COP(=O)(O)OCCN)OC(=O)CCCCCCC/C=C\CCCCCCCC,C[C@H](CCCC(C)C)[C@H]1CC[C@@H]2[C@@]1(CC[C@H]3[C@H]2CC=C4[C@@]3(CC[C@@H](C4)O)C)C,CCCCCCCCCCCCCC(=O)OCC(COP(=O)([O-])OCCOCCOCCOCCOCCOCCOCCOCCOCCOCCOCCOCCOCCOCCOCCOCCOCCOCCOCCOCCOCCOCCOCCOCCOCCOCCOCCOCCOCCOCCOCCOCCOCCOCCOCCOCCOCCOCCOCCOCCOCCOCCOCCOCCOCCOCCOCCOCCOCCOCCOCCOCCOCCOCCOCCOCCOCCOCCOCCOCCOCCOCCOCCOCCOCCOCCOCCOCCOCCOCCOCCOCCOCCOCCOCCOCCOCCOCCOCCOCCOCCOCCOCCOCCOCCOCCOCCOCCOCCOCCO)OC(=O)CCCCCCCCCCCCC,120.5,,,0.15,,,,,,,,,,,,synthesis_method: 3CR-Ugi reaction; device_used: Automated liquid handler (OT-2); total_flow_rate_ml_min: ; flow_rate_ratio: 3:1 (aqueous:ethanol); aqueous_phase_composition: 10 mM citrate buffer; organic_phase_composition: ethanol with lipid components; mixing_time_sec: overnight; temperature_condition: room temperature; post_processing: ; sterilization: ; storage_buffer: ,"cell_line: HeLa; animal_model: mice; administration_route: intramuscular (IM); dose: 0.2 mg/kg mRNA; gene_expression_result: 1.24 (Log2) in vitro, 1.152E+05 in vivo",1.24,log2,0.21875,https://doi.org/10.1038/s41467-024-50619-z,AGILE platform: a deep learning powered approach to accelerate LNP development for mRNA delivery,"['Yue Xu', 'Shihao Ma', 'Haotian Cui', 'Jingan Chen', 'Shufen Xu', 'Fanglin Gong', 'Alex Golubovic', 'Muye Zhou', 'Kevin Chang Wang', 'Andrew Varley', 'Rick Xing Ze Lu', 'Bo Wang', 'Bowen Li']",Nature Communications,2024.0,H9138,DOPE,cholesterol,DMG-PEG2000
51,Custom lipid,DOPE,cholesterol,C16-Ceramide-PEG2000,26.5:1.5:52:20,mRNA,firefly_luciferase,,CCCCCCCC/C=C\CCCCCCCC(=O)OC[C@H](COP(=O)(O)OCCN)OC(=O)CCCCCCC/C=C\CCCCCCCC,C[C@H](CCCC(C)C)[C@H]1CC[C@@H]2[C@@]1(CC[C@H]3[C@H]2CC=C4[C@@]3(CC[C@@H](C4)O)C)C,CCCCCCCCCCCCCCCC(=O)NC(COP(=O)([O-])OCCOCCOCCOCCOCCOCCOCCOCCOCCOCCOCCOCCOCCOCCOCCOCCOCCOCCOCCOCCOCCOCCOCCOCCOCCOCCOCCOCCOCCOCCOCCOCCOCCOCCOCCOCCOCCOCCOCCOCCOCCOCCOCCOCCOCCOCCOCCOCCOCCOCCOCCOCCOCCOCCOCCOCCOCCOCCOCCOCCOCCOCCOCCOCCOCCOCCOCCOCCOCCOCCOCCOCCOCCOCCOCCOCCOCCOCCOCCOCCOCCOCCOCCOCCOCCOCCOCCOCCOCCOCCO)C(O)C=CCCCCCCCCCCCC,66.0,14.0,,0.083,,,,,,-0.694,0.31,,wt/wt,10.0,ionizable_lipid:mRNA,synthesis_method: Microfluidic; device_used: microfluidic-based system; total_flow_rate_ml_min: 12; flow_rate_ratio: 1:3 (organic:aqueous); aqueous_phase_composition: 10 mM citrate; organic_phase_composition: ethanol; mixing_time_sec: ; temperature_condition: ; post_processing: dialyzed against PBS using 3500 MWCO dialysis cassettes overnight; sterilization: ; storage_buffer: PBS,cell_line: HeLa; animal_model: C57BL/6 mice; administration_route: intravenous; dose: 0.1 mg/kg mRNA; gene_expression_result: moderate luciferase expression; biodistribution_result: liver-specific,,,,10.1126/sciadv.abf4398,Engineered ionizable lipid nanoparticles for targeted delivery of RNA therapeutics into different types of cells in the liver,"['M. Kim', 'M. Jeong', 'S. Hur', 'Y. Cho', 'J. Park', 'H. Jung', 'Y. Seo', 'H. A. Woo', 'K. T. Nam', 'K. Lee', 'H. Lee']",Science Advances,2021.0,244C10,DOPE,cholesterol,C16-PEG2000 ceramide
52,Custom lipid,DOPE,cholesterol,C16-Ceramide-PEG2000,26.5:1.5:52:20,mRNA,firefly_luciferase,CCCCCCCCCC(O)CN(CC(O)CCCCCCCCCC)CCCN1CCN(CC(O)CCCCCCCCCC)CC1CC(O)CCCCCCCCCC,CCCCCCCC/C=C\CCCCCCCC(=O)OC[C@H](COP(=O)(O)OCCN)OC(=O)CCCCCCC/C=C\CCCCCCCC,C[C@H](CCCC(C)C)[C@H]1CC[C@@H]2[C@@]1(CC[C@H]3[C@H]2CC=C4[C@@]3(CC[C@@H](C4)O)C)C,CCCCCCCCCCCCCCCC(=O)NC(COP(=O)([O-])OCCOCCOCCOCCOCCOCCOCCOCCOCCOCCOCCOCCOCCOCCOCCOCCOCCOCCOCCOCCOCCOCCOCCOCCOCCOCCOCCOCCOCCOCCOCCOCCOCCOCCOCCOCCOCCOCCOCCOCCOCCOCCOCCOCCOCCOCCOCCOCCOCCOCCOCCOCCOCCOCCOCCOCCOCCOCCOCCOCCOCCOCCOCCOCCOCCOCCOCCOCCOCCOCCOCCOCCOCCOCCOCCOCCOCCOCCOCCOCCOCCOCCOCCOCCOCCOCCOCCOCCOCCOCCO)C(O)C=CCCCCCCCCCCCC,70.0,12.0,,0.104,,,,,,-1.54,0.42,,wt/wt,10.0,ionizable_lipid:mRNA,synthesis_method: Microfluidic; device_used: microfluidic-based system; total_flow_rate_ml_min: 12; flow_rate_ratio: 1:3 (organic:aqueous); aqueous_phase_composition: 10 mM citrate; organic_phase_composition: ethanol; mixing_time_sec: ; temperature_condition: ; post_processing: dialyzed against PBS using 3500 MWCO dialysis cassettes overnight; sterilization: ; storage_buffer: PBS,cell_line: HeLa; animal_model: C57BL/6 mice; administration_route: intravenous; dose: 0.1 mg/kg mRNA; gene_expression_result: moderate luciferase expression; biodistribution_result: liver-specific,,,,10.1126/sciadv.abf4398,Engineered ionizable lipid nanoparticles for targeted delivery of RNA therapeutics into different types of cells in the liver,"['M. Kim', 'M. Jeong', 'S. Hur', 'Y. Cho', 'J. Park', 'H. Jung', 'Y. Seo', 'H. A. Woo', 'K. T. Nam', 'K. Lee', 'H. Lee']",Science Advances,2021.0,245C10,DOPE,cholesterol,C16-PEG2000 ceramide
53,246C10,DOPE,cholesterol,C16-Ceramide-PEG2000,26.5:1.5:52:20,mRNA,firefly_luciferase,CCCCCCCCCCC(CN(CCCN1CCN(CC1)CCCN(CC(CCCCCCCCCC)O)CC(CCCCCCCCCC)O)CC(CCCCCCCCCC)O)O,CCCCCCCC/C=C\CCCCCCCC(=O)OC[C@H](COP(=O)(O)OCCN)OC(=O)CCCCCCC/C=C\CCCCCCCC,C[C@H](CCCC(C)C)[C@H]1CC[C@@H]2[C@@]1(CC[C@H]3[C@H]2CC=C4[C@@]3(CC[C@@H](C4)O)C)C,CCCCCCCCCCCCCCCC(=O)NC(COP(=O)([O-])OCCOCCOCCOCCOCCOCCOCCOCCOCCOCCOCCOCCOCCOCCOCCOCCOCCOCCOCCOCCOCCOCCOCCOCCOCCOCCOCCOCCOCCOCCOCCOCCOCCOCCOCCOCCOCCOCCOCCOCCOCCOCCOCCOCCOCCOCCOCCOCCOCCOCCOCCOCCOCCOCCOCCOCCOCCOCCOCCOCCOCCOCCOCCOCCOCCOCCOCCOCCOCCOCCOCCOCCOCCOCCOCCOCCOCCOCCOCCOCCOCCOCCOCCOCCOCCOCCOCCOCCOCCOCCO)C(O)C=CCCCCCCCCCCCC,68.0,15.0,,0.079,,,,,,-0.997,0.17,,wt/wt,10.0,ionizable_lipid:mRNA,synthesis_method: Microfluidic; device_used: microfluidic-based system; total_flow_rate_ml_min: 12; flow_rate_ratio: 1:3 (organic:aqueous); aqueous_phase_composition: 10 mM citrate; organic_phase_composition: ethanol; mixing_time_sec: ; temperature_condition: ; post_processing: dialyzed against PBS using 3500 MWCO dialysis cassettes overnight; sterilization: ; storage_buffer: PBS,"cell_line: HeLa; animal_model: C57BL/6 mice, LSL-tdTomato mice; administration_route: intravenous; dose: 0.1 mg/kg mRNA (mFLuc), 0.5 mg/kg mRNA (mCre); gene_expression_result: highest luciferase expression, significant tdTomato expression in hepatocytes (80%); biodistribution_result: liver-specific, primarily hepatocytes",80.0,percent,0.875,10.1126/sciadv.abf4398,Engineered ionizable lipid nanoparticles for targeted delivery of RNA therapeutics into different types of cells in the liver,"['M. Kim', 'M. Jeong', 'S. Hur', 'Y. Cho', 'J. Park', 'H. Jung', 'Y. Seo', 'H. A. Woo', 'K. T. Nam', 'K. Lee', 'H. Lee']",Science Advances,2021.0,246C10,DOPE,cholesterol,C16-PEG2000 ceramide
54,246C10,DOPE,cholesterol,C16-Ceramide-PEG2000,26.5:1.0:52:20,mRNA,cre_recombinase,CCCCCCCCCCC(CN(CCCN1CCN(CC1)CCCN(CC(CCCCCCCCCC)O)CC(CCCCCCCCCC)O)CC(CCCCCCCCCC)O)O,CCCCCCCC/C=C\CCCCCCCC(=O)OC[C@H](COP(=O)(O)OCCN)OC(=O)CCCCCCC/C=C\CCCCCCCC,C[C@H](CCCC(C)C)[C@H]1CC[C@@H]2[C@@]1(CC[C@H]3[C@H]2CC=C4[C@@]3(CC[C@@H](C4)O)C)C,CCCCCCCCCCCCCCCC(=O)NC(COP(=O)([O-])OCCOCCOCCOCCOCCOCCOCCOCCOCCOCCOCCOCCOCCOCCOCCOCCOCCOCCOCCOCCOCCOCCOCCOCCOCCOCCOCCOCCOCCOCCOCCOCCOCCOCCOCCOCCOCCOCCOCCOCCOCCOCCOCCOCCOCCOCCOCCOCCOCCOCCOCCOCCOCCOCCOCCOCCOCCOCCOCCOCCOCCOCCOCCOCCOCCOCCOCCOCCOCCOCCOCCOCCOCCOCCOCCOCCOCCOCCOCCOCCOCCOCCOCCOCCOCCOCCOCCOCCOCCOCCO)C(O)C=CCCCCCCCCCCCC,97.0,17.0,,0.064,,,88.3,7.0,,,,,wt/wt,10.0,ionizable_lipid:mRNA,synthesis_method: Microfluidic; device_used: microfluidic-based system; total_flow_rate_ml_min: 12; flow_rate_ratio: 1:3 (organic:aqueous); aqueous_phase_composition: 10 mM citrate; organic_phase_composition: ethanol; mixing_time_sec: ; temperature_condition: ; post_processing: dialyzed against PBS using 3500 MWCO dialysis cassettes overnight; sterilization: ; storage_buffer: PBS,"animal_model: LSL-tdTomato mice; administration_route: intravenous; dose: 0.5 mg/kg mRNA; gene_expression_result: tdTomato expression in hepatocytes (43¡¾10%) and LSECs (54¡¾8%); biodistribution_result: liver, both hepatocytes and LSECs",10.0,percent,0.25,10.1126/sciadv.abf4398,Engineered ionizable lipid nanoparticles for targeted delivery of RNA therapeutics into different types of cells in the liver,"['M. Kim', 'M. Jeong', 'S. Hur', 'Y. Cho', 'J. Park', 'H. Jung', 'Y. Seo', 'H. A. Woo', 'K. T. Nam', 'K. Lee', 'H. Lee']",Science Advances,2021.0,246C10,DOPE,cholesterol,C16-PEG2000 ceramide
55,246C10,DOPE,cholesterol,C16-Ceramide-PEG2000,26.5:1.5:51.5:20,mRNA,cre_recombinase,CCCCCCCCCCC(CN(CCCN1CCN(CC1)CCCN(CC(CCCCCCCCCC)O)CC(CCCCCCCCCC)O)CC(CCCCCCCCCC)O)O,CCCCCCCC/C=C\CCCCCCCC(=O)OC[C@H](COP(=O)(O)OCCN)OC(=O)CCCCCCC/C=C\CCCCCCCC,C[C@H](CCCC(C)C)[C@H]1CC[C@@H]2[C@@]1(CC[C@H]3[C@H]2CC=C4[C@@]3(CC[C@@H](C4)O)C)C,CCCCCCCCCCCCCCCC(=O)NC(COP(=O)([O-])OCCOCCOCCOCCOCCOCCOCCOCCOCCOCCOCCOCCOCCOCCOCCOCCOCCOCCOCCOCCOCCOCCOCCOCCOCCOCCOCCOCCOCCOCCOCCOCCOCCOCCOCCOCCOCCOCCOCCOCCOCCOCCOCCOCCOCCOCCOCCOCCOCCOCCOCCOCCOCCOCCOCCOCCOCCOCCOCCOCCOCCOCCOCCOCCOCCOCCOCCOCCOCCOCCOCCOCCOCCOCCOCCOCCOCCOCCOCCOCCOCCOCCOCCOCCOCCOCCOCCOCCOCCOCCO)C(O)C=CCCCCCCCCCCCC,68.0,15.0,,0.127,,,90.1,5.0,,,,,wt/wt,10.0,ionizable_lipid:mRNA,synthesis_method: Microfluidic; device_used: microfluidic-based system; total_flow_rate_ml_min: 12; flow_rate_ratio: 1:3 (organic:aqueous); aqueous_phase_composition: 10 mM citrate; organic_phase_composition: ethanol; mixing_time_sec: ; temperature_condition: ; post_processing: dialyzed against PBS using 3500 MWCO dialysis cassettes overnight; sterilization: ; storage_buffer: PBS,"animal_model: LSL-tdTomato mice; administration_route: intravenous; dose: 0.5 mg/kg mRNA; gene_expression_result: tdTomato expression primarily in hepatocytes (80%); biodistribution_result: liver, primarily hepatocytes",80.0,percent,0.875,10.1126/sciadv.abf4398,Engineered ionizable lipid nanoparticles for targeted delivery of RNA therapeutics into different types of cells in the liver,"['M. Kim', 'M. Jeong', 'S. Hur', 'Y. Cho', 'J. Park', 'H. Jung', 'Y. Seo', 'H. A. Woo', 'K. T. Nam', 'K. Lee', 'H. Lee']",Science Advances,2021.0,246C10,DOPE,cholesterol,C16-PEG2000 ceramide
56,246C10,DOPE,cholesterol,C16-Ceramide-PEG2000,26.5:3.0:50.5:20,mRNA,cre_recombinase,CCCCCCCCCCC(CN(CCCN1CCN(CC1)CCCN(CC(CCCCCCCCCC)O)CC(CCCCCCCCCC)O)CC(CCCCCCCCCC)O)O,CCCCCCCC/C=C\CCCCCCCC(=O)OC[C@H](COP(=O)(O)OCCN)OC(=O)CCCCCCC/C=C\CCCCCCCC,C[C@H](CCCC(C)C)[C@H]1CC[C@@H]2[C@@]1(CC[C@H]3[C@H]2CC=C4[C@@]3(CC[C@@H](C4)O)C)C,CCCCCCCCCCCCCCCC(=O)NC(COP(=O)([O-])OCCOCCOCCOCCOCCOCCOCCOCCOCCOCCOCCOCCOCCOCCOCCOCCOCCOCCOCCOCCOCCOCCOCCOCCOCCOCCOCCOCCOCCOCCOCCOCCOCCOCCOCCOCCOCCOCCOCCOCCOCCOCCOCCOCCOCCOCCOCCOCCOCCOCCOCCOCCOCCOCCOCCOCCOCCOCCOCCOCCOCCOCCOCCOCCOCCOCCOCCOCCOCCOCCOCCOCCOCCOCCOCCOCCOCCOCCOCCOCCOCCOCCOCCOCCOCCOCCOCCOCCOCCOCCO)C(O)C=CCCCCCCCCCCCC,58.0,8.0,,0.196,,,80.1,8.0,,,,,wt/wt,10.0,ionizable_lipid:mRNA,synthesis_method: Microfluidic; device_used: microfluidic-based system; total_flow_rate_ml_min: 12; flow_rate_ratio: 1:3 (organic:aqueous); aqueous_phase_composition: 10 mM citrate; organic_phase_composition: ethanol; mixing_time_sec: ; temperature_condition: ; post_processing: dialyzed against PBS using 3500 MWCO dialysis cassettes overnight; sterilization: ; storage_buffer: PBS,"animal_model: LSL-tdTomato mice; administration_route: intravenous; dose: 0.5 mg/kg mRNA; gene_expression_result: reduced tdTomato expression in all liver cells due to reduced ApoE adsorption; biodistribution_result: liver, reduced overall uptake",,,,10.1126/sciadv.abf4398,Engineered ionizable lipid nanoparticles for targeted delivery of RNA therapeutics into different types of cells in the liver,"['M. Kim', 'M. Jeong', 'S. Hur', 'Y. Cho', 'J. Park', 'H. Jung', 'Y. Seo', 'H. A. Woo', 'K. T. Nam', 'K. Lee', 'H. Lee']",Science Advances,2021.0,246C10,DOPE,cholesterol,C16-PEG2000 ceramide
57,246C10,DOPE,cholesterol,C16-Ceramide-PEG2000,26.5:3.0:50.5:20,mRNA,"firefly_luciferase, cre_recombinase",CCCCCCCCCCC(CN(CCCN1CCN(CC1)CCCN(CC(CCCCCCCCCC)O)CC(CCCCCCCCCC)O)CC(CCCCCCCCCC)O)O,CCCCCCCC/C=C\CCCCCCCC(=O)OC[C@H](COP(=O)(O)OCCN)OC(=O)CCCCCCC/C=C\CCCCCCCC,C[C@H](CCCC(C)C)[C@H]1CC[C@@H]2[C@@]1(CC[C@H]3[C@H]2CC=C4[C@@]3(CC[C@@H](C4)O)C)C,CCCCCCCCCCCCCCCC(=O)NC(COP(=O)([O-])OCCOCCOCCOCCOCCOCCOCCOCCOCCOCCOCCOCCOCCOCCOCCOCCOCCOCCOCCOCCOCCOCCOCCOCCOCCOCCOCCOCCOCCOCCOCCOCCOCCOCCOCCOCCOCCOCCOCCOCCOCCOCCOCCOCCOCCOCCOCCOCCOCCOCCOCCOCCOCCOCCOCCOCCOCCOCCOCCOCCOCCOCCOCCOCCOCCOCCOCCOCCOCCOCCOCCOCCOCCOCCOCCOCCOCCOCCOCCOCCOCCOCCOCCOCCOCCOCCOCCOCCOCCOCCO)C(O)C=CCCCCCCCCCCCC,101.0,11.0,,0.188,,,,,,,,,wt/wt,10.0,ionizable_lipid:mRNA,synthesis_method: Microfluidic; device_used: microfluidic-based system; total_flow_rate_ml_min: 12; flow_rate_ratio: 1:3 (organic:aqueous); aqueous_phase_composition: 10 mM citrate; organic_phase_composition: ethanol; mixing_time_sec: ; temperature_condition: ; post_processing: dialyzed against PBS using 3500 MWCO dialysis cassettes overnight; sterilization: ; storage_buffer: PBS,"cell_line: HepG2; animal_model: C57BL/6 mice, LSL-tdTomato mice; administration_route: intravenous; dose: 0.1 mg/kg mRNA (mFLuc), 0.5 mg/kg mRNA (mCre); gene_expression_result: selective targeting to LSECs (70% tdTomato+), reduced hepatocyte targeting (15% tdTomato+); biodistribution_result: liver-specific, selective for LSECs via mannose receptor (CD206)",70.0,percent,0.5,10.1126/sciadv.abf4398,Engineered ionizable lipid nanoparticles for targeted delivery of RNA therapeutics into different types of cells in the liver,"['M. Kim', 'M. Jeong', 'S. Hur', 'Y. Cho', 'J. Park', 'H. Jung', 'Y. Seo', 'H. A. Woo', 'K. T. Nam', 'K. Lee', 'H. Lee']",Science Advances,2021.0,246C10,DOPE,cholesterol,C16-PEG2000 ceramide + mannose-PEG lipid
58,246C10,DOPE,cholesterol,C16-Ceramide-PEG2000,26.5:3.0:50.5:20,mRNA,firefly_luciferase,CCCCCCCCCCC(CN(CCCN1CCN(CC1)CCCN(CC(CCCCCCCCCC)O)CC(CCCCCCCCCC)O)CC(CCCCCCCCCC)O)O,CCCCCCCC/C=C\CCCCCCCC(=O)OC[C@H](COP(=O)(O)OCCN)OC(=O)CCCCCCC/C=C\CCCCCCCC,C[C@H](CCCC(C)C)[C@H]1CC[C@@H]2[C@@]1(CC[C@H]3[C@H]2CC=C4[C@@]3(CC[C@@H](C4)O)C)C,CCCCCCCCCCCCCCCC(=O)NC(COP(=O)([O-])OCCOCCOCCOCCOCCOCCOCCOCCOCCOCCOCCOCCOCCOCCOCCOCCOCCOCCOCCOCCOCCOCCOCCOCCOCCOCCOCCOCCOCCOCCOCCOCCOCCOCCOCCOCCOCCOCCOCCOCCOCCOCCOCCOCCOCCOCCOCCOCCOCCOCCOCCOCCOCCOCCOCCOCCOCCOCCOCCOCCOCCOCCOCCOCCOCCOCCOCCOCCOCCOCCOCCOCCOCCOCCOCCOCCOCCOCCOCCOCCOCCOCCOCCOCCOCCOCCOCCOCCOCCOCCO)C(O)C=CCCCCCCCCCCCC,103.0,14.0,,0.063,,,,,,,,,wt/wt,10.0,ionizable_lipid:mRNA,synthesis_method: Microfluidic; device_used: microfluidic-based system; total_flow_rate_ml_min: 12; flow_rate_ratio: 1:3 (organic:aqueous); aqueous_phase_composition: 10 mM citrate; organic_phase_composition: ethanol; mixing_time_sec: ; temperature_condition: ; post_processing: dialyzed against PBS using 3500 MWCO dialysis cassettes overnight; sterilization: ; storage_buffer: PBS,"cell_line: HepG2; animal_model: C57BL/6 mice; administration_route: intravenous; dose: 0.1 mg/kg mRNA; gene_expression_result: control group - no selective targeting; biodistribution_result: liver, similar to PEG-only LNPs",,,,10.1126/sciadv.abf4398,Engineered ionizable lipid nanoparticles for targeted delivery of RNA therapeutics into different types of cells in the liver,"['M. Kim', 'M. Jeong', 'S. Hur', 'Y. Cho', 'J. Park', 'H. Jung', 'Y. Seo', 'H. A. Woo', 'K. T. Nam', 'K. Lee', 'H. Lee']",Science Advances,2021.0,246C10,DOPE,cholesterol,C16-PEG2000 ceramide + galactose-PEG lipid
63,DLin-MC3-DMA,DSPC,cholesterol,PEG-lipid,50:10:38.5:1.5,mRNA,"firefly_luciferase, influenza_antigen",CCCCC/C=C\C/C=C\CCCCCCCCC(OC(=O)CCCN(C)C)CCCCCCCC/C=C\C/C=C\CCCCC,CCCCCCCCCCCCCCCCCC(=O)OC[C@H](COP(=O)([O-])OCC[N+](C)(C)C)OC(=O)CCCCCCCCCCCCCCCCC,C[C@H](CCCC(C)C)[C@H]1CC[C@@H]2[C@@]1(CC[C@H]3[C@H]2CC=C4[C@@]3(CC[C@@H](C4)O)C)C,CCCCCCCCCCCCCCCCOC(=O)CCOCCOCCOCCOCCOCCOCCOCCOCCOCCOCCOCCOCCOCCOCCOCCOCCOCCOCCOCCOCCOCCOCCOCCOCCOCCOCCOCCOCCOCCOCCOCCOCCOCCOCCOCCOCCOCCOCCOCCOCCOCCOCCOCCOCCOCCOCCOCCOCCOCCOCCOCCOCCOCCOCCOCCOCCOCCOCCOCCOCCOCCOCCOCCOCCOCCOCCOCCOCCOCCOCCOCCOCCOCCOCCOCCOCCOCCOCCOCCOCCOCCOCCOCCOCCOCCOCCOCCOCCOCCO,96.0,,range,,,,84.5,,range,,,,N:P,5.67,,"synthesis_method: Microfluidic; device_used: Precision Nanosystems microfluidic mixer; total_flow_rate_ml_min: ; flow_rate_ratio: 3:1 (aqueous:ethanol); aqueous_phase_composition: 50 mM sodium citrate (pH 4.0) or 25 mM sodium acetate (pH 5.0); organic_phase_composition: ethanol; mixing_time_sec: ; temperature_condition: ; post_processing: dialyzed against PBS (pH 7.2) or 20 mM Tris (pH 7.4) with 8% sucrose for at least 18 h, concentrated using Amicon ultra-centrifugal filters; sterilization: 0.22-¥ìm filter; storage_buffer: PBS at 4¡ÆC or 20 mM Tris-8% sucrose at -20¡ÆC","animal_model: BALB/c mice, CD-1 mice, cynomolgus monkeys, Sprague-Dawley rats; administration_route: IM; dose: 0.001 mg/kg; gene_expression_result: robust titers and protein expression; biodistribution_result: detectable in liver and spleen 24 h post-IM injection; toxicity_profile: mild to moderate local and systemic adverse events; cytokine_response: elevated IL-6 levels",,,,https://doi.org/10.1016/j.omtn.2019.01.013,Optimization of Lipid Nanoparticles for Intramuscular Administration of mRNA Vaccines,"['Kimberly J. Hassett', 'Kerry E. Benenato', 'Eric Jacquinet', 'Aisha Lee', 'Angela Woods', 'Olga Yuzhakov', 'Sunny Himansu', 'Jessica Deterling', 'Benjamin M. Geilich', 'Tatiana Ketova', 'Cosmin Mihai', 'Andy Lynn', 'Iain McFadyen', 'Melissa J. Moore', 'Joseph J. Senn', 'Matthew G. Stanton', 'Orn Almarsson', 'Giuseppe Ciaramella', 'Luis A. Brito']",Molecular Therapy: Nucleic Acids,2019.0,MC3,DSPC,cholesterol,PEG lipid
64,DOTAP,DSPC,cholesterol,PEG-lipid,50:10:38.5:1.5,mRNA,"firefly_luciferase, influenza_antigen",CCCCCCCC/C=C\CCCCCCCC(=O)OCC(C[N+](C)(C)C)OC(=O)CCCCCCC/C=C\CCCCCCCC,CCCCCCCCCCCCCCCCCC(=O)OC[C@H](COP(=O)([O-])OCC[N+](C)(C)C)OC(=O)CCCCCCCCCCCCCCCCC,C[C@H](CCCC(C)C)[C@H]1CC[C@@H]2[C@@]1(CC[C@H]3[C@H]2CC=C4[C@@]3(CC[C@@H](C4)O)C)C,CCCCCCCCCCCCCCCCOC(=O)CCOCCOCCOCCOCCOCCOCCOCCOCCOCCOCCOCCOCCOCCOCCOCCOCCOCCOCCOCCOCCOCCOCCOCCOCCOCCOCCOCCOCCOCCOCCOCCOCCOCCOCCOCCOCCOCCOCCOCCOCCOCCOCCOCCOCCOCCOCCOCCOCCOCCOCCOCCOCCOCCOCCOCCOCCOCCOCCOCCOCCOCCOCCOCCOCCOCCOCCOCCOCCOCCOCCOCCOCCOCCOCCOCCOCCOCCOCCOCCOCCOCCOCCOCCOCCOCCOCCOCCOCCOCCO,96.0,,range,,,,84.5,,range,,,,N:P,5.67,,"synthesis_method: Microfluidic; device_used: Precision Nanosystems microfluidic mixer; total_flow_rate_ml_min: ; flow_rate_ratio: 3:1 (aqueous:ethanol); aqueous_phase_composition: 50 mM sodium citrate (pH 4.0) or 25 mM sodium acetate (pH 5.0); organic_phase_composition: ethanol; mixing_time_sec: ; temperature_condition: ; post_processing: dialyzed against PBS (pH 7.2) or 20 mM Tris (pH 7.4) with 8% sucrose for at least 18 h, concentrated using Amicon ultra-centrifugal filters; sterilization: 0.22-¥ìm filter; storage_buffer: PBS at 4¡ÆC or 20 mM Tris-8% sucrose at -20¡ÆC",animal_model: BALB/c mice; administration_route: IM; dose: 0.001 mg/kg; gene_expression_result: no detectable protein expression,,,,https://doi.org/10.1016/j.omtn.2019.01.013,Optimization of Lipid Nanoparticles for Intramuscular Administration of mRNA Vaccines,"['Kimberly J. Hassett', 'Kerry E. Benenato', 'Eric Jacquinet', 'Aisha Lee', 'Angela Woods', 'Olga Yuzhakov', 'Sunny Himansu', 'Jessica Deterling', 'Benjamin M. Geilich', 'Tatiana Ketova', 'Cosmin Mihai', 'Andy Lynn', 'Iain McFadyen', 'Melissa J. Moore', 'Joseph J. Senn', 'Matthew G. Stanton', 'Orn Almarsson', 'Giuseppe Ciaramella', 'Luis A. Brito']",Molecular Therapy: Nucleic Acids,2019.0,"DOTAP (N-[1-(2,3-Dioleoyloxy)propyl]-N,N,N-trimethylammonium)",DSPC,cholesterol,PEG lipid
65,Custom lipid,DSPC,cholesterol,PEG-lipid,50:10:38.5:1.5,mRNA,"firefly_luciferase, influenza_antigen, viral_antigen",,CCCCCCCCCCCCCCCCCC(=O)OC[C@H](COP(=O)([O-])OCC[N+](C)(C)C)OC(=O)CCCCCCCCCCCCCCCCC,C[C@H](CCCC(C)C)[C@H]1CC[C@@H]2[C@@]1(CC[C@H]3[C@H]2CC=C4[C@@]3(CC[C@@H](C4)O)C)C,CCCCCCCCCCCCCCCCOC(=O)CCOCCOCCOCCOCCOCCOCCOCCOCCOCCOCCOCCOCCOCCOCCOCCOCCOCCOCCOCCOCCOCCOCCOCCOCCOCCOCCOCCOCCOCCOCCOCCOCCOCCOCCOCCOCCOCCOCCOCCOCCOCCOCCOCCOCCOCCOCCOCCOCCOCCOCCOCCOCCOCCOCCOCCOCCOCCOCCOCCOCCOCCOCCOCCOCCOCCOCCOCCOCCOCCOCCOCCOCCOCCOCCOCCOCCOCCOCCOCCOCCOCCOCCOCCOCCOCCOCCOCCOCCOCCO,86.5,,range,,,,72.0,,,,,,N:P,5.67,,"synthesis_method: Microfluidic; device_used: Precision Nanosystems microfluidic mixer; total_flow_rate_ml_min: ; flow_rate_ratio: 3:1 (aqueous:ethanol); aqueous_phase_composition: 50 mM sodium citrate (pH 4.0) or 25 mM sodium acetate (pH 5.0); organic_phase_composition: ethanol; mixing_time_sec: ; temperature_condition: ; post_processing: dialyzed against PBS (pH 7.2) or 20 mM Tris (pH 7.4) with 8% sucrose for at least 18 h, concentrated using Amicon ultra-centrifugal filters; sterilization: 0.22-¥ìm filter; storage_buffer: PBS at 4¡ÆC or 20 mM Tris-8% sucrose at -20¡ÆC","cell_line: HeLa cells; animal_model: BALB/c mice, CD-1 mice, cynomolgus monkeys, Sprague-Dawley rats; administration_route: IM; dose: 0.001 mg/kg to 500 ¥ìg; gene_expression_result: significantly higher expression than MC3 (p < 0.001); biodistribution_result: rapid clearance from muscle, spleen, and liver; toxicity_profile: best tolerated lipid with no signs of swelling or redness in NHPs, reduced inflammation compared to MC3; cytokine_response: lowest systemic cytokine production (eotaxin, GRO-alpha, IP-10, RANTES, MCP-1)",3.0,numeric,0.6,https://doi.org/10.1016/j.omtn.2019.01.013,Optimization of Lipid Nanoparticles for Intramuscular Administration of mRNA Vaccines,"['Kimberly J. Hassett', 'Kerry E. Benenato', 'Eric Jacquinet', 'Aisha Lee', 'Angela Woods', 'Olga Yuzhakov', 'Sunny Himansu', 'Jessica Deterling', 'Benjamin M. Geilich', 'Tatiana Ketova', 'Cosmin Mihai', 'Andy Lynn', 'Iain McFadyen', 'Melissa J. Moore', 'Joseph J. Senn', 'Matthew G. Stanton', 'Orn Almarsson', 'Giuseppe Ciaramella', 'Luis A. Brito']",Molecular Therapy: Nucleic Acids,2019.0,Lipid H (proprietary biodegradable ionizable lipid),DSPC,cholesterol,PEG lipid
66,Custom lipid,DSPC,cholesterol,PEG-lipid,50:10:38.5:1.5,mRNA,"firefly_luciferase, influenza_antigen, viral_antigen",,CCCCCCCCCCCCCCCCCC(=O)OC[C@H](COP(=O)([O-])OCC[N+](C)(C)C)OC(=O)CCCCCCCCCCCCCCCCC,C[C@H](CCCC(C)C)[C@H]1CC[C@@H]2[C@@]1(CC[C@H]3[C@H]2CC=C4[C@@]3(CC[C@@H](C4)O)C)C,CCCCCCCCCCCCCCCCOC(=O)CCOCCOCCOCCOCCOCCOCCOCCOCCOCCOCCOCCOCCOCCOCCOCCOCCOCCOCCOCCOCCOCCOCCOCCOCCOCCOCCOCCOCCOCCOCCOCCOCCOCCOCCOCCOCCOCCOCCOCCOCCOCCOCCOCCOCCOCCOCCOCCOCCOCCOCCOCCOCCOCCOCCOCCOCCOCCOCCOCCOCCOCCOCCOCCOCCOCCOCCOCCOCCOCCOCCOCCOCCOCCOCCOCCOCCOCCOCCOCCOCCOCCOCCOCCOCCOCCOCCOCCOCCOCCO,86.5,,range,,,,72.0,,,,,,N:P,5.67,,"synthesis_method: Microfluidic; device_used: Precision Nanosystems microfluidic mixer; total_flow_rate_ml_min: ; flow_rate_ratio: 3:1 (aqueous:ethanol); aqueous_phase_composition: 50 mM sodium citrate (pH 4.0) or 25 mM sodium acetate (pH 5.0); organic_phase_composition: ethanol; mixing_time_sec: ; temperature_condition: ; post_processing: dialyzed against PBS (pH 7.2) or 20 mM Tris (pH 7.4) with 8% sucrose for at least 18 h, concentrated using Amicon ultra-centrifugal filters; sterilization: 0.22-¥ìm filter; storage_buffer: PBS at 4¡ÆC or 20 mM Tris-8% sucrose at -20¡ÆC","animal_model: BALB/c mice, CD-1 mice, cynomolgus monkeys, Sprague-Dawley rats; administration_route: IM; dose: 0.001 mg/kg to 500 ¥ìg; gene_expression_result: significantly higher expression than MC3 (p = 0.05); biodistribution_result: rapid clearance from muscle, spleen, and liver; toxicity_profile: improved tolerability compared to MC3; cytokine_response: reduced cytokine production compared to MC3",3.0,numeric,0.6,https://doi.org/10.1016/j.omtn.2019.01.013,Optimization of Lipid Nanoparticles for Intramuscular Administration of mRNA Vaccines,"['Kimberly J. Hassett', 'Kerry E. Benenato', 'Eric Jacquinet', 'Aisha Lee', 'Angela Woods', 'Olga Yuzhakov', 'Sunny Himansu', 'Jessica Deterling', 'Benjamin M. Geilich', 'Tatiana Ketova', 'Cosmin Mihai', 'Andy Lynn', 'Iain McFadyen', 'Melissa J. Moore', 'Joseph J. Senn', 'Matthew G. Stanton', 'Orn Almarsson', 'Giuseppe Ciaramella', 'Luis A. Brito']",Molecular Therapy: Nucleic Acids,2019.0,Lipid M (proprietary biodegradable ionizable lipid),DSPC,cholesterol,PEG lipid
67,Custom lipid,DSPC,cholesterol,PEG-lipid,50:10:38.5:1.5,mRNA,"firefly_luciferase, influenza_antigen, viral_antigen",,CCCCCCCCCCCCCCCCCC(=O)OC[C@H](COP(=O)([O-])OCC[N+](C)(C)C)OC(=O)CCCCCCCCCCCCCCCCC,C[C@H](CCCC(C)C)[C@H]1CC[C@@H]2[C@@]1(CC[C@H]3[C@H]2CC=C4[C@@]3(CC[C@@H](C4)O)C)C,CCCCCCCCCCCCCCCCOC(=O)CCOCCOCCOCCOCCOCCOCCOCCOCCOCCOCCOCCOCCOCCOCCOCCOCCOCCOCCOCCOCCOCCOCCOCCOCCOCCOCCOCCOCCOCCOCCOCCOCCOCCOCCOCCOCCOCCOCCOCCOCCOCCOCCOCCOCCOCCOCCOCCOCCOCCOCCOCCOCCOCCOCCOCCOCCOCCOCCOCCOCCOCCOCCOCCOCCOCCOCCOCCOCCOCCOCCOCCOCCOCCOCCOCCOCCOCCOCCOCCOCCOCCOCCOCCOCCOCCOCCOCCOCCOCCO,86.5,,range,,,,72.0,,,,,,N:P,5.67,,"synthesis_method: Microfluidic; device_used: Precision Nanosystems microfluidic mixer; total_flow_rate_ml_min: ; flow_rate_ratio: 3:1 (aqueous:ethanol); aqueous_phase_composition: 50 mM sodium citrate (pH 4.0) or 25 mM sodium acetate (pH 5.0); organic_phase_composition: ethanol; mixing_time_sec: ; temperature_condition: ; post_processing: dialyzed against PBS (pH 7.2) or 20 mM Tris (pH 7.4) with 8% sucrose for at least 18 h, concentrated using Amicon ultra-centrifugal filters; sterilization: 0.22-¥ìm filter; storage_buffer: PBS at 4¡ÆC or 20 mM Tris-8% sucrose at -20¡ÆC","animal_model: BALB/c mice, CD-1 mice, cynomolgus monkeys, Sprague-Dawley rats; administration_route: IM; dose: 0.001 mg/kg to 500 ¥ìg; gene_expression_result: comparable to MC3; biodistribution_result: rapid clearance from muscle, spleen, and liver; toxicity_profile: significantly lower than MC3 after first dose (p < 0.01) and second dose (p < 0.001) by HAI titer; cytokine_response: reduced cytokine production compared to MC3",3.0,numeric,0.6,https://doi.org/10.1016/j.omtn.2019.01.013,Optimization of Lipid Nanoparticles for Intramuscular Administration of mRNA Vaccines,"['Kimberly J. Hassett', 'Kerry E. Benenato', 'Eric Jacquinet', 'Aisha Lee', 'Angela Woods', 'Olga Yuzhakov', 'Sunny Himansu', 'Jessica Deterling', 'Benjamin M. Geilich', 'Tatiana Ketova', 'Cosmin Mihai', 'Andy Lynn', 'Iain McFadyen', 'Melissa J. Moore', 'Joseph J. Senn', 'Matthew G. Stanton', 'Orn Almarsson', 'Giuseppe Ciaramella', 'Luis A. Brito']",Molecular Therapy: Nucleic Acids,2019.0,Lipid P (proprietary biodegradable ionizable lipid),DSPC,cholesterol,PEG lipid
68,Custom lipid,DSPC,cholesterol,PEG-lipid,50:10:38.5:1.5,mRNA,"firefly_luciferase, influenza_antigen, viral_antigen",,CCCCCCCCCCCCCCCCCC(=O)OC[C@H](COP(=O)([O-])OCC[N+](C)(C)C)OC(=O)CCCCCCCCCCCCCCCCC,C[C@H](CCCC(C)C)[C@H]1CC[C@@H]2[C@@]1(CC[C@H]3[C@H]2CC=C4[C@@]3(CC[C@@H](C4)O)C)C,CCCCCCCCCCCCCCCCOC(=O)CCOCCOCCOCCOCCOCCOCCOCCOCCOCCOCCOCCOCCOCCOCCOCCOCCOCCOCCOCCOCCOCCOCCOCCOCCOCCOCCOCCOCCOCCOCCOCCOCCOCCOCCOCCOCCOCCOCCOCCOCCOCCOCCOCCOCCOCCOCCOCCOCCOCCOCCOCCOCCOCCOCCOCCOCCOCCOCCOCCOCCOCCOCCOCCOCCOCCOCCOCCOCCOCCOCCOCCOCCOCCOCCOCCOCCOCCOCCOCCOCCOCCOCCOCCOCCOCCOCCOCCOCCOCCO,86.5,,range,,,,72.0,,,,,,N:P,5.67,,"synthesis_method: Microfluidic; device_used: Precision Nanosystems microfluidic mixer; total_flow_rate_ml_min: ; flow_rate_ratio: 3:1 (aqueous:ethanol); aqueous_phase_composition: 50 mM sodium citrate (pH 4.0) or 25 mM sodium acetate (pH 5.0); organic_phase_composition: ethanol; mixing_time_sec: ; temperature_condition: ; post_processing: dialyzed against PBS (pH 7.2) or 20 mM Tris (pH 7.4) with 8% sucrose for at least 18 h, concentrated using Amicon ultra-centrifugal filters; sterilization: 0.22-¥ìm filter; storage_buffer: PBS at 4¡ÆC or 20 mM Tris-8% sucrose at -20¡ÆC","animal_model: BALB/c mice, CD-1 mice, cynomolgus monkeys, Sprague-Dawley rats; administration_route: IM; dose: 0.001 mg/kg to 500 ¥ìg; gene_expression_result: lower IgG serum concentrations than MC3; biodistribution_result: rapid clearance from muscle, spleen, and liver but did not return to baseline levels by 48 h; toxicity_profile: improved tolerability compared to MC3; cytokine_response: reduced cytokine production compared to MC3",3.0,numeric,0.6,https://doi.org/10.1016/j.omtn.2019.01.013,Optimization of Lipid Nanoparticles for Intramuscular Administration of mRNA Vaccines,"['Kimberly J. Hassett', 'Kerry E. Benenato', 'Eric Jacquinet', 'Aisha Lee', 'Angela Woods', 'Olga Yuzhakov', 'Sunny Himansu', 'Jessica Deterling', 'Benjamin M. Geilich', 'Tatiana Ketova', 'Cosmin Mihai', 'Andy Lynn', 'Iain McFadyen', 'Melissa J. Moore', 'Joseph J. Senn', 'Matthew G. Stanton', 'Orn Almarsson', 'Giuseppe Ciaramella', 'Luis A. Brito']",Molecular Therapy: Nucleic Acids,2019.0,Lipid Q (proprietary biodegradable ionizable lipid),DSPC,cholesterol,PEG lipid
69,Custom lipid,DSPC,cholesterol,PEG-lipid,50:10:38.5:1.5,mRNA,"firefly_luciferase, influenza_antigen, viral_antigen",,CCCCCCCCCCCCCCCCCC(=O)OC[C@H](COP(=O)([O-])OCC[N+](C)(C)C)OC(=O)CCCCCCCCCCCCCCCCC,C[C@H](CCCC(C)C)[C@H]1CC[C@@H]2[C@@]1(CC[C@H]3[C@H]2CC=C4[C@@]3(CC[C@@H](C4)O)C)C,CCCCCCCCCCCCCCCCOC(=O)CCOCCOCCOCCOCCOCCOCCOCCOCCOCCOCCOCCOCCOCCOCCOCCOCCOCCOCCOCCOCCOCCOCCOCCOCCOCCOCCOCCOCCOCCOCCOCCOCCOCCOCCOCCOCCOCCOCCOCCOCCOCCOCCOCCOCCOCCOCCOCCOCCOCCOCCOCCOCCOCCOCCOCCOCCOCCOCCOCCOCCOCCOCCOCCOCCOCCOCCOCCOCCOCCOCCOCCOCCOCCOCCOCCOCCOCCOCCOCCOCCOCCOCCOCCOCCOCCOCCOCCOCCOCCO,86.5,,range,,,,72.0,,,,,,N:P,5.67,,"synthesis_method: Microfluidic; device_used: Precision Nanosystems microfluidic mixer; total_flow_rate_ml_min: ; flow_rate_ratio: 3:1 (aqueous:ethanol); aqueous_phase_composition: 50 mM sodium citrate (pH 4.0) or 25 mM sodium acetate (pH 5.0); organic_phase_composition: ethanol; mixing_time_sec: ; temperature_condition: ; post_processing: dialyzed against PBS (pH 7.2) or 20 mM Tris (pH 7.4) with 8% sucrose for at least 18 h, concentrated using Amicon ultra-centrifugal filters; sterilization: 0.22-¥ìm filter; storage_buffer: PBS at 4¡ÆC or 20 mM Tris-8% sucrose at -20¡ÆC","animal_model: BALB/c mice, CD-1 mice, cynomolgus monkeys, Sprague-Dawley rats; administration_route: IM; dose: 0.001 mg/kg to 500 ¥ìg; gene_expression_result: higher IgG serum concentrations than MC3 (p < 0.05); biodistribution_result: rapid clearance from muscle, spleen, and liver; toxicity_profile: improved tolerability compared to MC3, lowest muscle fiber necrosis scores; cytokine_response: reduced cytokine production compared to MC3",3.0,numeric,0.6,https://doi.org/10.1016/j.omtn.2019.01.013,Optimization of Lipid Nanoparticles for Intramuscular Administration of mRNA Vaccines,"['Kimberly J. Hassett', 'Kerry E. Benenato', 'Eric Jacquinet', 'Aisha Lee', 'Angela Woods', 'Olga Yuzhakov', 'Sunny Himansu', 'Jessica Deterling', 'Benjamin M. Geilich', 'Tatiana Ketova', 'Cosmin Mihai', 'Andy Lynn', 'Iain McFadyen', 'Melissa J. Moore', 'Joseph J. Senn', 'Matthew G. Stanton', 'Orn Almarsson', 'Giuseppe Ciaramella', 'Luis A. Brito']",Molecular Therapy: Nucleic Acids,2019.0,Lipid N (proprietary biodegradable ionizable lipid),DSPC,cholesterol,PEG lipid
109,C12-200,DSPC,cholesterol,C14-PEG2000,50:1.5:38.5:10,mRNA,luciferase,NCCN1CCN(CCN(CC(O)CCCCCCCCCCCC)CC(O)CCCCCCCCCCCC)CC1CN(CC(O)CCCCCCCCCCCC)CN(CC(O)CCCCCCCCCCCC)CC(O)CCCCCCCCCCCC,CCCCCCCCCCCCCCCCCC(=O)OC[C@H](COP(=O)([O-])OCC[N+](C)(C)C)OC(=O)CCCCCCCCCCCCCCCCC,C[C@H](CCCC(C)C)[C@H]1CC[C@@H]2[C@@]1(CC[C@H]3[C@H]2CC=C4[C@@]3(CC[C@@H](C4)O)C)C,CCCCCCCCCCCCCCOC(=O)CCOCCOCCOCCOCCOCCOCCOCCOCCOCCOCCOCCOCCOCCOCCOCCOCCOCCOCCOCCOCCOCCOCCOCCOCCOCCOCCOCCOCCOCCOCCOCCOCCOCCOCCOCCOCCOCCOCCOCCOCCOCCOCCOCCOCCOCCOCCOCCOCCOCCOCCOCCOCCOCCOCCOCCOCCOCCOCCOCCOCCOCCOCCOCCOCCOCCOCCOCCOCCOCCOCCOCCOCCOCCOCCOCCOCCOCCOCCOCCOCCOCCOCCOCCOCCOCCOCCOCCOCCOCCO,113.0,,,0.147,,,27.0,,,,,,wt/wt,5.0,C12-200:mRNA,"synthesis_method: Microfluidic; device_used: microfluidic chip device; total_flow_rate_ml_min: ; flow_rate_ratio: 3:1 (ethanol:aqueous); aqueous_phase_composition: 10 mM citrate buffer, pH 3; organic_phase_composition: ethanol phase containing lipid mixture; mixing_time_sec: ; temperature_condition: ; post_processing: dialyzed against PBS in 20,000 MWCO cassette at 4¡ÆC for 2 hours; sterilization: ; storage_buffer: PBS",animal_model: C57BL/6 mice; administration_route: intravenous; dose: 15 ¥ìg total mRNA per mouse; gene_expression_result: 0.99 ¡¾ 0.44 ¡¿ 10^9 p/s total flux; biodistribution_result: predominantly liver expression,0.99,numeric,0.5,10.1021/acs.nanolett.5b02497,Optimization of Lipid Nanoparticle Formulations for mRNA Delivery in vivo with Fractional Factorial and Definitive Screening Designs,"['Kevin J. Kauffman', 'J. Robert Dorkin', 'Jung H. Yang', 'Michael W. Heartlein', 'Frank DeRosa', 'Faryal F. Mir', 'Owen S. Fenton', 'Daniel G. Anderson']",Nano Letters,2015.0,C12-200,DSPC,cholesterol,C14-PEG2000
110,C12-200,DOPE,cholesterol,C14-PEG2000,35:2.5:46.5:16,mRNA,luciferase,NCCN1CCN(CCN(CC(O)CCCCCCCCCCCC)CC(O)CCCCCCCCCCCC)CC1CN(CC(O)CCCCCCCCCCCC)CN(CC(O)CCCCCCCCCCCC)CC(O)CCCCCCCCCCCC,CCCCCCCC/C=C\CCCCCCCC(=O)OC[C@H](COP(=O)(O)OCCN)OC(=O)CCCCCCC/C=C\CCCCCCCC,C[C@H](CCCC(C)C)[C@H]1CC[C@@H]2[C@@]1(CC[C@H]3[C@H]2CC=C4[C@@]3(CC[C@@H](C4)O)C)C,CCCCCCCCCCCCCCOC(=O)CCOCCOCCOCCOCCOCCOCCOCCOCCOCCOCCOCCOCCOCCOCCOCCOCCOCCOCCOCCOCCOCCOCCOCCOCCOCCOCCOCCOCCOCCOCCOCCOCCOCCOCCOCCOCCOCCOCCOCCOCCOCCOCCOCCOCCOCCOCCOCCOCCOCCOCCOCCOCCOCCOCCOCCOCCOCCOCCOCCOCCOCCOCCOCCOCCOCCOCCOCCOCCOCCOCCOCCOCCOCCOCCOCCOCCOCCOCCOCCOCCOCCOCCOCCOCCOCCOCCOCCOCCOCCO,82.0,,,0.221,,,48.0,,,,,,wt/wt,10.0,C12-200:mRNA,"synthesis_method: Microfluidic; device_used: microfluidic chip device; total_flow_rate_ml_min: ; flow_rate_ratio: 3:1 (ethanol:aqueous); aqueous_phase_composition: 10 mM citrate buffer, pH 3; organic_phase_composition: ethanol phase containing lipid mixture; mixing_time_sec: ; temperature_condition: ; post_processing: dialyzed against PBS in 20,000 MWCO cassette at 4¡ÆC for 2 hours; sterilization: ; storage_buffer: PBS",animal_model: C57BL/6 mice; administration_route: intravenous; dose: 15 ¥ìg total mRNA per mouse; gene_expression_result: 3.21 ¡¾ 1.18 ¡¿ 10^9 p/s total flux; biodistribution_result: predominantly liver expression,3.21,numeric,1.0,10.1021/acs.nanolett.5b02497,Optimization of Lipid Nanoparticle Formulations for mRNA Delivery in vivo with Fractional Factorial and Definitive Screening Designs,"['Kevin J. Kauffman', 'J. Robert Dorkin', 'Jung H. Yang', 'Michael W. Heartlein', 'Frank DeRosa', 'Faryal F. Mir', 'Owen S. Fenton', 'Daniel G. Anderson']",Nano Letters,2015.0,C12-200,DOPE,cholesterol,C14-PEG2000
113,Custom lipid,DSPC,cholesterol,PEG-lipid,50:10:38.5:1.5,mRNA,firefly_luciferase,CCCCC/C=C\C/C=C\CCCCCCCCN(CCCCCCCC/C=C\C/C=C\CCCCC)CCO,CCCCCCCCCCCCCCCCCC(=O)OC[C@H](COP(=O)([O-])OCC[N+](C)(C)C)OC(=O)CCCCCCCCCCCCCCCCC,C[C@H](CCCC(C)C)[C@H]1CC[C@@H]2[C@@]1(CC[C@H]3[C@H]2CC=C4[C@@]3(CC[C@@H](C4)O)C)C,CCCCCCCCCCCCCCCCOC(=O)CCOCCOCCOCCOCCOCCOCCOCCOCCOCCOCCOCCOCCOCCOCCOCCOCCOCCOCCOCCOCCOCCOCCOCCOCCOCCOCCOCCOCCOCCOCCOCCOCCOCCOCCOCCOCCOCCOCCOCCOCCOCCOCCOCCOCCOCCOCCOCCOCCOCCOCCOCCOCCOCCOCCOCCOCCOCCOCCOCCOCCOCCOCCOCCOCCOCCOCCOCCOCCOCCOCCOCCOCCOCCOCCOCCOCCOCCOCCOCCOCCOCCOCCOCCOCCOCCOCCOCCOCCOCCO,93.8,,,0.14,,,96.9,,,,,,,,,"synthesis_method: Microfluidic; device_used: ; total_flow_rate_ml_min: ; flow_rate_ratio: 3:1 (aqueous:ethanol); aqueous_phase_composition: 6.25 mM sodium acetate buffer (pH 5); organic_phase_composition: ethanol; mixing_time_sec: ; temperature_condition: ; post_processing: dialyzed against PBS (pH 7.4) for at least 18 hr, concentrated using Amicon ultra centrifugal filters; sterilization: 0.22-¥ìm filter; storage_buffer: stored at 4¡ÆC",animal_model: CD-1 mice; administration_route: i.v.; dose: 0.5 mg/kg mRNA; gene_expression_result: 2-fold lower than MC3 LNP control; biodistribution_result: majority of protein expression localized in liver,2.0,numeric,0.2,https://doi.org/10.1016/j.ymthe.2018.03.010,A Novel Amino Lipid Series for mRNA Delivery: Improved Endosomal Escape and Sustained Pharmacology and Safety in Non-human Primates,"['Staci Sabnis', 'E. Sathyajith Kumarasinghe', 'Timothy Salerno', 'Cosmin Mihai', 'Tatiana Ketova', 'Joseph J. Senn', 'Andy Lynn', 'Alex Bulychev', 'Iain McFadyen', 'Joyce Chan', 'Orn Almarsson', 'Matthew G. Stanton', 'Kerry E. Benenato']",Molecular Therapy,2018.0,"2-(Di((9Z,12Z)-octadeca-9,12-dien-1-yl)amino)ethan-1-ol",DSPC,cholesterol,PEG-lipid
114,Custom lipid,DSPC,cholesterol,PEG-lipid,50:10:38.5:1.5,mRNA,firefly_luciferase,CCCCCCCCCOC(=O)CCCCCCCN(CCCCCCCC(=O)OCCCCCCCCC)CCO,CCCCCCCCCCCCCCCCCC(=O)OC[C@H](COP(=O)([O-])OCC[N+](C)(C)C)OC(=O)CCCCCCCCCCCCCCCCC,C[C@H](CCCC(C)C)[C@H]1CC[C@@H]2[C@@]1(CC[C@H]3[C@H]2CC=C4[C@@]3(CC[C@@H](C4)O)C)C,CCCCCCCCCCCCCCCCOC(=O)CCOCCOCCOCCOCCOCCOCCOCCOCCOCCOCCOCCOCCOCCOCCOCCOCCOCCOCCOCCOCCOCCOCCOCCOCCOCCOCCOCCOCCOCCOCCOCCOCCOCCOCCOCCOCCOCCOCCOCCOCCOCCOCCOCCOCCOCCOCCOCCOCCOCCOCCOCCOCCOCCOCCOCCOCCOCCOCCOCCOCCOCCOCCOCCOCCOCCOCCOCCOCCOCCOCCOCCOCCOCCOCCOCCOCCOCCOCCOCCOCCOCCOCCOCCOCCOCCOCCOCCOCCOCCO,179.4,,,0.14,,,91.8,,,,,,,,,"synthesis_method: Microfluidic; device_used: ; total_flow_rate_ml_min: ; flow_rate_ratio: 3:1 (aqueous:ethanol); aqueous_phase_composition: 6.25 mM sodium acetate buffer (pH 5); organic_phase_composition: ethanol; mixing_time_sec: ; temperature_condition: ; post_processing: dialyzed against PBS (pH 7.4) for at least 18 hr, concentrated using Amicon ultra centrifugal filters; sterilization: 0.22-¥ìm filter; storage_buffer: stored at 4¡ÆC",animal_model: CD-1 mice; administration_route: i.v.; dose: 0.5 mg/kg mRNA; gene_expression_result: not efficient mRNA delivery,,,,https://doi.org/10.1016/j.ymthe.2018.03.010,A Novel Amino Lipid Series for mRNA Delivery: Improved Endosomal Escape and Sustained Pharmacology and Safety in Non-human Primates,"['Staci Sabnis', 'E. Sathyajith Kumarasinghe', 'Timothy Salerno', 'Cosmin Mihai', 'Tatiana Ketova', 'Joseph J. Senn', 'Andy Lynn', 'Alex Bulychev', 'Iain McFadyen', 'Joyce Chan', 'Orn Almarsson', 'Matthew G. Stanton', 'Kerry E. Benenato']",Molecular Therapy,2018.0,"Dinonyl 8,8'-((2-hydroxyethyl)azanediyl)dioctanoate",DSPC,cholesterol,PEG-lipid
115,Custom lipid,DSPC,cholesterol,PEG-lipid,50:10:38.5:1.5,mRNA,firefly_luciferase,CCCCCCCCCOC(=O)CCCCCCCN(CCCCCCCC/C=C\C/C=C\CCCCC)CCO,CCCCCCCCCCCCCCCCCC(=O)OC[C@H](COP(=O)([O-])OCC[N+](C)(C)C)OC(=O)CCCCCCCCCCCCCCCCC,C[C@H](CCCC(C)C)[C@H]1CC[C@@H]2[C@@]1(CC[C@H]3[C@H]2CC=C4[C@@]3(CC[C@@H](C4)O)C)C,CCCCCCCCCCCCCCCCOC(=O)CCOCCOCCOCCOCCOCCOCCOCCOCCOCCOCCOCCOCCOCCOCCOCCOCCOCCOCCOCCOCCOCCOCCOCCOCCOCCOCCOCCOCCOCCOCCOCCOCCOCCOCCOCCOCCOCCOCCOCCOCCOCCOCCOCCOCCOCCOCCOCCOCCOCCOCCOCCOCCOCCOCCOCCOCCOCCOCCOCCOCCOCCOCCOCCOCCOCCOCCOCCOCCOCCOCCOCCOCCOCCOCCOCCOCCOCCOCCOCCOCCOCCOCCOCCOCCOCCOCCOCCOCCOCCO,140.4,,,0.11,,,90.9,,,,,,,,,"synthesis_method: Microfluidic; device_used: ; total_flow_rate_ml_min: ; flow_rate_ratio: 3:1 (aqueous:ethanol); aqueous_phase_composition: 6.25 mM sodium acetate buffer (pH 5); organic_phase_composition: ethanol; mixing_time_sec: ; temperature_condition: ; post_processing: dialyzed against PBS (pH 7.4) for at least 18 hr, concentrated using Amicon ultra centrifugal filters; sterilization: 0.22-¥ìm filter; storage_buffer: stored at 4¡ÆC",animal_model: CD-1 mice; administration_route: i.v.; dose: 0.5 mg/kg mRNA; gene_expression_result: not efficient mRNA delivery,,,,https://doi.org/10.1016/j.ymthe.2018.03.010,A Novel Amino Lipid Series for mRNA Delivery: Improved Endosomal Escape and Sustained Pharmacology and Safety in Non-human Primates,"['Staci Sabnis', 'E. Sathyajith Kumarasinghe', 'Timothy Salerno', 'Cosmin Mihai', 'Tatiana Ketova', 'Joseph J. Senn', 'Andy Lynn', 'Alex Bulychev', 'Iain McFadyen', 'Joyce Chan', 'Orn Almarsson', 'Matthew G. Stanton', 'Kerry E. Benenato']",Molecular Therapy,2018.0,"Nonyl 8-((2-hydroxyethyl)((9Z,12Z)-octadeca-9,12-dien-1-yl)amino)octanoate",DSPC,cholesterol,PEG-lipid
116,Custom lipid,DSPC,cholesterol,PEG-lipid,50:10:38.5:1.5,mRNA,firefly_luciferase,CCCCCCCCC(CCCCCCCC)OC(=O)CCCCCCCN(CCCCCCCC/C=C\C/C=C\CCCCC)CCO,CCCCCCCCCCCCCCCCCC(=O)OC[C@H](COP(=O)([O-])OCC[N+](C)(C)C)OC(=O)CCCCCCCCCCCCCCCCC,C[C@H](CCCC(C)C)[C@H]1CC[C@@H]2[C@@]1(CC[C@H]3[C@H]2CC=C4[C@@]3(CC[C@@H](C4)O)C)C,CCCCCCCCCCCCCCCCOC(=O)CCOCCOCCOCCOCCOCCOCCOCCOCCOCCOCCOCCOCCOCCOCCOCCOCCOCCOCCOCCOCCOCCOCCOCCOCCOCCOCCOCCOCCOCCOCCOCCOCCOCCOCCOCCOCCOCCOCCOCCOCCOCCOCCOCCOCCOCCOCCOCCOCCOCCOCCOCCOCCOCCOCCOCCOCCOCCOCCOCCOCCOCCOCCOCCOCCOCCOCCOCCOCCOCCOCCOCCOCCOCCOCCOCCOCCOCCOCCOCCOCCOCCOCCOCCOCCOCCOCCOCCOCCOCCO,73.1,,,0.07,,,97.6,,,,,,,,,"synthesis_method: Microfluidic; device_used: ; total_flow_rate_ml_min: ; flow_rate_ratio: 3:1 (aqueous:ethanol); aqueous_phase_composition: 6.25 mM sodium acetate buffer (pH 5); organic_phase_composition: ethanol; mixing_time_sec: ; temperature_condition: ; post_processing: dialyzed against PBS (pH 7.4) for at least 18 hr, concentrated using Amicon ultra centrifugal filters; sterilization: 0.22-¥ìm filter; storage_buffer: stored at 4¡ÆC",animal_model: CD-1 mice; administration_route: i.v.; dose: 0.5 mg/kg mRNA; gene_expression_result: equivalent expression to MC3 LNPs,3.0,numeric,0.6,https://doi.org/10.1016/j.ymthe.2018.03.010,A Novel Amino Lipid Series for mRNA Delivery: Improved Endosomal Escape and Sustained Pharmacology and Safety in Non-human Primates,"['Staci Sabnis', 'E. Sathyajith Kumarasinghe', 'Timothy Salerno', 'Cosmin Mihai', 'Tatiana Ketova', 'Joseph J. Senn', 'Andy Lynn', 'Alex Bulychev', 'Iain McFadyen', 'Joyce Chan', 'Orn Almarsson', 'Matthew G. Stanton', 'Kerry E. Benenato']",Molecular Therapy,2018.0,"Heptadecan-9-yl 8-((2-hydroxyethyl)((9Z,12Z)-octadeca-9,12-dien-1-yl)amino)octanoate",DSPC,cholesterol,PEG-lipid
117,Heptadecan-9-yl 8-((2-hydroxyethyl)(8-(nonyloxy)-8-oxooctyl)amino)octanoate,DSPC,cholesterol,PEG-lipid,50:10:38.5:1.5,mRNA,"firefly_luciferase, epo, antibody, influenza_antigen",CCCCCCCCCOC(=O)CCCCCCCN(CCCCCCCC(=O)OC(CCCCCCCC)CCCCCCCC)CCO,CCCCCCCCCCCCCCCCCC(=O)OC[C@H](COP(=O)([O-])OCC[N+](C)(C)C)OC(=O)CCCCCCCCCCCCCCCCC,C[C@H](CCCC(C)C)[C@H]1CC[C@@H]2[C@@]1(CC[C@H]3[C@H]2CC=C4[C@@]3(CC[C@@H](C4)O)C)C,CCCCCCCCCCCCCCCCOC(=O)CCOCCOCCOCCOCCOCCOCCOCCOCCOCCOCCOCCOCCOCCOCCOCCOCCOCCOCCOCCOCCOCCOCCOCCOCCOCCOCCOCCOCCOCCOCCOCCOCCOCCOCCOCCOCCOCCOCCOCCOCCOCCOCCOCCOCCOCCOCCOCCOCCOCCOCCOCCOCCOCCOCCOCCOCCOCCOCCOCCOCCOCCOCCOCCOCCOCCOCCOCCOCCOCCOCCOCCOCCOCCOCCOCCOCCOCCOCCOCCOCCOCCOCCOCCOCCOCCOCCOCCOCCOCCO,86.2,,,0.04,,,97.5,,,,,,concentration,5.0,molecules/particle,"synthesis_method: Microfluidic; device_used: ; total_flow_rate_ml_min: ; flow_rate_ratio: 3:1 (aqueous:ethanol); aqueous_phase_composition: 6.25 mM sodium acetate buffer (pH 5); organic_phase_composition: ethanol; mixing_time_sec: ; temperature_condition: ; post_processing: dialyzed against PBS (pH 7.4) for at least 18 hr, concentrated using Amicon ultra centrifugal filters; sterilization: 0.22-¥ìm filter; storage_buffer: stored at 4¡ÆC","cell_line: HeLa cells; animal_model: CD-1 mice, Sprague-Dawley rats, cynomolgus monkeys; administration_route: i.v.; dose: 0.5 mg/kg (mice), 0.01-1 mg/kg (primates); gene_expression_result: 3-fold higher than MC3, 5-fold higher in non-human primates; biodistribution_result: liver and spleen had highest levels, significantly lower than MC3; toxicity_profile: no adverse findings in 1-month toxicity study, no liver damage or complement activation; cytokine_response: minimal elevation in MCP-1, no significant change in C5b9 levels",3.0,numeric,0.6,https://doi.org/10.1016/j.ymthe.2018.03.010,A Novel Amino Lipid Series for mRNA Delivery: Improved Endosomal Escape and Sustained Pharmacology and Safety in Non-human Primates,"['Staci Sabnis', 'E. Sathyajith Kumarasinghe', 'Timothy Salerno', 'Cosmin Mihai', 'Tatiana Ketova', 'Joseph J. Senn', 'Andy Lynn', 'Alex Bulychev', 'Iain McFadyen', 'Joyce Chan', 'Orn Almarsson', 'Matthew G. Stanton', 'Kerry E. Benenato']",Molecular Therapy,2018.0,Heptadecan-9-yl 8-((2-hydroxyethyl)(8-(nonyloxy)-8-oxooctyl)amino)octanoate,DSPC,cholesterol,PEG-lipid
118,Custom lipid,DSPC,cholesterol,PEG-lipid,50:10:38.5:1.5,mRNA,firefly_luciferase,CCCCCCCCC(CCCCCCCC)OC(=O)CCCCCCCN(CCCCCCCC(=O)OC(CCCCCCCC)CCCCCCCC)CCO,CCCCCCCCCCCCCCCCCC(=O)OC[C@H](COP(=O)([O-])OCC[N+](C)(C)C)OC(=O)CCCCCCCCCCCCCCCCC,C[C@H](CCCC(C)C)[C@H]1CC[C@@H]2[C@@]1(CC[C@H]3[C@H]2CC=C4[C@@]3(CC[C@@H](C4)O)C)C,CCCCCCCCCCCCCCCCOC(=O)CCOCCOCCOCCOCCOCCOCCOCCOCCOCCOCCOCCOCCOCCOCCOCCOCCOCCOCCOCCOCCOCCOCCOCCOCCOCCOCCOCCOCCOCCOCCOCCOCCOCCOCCOCCOCCOCCOCCOCCOCCOCCOCCOCCOCCOCCOCCOCCOCCOCCOCCOCCOCCOCCOCCOCCOCCOCCOCCOCCOCCOCCOCCOCCOCCOCCOCCOCCOCCOCCOCCOCCOCCOCCOCCOCCOCCOCCOCCOCCOCCOCCOCCOCCOCCOCCOCCOCCOCCOCCO,66.8,,,0.11,,,97.0,,,,,,,,,"synthesis_method: Microfluidic; device_used: ; total_flow_rate_ml_min: ; flow_rate_ratio: 3:1 (aqueous:ethanol); aqueous_phase_composition: 6.25 mM sodium acetate buffer (pH 5); organic_phase_composition: ethanol; mixing_time_sec: ; temperature_condition: ; post_processing: dialyzed against PBS (pH 7.4) for at least 18 hr, concentrated using Amicon ultra centrifugal filters; sterilization: 0.22-¥ìm filter; storage_buffer: stored at 4¡ÆC",animal_model: CD-1 mice; administration_route: i.v.; dose: 0.5 mg/kg mRNA; gene_expression_result: lower luciferase activity due to lowered surface pKa,,,,https://doi.org/10.1016/j.ymthe.2018.03.010,A Novel Amino Lipid Series for mRNA Delivery: Improved Endosomal Escape and Sustained Pharmacology and Safety in Non-human Primates,"['Staci Sabnis', 'E. Sathyajith Kumarasinghe', 'Timothy Salerno', 'Cosmin Mihai', 'Tatiana Ketova', 'Joseph J. Senn', 'Andy Lynn', 'Alex Bulychev', 'Iain McFadyen', 'Joyce Chan', 'Orn Almarsson', 'Matthew G. Stanton', 'Kerry E. Benenato']",Molecular Therapy,2018.0,"Di(heptadecan-9-yl) 8,8'-((2-hydroxyethyl)azanediyl)dioctanoate",DSPC,cholesterol,PEG-lipid
119,Custom lipid,DSPC,cholesterol,PEG-lipid,50:10:38.5:1.5,mRNA,firefly_luciferase,CCCCCCCCCOC(=O)CCCCCCCN(CCCCCCCC(=O)OC(CCCCCCCC)CCCCCCCC)CCN(C)C,CCCCCCCCCCCCCCCCCC(=O)OC[C@H](COP(=O)([O-])OCC[N+](C)(C)C)OC(=O)CCCCCCCCCCCCCCCCC,C[C@H](CCCC(C)C)[C@H]1CC[C@@H]2[C@@]1(CC[C@H]3[C@H]2CC=C4[C@@]3(CC[C@@H](C4)O)C)C,CCCCCCCCCCCCCCCCOC(=O)CCOCCOCCOCCOCCOCCOCCOCCOCCOCCOCCOCCOCCOCCOCCOCCOCCOCCOCCOCCOCCOCCOCCOCCOCCOCCOCCOCCOCCOCCOCCOCCOCCOCCOCCOCCOCCOCCOCCOCCOCCOCCOCCOCCOCCOCCOCCOCCOCCOCCOCCOCCOCCOCCOCCOCCOCCOCCOCCOCCOCCOCCOCCOCCOCCOCCOCCOCCOCCOCCOCCOCCOCCOCCOCCOCCOCCOCCOCCOCCOCCOCCOCCOCCOCCOCCOCCOCCOCCOCCO,130.1,,,0.15,,,95.2,,,,,,,,,"synthesis_method: Microfluidic; device_used: ; total_flow_rate_ml_min: ; flow_rate_ratio: 3:1 (aqueous:ethanol); aqueous_phase_composition: 6.25 mM sodium acetate buffer (pH 5); organic_phase_composition: ethanol; mixing_time_sec: ; temperature_condition: ; post_processing: dialyzed against PBS (pH 7.4) for at least 18 hr, concentrated using Amicon ultra centrifugal filters; sterilization: 0.22-¥ìm filter; storage_buffer: stored at 4¡ÆC",animal_model: CD-1 mice; administration_route: i.v.; dose: 0.5 mg/kg mRNA; gene_expression_result: complete loss of delivery efficiency,,,,https://doi.org/10.1016/j.ymthe.2018.03.010,A Novel Amino Lipid Series for mRNA Delivery: Improved Endosomal Escape and Sustained Pharmacology and Safety in Non-human Primates,"['Staci Sabnis', 'E. Sathyajith Kumarasinghe', 'Timothy Salerno', 'Cosmin Mihai', 'Tatiana Ketova', 'Joseph J. Senn', 'Andy Lynn', 'Alex Bulychev', 'Iain McFadyen', 'Joyce Chan', 'Orn Almarsson', 'Matthew G. Stanton', 'Kerry E. Benenato']",Molecular Therapy,2018.0,Heptadecan-9-yl 8-((2-(dimethylamino)ethyl)(8-(nonyloxy)-8-oxooctyl)amino)octanoate,DSPC,cholesterol,PEG-lipid
120,SM-102,DSPC,cholesterol,PEG-lipid,50:10:38.5:1.5,mRNA,"firefly_luciferase, epo",CCCCCCCCCCCOC(=O)CCCCCN(CCCCCCCC(=O)OC(CCCCCCCC)CCCCCCCC)CCO  ,CCCCCCCCCCCCCCCCCC(=O)OC[C@H](COP(=O)([O-])OCC[N+](C)(C)C)OC(=O)CCCCCCCCCCCCCCCCC,C[C@H](CCCC(C)C)[C@H]1CC[C@@H]2[C@@]1(CC[C@H]3[C@H]2CC=C4[C@@]3(CC[C@@H](C4)O)C)C,CCCCCCCCCCCCCCCCOC(=O)CCOCCOCCOCCOCCOCCOCCOCCOCCOCCOCCOCCOCCOCCOCCOCCOCCOCCOCCOCCOCCOCCOCCOCCOCCOCCOCCOCCOCCOCCOCCOCCOCCOCCOCCOCCOCCOCCOCCOCCOCCOCCOCCOCCOCCOCCOCCOCCOCCOCCOCCOCCOCCOCCOCCOCCOCCOCCOCCOCCOCCOCCOCCOCCOCCOCCOCCOCCOCCOCCOCCOCCOCCOCCOCCOCCOCCOCCOCCOCCOCCOCCOCCOCCOCCOCCOCCOCCOCCOCCO,85.8,,,0.1,,,95.8,,,,,,,,,"synthesis_method: Microfluidic; device_used: ; total_flow_rate_ml_min: ; flow_rate_ratio: 3:1 (aqueous:ethanol); aqueous_phase_composition: 6.25 mM sodium acetate buffer (pH 5); organic_phase_composition: ethanol; mixing_time_sec: ; temperature_condition: ; post_processing: dialyzed against PBS (pH 7.4) for at least 18 hr, concentrated using Amicon ultra centrifugal filters; sterilization: 0.22-¥ìm filter; storage_buffer: stored at 4¡ÆC","animal_model: CD-1 mice, Sprague-Dawley rats; administration_route: i.v.; dose: 0.5 mg/kg (mice), 1 mg/kg (rats); gene_expression_result: higher expression compared to MC3",3.0,numeric,0.6,https://doi.org/10.1016/j.ymthe.2018.03.010,A Novel Amino Lipid Series for mRNA Delivery: Improved Endosomal Escape and Sustained Pharmacology and Safety in Non-human Primates,"['Staci Sabnis', 'E. Sathyajith Kumarasinghe', 'Timothy Salerno', 'Cosmin Mihai', 'Tatiana Ketova', 'Joseph J. Senn', 'Andy Lynn', 'Alex Bulychev', 'Iain McFadyen', 'Joyce Chan', 'Orn Almarsson', 'Matthew G. Stanton', 'Kerry E. Benenato']",Molecular Therapy,2018.0,Heptadecan-9-yl 8-((2-hydroxyethyl)(6-oxo-6-(undecyloxy)hexyl)amino)octanoate,DSPC,cholesterol,PEG-lipid
121,Custom lipid,DSPC,cholesterol,PEG-lipid,50:10:38.5:1.5,mRNA,firefly_luciferase,CCCCCCCCCOC(=O)CCCN(CCCCCCCC(=O)OC(CCCCCCCC)CCCCCCCC)CCO,CCCCCCCCCCCCCCCCCC(=O)OC[C@H](COP(=O)([O-])OCC[N+](C)(C)C)OC(=O)CCCCCCCCCCCCCCCCC,C[C@H](CCCC(C)C)[C@H]1CC[C@@H]2[C@@]1(CC[C@H]3[C@H]2CC=C4[C@@]3(CC[C@@H](C4)O)C)C,CCCCCCCCCCCCCCCCOC(=O)CCOCCOCCOCCOCCOCCOCCOCCOCCOCCOCCOCCOCCOCCOCCOCCOCCOCCOCCOCCOCCOCCOCCOCCOCCOCCOCCOCCOCCOCCOCCOCCOCCOCCOCCOCCOCCOCCOCCOCCOCCOCCOCCOCCOCCOCCOCCOCCOCCOCCOCCOCCOCCOCCOCCOCCOCCOCCOCCOCCOCCOCCOCCOCCOCCOCCOCCOCCOCCOCCOCCOCCOCCOCCOCCOCCOCCOCCOCCOCCOCCOCCOCCOCCOCCOCCOCCOCCOCCOCCO,91.9,,,0.16,,,97.4,,,,,,,,,"synthesis_method: Microfluidic; device_used: ; total_flow_rate_ml_min: ; flow_rate_ratio: 3:1 (aqueous:ethanol); aqueous_phase_composition: 6.25 mM sodium acetate buffer (pH 5); organic_phase_composition: ethanol; mixing_time_sec: ; temperature_condition: ; post_processing: dialyzed against PBS (pH 7.4) for at least 18 hr, concentrated using Amicon ultra centrifugal filters; sterilization: 0.22-¥ìm filter; storage_buffer: stored at 4¡ÆC","animal_model: CD-1 mice, Sprague-Dawley rats; administration_route: i.v.; dose: 0.5 mg/kg mRNA; gene_expression_result: highest luciferase activity of the series",,,,https://doi.org/10.1016/j.ymthe.2018.03.010,A Novel Amino Lipid Series for mRNA Delivery: Improved Endosomal Escape and Sustained Pharmacology and Safety in Non-human Primates,"['Staci Sabnis', 'E. Sathyajith Kumarasinghe', 'Timothy Salerno', 'Cosmin Mihai', 'Tatiana Ketova', 'Joseph J. Senn', 'Andy Lynn', 'Alex Bulychev', 'Iain McFadyen', 'Joyce Chan', 'Orn Almarsson', 'Matthew G. Stanton', 'Kerry E. Benenato']",Molecular Therapy,2018.0,Heptadecan-9-yl 8-((2-hydroxyethyl)(4-(nonyloxy)-4-oxobutyl)amino)octanoate,DSPC,cholesterol,PEG-lipid
122,Custom lipid,DSPC,cholesterol,PEG-lipid,50:10:38.5:1.5,mRNA,firefly_luciferase,CCCCCCCCCCCOC(=O)CCCCCN(CCCCCC(=O)OC(CCCCCCCCCC)CCCCCCCCCC)CCO,CCCCCCCCCCCCCCCCCC(=O)OC[C@H](COP(=O)([O-])OCC[N+](C)(C)C)OC(=O)CCCCCCCCCCCCCCCCC,C[C@H](CCCC(C)C)[C@H]1CC[C@@H]2[C@@]1(CC[C@H]3[C@H]2CC=C4[C@@]3(CC[C@@H](C4)O)C)C,CCCCCCCCCCCCCCCCOC(=O)CCOCCOCCOCCOCCOCCOCCOCCOCCOCCOCCOCCOCCOCCOCCOCCOCCOCCOCCOCCOCCOCCOCCOCCOCCOCCOCCOCCOCCOCCOCCOCCOCCOCCOCCOCCOCCOCCOCCOCCOCCOCCOCCOCCOCCOCCOCCOCCOCCOCCOCCOCCOCCOCCOCCOCCOCCOCCOCCOCCOCCOCCOCCOCCOCCOCCOCCOCCOCCOCCOCCOCCOCCOCCOCCOCCOCCOCCOCCOCCOCCOCCOCCOCCOCCOCCOCCOCCOCCOCCO,69.6,,,0.14,,,98.3,,,,,,,,,"synthesis_method: Microfluidic; device_used: ; total_flow_rate_ml_min: ; flow_rate_ratio: 3:1 (aqueous:ethanol); aqueous_phase_composition: 6.25 mM sodium acetate buffer (pH 5); organic_phase_composition: ethanol; mixing_time_sec: ; temperature_condition: ; post_processing: dialyzed against PBS (pH 7.4) for at least 18 hr, concentrated using Amicon ultra centrifugal filters; sterilization: 0.22-¥ìm filter; storage_buffer: stored at 4¡ÆC",animal_model: CD-1 mice; administration_route: i.v.; dose: 0.5 mg/kg mRNA; gene_expression_result: comparable luciferase activity to lipid 9,9.0,numeric,1.0,https://doi.org/10.1016/j.ymthe.2018.03.010,A Novel Amino Lipid Series for mRNA Delivery: Improved Endosomal Escape and Sustained Pharmacology and Safety in Non-human Primates,"['Staci Sabnis', 'E. Sathyajith Kumarasinghe', 'Timothy Salerno', 'Cosmin Mihai', 'Tatiana Ketova', 'Joseph J. Senn', 'Andy Lynn', 'Alex Bulychev', 'Iain McFadyen', 'Joyce Chan', 'Orn Almarsson', 'Matthew G. Stanton', 'Kerry E. Benenato']",Molecular Therapy,2018.0,Henicosan-11-yl 6-((2-hydroxyethyl)(6-oxo-6-(undecyloxy)hexyl)amino)hexanoate,DSPC,cholesterol,PEG-lipid
123,DLin-MC3-DMA,DSPC,cholesterol,PEG-lipid,50:10:38.5:1.5,mRNA,"firefly_luciferase, epo",CCCCC/C=C\C/C=C\CCCCCCCCC(OC(=O)CCCN(C)C)CCCCCCCC/C=C\C/C=C\CCCCC,CCCCCCCCCCCCCCCCCC(=O)OC[C@H](COP(=O)([O-])OCC[N+](C)(C)C)OC(=O)CCCCCCCCCCCCCCCCC,C[C@H](CCCC(C)C)[C@H]1CC[C@@H]2[C@@]1(CC[C@H]3[C@H]2CC=C4[C@@]3(CC[C@@H](C4)O)C)C,CCCCCCCCCCCCCCCCOC(=O)CCOCCOCCOCCOCCOCCOCCOCCOCCOCCOCCOCCOCCOCCOCCOCCOCCOCCOCCOCCOCCOCCOCCOCCOCCOCCOCCOCCOCCOCCOCCOCCOCCOCCOCCOCCOCCOCCOCCOCCOCCOCCOCCOCCOCCOCCOCCOCCOCCOCCOCCOCCOCCOCCOCCOCCOCCOCCOCCOCCOCCOCCOCCOCCOCCOCCOCCOCCOCCOCCOCCOCCOCCOCCOCCOCCOCCOCCOCCOCCOCCOCCOCCOCCOCCOCCOCCOCCOCCOCCO,85.6,,,0.11,,,97.3,,,,,,concentration,5.0,molecules/particle,"synthesis_method: Microfluidic; device_used: ; total_flow_rate_ml_min: ; flow_rate_ratio: 3:1 (aqueous:ethanol); aqueous_phase_composition: 6.25 mM sodium acetate buffer (pH 5); organic_phase_composition: ethanol; mixing_time_sec: ; temperature_condition: ; post_processing: dialyzed against PBS (pH 7.4) for at least 18 hr, concentrated using Amicon ultra centrifugal filters; sterilization: 0.22-¥ìm filter; storage_buffer: stored at 4¡ÆC","cell_line: HeLa cells; animal_model: CD-1 mice, Sprague-Dawley rats, cynomolgus monkeys; administration_route: i.v.; dose: 0.5 mg/kg (mice), 0.3 mg/kg (rats); gene_expression_result: control reference; biodistribution_result: liver and spleen contained largest concentrations; toxicity_profile: ALT and AST elevation at 0.3 mg/kg, pathology showed evidence of necrosis",,,,https://doi.org/10.1016/j.ymthe.2018.03.010,A Novel Amino Lipid Series for mRNA Delivery: Improved Endosomal Escape and Sustained Pharmacology and Safety in Non-human Primates,"['Staci Sabnis', 'E. Sathyajith Kumarasinghe', 'Timothy Salerno', 'Cosmin Mihai', 'Tatiana Ketova', 'Joseph J. Senn', 'Andy Lynn', 'Alex Bulychev', 'Iain McFadyen', 'Joyce Chan', 'Orn Almarsson', 'Matthew G. Stanton', 'Kerry E. Benenato']",Molecular Therapy,2018.0,"MC3 (DLin-MC3-DMA, control)",DSPC,cholesterol,PEG-lipid
174,Custom lipid,DOPE,cholesterol,DMG-PEG2000,20:0.75:40:30,mRNA,"firefly_luciferase, base_editor",,CCCCCCCC/C=C\CCCCCCCC(=O)OC[C@H](COP(=O)(O)OCCN)OC(=O)CCCCCCC/C=C\CCCCCCCC,C[C@H](CCCC(C)C)[C@H]1CC[C@@H]2[C@@]1(CC[C@H]3[C@H]2CC=C4[C@@]3(CC[C@@H](C4)O)C)C,CCCCCCCCCCCCCC(=O)OCC(COP(=O)([O-])OCCOCCOCCOCCOCCOCCOCCOCCOCCOCCOCCOCCOCCOCCOCCOCCOCCOCCOCCOCCOCCOCCOCCOCCOCCOCCOCCOCCOCCOCCOCCOCCOCCOCCOCCOCCOCCOCCOCCOCCOCCOCCOCCOCCOCCOCCOCCOCCOCCOCCOCCOCCOCCOCCOCCOCCOCCOCCOCCOCCOCCOCCOCCOCCOCCOCCOCCOCCOCCOCCOCCOCCOCCOCCOCCOCCOCCOCCOCCOCCOCCOCCOCCOCCOCCOCCOCCOCCOCCOCCO)OC(=O)CCCCCCCCCCCCC,100.0,,,0.23,,,,,,,,,,,,synthesis_method: Microfluidic; device_used: NanoAssemblr benchtop; total_flow_rate_ml_min: ; flow_rate_ratio: ; aqueous_phase_composition: citrate acid buffer; organic_phase_composition: ethanol; mixing_time_sec: ; temperature_condition: ; post_processing: ; sterilization: ; storage_buffer: ,"cell_line: Hep3B; animal_model: C57BL/6 mice, hemophilia A mice, Balb/c mice; administration_route: IV; dose: 0.5 mg/kg (screening), 2 mg/kg (hFVIII), 0.15-1.5 mg/kg (base editing); gene_expression_result: Reference control for comparison; biodistribution_result: Liver, spleen, lung, kidney, heart; toxicity_profile: Well tolerated",,,,10.1126/sciadv.abc2315,Functionalized lipid-like nanoparticles for in vivo mRNA delivery and base editing,"['Xinfu Zhang', 'Weiyu Zhao', 'Giang N. Nguyen', 'Chengxiang Zhang', 'Chunxi Zeng', 'Jingyue Yan', 'Shi Du', 'Xucheng Hou', 'Wenqing Li', 'Justin Jiang', 'Binbin Deng', 'David W. McComb', 'Robert Dorkin', 'Aalok Shah', 'Luis Barrera', 'Francine Gregoire', 'Manmohan Singh', 'Delai Chen', 'Denise E. Sabatino', 'Yizhou Dong']",Science Advances,2020.0,TT3,DOPE,cholesterol,DMG-PEG2000
175,Custom lipid,DOPE,cholesterol,DMG-PEG2000,20:0.75:40:30,mRNA,firefly_luciferase,CCCCCCCC=CC=CCCCCCCCCN(CCCCCCCC=CC=CCCCCCCCCC)CCCNC(=O)c1cc(C(=O)NCCN(CCCCCCCC=CC=CCCCCCCCCC)CCCCCCCC=CC=CCCCCCCCCC)cc(C(=O)NCCCN(CCCCCCCC=CC=CCCCCCCCCC)CCCCCCCC=CC=CCCCCCCCCC)c1,CCCCCCCC/C=C\CCCCCCCC(=O)OC[C@H](COP(=O)(O)OCCN)OC(=O)CCCCCCC/C=C\CCCCCCCC,C[C@H](CCCC(C)C)[C@H]1CC[C@@H]2[C@@]1(CC[C@H]3[C@H]2CC=C4[C@@]3(CC[C@@H](C4)O)C)C,CCCCCCCCCCCCCC(=O)OCC(COP(=O)([O-])OCCOCCOCCOCCOCCOCCOCCOCCOCCOCCOCCOCCOCCOCCOCCOCCOCCOCCOCCOCCOCCOCCOCCOCCOCCOCCOCCOCCOCCOCCOCCOCCOCCOCCOCCOCCOCCOCCOCCOCCOCCOCCOCCOCCOCCOCCOCCOCCOCCOCCOCCOCCOCCOCCOCCOCCOCCOCCOCCOCCOCCOCCOCCOCCOCCOCCOCCOCCOCCOCCOCCOCCOCCOCCOCCOCCOCCOCCOCCOCCOCCOCCOCCOCCOCCOCCOCCOCCOCCOCCO)OC(=O)CCCCCCCCCCCCC,105.0,,,0.28,,,,,,,,,,,,synthesis_method: Microfluidic; device_used: NanoAssemblr benchtop; total_flow_rate_ml_min: ; flow_rate_ratio: ; aqueous_phase_composition: citrate acid buffer; organic_phase_composition: ethanol; mixing_time_sec: ; temperature_condition: ; post_processing: ; sterilization: ; storage_buffer: ,"cell_line: Hep3B; animal_model: C57BL/6 mice; administration_route: IV; dose: 0.5 mg/kg; gene_expression_result: ~1.0 fold vs TT3 in liver; biodistribution_result: Liver, spleen, lung, kidney, heart",1.0,fold_change,0.6,10.1126/sciadv.abc2315,Functionalized lipid-like nanoparticles for in vivo mRNA delivery and base editing,"['Xinfu Zhang', 'Weiyu Zhao', 'Giang N. Nguyen', 'Chengxiang Zhang', 'Chunxi Zeng', 'Jingyue Yan', 'Shi Du', 'Xucheng Hou', 'Wenqing Li', 'Justin Jiang', 'Binbin Deng', 'David W. McComb', 'Robert Dorkin', 'Aalok Shah', 'Luis Barrera', 'Francine Gregoire', 'Manmohan Singh', 'Delai Chen', 'Denise E. Sabatino', 'Yizhou Dong']",Science Advances,2020.0,FTT1,DOPE,cholesterol,DMG-PEG2000
176,Custom lipid,DOPE,cholesterol,DMG-PEG2000,20:0.75:40:30,mRNA,firefly_luciferase,CCCCCCCCCCOC(=O)CCCCCCCCCN(CCCCCCCCCCOC(=O)CCCCCCCCCC)CCCNC(=O)c1cc(C(=O)NCCN(CCCCCCCCCCOC(=O)CCCCCCCCCC)CCCCCCCCCCOC(=O)CCCCCCCCCC)cc(C(=O)NCCCN(CCCCCCCCCCOC(=O)CCCCCCCCCC)CCCCCCCCCCOC(=O)CCCCCCCCCC)c1,CCCCCCCC/C=C\CCCCCCCC(=O)OC[C@H](COP(=O)(O)OCCN)OC(=O)CCCCCCC/C=C\CCCCCCCC,C[C@H](CCCC(C)C)[C@H]1CC[C@@H]2[C@@]1(CC[C@H]3[C@H]2CC=C4[C@@]3(CC[C@@H](C4)O)C)C,CCCCCCCCCCCCCC(=O)OCC(COP(=O)([O-])OCCOCCOCCOCCOCCOCCOCCOCCOCCOCCOCCOCCOCCOCCOCCOCCOCCOCCOCCOCCOCCOCCOCCOCCOCCOCCOCCOCCOCCOCCOCCOCCOCCOCCOCCOCCOCCOCCOCCOCCOCCOCCOCCOCCOCCOCCOCCOCCOCCOCCOCCOCCOCCOCCOCCOCCOCCOCCOCCOCCOCCOCCOCCOCCOCCOCCOCCOCCOCCOCCOCCOCCOCCOCCOCCOCCOCCOCCOCCOCCOCCOCCOCCOCCOCCOCCOCCOCCOCCOCCO)OC(=O)CCCCCCCCCCCCC,94.0,,,0.17,,,,,,,,,,,,synthesis_method: Microfluidic; device_used: NanoAssemblr benchtop; total_flow_rate_ml_min: ; flow_rate_ratio: ; aqueous_phase_composition: citrate acid buffer; organic_phase_composition: ethanol; mixing_time_sec: ; temperature_condition: ; post_processing: ; sterilization: ; storage_buffer: ,"cell_line: Hep3B; animal_model: C57BL/6 mice; administration_route: IV; dose: 0.5 mg/kg; gene_expression_result: ~1.3 fold vs TT3 in liver; biodistribution_result: Liver, spleen, lung, kidney, heart",1.3,fold_change,0.9,10.1126/sciadv.abc2315,Functionalized lipid-like nanoparticles for in vivo mRNA delivery and base editing,"['Xinfu Zhang', 'Weiyu Zhao', 'Giang N. Nguyen', 'Chengxiang Zhang', 'Chunxi Zeng', 'Jingyue Yan', 'Shi Du', 'Xucheng Hou', 'Wenqing Li', 'Justin Jiang', 'Binbin Deng', 'David W. McComb', 'Robert Dorkin', 'Aalok Shah', 'Luis Barrera', 'Francine Gregoire', 'Manmohan Singh', 'Delai Chen', 'Denise E. Sabatino', 'Yizhou Dong']",Science Advances,2020.0,FTT2,DOPE,cholesterol,DMG-PEG2000
177,Custom lipid,DOPE,cholesterol,DMG-PEG2000,20:0.75:40:30,mRNA,firefly_luciferase,CCC(CC)OC(=O)CCCCCCCCCN(CCC(CC)OC(=O)CCCCCCCCCC)CCCNC(=O)c1cc(C(=O)NCCN(CCC(CC)OC(=O)CCCCCCCCCC)CCC(CC)OC(=O)CCCCCCCCCC)cc(C(=O)NCCCN(CCC(CC)OC(=O)CCCCCCCCCC)CCC(CC)OC(=O)CCCCCCCCCC)c1,CCCCCCCC/C=C\CCCCCCCC(=O)OC[C@H](COP(=O)(O)OCCN)OC(=O)CCCCCCC/C=C\CCCCCCCC,C[C@H](CCCC(C)C)[C@H]1CC[C@@H]2[C@@]1(CC[C@H]3[C@H]2CC=C4[C@@]3(CC[C@@H](C4)O)C)C,CCCCCCCCCCCCCC(=O)OCC(COP(=O)([O-])OCCOCCOCCOCCOCCOCCOCCOCCOCCOCCOCCOCCOCCOCCOCCOCCOCCOCCOCCOCCOCCOCCOCCOCCOCCOCCOCCOCCOCCOCCOCCOCCOCCOCCOCCOCCOCCOCCOCCOCCOCCOCCOCCOCCOCCOCCOCCOCCOCCOCCOCCOCCOCCOCCOCCOCCOCCOCCOCCOCCOCCOCCOCCOCCOCCOCCOCCOCCOCCOCCOCCOCCOCCOCCOCCOCCOCCOCCOCCOCCOCCOCCOCCOCCOCCOCCOCCOCCOCCOCCO)OC(=O)CCCCCCCCCCCCC,107.0,,,0.13,,,,,,,,,,,,synthesis_method: Microfluidic; device_used: NanoAssemblr benchtop; total_flow_rate_ml_min: ; flow_rate_ratio: ; aqueous_phase_composition: citrate acid buffer; organic_phase_composition: ethanol; mixing_time_sec: ; temperature_condition: ; post_processing: ; sterilization: ; storage_buffer: ,"cell_line: Hep3B; animal_model: C57BL/6 mice; administration_route: IV; dose: 0.5 mg/kg; gene_expression_result: ~1.0 fold vs TT3 in liver; biodistribution_result: Liver, spleen, lung, kidney, heart",1.0,fold_change,0.6,10.1126/sciadv.abc2315,Functionalized lipid-like nanoparticles for in vivo mRNA delivery and base editing,"['Xinfu Zhang', 'Weiyu Zhao', 'Giang N. Nguyen', 'Chengxiang Zhang', 'Chunxi Zeng', 'Jingyue Yan', 'Shi Du', 'Xucheng Hou', 'Wenqing Li', 'Justin Jiang', 'Binbin Deng', 'David W. McComb', 'Robert Dorkin', 'Aalok Shah', 'Luis Barrera', 'Francine Gregoire', 'Manmohan Singh', 'Delai Chen', 'Denise E. Sabatino', 'Yizhou Dong']",Science Advances,2020.0,FTT3,DOPE,cholesterol,DMG-PEG2000
178,Custom lipid,DOPE,cholesterol,DMG-PEG2000,20:0.75:40:30,mRNA,firefly_luciferase,CC(CCC)CCCOC(=O)CCCCCCCN(CC(CCC)CCCOC(=O)CCCCCCCC)CCCNC(=O)c1cc(C(=O)NCCN(CC(CCC)CCCOC(=O)CCCCCCCC)CC(CCC)CCCOC(=O)CCCCCCCC)cc(C(=O)NCCCN(CC(CCC)CCCOC(=O)CCCCCCCC)CC(CCC)CCCOC(=O)CCCCCCCC)c1,CCCCCCCC/C=C\CCCCCCCC(=O)OC[C@H](COP(=O)(O)OCCN)OC(=O)CCCCCCC/C=C\CCCCCCCC,C[C@H](CCCC(C)C)[C@H]1CC[C@@H]2[C@@]1(CC[C@H]3[C@H]2CC=C4[C@@]3(CC[C@@H](C4)O)C)C,CCCCCCCCCCCCCC(=O)OCC(COP(=O)([O-])OCCOCCOCCOCCOCCOCCOCCOCCOCCOCCOCCOCCOCCOCCOCCOCCOCCOCCOCCOCCOCCOCCOCCOCCOCCOCCOCCOCCOCCOCCOCCOCCOCCOCCOCCOCCOCCOCCOCCOCCOCCOCCOCCOCCOCCOCCOCCOCCOCCOCCOCCOCCOCCOCCOCCOCCOCCOCCOCCOCCOCCOCCOCCOCCOCCOCCOCCOCCOCCOCCOCCOCCOCCOCCOCCOCCOCCOCCOCCOCCOCCOCCOCCOCCOCCOCCOCCOCCOCCOCCO)OC(=O)CCCCCCCCCCCCC,103.0,,,0.14,,,,,,,,,,,,synthesis_method: Microfluidic; device_used: NanoAssemblr benchtop; total_flow_rate_ml_min: ; flow_rate_ratio: ; aqueous_phase_composition: citrate acid buffer; organic_phase_composition: ethanol; mixing_time_sec: ; temperature_condition: ; post_processing: ; sterilization: ; storage_buffer: ,"cell_line: Hep3B; animal_model: C57BL/6 mice; administration_route: IV; dose: 0.5 mg/kg; gene_expression_result: ~0.9 fold vs TT3 in liver; biodistribution_result: Liver, spleen, lung, kidney, heart",0.9,fold_change,0.4,10.1126/sciadv.abc2315,Functionalized lipid-like nanoparticles for in vivo mRNA delivery and base editing,"['Xinfu Zhang', 'Weiyu Zhao', 'Giang N. Nguyen', 'Chengxiang Zhang', 'Chunxi Zeng', 'Jingyue Yan', 'Shi Du', 'Xucheng Hou', 'Wenqing Li', 'Justin Jiang', 'Binbin Deng', 'David W. McComb', 'Robert Dorkin', 'Aalok Shah', 'Luis Barrera', 'Francine Gregoire', 'Manmohan Singh', 'Delai Chen', 'Denise E. Sabatino', 'Yizhou Dong']",Science Advances,2020.0,FTT4,DOPE,cholesterol,DMG-PEG2000
179,Custom lipid,DOPE,cholesterol,DMG-PEG2000,20:0.75:40:30,mRNA,"firefly_luciferase, base_editor",CCC(CCCC)COC(=O)CCCCCCCN(CCC(CCCC)COC(=O)CCCCCCCC)CCCNC(=O)c1cc(C(=O)NCCN(CCC(CCCC)COC(=O)CCCCCCCC)CCC(CCCC)COC(=O)CCCCCCCC)cc(C(=O)NCCCN(CCC(CCCC)COC(=O)CCCCCCCC)CCC(CCCC)COC(=O)CCCCCCCC)c1,CCCCCCCC/C=C\CCCCCCCC(=O)OC[C@H](COP(=O)(O)OCCN)OC(=O)CCCCCCC/C=C\CCCCCCCC,C[C@H](CCCC(C)C)[C@H]1CC[C@@H]2[C@@]1(CC[C@H]3[C@H]2CC=C4[C@@]3(CC[C@@H](C4)O)C)C,CCCCCCCCCCCCCC(=O)OCC(COP(=O)([O-])OCCOCCOCCOCCOCCOCCOCCOCCOCCOCCOCCOCCOCCOCCOCCOCCOCCOCCOCCOCCOCCOCCOCCOCCOCCOCCOCCOCCOCCOCCOCCOCCOCCOCCOCCOCCOCCOCCOCCOCCOCCOCCOCCOCCOCCOCCOCCOCCOCCOCCOCCOCCOCCOCCOCCOCCOCCOCCOCCOCCOCCOCCOCCOCCOCCOCCOCCOCCOCCOCCOCCOCCOCCOCCOCCOCCOCCOCCOCCOCCOCCOCCOCCOCCOCCOCCOCCOCCOCCOCCO)OC(=O)CCCCCCCCCCCCC,86.0,,,0.25,,,91.0,,,-11.0,,,,,,synthesis_method: Microfluidic; device_used: NanoAssemblr benchtop; total_flow_rate_ml_min: ; flow_rate_ratio: ; aqueous_phase_composition: citrate acid buffer; organic_phase_composition: ethanol; mixing_time_sec: ; temperature_condition: ; post_processing: ; sterilization: ; storage_buffer: ,"cell_line: Hep3B; animal_model: C57BL/6 mice, hemophilia A mice, Balb/c mice; administration_route: IV; dose: 0.5 mg/kg (screening), 2 mg/kg (hFVIII), 0.125-1 mg/kg (base editing); gene_expression_result: ~2.0 fold vs TT3 in liver, >140 ng/ml hFVIII protein, 90% hFVIII activity, ~60% base editing efficiency; biodistribution_result: Primarily liver targeting; toxicity_profile: Well tolerated, no pathological changes",2.0,fold_change,1.0,10.1126/sciadv.abc2315,Functionalized lipid-like nanoparticles for in vivo mRNA delivery and base editing,"['Xinfu Zhang', 'Weiyu Zhao', 'Giang N. Nguyen', 'Chengxiang Zhang', 'Chunxi Zeng', 'Jingyue Yan', 'Shi Du', 'Xucheng Hou', 'Wenqing Li', 'Justin Jiang', 'Binbin Deng', 'David W. McComb', 'Robert Dorkin', 'Aalok Shah', 'Luis Barrera', 'Francine Gregoire', 'Manmohan Singh', 'Delai Chen', 'Denise E. Sabatino', 'Yizhou Dong']",Science Advances,2020.0,FTT5,DOPE,cholesterol,DMG-PEG2000
180,Custom lipid,DOPE,cholesterol,DMG-PEG2000,20:0.75:40:30,mRNA,firefly_luciferase,CCCCCCCC(C)OC(=O)CCCCCCCN(CCCCCCCC(C)OC(=O)CCCCCCCC)CCCNC(=O)c1cc(C(=O)NCCN(CCCCCCCC(C)OC(=O)CCCCCCCC)CCCCCCCC(C)OC(=O)CCCCCCCC)cc(C(=O)NCCCN(CCCCCCCC(C)OC(=O)CCCCCCCC)CCCCCCCC(C)OC(=O)CCCCCCCC)c1,CCCCCCCC/C=C\CCCCCCCC(=O)OC[C@H](COP(=O)(O)OCCN)OC(=O)CCCCCCC/C=C\CCCCCCCC,C[C@H](CCCC(C)C)[C@H]1CC[C@@H]2[C@@]1(CC[C@H]3[C@H]2CC=C4[C@@]3(CC[C@@H](C4)O)C)C,CCCCCCCCCCCCCC(=O)OCC(COP(=O)([O-])OCCOCCOCCOCCOCCOCCOCCOCCOCCOCCOCCOCCOCCOCCOCCOCCOCCOCCOCCOCCOCCOCCOCCOCCOCCOCCOCCOCCOCCOCCOCCOCCOCCOCCOCCOCCOCCOCCOCCOCCOCCOCCOCCOCCOCCOCCOCCOCCOCCOCCOCCOCCOCCOCCOCCOCCOCCOCCOCCOCCOCCOCCOCCOCCOCCOCCOCCOCCOCCOCCOCCOCCOCCOCCOCCOCCOCCOCCOCCOCCOCCOCCOCCOCCOCCOCCOCCOCCOCCOCCO)OC(=O)CCCCCCCCCCCCC,92.0,,,0.15,,,,,,,,,,,,synthesis_method: Microfluidic; device_used: NanoAssemblr benchtop; total_flow_rate_ml_min: ; flow_rate_ratio: ; aqueous_phase_composition: citrate acid buffer; organic_phase_composition: ethanol; mixing_time_sec: ; temperature_condition: ; post_processing: ; sterilization: ; storage_buffer: ,"cell_line: Hep3B; animal_model: C57BL/6 mice; administration_route: IV; dose: 0.5 mg/kg; gene_expression_result: ~0.7 fold vs TT3 in liver; biodistribution_result: Liver, spleen, lung, kidney, heart",0.7,fold_change,0.3,10.1126/sciadv.abc2315,Functionalized lipid-like nanoparticles for in vivo mRNA delivery and base editing,"['Xinfu Zhang', 'Weiyu Zhao', 'Giang N. Nguyen', 'Chengxiang Zhang', 'Chunxi Zeng', 'Jingyue Yan', 'Shi Du', 'Xucheng Hou', 'Wenqing Li', 'Justin Jiang', 'Binbin Deng', 'David W. McComb', 'Robert Dorkin', 'Aalok Shah', 'Luis Barrera', 'Francine Gregoire', 'Manmohan Singh', 'Delai Chen', 'Denise E. Sabatino', 'Yizhou Dong']",Science Advances,2020.0,FTT6,DOPE,cholesterol,DMG-PEG2000
181,Custom lipid,DOPE,cholesterol,DMG-PEG2000,20:0.75:40:30,mRNA,firefly_luciferase,CCCCCCC=CCOC(=O)CCCCCCCN(CCCCCCC=CCOC(=O)CCCCCCCC)CCCNC(=O)c1cc(C(=O)NCCN(CCCCCCC=CCOC(=O)CCCCCCCC)CCCCCCC=CCOC(=O)CCCCCCCC)cc(C(=O)NCCCN(CCCCCCC=CCOC(=O)CCCCCCCC)CCCCCCC=CCOC(=O)CCCCCCCC)c1,CCCCCCCC/C=C\CCCCCCCC(=O)OC[C@H](COP(=O)(O)OCCN)OC(=O)CCCCCCC/C=C\CCCCCCCC,C[C@H](CCCC(C)C)[C@H]1CC[C@@H]2[C@@]1(CC[C@H]3[C@H]2CC=C4[C@@]3(CC[C@@H](C4)O)C)C,CCCCCCCCCCCCCC(=O)OCC(COP(=O)([O-])OCCOCCOCCOCCOCCOCCOCCOCCOCCOCCOCCOCCOCCOCCOCCOCCOCCOCCOCCOCCOCCOCCOCCOCCOCCOCCOCCOCCOCCOCCOCCOCCOCCOCCOCCOCCOCCOCCOCCOCCOCCOCCOCCOCCOCCOCCOCCOCCOCCOCCOCCOCCOCCOCCOCCOCCOCCOCCOCCOCCOCCOCCOCCOCCOCCOCCOCCOCCOCCOCCOCCOCCOCCOCCOCCOCCOCCOCCOCCOCCOCCOCCOCCOCCOCCOCCOCCOCCOCCOCCO)OC(=O)CCCCCCCCCCCCC,93.0,,,0.14,,,,,,,,,,,,synthesis_method: Microfluidic; device_used: NanoAssemblr benchtop; total_flow_rate_ml_min: ; flow_rate_ratio: ; aqueous_phase_composition: citrate acid buffer; organic_phase_composition: ethanol; mixing_time_sec: ; temperature_condition: ; post_processing: ; sterilization: ; storage_buffer: ,"cell_line: Hep3B; animal_model: C57BL/6 mice; administration_route: IV; dose: 0.5 mg/kg; gene_expression_result: ~1.0 fold vs TT3 in liver; biodistribution_result: Liver, spleen, lung, kidney, heart",1.0,fold_change,0.6,10.1126/sciadv.abc2315,Functionalized lipid-like nanoparticles for in vivo mRNA delivery and base editing,"['Xinfu Zhang', 'Weiyu Zhao', 'Giang N. Nguyen', 'Chengxiang Zhang', 'Chunxi Zeng', 'Jingyue Yan', 'Shi Du', 'Xucheng Hou', 'Wenqing Li', 'Justin Jiang', 'Binbin Deng', 'David W. McComb', 'Robert Dorkin', 'Aalok Shah', 'Luis Barrera', 'Francine Gregoire', 'Manmohan Singh', 'Delai Chen', 'Denise E. Sabatino', 'Yizhou Dong']",Science Advances,2020.0,FTT7,DOPE,cholesterol,DMG-PEG2000
182,Custom lipid,DOPE,cholesterol,DMG-PEG2000,20:0.75:40:30,mRNA,firefly_luciferase,CCCCCCC=CCCOC(=O)CCCCCCCN(CCCCCCC=CCCOC(=O)CCCCCCCC)CCCNC(=O)c1cc(C(=O)NCCN(CCCCCCC=CCCOC(=O)CCCCCCCC)CCCCCCC=CCCOC(=O)CCCCCCCC)cc(C(=O)NCCCN(CCCCCCC=CCCOC(=O)CCCCCCCC)CCCCCCC=CCCOC(=O)CCCCCCCC)c1,CCCCCCCC/C=C\CCCCCCCC(=O)OC[C@H](COP(=O)(O)OCCN)OC(=O)CCCCCCC/C=C\CCCCCCCC,C[C@H](CCCC(C)C)[C@H]1CC[C@@H]2[C@@]1(CC[C@H]3[C@H]2CC=C4[C@@]3(CC[C@@H](C4)O)C)C,CCCCCCCCCCCCCC(=O)OCC(COP(=O)([O-])OCCOCCOCCOCCOCCOCCOCCOCCOCCOCCOCCOCCOCCOCCOCCOCCOCCOCCOCCOCCOCCOCCOCCOCCOCCOCCOCCOCCOCCOCCOCCOCCOCCOCCOCCOCCOCCOCCOCCOCCOCCOCCOCCOCCOCCOCCOCCOCCOCCOCCOCCOCCOCCOCCOCCOCCOCCOCCOCCOCCOCCOCCOCCOCCOCCOCCOCCOCCOCCOCCOCCOCCOCCOCCOCCOCCOCCOCCOCCOCCOCCOCCOCCOCCOCCOCCOCCOCCOCCOCCO)OC(=O)CCCCCCCCCCCCC,95.0,,,0.15,,,,,,,,,,,,synthesis_method: Microfluidic; device_used: NanoAssemblr benchtop; total_flow_rate_ml_min: ; flow_rate_ratio: ; aqueous_phase_composition: citrate acid buffer; organic_phase_composition: ethanol; mixing_time_sec: ; temperature_condition: ; post_processing: ; sterilization: ; storage_buffer: ,"cell_line: Hep3B; animal_model: C57BL/6 mice; administration_route: IV; dose: 0.5 mg/kg; gene_expression_result: ~1.1 fold vs TT3 in liver; biodistribution_result: Liver, spleen, lung, kidney, heart",1.1,fold_change,0.8,10.1126/sciadv.abc2315,Functionalized lipid-like nanoparticles for in vivo mRNA delivery and base editing,"['Xinfu Zhang', 'Weiyu Zhao', 'Giang N. Nguyen', 'Chengxiang Zhang', 'Chunxi Zeng', 'Jingyue Yan', 'Shi Du', 'Xucheng Hou', 'Wenqing Li', 'Justin Jiang', 'Binbin Deng', 'David W. McComb', 'Robert Dorkin', 'Aalok Shah', 'Luis Barrera', 'Francine Gregoire', 'Manmohan Singh', 'Delai Chen', 'Denise E. Sabatino', 'Yizhou Dong']",Science Advances,2020.0,FTT8,DOPE,cholesterol,DMG-PEG2000
183,Custom lipid,DOPE,cholesterol,DMG-PEG2000,20:0.75:40:30,mRNA,firefly_luciferase,CCCCCCCCCCOC(=O)CCCCCCCN(CCCCCCCCCCOC(=O)CCCCCCCC)CCCNC(=O)c1cc(C(=O)NCCN(CCCCCCCCCCOC(=O)CCCCCCCC)CCCCCCCCCCOC(=O)CCCCCCCC)cc(C(=O)NCCCN(CCCCCCCCCCOC(=O)CCCCCCCC)CCCCCCCCCCOC(=O)CCCCCCCC)c1,CCCCCCCC/C=C\CCCCCCCC(=O)OC[C@H](COP(=O)(O)OCCN)OC(=O)CCCCCCC/C=C\CCCCCCCC,C[C@H](CCCC(C)C)[C@H]1CC[C@@H]2[C@@]1(CC[C@H]3[C@H]2CC=C4[C@@]3(CC[C@@H](C4)O)C)C,CCCCCCCCCCCCCC(=O)OCC(COP(=O)([O-])OCCOCCOCCOCCOCCOCCOCCOCCOCCOCCOCCOCCOCCOCCOCCOCCOCCOCCOCCOCCOCCOCCOCCOCCOCCOCCOCCOCCOCCOCCOCCOCCOCCOCCOCCOCCOCCOCCOCCOCCOCCOCCOCCOCCOCCOCCOCCOCCOCCOCCOCCOCCOCCOCCOCCOCCOCCOCCOCCOCCOCCOCCOCCOCCOCCOCCOCCOCCOCCOCCOCCOCCOCCOCCOCCOCCOCCOCCOCCOCCOCCOCCOCCOCCOCCOCCOCCOCCOCCOCCO)OC(=O)CCCCCCCCCCCCC,98.0,,,0.14,,,,,,,,,,,,synthesis_method: Microfluidic; device_used: NanoAssemblr benchtop; total_flow_rate_ml_min: ; flow_rate_ratio: ; aqueous_phase_composition: citrate acid buffer; organic_phase_composition: ethanol; mixing_time_sec: ; temperature_condition: ; post_processing: ; sterilization: ; storage_buffer: ,"cell_line: Hep3B; animal_model: C57BL/6 mice; administration_route: IV; dose: 0.5 mg/kg; gene_expression_result: ~0.2 fold vs TT3 in liver; biodistribution_result: Liver, spleen, lung, kidney, heart",0.2,fold_change,0.2,10.1126/sciadv.abc2315,Functionalized lipid-like nanoparticles for in vivo mRNA delivery and base editing,"['Xinfu Zhang', 'Weiyu Zhao', 'Giang N. Nguyen', 'Chengxiang Zhang', 'Chunxi Zeng', 'Jingyue Yan', 'Shi Du', 'Xucheng Hou', 'Wenqing Li', 'Justin Jiang', 'Binbin Deng', 'David W. McComb', 'Robert Dorkin', 'Aalok Shah', 'Luis Barrera', 'Francine Gregoire', 'Manmohan Singh', 'Delai Chen', 'Denise E. Sabatino', 'Yizhou Dong']",Science Advances,2020.0,FTT9,DOPE,cholesterol,DMG-PEG2000
184,Custom lipid,DOPE,cholesterol,DMG-PEG2000,20:0.75:40:30,mRNA,firefly_luciferase,CCC=CCOC(=O)CCCCCCCCN(CCC=CCOC(=O)CCCCCCCCC)CCCNC(=O)c1cc(C(=O)NCCN(CCC=CCOC(=O)CCCCCCCCC)CCC=CCOC(=O)CCCCCCCCC)cc(C(=O)NCCCN(CCC=CCOC(=O)CCCCCCCCC)CCC=CCOC(=O)CCCCCCCCC)c1,CCCCCCCC/C=C\CCCCCCCC(=O)OC[C@H](COP(=O)(O)OCCN)OC(=O)CCCCCCC/C=C\CCCCCCCC,C[C@H](CCCC(C)C)[C@H]1CC[C@@H]2[C@@]1(CC[C@H]3[C@H]2CC=C4[C@@]3(CC[C@@H](C4)O)C)C,CCCCCCCCCCCCCC(=O)OCC(COP(=O)([O-])OCCOCCOCCOCCOCCOCCOCCOCCOCCOCCOCCOCCOCCOCCOCCOCCOCCOCCOCCOCCOCCOCCOCCOCCOCCOCCOCCOCCOCCOCCOCCOCCOCCOCCOCCOCCOCCOCCOCCOCCOCCOCCOCCOCCOCCOCCOCCOCCOCCOCCOCCOCCOCCOCCOCCOCCOCCOCCOCCOCCOCCOCCOCCOCCOCCOCCOCCOCCOCCOCCOCCOCCOCCOCCOCCOCCOCCOCCOCCOCCOCCOCCOCCOCCOCCOCCOCCOCCOCCOCCO)OC(=O)CCCCCCCCCCCCC,100.0,,,0.15,,,,,,,,,,,,synthesis_method: Microfluidic; device_used: NanoAssemblr benchtop; total_flow_rate_ml_min: ; flow_rate_ratio: ; aqueous_phase_composition: citrate acid buffer; organic_phase_composition: ethanol; mixing_time_sec: ; temperature_condition: ; post_processing: ; sterilization: ; storage_buffer: ,"cell_line: Hep3B; animal_model: C57BL/6 mice; administration_route: IV; dose: 0.5 mg/kg; gene_expression_result: ~0.1 fold vs TT3 in liver; biodistribution_result: Liver, spleen, lung, kidney, heart",0.1,fold_change,0.1,10.1126/sciadv.abc2315,Functionalized lipid-like nanoparticles for in vivo mRNA delivery and base editing,"['Xinfu Zhang', 'Weiyu Zhao', 'Giang N. Nguyen', 'Chengxiang Zhang', 'Chunxi Zeng', 'Jingyue Yan', 'Shi Du', 'Xucheng Hou', 'Wenqing Li', 'Justin Jiang', 'Binbin Deng', 'David W. McComb', 'Robert Dorkin', 'Aalok Shah', 'Luis Barrera', 'Francine Gregoire', 'Manmohan Singh', 'Delai Chen', 'Denise E. Sabatino', 'Yizhou Dong']",Science Advances,2020.0,FTT10,DOPE,cholesterol,DMG-PEG2000
198,OF-Deg-Lin,DOPE,cholesterol,C14-PEG2000,35:16:46.5:2.5,mRNA,firefly_luciferase,CCCCC/C=C\C/C=C\CCCCCCCC(=O)OCCN(CCOC(=O)CCCCCCC/C=C\C/C=C\CCCCC)CCCCC1NC(=O)C(NC1=O)CCCCN(CCOC(=O)CCCCCCC/C=C\C/C=C\CCCCC)CCOC(=O)CCCCCCC/C=C\C/C=C\CCCCC,CCCCCCCC/C=C\CCCCCCCC(=O)OC[C@H](COP(=O)(O)OCCN)OC(=O)CCCCCCC/C=C\CCCCCCCC,C[C@H](CCCC(C)C)[C@H]1CC[C@@H]2[C@@]1(CC[C@H]3[C@H]2CC=C4[C@@]3(CC[C@@H](C4)O)C)C,CCCCCCCCCCCCCCOC(=O)CCOCCOCCOCCOCCOCCOCCOCCOCCOCCOCCOCCOCCOCCOCCOCCOCCOCCOCCOCCOCCOCCOCCOCCOCCOCCOCCOCCOCCOCCOCCOCCOCCOCCOCCOCCOCCOCCOCCOCCOCCOCCOCCOCCOCCOCCOCCOCCOCCOCCOCCOCCOCCOCCOCCOCCOCCOCCOCCOCCOCCOCCOCCOCCOCCOCCOCCOCCOCCOCCOCCOCCOCCOCCOCCOCCOCCOCCOCCOCCOCCOCCOCCOCCOCCOCCOCCOCCOCCOCCO,75.0,10.0,,0.197,,,60.0,,approx,,,,wt/wt,10.0,OTHER_wt_ratio,"synthesis_method: Microfluidic; device_used: microfluidic chip device using syringe pumps; total_flow_rate_ml_min: ; flow_rate_ratio: 3:1 (ethanol:aqueous); aqueous_phase_composition: 10 mM citrate buffer (pH 3); organic_phase_composition: 100% ethanol with lipid mixture; mixing_time_sec: ; temperature_condition: ; post_processing: dialyzed against 1X PBS in a 20,000 MWCO cassette at 4¡ÆC for 2 hours; sterilization: ; storage_buffer: 1X PBS, stored at 4¡ÆC prior to injection","cell_line: HeLa; animal_model: C57BL/6 mice (female, 18-22 g); administration_route: IV (tail vein); dose: 0.75 mg/kg, 1.5 mg/kg, 2.25 mg/kg; gene_expression_result: ?60 pg luciferase per million B cells at highest dose (2.25 mg/kg); biodistribution_result: >85% of total protein production in spleen; toxicity_profile: negligible toxicity at doses up to 4 mg/kg",60.0,numeric,,10.1002/adma.201606944,Synthesis and Biological Evaluation of Ionizable Lipid Materials for the In Vivo Delivery of Messenger RNA to B Lymphocytes,"['Owen S. Fenton', 'Kevin J. Kauffman', 'James C. Kaczmarek', 'Rebecca L. McClellan', 'Siddharth Jhunjhunwala', 'Mark W. Tibbitt', 'Manhao D. Zeng', 'Eric A. Appel', 'Joseph R. Dorkin', 'Faryal F. Mir', 'Jung H. Yang', 'Matthias A. Oberli', 'Michael W. Heartlein', 'Frank DeRosa', 'Robert Langer', 'Daniel G. Anderson']",Advanced Materials,2017.0,OF-Deg-Lin,DOPE,cholesterol,C14-PEG-2000
199,OF-Deg-Lin,DOPE,cholesterol,C14-PEG2000,35:16:46.5:2.5,mRNA,firefly_luciferase,CCCCC/C=C\C/C=C\CCCCCCCC(=O)OCCN(CCOC(=O)CCCCCCC/C=C\C/C=C\CCCCC)CCCCC1NC(=O)C(NC1=O)CCCCN(CCOC(=O)CCCCCCC/C=C\C/C=C\CCCCC)CCOC(=O)CCCCCCC/C=C\C/C=C\CCCCC,CCCCCCCC/C=C\CCCCCCCC(=O)OC[C@H](COP(=O)(O)OCCN)OC(=O)CCCCCCC/C=C\CCCCCCCC,C[C@H](CCCC(C)C)[C@H]1CC[C@@H]2[C@@]1(CC[C@H]3[C@H]2CC=C4[C@@]3(CC[C@@H](C4)O)C)C,CCCCCCCCCCCCCCOC(=O)CCOCCOCCOCCOCCOCCOCCOCCOCCOCCOCCOCCOCCOCCOCCOCCOCCOCCOCCOCCOCCOCCOCCOCCOCCOCCOCCOCCOCCOCCOCCOCCOCCOCCOCCOCCOCCOCCOCCOCCOCCOCCOCCOCCOCCOCCOCCOCCOCCOCCOCCOCCOCCOCCOCCOCCOCCOCCOCCOCCOCCOCCOCCOCCOCCOCCOCCOCCOCCOCCOCCOCCOCCOCCOCCOCCOCCOCCOCCOCCOCCOCCOCCOCCOCCOCCOCCOCCOCCOCCO,75.0,10.0,,0.197,,,60.0,,approx,,,,wt/wt,10.0,OTHER_wt_ratio,"synthesis_method: Microfluidic; device_used: microfluidic chip device using syringe pumps; total_flow_rate_ml_min: ; flow_rate_ratio: 3:1 (ethanol:aqueous); aqueous_phase_composition: 10 mM citrate buffer (pH 3); organic_phase_composition: 100% ethanol with lipid mixture; mixing_time_sec: ; temperature_condition: ; post_processing: dialyzed against 1X PBS in a 20,000 MWCO cassette at 4¡ÆC for 2 hours; sterilization: ; storage_buffer: 1X PBS, stored at 4¡ÆC prior to injection","animal_model: C57BL/6 mice (female, 18-22 g); administration_route: IV (tail vein); dose: 0.75 mg/kg; gene_expression_result: N/A (non-translating mRNA); biodistribution_result: transient transport to liver (>100-fold more fluorescent signal in liver than spleen)",,,,10.1002/adma.201606944,Synthesis and Biological Evaluation of Ionizable Lipid Materials for the In Vivo Delivery of Messenger RNA to B Lymphocytes,"['Owen S. Fenton', 'Kevin J. Kauffman', 'James C. Kaczmarek', 'Rebecca L. McClellan', 'Siddharth Jhunjhunwala', 'Mark W. Tibbitt', 'Manhao D. Zeng', 'Eric A. Appel', 'Joseph R. Dorkin', 'Faryal F. Mir', 'Jung H. Yang', 'Matthias A. Oberli', 'Michael W. Heartlein', 'Frank DeRosa', 'Robert Langer', 'Daniel G. Anderson']",Advanced Materials,2017.0,OF-Deg-Lin,DOPE,cholesterol,C14-PEG-2000
200,OF-02,DOPE,cholesterol,C14-PEG2000,35:16:46.5:2.5,mRNA,firefly_luciferase,CCCCC/C=C\C/C=C\CCCCCCC(O)CN(CC(O)CCCCCC/C=C\C/C=C\CCCCC)CCCCC1NC(=O)C(NC1=O)CCCCN(CC(O)CCCCCC/C=C\C/C=C\CCCCC)CC(O)CCCCCC/C=C\C/C=C\CCCCC,CCCCCCCC/C=C\CCCCCCCC(=O)OC[C@H](COP(=O)(O)OCCN)OC(=O)CCCCCCC/C=C\CCCCCCCC,C[C@H](CCCC(C)C)[C@H]1CC[C@@H]2[C@@]1(CC[C@H]3[C@H]2CC=C4[C@@]3(CC[C@@H](C4)O)C)C,CCCCCCCCCCCCCCOC(=O)CCOCCOCCOCCOCCOCCOCCOCCOCCOCCOCCOCCOCCOCCOCCOCCOCCOCCOCCOCCOCCOCCOCCOCCOCCOCCOCCOCCOCCOCCOCCOCCOCCOCCOCCOCCOCCOCCOCCOCCOCCOCCOCCOCCOCCOCCOCCOCCOCCOCCOCCOCCOCCOCCOCCOCCOCCOCCOCCOCCOCCOCCOCCOCCOCCOCCOCCOCCOCCOCCOCCOCCOCCOCCOCCOCCOCCOCCOCCOCCOCCOCCOCCOCCOCCOCCOCCOCCOCCOCCO,,,,,,,,,,,,,wt/wt,10.0,OTHER_wt_ratio,"synthesis_method: Microfluidic; device_used: microfluidic chip device using syringe pumps; total_flow_rate_ml_min: ; flow_rate_ratio: 3:1 (ethanol:aqueous); aqueous_phase_composition: 10 mM citrate buffer (pH 3); organic_phase_composition: 100% ethanol with lipid mixture; mixing_time_sec: ; temperature_condition: ; post_processing: dialyzed against 1X PBS in a 20,000 MWCO cassette at 4¡ÆC for 2 hours; sterilization: ; storage_buffer: 1X PBS, stored at 4¡ÆC prior to injection","animal_model: C57BL/6 mice (female, 18-22 g); administration_route: IV (tail vein); dose: 0.75 mg/kg; gene_expression_result: predominantly in liver; biodistribution_result: majority of protein expression in liver (non-degradable ionizable lipid control)",,,,10.1002/adma.201606944,Synthesis and Biological Evaluation of Ionizable Lipid Materials for the In Vivo Delivery of Messenger RNA to B Lymphocytes,"['Owen S. Fenton', 'Kevin J. Kauffman', 'James C. Kaczmarek', 'Rebecca L. McClellan', 'Siddharth Jhunjhunwala', 'Mark W. Tibbitt', 'Manhao D. Zeng', 'Eric A. Appel', 'Joseph R. Dorkin', 'Faryal F. Mir', 'Jung H. Yang', 'Matthias A. Oberli', 'Michael W. Heartlein', 'Frank DeRosa', 'Robert Langer', 'Daniel G. Anderson']",Advanced Materials,2017.0,OF-02,DOPE,cholesterol,C14-PEG-2000
201,OF-02,DOPE,cholesterol,C14-PEG2000,35:16:46.5:2.5,mRNA,firefly_luciferase,CCCCC/C=C\C/C=C\CCCCCCC(O)CN(CC(O)CCCCCC/C=C\C/C=C\CCCCC)CCCCC1NC(=O)C(NC1=O)CCCCN(CC(O)CCCCCC/C=C\C/C=C\CCCCC)CC(O)CCCCCC/C=C\C/C=C\CCCCC,CCCCCCCC/C=C\CCCCCCCC(=O)OC[C@H](COP(=O)(O)OCCN)OC(=O)CCCCCCC/C=C\CCCCCCCC,C[C@H](CCCC(C)C)[C@H]1CC[C@@H]2[C@@]1(CC[C@H]3[C@H]2CC=C4[C@@]3(CC[C@@H](C4)O)C)C,CCCCCCCCCCCCCCOC(=O)CCOCCOCCOCCOCCOCCOCCOCCOCCOCCOCCOCCOCCOCCOCCOCCOCCOCCOCCOCCOCCOCCOCCOCCOCCOCCOCCOCCOCCOCCOCCOCCOCCOCCOCCOCCOCCOCCOCCOCCOCCOCCOCCOCCOCCOCCOCCOCCOCCOCCOCCOCCOCCOCCOCCOCCOCCOCCOCCOCCOCCOCCOCCOCCOCCOCCOCCOCCOCCOCCOCCOCCOCCOCCOCCOCCOCCOCCOCCOCCOCCOCCOCCOCCOCCOCCOCCOCCOCCOCCO,,,,,,,,,,,,,wt/wt,10.0,OTHER_wt_ratio,"synthesis_method: Microfluidic; device_used: microfluidic chip device using syringe pumps; total_flow_rate_ml_min: ; flow_rate_ratio: 3:1 (ethanol:aqueous); aqueous_phase_composition: 10 mM citrate buffer (pH 3); organic_phase_composition: 100% ethanol with lipid mixture; mixing_time_sec: ; temperature_condition: ; post_processing: dialyzed against 1X PBS in a 20,000 MWCO cassette at 4¡ÆC for 2 hours; sterilization: ; storage_buffer: 1X PBS, stored at 4¡ÆC prior to injection","animal_model: C57BL/6 mice (female, 18-22 g); administration_route: IV (tail vein); dose: 0.75 mg/kg; gene_expression_result: N/A (non-translating mRNA); biodistribution_result: transported predominantly to liver",,,,10.1002/adma.201606944,Synthesis and Biological Evaluation of Ionizable Lipid Materials for the In Vivo Delivery of Messenger RNA to B Lymphocytes,"['Owen S. Fenton', 'Kevin J. Kauffman', 'James C. Kaczmarek', 'Rebecca L. McClellan', 'Siddharth Jhunjhunwala', 'Mark W. Tibbitt', 'Manhao D. Zeng', 'Eric A. Appel', 'Joseph R. Dorkin', 'Faryal F. Mir', 'Jung H. Yang', 'Matthias A. Oberli', 'Michael W. Heartlein', 'Frank DeRosa', 'Robert Langer', 'Daniel G. Anderson']",Advanced Materials,2017.0,OF-02,DOPE,cholesterol,C14-PEG-2000
202,Custom lipid,DOPE,cholesterol,C14-PEG2000,35:2.5:46.5:16,mRNA,"firefly_luciferase, barcode(dna barcode 1)",NNCC1=CC(=C(O)C(=C1)OC(=O)CC(CC)CCC)OC(=O)CC(CC)CCC,CCCCCCCC/C=C\CCCCCCCC(=O)OC[C@H](COP(=O)(O)OCCN)OC(=O)CCCCCCC/C=C\CCCCCCCC,C[C@H](CCCC(C)C)[C@H]1CC[C@@H]2[C@@]1(CC[C@H]3[C@H]2CC=C4[C@@]3(CC[C@@H](C4)O)C)C,CCCCCCCCCCCCCCOC(=O)CCOCCOCCOCCOCCOCCOCCOCCOCCOCCOCCOCCOCCOCCOCCOCCOCCOCCOCCOCCOCCOCCOCCOCCOCCOCCOCCOCCOCCOCCOCCOCCOCCOCCOCCOCCOCCOCCOCCOCCOCCOCCOCCOCCOCCOCCOCCOCCOCCOCCOCCOCCOCCOCCOCCOCCOCCOCCOCCOCCOCCOCCOCCOCCOCCOCCOCCOCCOCCOCCOCCOCCOCCOCCOCCOCCOCCOCCOCCOCCOCCOCCOCCOCCOCCOCCOCCOCCOCCOCCO,213.2,,,0.4,,,52.8,,,1.6,,,wt/wt,10.0,OTHER_wt_ratio,"synthesis_method: Microfluidic mixing or pipette mixing; device_used: Microfluidic device with staggered herringbone features; total_flow_rate_ml_min: 2.4; flow_rate_ratio: 1:3 (organic:aqueous); aqueous_phase_composition: 10 mM citrate buffer; organic_phase_composition: Ethanol with lipids; mixing_time_sec: ; temperature_condition: Room temperature; post_processing: Dialysis in 1x PBS for 2h, filtration through 0.45 ¥ìm filter; sterilization: 0.45 ¥ìm filtration; storage_buffer: 1x PBS","cell_line: HeLa; animal_model: C57BL/6J female mice; administration_route: intravenous (IV); dose: 1.0 mg/kg total nucleic acid; biodistribution_result: Measured by deep sequencing in heart, liver, spleen, lungs, kidneys; toxicity_profile: Cell viability >85%",,,,https://doi.org/10.1038/s41467-024-45422-9,"High-throughput barcoding of nanoparticles identifies cationic, degradable lipid-like materials for mRNA delivery to the lungs in female preclinical models","['Lulu Xue', 'Alex G. Hamilton', 'Gan Zhao', 'Zebin Xiao', 'Rakan El-Mayta', 'Xuexiang Han', 'Ningqiang Gong', 'Xinhong Xiong', 'Junchao Xu', 'Christian G. Figueroa-Espada', 'Sarah J. Shepherd', 'Alvin J. Mukalel', 'Mohamad-Gabriel Alameh', 'Jiaxi Cui', 'Karin Wang', 'Andrew E. Vaughan', 'Drew Weissman', 'Michael J. Mitchell']",Nature Communications,2024.0,1-A2-6b,DOPE,cholesterol,C14PEG2K
203,Custom lipid,DOPE,cholesterol,C14-PEG2000,35:2.5:46.5:16,mRNA,"firefly_luciferase, barcode(dna barcode 2)",NCCCCNCC1=CC(=C(O)C(=C1)OC(=O)CC(CC)CCC)OC(=O)CC(CC)CCC,CCCCCCCC/C=C\CCCCCCCC(=O)OC[C@H](COP(=O)(O)OCCN)OC(=O)CCCCCCC/C=C\CCCCCCCC,C[C@H](CCCC(C)C)[C@H]1CC[C@@H]2[C@@]1(CC[C@H]3[C@H]2CC=C4[C@@]3(CC[C@@H](C4)O)C)C,CCCCCCCCCCCCCCOC(=O)CCOCCOCCOCCOCCOCCOCCOCCOCCOCCOCCOCCOCCOCCOCCOCCOCCOCCOCCOCCOCCOCCOCCOCCOCCOCCOCCOCCOCCOCCOCCOCCOCCOCCOCCOCCOCCOCCOCCOCCOCCOCCOCCOCCOCCOCCOCCOCCOCCOCCOCCOCCOCCOCCOCCOCCOCCOCCOCCOCCOCCOCCOCCOCCOCCOCCOCCOCCOCCOCCOCCOCCOCCOCCOCCOCCOCCOCCOCCOCCOCCOCCOCCOCCOCCOCCOCCOCCOCCOCCO,221.9,,,0.35,,,69.7,,,4.2,,,wt/wt,10.0,OTHER_wt_ratio,"synthesis_method: Microfluidic mixing or pipette mixing; device_used: Microfluidic device with staggered herringbone features; total_flow_rate_ml_min: 2.4; flow_rate_ratio: 1:3 (organic:aqueous); aqueous_phase_composition: 10 mM citrate buffer; organic_phase_composition: Ethanol with lipids; mixing_time_sec: ; temperature_condition: Room temperature; post_processing: Dialysis in 1x PBS for 2h, filtration through 0.45 ¥ìm filter; sterilization: 0.45 ¥ìm filtration; storage_buffer: 1x PBS","cell_line: HeLa; animal_model: C57BL/6J female mice; administration_route: intravenous (IV); dose: 1.0 mg/kg total nucleic acid; biodistribution_result: Measured by deep sequencing in heart, liver, spleen, lungs, kidneys; toxicity_profile: Cell viability >85%",,,,https://doi.org/10.1038/s41467-024-45422-9,"High-throughput barcoding of nanoparticles identifies cationic, degradable lipid-like materials for mRNA delivery to the lungs in female preclinical models","['Lulu Xue', 'Alex G. Hamilton', 'Gan Zhao', 'Zebin Xiao', 'Rakan El-Mayta', 'Xuexiang Han', 'Ningqiang Gong', 'Xinhong Xiong', 'Junchao Xu', 'Christian G. Figueroa-Espada', 'Sarah J. Shepherd', 'Alvin J. Mukalel', 'Mohamad-Gabriel Alameh', 'Jiaxi Cui', 'Karin Wang', 'Andrew E. Vaughan', 'Drew Weissman', 'Michael J. Mitchell']",Nature Communications,2024.0,2-A2-6b,DOPE,cholesterol,C14PEG2K
204,Custom lipid,DOPE,cholesterol,C14-PEG2000,35:2.5:46.5:16,mRNA,"firefly_luciferase, barcode(dna barcode 3)",NC1CCN(CC1)CC2=CC(=C(O)C(=C2)OC(=O)CC(CC)CCC)OC(=O)CC(CC)CCC,CCCCCCCC/C=C\CCCCCCCC(=O)OC[C@H](COP(=O)(O)OCCN)OC(=O)CCCCCCC/C=C\CCCCCCCC,C[C@H](CCCC(C)C)[C@H]1CC[C@@H]2[C@@]1(CC[C@H]3[C@H]2CC=C4[C@@]3(CC[C@@H](C4)O)C)C,CCCCCCCCCCCCCCOC(=O)CCOCCOCCOCCOCCOCCOCCOCCOCCOCCOCCOCCOCCOCCOCCOCCOCCOCCOCCOCCOCCOCCOCCOCCOCCOCCOCCOCCOCCOCCOCCOCCOCCOCCOCCOCCOCCOCCOCCOCCOCCOCCOCCOCCOCCOCCOCCOCCOCCOCCOCCOCCOCCOCCOCCOCCOCCOCCOCCOCCOCCOCCOCCOCCOCCOCCOCCOCCOCCOCCOCCOCCOCCOCCOCCOCCOCCOCCOCCOCCOCCOCCOCCOCCOCCOCCOCCOCCOCCOCCO,185.3,,,0.29,,,57.4,,,6.2,,,wt/wt,10.0,OTHER_wt_ratio,"synthesis_method: Microfluidic mixing or pipette mixing; device_used: Microfluidic device with staggered herringbone features; total_flow_rate_ml_min: 2.4; flow_rate_ratio: 1:3 (organic:aqueous); aqueous_phase_composition: 10 mM citrate buffer; organic_phase_composition: Ethanol with lipids; mixing_time_sec: ; temperature_condition: Room temperature; post_processing: Dialysis in 1x PBS for 2h, filtration through 0.45 ¥ìm filter; sterilization: 0.45 ¥ìm filtration; storage_buffer: 1x PBS","cell_line: HeLa; animal_model: C57BL/6J female mice; administration_route: intravenous (IV); dose: 1.0 mg/kg total nucleic acid (barcoding), 0.1 mg/kg FLuc mRNA (validation); gene_expression_result: Top lung-targeting candidate; biodistribution_result: Lung-specific enrichment; toxicity_profile: Cell viability >85%",,,,https://doi.org/10.1038/s41467-024-45422-9,"High-throughput barcoding of nanoparticles identifies cationic, degradable lipid-like materials for mRNA delivery to the lungs in female preclinical models","['Lulu Xue', 'Alex G. Hamilton', 'Gan Zhao', 'Zebin Xiao', 'Rakan El-Mayta', 'Xuexiang Han', 'Ningqiang Gong', 'Xinhong Xiong', 'Junchao Xu', 'Christian G. Figueroa-Espada', 'Sarah J. Shepherd', 'Alvin J. Mukalel', 'Mohamad-Gabriel Alameh', 'Jiaxi Cui', 'Karin Wang', 'Andrew E. Vaughan', 'Drew Weissman', 'Michael J. Mitchell']",Nature Communications,2024.0,3-A2-6b,DOPE,cholesterol,C14PEG2K
205,Custom lipid,DOPE,cholesterol,C14-PEG2000,35:2.5:46.5:16,mRNA,"firefly_luciferase, barcode(dna barcode 4)",NCCN1CCN(CC1)CC2=CC(=C(O)C(=C2)OC(=O)CC(CC)CCC)OC(=O)CC(CC)CCC,CCCCCCCC/C=C\CCCCCCCC(=O)OC[C@H](COP(=O)(O)OCCN)OC(=O)CCCCCCC/C=C\CCCCCCCC,C[C@H](CCCC(C)C)[C@H]1CC[C@@H]2[C@@]1(CC[C@H]3[C@H]2CC=C4[C@@]3(CC[C@@H](C4)O)C)C,CCCCCCCCCCCCCCOC(=O)CCOCCOCCOCCOCCOCCOCCOCCOCCOCCOCCOCCOCCOCCOCCOCCOCCOCCOCCOCCOCCOCCOCCOCCOCCOCCOCCOCCOCCOCCOCCOCCOCCOCCOCCOCCOCCOCCOCCOCCOCCOCCOCCOCCOCCOCCOCCOCCOCCOCCOCCOCCOCCOCCOCCOCCOCCOCCOCCOCCOCCOCCOCCOCCOCCOCCOCCOCCOCCOCCOCCOCCOCCOCCOCCOCCOCCOCCOCCOCCOCCOCCOCCOCCOCCOCCOCCOCCOCCOCCO,205.6,,,0.29,,,63.0,,,7.1,,,wt/wt,10.0,OTHER_wt_ratio,"synthesis_method: Microfluidic mixing or pipette mixing; device_used: Microfluidic device with staggered herringbone features; total_flow_rate_ml_min: 2.4; flow_rate_ratio: 1:3 (organic:aqueous); aqueous_phase_composition: 10 mM citrate buffer; organic_phase_composition: Ethanol with lipids; mixing_time_sec: ; temperature_condition: Room temperature; post_processing: Dialysis in 1x PBS for 2h, filtration through 0.45 ¥ìm filter; sterilization: 0.45 ¥ìm filtration; storage_buffer: 1x PBS","cell_line: HeLa; animal_model: C57BL/6J female mice; administration_route: intravenous (IV); dose: 1.0 mg/kg total nucleic acid (barcoding), 0.1 mg/kg FLuc mRNA (validation); gene_expression_result: Top lung-targeting candidate; biodistribution_result: Lung-specific enrichment; toxicity_profile: Cell viability >85%",,,,https://doi.org/10.1038/s41467-024-45422-9,"High-throughput barcoding of nanoparticles identifies cationic, degradable lipid-like materials for mRNA delivery to the lungs in female preclinical models","['Lulu Xue', 'Alex G. Hamilton', 'Gan Zhao', 'Zebin Xiao', 'Rakan El-Mayta', 'Xuexiang Han', 'Ningqiang Gong', 'Xinhong Xiong', 'Junchao Xu', 'Christian G. Figueroa-Espada', 'Sarah J. Shepherd', 'Alvin J. Mukalel', 'Mohamad-Gabriel Alameh', 'Jiaxi Cui', 'Karin Wang', 'Andrew E. Vaughan', 'Drew Weissman', 'Michael J. Mitchell']",Nature Communications,2024.0,4-A2-6b,DOPE,cholesterol,C14PEG2K
206,Custom lipid,DOPE,cholesterol,C14-PEG2000,35:2.5:46.5:16,mRNA,"firefly_luciferase, barcode(dna barcode 5)",NCCCN(CC1=CC(=C(O)C(=C1)OC(=O)CC(CC)CCC)OC(=O)CC(CC)CCC)CCN,CCCCCCCC/C=C\CCCCCCCC(=O)OC[C@H](COP(=O)(O)OCCN)OC(=O)CCCCCCC/C=C\CCCCCCCC,C[C@H](CCCC(C)C)[C@H]1CC[C@@H]2[C@@]1(CC[C@H]3[C@H]2CC=C4[C@@]3(CC[C@@H](C4)O)C)C,CCCCCCCCCCCCCCOC(=O)CCOCCOCCOCCOCCOCCOCCOCCOCCOCCOCCOCCOCCOCCOCCOCCOCCOCCOCCOCCOCCOCCOCCOCCOCCOCCOCCOCCOCCOCCOCCOCCOCCOCCOCCOCCOCCOCCOCCOCCOCCOCCOCCOCCOCCOCCOCCOCCOCCOCCOCCOCCOCCOCCOCCOCCOCCOCCOCCOCCOCCOCCOCCOCCOCCOCCOCCOCCOCCOCCOCCOCCOCCOCCOCCOCCOCCOCCOCCOCCOCCOCCOCCOCCOCCOCCOCCOCCOCCOCCO,219.7,,,0.34,,,51.5,,,-5.4,,,wt/wt,10.0,OTHER_wt_ratio,"synthesis_method: Microfluidic mixing or pipette mixing; device_used: Microfluidic device with staggered herringbone features; total_flow_rate_ml_min: 2.4; flow_rate_ratio: 1:3 (organic:aqueous); aqueous_phase_composition: 10 mM citrate buffer; organic_phase_composition: Ethanol with lipids; mixing_time_sec: ; temperature_condition: Room temperature; post_processing: Dialysis in 1x PBS for 2h, filtration through 0.45 ¥ìm filter; sterilization: 0.45 ¥ìm filtration; storage_buffer: 1x PBS","cell_line: HeLa; animal_model: C57BL/6J female mice; administration_route: intravenous (IV); dose: 1.0 mg/kg total nucleic acid; biodistribution_result: Measured by deep sequencing in heart, liver, spleen, lungs, kidneys; toxicity_profile: Cell viability >85%",,,,https://doi.org/10.1038/s41467-024-45422-9,"High-throughput barcoding of nanoparticles identifies cationic, degradable lipid-like materials for mRNA delivery to the lungs in female preclinical models","['Lulu Xue', 'Alex G. Hamilton', 'Gan Zhao', 'Zebin Xiao', 'Rakan El-Mayta', 'Xuexiang Han', 'Ningqiang Gong', 'Xinhong Xiong', 'Junchao Xu', 'Christian G. Figueroa-Espada', 'Sarah J. Shepherd', 'Alvin J. Mukalel', 'Mohamad-Gabriel Alameh', 'Jiaxi Cui', 'Karin Wang', 'Andrew E. Vaughan', 'Drew Weissman', 'Michael J. Mitchell']",Nature Communications,2024.0,11-A2-6b,DOPE,cholesterol,C14PEG2K
207,Custom lipid,DOPE,cholesterol,C14-PEG2000,35:2.5:46.5:16,mRNA,"firefly_luciferase, barcode(dna barcode 6)",NCCN(CC1=CC(=C(O)C(=C1)OC(=O)CC(CC)CCC)OC(=O)CC(CC)CCC)CCCN,CCCCCCCC/C=C\CCCCCCCC(=O)OC[C@H](COP(=O)(O)OCCN)OC(=O)CCCCCCC/C=C\CCCCCCCC,C[C@H](CCCC(C)C)[C@H]1CC[C@@H]2[C@@]1(CC[C@H]3[C@H]2CC=C4[C@@]3(CC[C@@H](C4)O)C)C,CCCCCCCCCCCCCCOC(=O)CCOCCOCCOCCOCCOCCOCCOCCOCCOCCOCCOCCOCCOCCOCCOCCOCCOCCOCCOCCOCCOCCOCCOCCOCCOCCOCCOCCOCCOCCOCCOCCOCCOCCOCCOCCOCCOCCOCCOCCOCCOCCOCCOCCOCCOCCOCCOCCOCCOCCOCCOCCOCCOCCOCCOCCOCCOCCOCCOCCOCCOCCOCCOCCOCCOCCOCCOCCOCCOCCOCCOCCOCCOCCOCCOCCOCCOCCOCCOCCOCCOCCOCCOCCOCCOCCOCCOCCOCCOCCO,214.6,,,0.31,,,76.9,,,6.6,,,wt/wt,10.0,OTHER_wt_ratio,"synthesis_method: Microfluidic mixing or pipette mixing; device_used: Microfluidic device with staggered herringbone features; total_flow_rate_ml_min: 2.4; flow_rate_ratio: 1:3 (organic:aqueous); aqueous_phase_composition: 10 mM citrate buffer; organic_phase_composition: Ethanol with lipids; mixing_time_sec: ; temperature_condition: Room temperature; post_processing: Dialysis in 1x PBS for 2h, filtration through 0.45 ¥ìm filter; sterilization: 0.45 ¥ìm filtration; storage_buffer: 1x PBS","cell_line: HeLa; animal_model: C57BL/6J female mice; administration_route: intravenous (IV); dose: 1.0 mg/kg total nucleic acid; biodistribution_result: Measured by deep sequencing in heart, liver, spleen, lungs, kidneys; toxicity_profile: Cell viability >85%",,,,https://doi.org/10.1038/s41467-024-45422-9,"High-throughput barcoding of nanoparticles identifies cationic, degradable lipid-like materials for mRNA delivery to the lungs in female preclinical models","['Lulu Xue', 'Alex G. Hamilton', 'Gan Zhao', 'Zebin Xiao', 'Rakan El-Mayta', 'Xuexiang Han', 'Ningqiang Gong', 'Xinhong Xiong', 'Junchao Xu', 'Christian G. Figueroa-Espada', 'Sarah J. Shepherd', 'Alvin J. Mukalel', 'Mohamad-Gabriel Alameh', 'Jiaxi Cui', 'Karin Wang', 'Andrew E. Vaughan', 'Drew Weissman', 'Michael J. Mitchell']",Nature Communications,2024.0,12-A2-6b,DOPE,cholesterol,C14PEG2K
208,Custom lipid,DOPE,cholesterol,C14-PEG2000,35:2.5:46.5:16,mRNA,"firefly_luciferase, barcode(dna barcode 7)",NNCC1=CC(=C(O)C(=C1)OC(=O)CC(CC)CCCC)OC(=O)CC(CC)CCCC,CCCCCCCC/C=C\CCCCCCCC(=O)OC[C@H](COP(=O)(O)OCCN)OC(=O)CCCCCCC/C=C\CCCCCCCC,C[C@H](CCCC(C)C)[C@H]1CC[C@@H]2[C@@]1(CC[C@H]3[C@H]2CC=C4[C@@]3(CC[C@@H](C4)O)C)C,CCCCCCCCCCCCCCOC(=O)CCOCCOCCOCCOCCOCCOCCOCCOCCOCCOCCOCCOCCOCCOCCOCCOCCOCCOCCOCCOCCOCCOCCOCCOCCOCCOCCOCCOCCOCCOCCOCCOCCOCCOCCOCCOCCOCCOCCOCCOCCOCCOCCOCCOCCOCCOCCOCCOCCOCCOCCOCCOCCOCCOCCOCCOCCOCCOCCOCCOCCOCCOCCOCCOCCOCCOCCOCCOCCOCCOCCOCCOCCOCCOCCOCCOCCOCCOCCOCCOCCOCCOCCOCCOCCOCCOCCOCCOCCOCCO,182.5,,,0.25,,,73.4,,,-6.2,,,wt/wt,10.0,OTHER_wt_ratio,"synthesis_method: Microfluidic mixing or pipette mixing; device_used: Microfluidic device with staggered herringbone features; total_flow_rate_ml_min: 2.4; flow_rate_ratio: 1:3 (organic:aqueous); aqueous_phase_composition: 10 mM citrate buffer; organic_phase_composition: Ethanol with lipids; mixing_time_sec: ; temperature_condition: Room temperature; post_processing: Dialysis in 1x PBS for 2h, filtration through 0.45 ¥ìm filter; sterilization: 0.45 ¥ìm filtration; storage_buffer: 1x PBS","cell_line: HeLa; animal_model: C57BL/6J female mice; administration_route: intravenous (IV); dose: 1.0 mg/kg total nucleic acid; biodistribution_result: Measured by deep sequencing in heart, liver, spleen, lungs, kidneys; toxicity_profile: Cell viability >85%",,,,https://doi.org/10.1038/s41467-024-45422-9,"High-throughput barcoding of nanoparticles identifies cationic, degradable lipid-like materials for mRNA delivery to the lungs in female preclinical models","['Lulu Xue', 'Alex G. Hamilton', 'Gan Zhao', 'Zebin Xiao', 'Rakan El-Mayta', 'Xuexiang Han', 'Ningqiang Gong', 'Xinhong Xiong', 'Junchao Xu', 'Christian G. Figueroa-Espada', 'Sarah J. Shepherd', 'Alvin J. Mukalel', 'Mohamad-Gabriel Alameh', 'Jiaxi Cui', 'Karin Wang', 'Andrew E. Vaughan', 'Drew Weissman', 'Michael J. Mitchell']",Nature Communications,2024.0,1-A2-7b,DOPE,cholesterol,C14PEG2K
209,Custom lipid,DOPE,cholesterol,C14-PEG2000,35:2.5:46.5:16,mRNA,"firefly_luciferase, barcode(dna barcode 8)",NCCCCNCC1=CC(=C(O)C(=C1)OC(=O)CC(CC)CCCC)OC(=O)CC(CC)CCCC,CCCCCCCC/C=C\CCCCCCCC(=O)OC[C@H](COP(=O)(O)OCCN)OC(=O)CCCCCCC/C=C\CCCCCCCC,C[C@H](CCCC(C)C)[C@H]1CC[C@@H]2[C@@]1(CC[C@H]3[C@H]2CC=C4[C@@]3(CC[C@@H](C4)O)C)C,CCCCCCCCCCCCCCOC(=O)CCOCCOCCOCCOCCOCCOCCOCCOCCOCCOCCOCCOCCOCCOCCOCCOCCOCCOCCOCCOCCOCCOCCOCCOCCOCCOCCOCCOCCOCCOCCOCCOCCOCCOCCOCCOCCOCCOCCOCCOCCOCCOCCOCCOCCOCCOCCOCCOCCOCCOCCOCCOCCOCCOCCOCCOCCOCCOCCOCCOCCOCCOCCOCCOCCOCCOCCOCCOCCOCCOCCOCCOCCOCCOCCOCCOCCOCCOCCOCCOCCOCCOCCOCCOCCOCCOCCOCCOCCOCCO,217.0,,,0.41,,,77.6,,,0.1,,,wt/wt,10.0,OTHER_wt_ratio,"synthesis_method: Microfluidic mixing or pipette mixing; device_used: Microfluidic device with staggered herringbone features; total_flow_rate_ml_min: 2.4; flow_rate_ratio: 1:3 (organic:aqueous); aqueous_phase_composition: 10 mM citrate buffer; organic_phase_composition: Ethanol with lipids; mixing_time_sec: ; temperature_condition: Room temperature; post_processing: Dialysis in 1x PBS for 2h, filtration through 0.45 ¥ìm filter; sterilization: 0.45 ¥ìm filtration; storage_buffer: 1x PBS","cell_line: HeLa; animal_model: C57BL/6J female mice; administration_route: intravenous (IV); dose: 1.0 mg/kg total nucleic acid; biodistribution_result: Measured by deep sequencing in heart, liver, spleen, lungs, kidneys; toxicity_profile: Cell viability >85%",,,,https://doi.org/10.1038/s41467-024-45422-9,"High-throughput barcoding of nanoparticles identifies cationic, degradable lipid-like materials for mRNA delivery to the lungs in female preclinical models","['Lulu Xue', 'Alex G. Hamilton', 'Gan Zhao', 'Zebin Xiao', 'Rakan El-Mayta', 'Xuexiang Han', 'Ningqiang Gong', 'Xinhong Xiong', 'Junchao Xu', 'Christian G. Figueroa-Espada', 'Sarah J. Shepherd', 'Alvin J. Mukalel', 'Mohamad-Gabriel Alameh', 'Jiaxi Cui', 'Karin Wang', 'Andrew E. Vaughan', 'Drew Weissman', 'Michael J. Mitchell']",Nature Communications,2024.0,2-A2-7b,DOPE,cholesterol,C14PEG2K
210,Custom lipid,DOPE,cholesterol,C14-PEG2000,35:2.5:46.5:16,mRNA,"firefly_luciferase, cre_recombinase, cas9, vegfr2, barcode(dna barcode 9)",NC1CCN(CC1)CC2=CC(=C(O)C(=C2)OC(=O)CC(CC)CCCC)OC(=O)CC(CC)CCCC,CCCCCCCC/C=C\CCCCCCCC(=O)OC[C@H](COP(=O)(O)OCCN)OC(=O)CCCCCCC/C=C\CCCCCCCC,C[C@H](CCCC(C)C)[C@H]1CC[C@@H]2[C@@]1(CC[C@H]3[C@H]2CC=C4[C@@]3(CC[C@@H](C4)O)C)C,CCCCCCCCCCCCCCOC(=O)CCOCCOCCOCCOCCOCCOCCOCCOCCOCCOCCOCCOCCOCCOCCOCCOCCOCCOCCOCCOCCOCCOCCOCCOCCOCCOCCOCCOCCOCCOCCOCCOCCOCCOCCOCCOCCOCCOCCOCCOCCOCCOCCOCCOCCOCCOCCOCCOCCOCCOCCOCCOCCOCCOCCOCCOCCOCCOCCOCCOCCOCCOCCOCCOCCOCCOCCOCCOCCOCCOCCOCCOCCOCCOCCOCCOCCOCCOCCOCCOCCOCCOCCOCCOCCOCCOCCOCCOCCOCCO,150.1,,,0.21,,,71.6,,,4.5,,,wt/wt,10.0,OTHER_wt_ratio,"synthesis_method: Microfluidic mixing or pipette mixing; device_used: Microfluidic device with staggered herringbone features; total_flow_rate_ml_min: 2.4; flow_rate_ratio: 1:3 (organic:aqueous); aqueous_phase_composition: 10 mM citrate buffer; organic_phase_composition: Ethanol with lipids; mixing_time_sec: ; temperature_condition: Room temperature; post_processing: Dialysis in 1x PBS for 2h, filtration through 0.45 ¥ìm filter; sterilization: 0.45 ¥ìm filtration; storage_buffer: 1x PBS","cell_line: HeLa; animal_model: C57BL/6J female mice, Ai14 mice, LLC-GFP lung tumor model; administration_route: intravenous (IV); dose: 1.0 mg/kg (barcoding), 0.1 mg/kg FLuc mRNA (validation), 0.3 mg/kg Cre mRNA, 4.0 mg/kg Cas9 mRNA/VEGFR2 sgRNA; gene_expression_result: Top performing LNP for pulmonary delivery - ~90% of total luminescence in lungs, ~60% tdTomato+ endothelial cells; biodistribution_result: Preferential lung accumulation with depletion from liver and spleen; toxicity_profile: Cell viability >85%, minimal in vivo toxicity in tissue histology",90.0,percent,,https://doi.org/10.1038/s41467-024-45422-9,"High-throughput barcoding of nanoparticles identifies cationic, degradable lipid-like materials for mRNA delivery to the lungs in female preclinical models","['Lulu Xue', 'Alex G. Hamilton', 'Gan Zhao', 'Zebin Xiao', 'Rakan El-Mayta', 'Xuexiang Han', 'Ningqiang Gong', 'Xinhong Xiong', 'Junchao Xu', 'Christian G. Figueroa-Espada', 'Sarah J. Shepherd', 'Alvin J. Mukalel', 'Mohamad-Gabriel Alameh', 'Jiaxi Cui', 'Karin Wang', 'Andrew E. Vaughan', 'Drew Weissman', 'Michael J. Mitchell']",Nature Communications,2024.0,3-A2-7b,DOPE,cholesterol,C14PEG2K
211,Custom lipid,DOPE,cholesterol,C14-PEG2000,35:2.5:46.5:16,mRNA,"firefly_luciferase, barcode(dna barcode 10)",NCCN1CCN(CC1)CC2=CC(=C(O)C(=C2)OC(=O)CC(CC)CCCC)OC(=O)CC(CC)CCCC,CCCCCCCC/C=C\CCCCCCCC(=O)OC[C@H](COP(=O)(O)OCCN)OC(=O)CCCCCCC/C=C\CCCCCCCC,C[C@H](CCCC(C)C)[C@H]1CC[C@@H]2[C@@]1(CC[C@H]3[C@H]2CC=C4[C@@]3(CC[C@@H](C4)O)C)C,CCCCCCCCCCCCCCOC(=O)CCOCCOCCOCCOCCOCCOCCOCCOCCOCCOCCOCCOCCOCCOCCOCCOCCOCCOCCOCCOCCOCCOCCOCCOCCOCCOCCOCCOCCOCCOCCOCCOCCOCCOCCOCCOCCOCCOCCOCCOCCOCCOCCOCCOCCOCCOCCOCCOCCOCCOCCOCCOCCOCCOCCOCCOCCOCCOCCOCCOCCOCCOCCOCCOCCOCCOCCOCCOCCOCCOCCOCCOCCOCCOCCOCCOCCOCCOCCOCCOCCOCCOCCOCCOCCOCCOCCOCCOCCOCCO,214.9,,,0.4,,,78.3,,,1.1,,,wt/wt,10.0,OTHER_wt_ratio,"synthesis_method: Microfluidic mixing or pipette mixing; device_used: Microfluidic device with staggered herringbone features; total_flow_rate_ml_min: 2.4; flow_rate_ratio: 1:3 (organic:aqueous); aqueous_phase_composition: 10 mM citrate buffer; organic_phase_composition: Ethanol with lipids; mixing_time_sec: ; temperature_condition: Room temperature; post_processing: Dialysis in 1x PBS for 2h, filtration through 0.45 ¥ìm filter; sterilization: 0.45 ¥ìm filtration; storage_buffer: 1x PBS","cell_line: HeLa; animal_model: C57BL/6J female mice; administration_route: intravenous (IV); dose: 1.0 mg/kg total nucleic acid (barcoding), 0.1 mg/kg FLuc mRNA (validation); gene_expression_result: Top lung-targeting candidate; biodistribution_result: Lung-specific enrichment; toxicity_profile: Cell viability >85%",,,,https://doi.org/10.1038/s41467-024-45422-9,"High-throughput barcoding of nanoparticles identifies cationic, degradable lipid-like materials for mRNA delivery to the lungs in female preclinical models","['Lulu Xue', 'Alex G. Hamilton', 'Gan Zhao', 'Zebin Xiao', 'Rakan El-Mayta', 'Xuexiang Han', 'Ningqiang Gong', 'Xinhong Xiong', 'Junchao Xu', 'Christian G. Figueroa-Espada', 'Sarah J. Shepherd', 'Alvin J. Mukalel', 'Mohamad-Gabriel Alameh', 'Jiaxi Cui', 'Karin Wang', 'Andrew E. Vaughan', 'Drew Weissman', 'Michael J. Mitchell']",Nature Communications,2024.0,4-A2-7b,DOPE,cholesterol,C14PEG2K
212,Custom lipid,DOPE,cholesterol,C14-PEG2000,35:2.5:46.5:16,mRNA,"firefly_luciferase, barcode(dna barcode 11)",NCCCN(CC1=CC(=C(O)C(=C1)OC(=O)CC(CC)CCCC)OC(=O)CC(CC)CCCC)CCN,CCCCCCCC/C=C\CCCCCCCC(=O)OC[C@H](COP(=O)(O)OCCN)OC(=O)CCCCCCC/C=C\CCCCCCCC,C[C@H](CCCC(C)C)[C@H]1CC[C@@H]2[C@@]1(CC[C@H]3[C@H]2CC=C4[C@@]3(CC[C@@H](C4)O)C)C,CCCCCCCCCCCCCCOC(=O)CCOCCOCCOCCOCCOCCOCCOCCOCCOCCOCCOCCOCCOCCOCCOCCOCCOCCOCCOCCOCCOCCOCCOCCOCCOCCOCCOCCOCCOCCOCCOCCOCCOCCOCCOCCOCCOCCOCCOCCOCCOCCOCCOCCOCCOCCOCCOCCOCCOCCOCCOCCOCCOCCOCCOCCOCCOCCOCCOCCOCCOCCOCCOCCOCCOCCOCCOCCOCCOCCOCCOCCOCCOCCOCCOCCOCCOCCOCCOCCOCCOCCOCCOCCOCCOCCOCCOCCOCCOCCO,145.8,,,0.15,,,73.0,,,-1.6,,,wt/wt,10.0,OTHER_wt_ratio,"synthesis_method: Microfluidic mixing or pipette mixing; device_used: Microfluidic device with staggered herringbone features; total_flow_rate_ml_min: 2.4; flow_rate_ratio: 1:3 (organic:aqueous); aqueous_phase_composition: 10 mM citrate buffer; organic_phase_composition: Ethanol with lipids; mixing_time_sec: ; temperature_condition: Room temperature; post_processing: Dialysis in 1x PBS for 2h, filtration through 0.45 ¥ìm filter; sterilization: 0.45 ¥ìm filtration; storage_buffer: 1x PBS","cell_line: HeLa; animal_model: C57BL/6J female mice; administration_route: intravenous (IV); dose: 1.0 mg/kg total nucleic acid; biodistribution_result: Measured by deep sequencing in heart, liver, spleen, lungs, kidneys; toxicity_profile: Cell viability >85%",,,,https://doi.org/10.1038/s41467-024-45422-9,"High-throughput barcoding of nanoparticles identifies cationic, degradable lipid-like materials for mRNA delivery to the lungs in female preclinical models","['Lulu Xue', 'Alex G. Hamilton', 'Gan Zhao', 'Zebin Xiao', 'Rakan El-Mayta', 'Xuexiang Han', 'Ningqiang Gong', 'Xinhong Xiong', 'Junchao Xu', 'Christian G. Figueroa-Espada', 'Sarah J. Shepherd', 'Alvin J. Mukalel', 'Mohamad-Gabriel Alameh', 'Jiaxi Cui', 'Karin Wang', 'Andrew E. Vaughan', 'Drew Weissman', 'Michael J. Mitchell']",Nature Communications,2024.0,11-A2-7b,DOPE,cholesterol,C14PEG2K
213,Custom lipid,DOPE,cholesterol,C14-PEG2000,35:2.5:46.5:16,mRNA,"firefly_luciferase, barcode(dna barcode 12)",NCCN(CC1=CC(=C(O)C(=C1)OC(=O)CC(CC)CCCC)OC(=O)CC(CC)CCCC)CCCN,CCCCCCCC/C=C\CCCCCCCC(=O)OC[C@H](COP(=O)(O)OCCN)OC(=O)CCCCCCC/C=C\CCCCCCCC,C[C@H](CCCC(C)C)[C@H]1CC[C@@H]2[C@@]1(CC[C@H]3[C@H]2CC=C4[C@@]3(CC[C@@H](C4)O)C)C,CCCCCCCCCCCCCCOC(=O)CCOCCOCCOCCOCCOCCOCCOCCOCCOCCOCCOCCOCCOCCOCCOCCOCCOCCOCCOCCOCCOCCOCCOCCOCCOCCOCCOCCOCCOCCOCCOCCOCCOCCOCCOCCOCCOCCOCCOCCOCCOCCOCCOCCOCCOCCOCCOCCOCCOCCOCCOCCOCCOCCOCCOCCOCCOCCOCCOCCOCCOCCOCCOCCOCCOCCOCCOCCOCCOCCOCCOCCOCCOCCOCCOCCOCCOCCOCCOCCOCCOCCOCCOCCOCCOCCOCCOCCOCCOCCO,143.6,,,0.22,,,74.5,,,-0.4,,,wt/wt,10.0,OTHER_wt_ratio,"synthesis_method: Microfluidic mixing or pipette mixing; device_used: Microfluidic device with staggered herringbone features; total_flow_rate_ml_min: 2.4; flow_rate_ratio: 1:3 (organic:aqueous); aqueous_phase_composition: 10 mM citrate buffer; organic_phase_composition: Ethanol with lipids; mixing_time_sec: ; temperature_condition: Room temperature; post_processing: Dialysis in 1x PBS for 2h, filtration through 0.45 ¥ìm filter; sterilization: 0.45 ¥ìm filtration; storage_buffer: 1x PBS","cell_line: HeLa; animal_model: C57BL/6J female mice; administration_route: intravenous (IV); dose: 1.0 mg/kg total nucleic acid; biodistribution_result: Measured by deep sequencing in heart, liver, spleen, lungs, kidneys; toxicity_profile: Cell viability >85%",,,,https://doi.org/10.1038/s41467-024-45422-9,"High-throughput barcoding of nanoparticles identifies cationic, degradable lipid-like materials for mRNA delivery to the lungs in female preclinical models","['Lulu Xue', 'Alex G. Hamilton', 'Gan Zhao', 'Zebin Xiao', 'Rakan El-Mayta', 'Xuexiang Han', 'Ningqiang Gong', 'Xinhong Xiong', 'Junchao Xu', 'Christian G. Figueroa-Espada', 'Sarah J. Shepherd', 'Alvin J. Mukalel', 'Mohamad-Gabriel Alameh', 'Jiaxi Cui', 'Karin Wang', 'Andrew E. Vaughan', 'Drew Weissman', 'Michael J. Mitchell']",Nature Communications,2024.0,12-A2-7b,DOPE,cholesterol,C14PEG2K
214,Custom lipid,DOPE,cholesterol,C14-PEG2000,35:2.5:46.5:16,mRNA,"firefly_luciferase, barcode(dna barcode 13)",NNCC1=CC(=C(O)C(=C1)OC(=O)CC(CC)CCCC)OC(=O)CC(CC)CCCC,CCCCCCCC/C=C\CCCCCCCC(=O)OC[C@H](COP(=O)(O)OCCN)OC(=O)CCCCCCC/C=C\CCCCCCCC,C[C@H](CCCC(C)C)[C@H]1CC[C@@H]2[C@@]1(CC[C@H]3[C@H]2CC=C4[C@@]3(CC[C@@H](C4)O)C)C,CCCCCCCCCCCCCCOC(=O)CCOCCOCCOCCOCCOCCOCCOCCOCCOCCOCCOCCOCCOCCOCCOCCOCCOCCOCCOCCOCCOCCOCCOCCOCCOCCOCCOCCOCCOCCOCCOCCOCCOCCOCCOCCOCCOCCOCCOCCOCCOCCOCCOCCOCCOCCOCCOCCOCCOCCOCCOCCOCCOCCOCCOCCOCCOCCOCCOCCOCCOCCOCCOCCOCCOCCOCCOCCOCCOCCOCCOCCOCCOCCOCCOCCOCCOCCOCCOCCOCCOCCOCCOCCOCCOCCOCCOCCOCCOCCO,210.3,,,0.21,,,54.4,,,-1.3,,,wt/wt,10.0,OTHER_wt_ratio,"synthesis_method: Microfluidic mixing or pipette mixing; device_used: Microfluidic device with staggered herringbone features; total_flow_rate_ml_min: 2.4; flow_rate_ratio: 1:3 (organic:aqueous); aqueous_phase_composition: 10 mM citrate buffer; organic_phase_composition: Ethanol with lipids; mixing_time_sec: ; temperature_condition: Room temperature; post_processing: Dialysis in 1x PBS for 2h, filtration through 0.45 ¥ìm filter; sterilization: 0.45 ¥ìm filtration; storage_buffer: 1x PBS","cell_line: HeLa; animal_model: C57BL/6J female mice; administration_route: intravenous (IV); dose: 1.0 mg/kg total nucleic acid; biodistribution_result: Measured by deep sequencing in heart, liver, spleen, lungs, kidneys; toxicity_profile: Cell viability >85%",,,,https://doi.org/10.1038/s41467-024-45422-9,"High-throughput barcoding of nanoparticles identifies cationic, degradable lipid-like materials for mRNA delivery to the lungs in female preclinical models","['Lulu Xue', 'Alex G. Hamilton', 'Gan Zhao', 'Zebin Xiao', 'Rakan El-Mayta', 'Xuexiang Han', 'Ningqiang Gong', 'Xinhong Xiong', 'Junchao Xu', 'Christian G. Figueroa-Espada', 'Sarah J. Shepherd', 'Alvin J. Mukalel', 'Mohamad-Gabriel Alameh', 'Jiaxi Cui', 'Karin Wang', 'Andrew E. Vaughan', 'Drew Weissman', 'Michael J. Mitchell']",Nature Communications,2024.0,1-A2-7b2,DOPE,cholesterol,C14PEG2K
215,Custom lipid,DOPE,cholesterol,C14-PEG2000,35:2.5:46.5:16,mRNA,"firefly_luciferase, barcode(dna barcode 14)",NCCCCNCC1=CC(=C(O)C(=C1)OC(=O)CC(CC)CCCC)OC(=O)CC(CC)CCCC,CCCCCCCC/C=C\CCCCCCCC(=O)OC[C@H](COP(=O)(O)OCCN)OC(=O)CCCCCCC/C=C\CCCCCCCC,C[C@H](CCCC(C)C)[C@H]1CC[C@@H]2[C@@]1(CC[C@H]3[C@H]2CC=C4[C@@]3(CC[C@@H](C4)O)C)C,CCCCCCCCCCCCCCOC(=O)CCOCCOCCOCCOCCOCCOCCOCCOCCOCCOCCOCCOCCOCCOCCOCCOCCOCCOCCOCCOCCOCCOCCOCCOCCOCCOCCOCCOCCOCCOCCOCCOCCOCCOCCOCCOCCOCCOCCOCCOCCOCCOCCOCCOCCOCCOCCOCCOCCOCCOCCOCCOCCOCCOCCOCCOCCOCCOCCOCCOCCOCCOCCOCCOCCOCCOCCOCCOCCOCCOCCOCCOCCOCCOCCOCCOCCOCCOCCOCCOCCOCCOCCOCCOCCOCCOCCOCCOCCOCCO,182.5,,,0.24,,,59.8,,,-3.0,,,wt/wt,10.0,OTHER_wt_ratio,"synthesis_method: Microfluidic mixing or pipette mixing; device_used: Microfluidic device with staggered herringbone features; total_flow_rate_ml_min: 2.4; flow_rate_ratio: 1:3 (organic:aqueous); aqueous_phase_composition: 10 mM citrate buffer; organic_phase_composition: Ethanol with lipids; mixing_time_sec: ; temperature_condition: Room temperature; post_processing: Dialysis in 1x PBS for 2h, filtration through 0.45 ¥ìm filter; sterilization: 0.45 ¥ìm filtration; storage_buffer: 1x PBS",cell_line: HeLa; animal_model: C57BL/6J female mice; administration_route: intravenous (IV); dose: 1.0 mg/kg total nucleic acid; biodistribution_result: Spleen-enriched delivery; toxicity_profile: Cell viability >85%,,,,https://doi.org/10.1038/s41467-024-45422-9,"High-throughput barcoding of nanoparticles identifies cationic, degradable lipid-like materials for mRNA delivery to the lungs in female preclinical models","['Lulu Xue', 'Alex G. Hamilton', 'Gan Zhao', 'Zebin Xiao', 'Rakan El-Mayta', 'Xuexiang Han', 'Ningqiang Gong', 'Xinhong Xiong', 'Junchao Xu', 'Christian G. Figueroa-Espada', 'Sarah J. Shepherd', 'Alvin J. Mukalel', 'Mohamad-Gabriel Alameh', 'Jiaxi Cui', 'Karin Wang', 'Andrew E. Vaughan', 'Drew Weissman', 'Michael J. Mitchell']",Nature Communications,2024.0,2-A2-7b2,DOPE,cholesterol,C14PEG2K
216,Custom lipid,DOPE,cholesterol,C14-PEG2000,35:2.5:46.5:16,mRNA,"firefly_luciferase, barcode(dna barcode 15)",NC1CCN(CC1)CC2=CC(=C(O)C(=C2)OC(=O)CC(CC)CCCC)OC(=O)CC(CC)CCCC,CCCCCCCC/C=C\CCCCCCCC(=O)OC[C@H](COP(=O)(O)OCCN)OC(=O)CCCCCCC/C=C\CCCCCCCC,C[C@H](CCCC(C)C)[C@H]1CC[C@@H]2[C@@]1(CC[C@H]3[C@H]2CC=C4[C@@]3(CC[C@@H](C4)O)C)C,CCCCCCCCCCCCCCOC(=O)CCOCCOCCOCCOCCOCCOCCOCCOCCOCCOCCOCCOCCOCCOCCOCCOCCOCCOCCOCCOCCOCCOCCOCCOCCOCCOCCOCCOCCOCCOCCOCCOCCOCCOCCOCCOCCOCCOCCOCCOCCOCCOCCOCCOCCOCCOCCOCCOCCOCCOCCOCCOCCOCCOCCOCCOCCOCCOCCOCCOCCOCCOCCOCCOCCOCCOCCOCCOCCOCCOCCOCCOCCOCCOCCOCCOCCOCCOCCOCCOCCOCCOCCOCCOCCOCCOCCOCCOCCOCCO,206.3,,,0.31,,,51.3,,,1.9,,,wt/wt,10.0,OTHER_wt_ratio,"synthesis_method: Microfluidic mixing or pipette mixing; device_used: Microfluidic device with staggered herringbone features; total_flow_rate_ml_min: 2.4; flow_rate_ratio: 1:3 (organic:aqueous); aqueous_phase_composition: 10 mM citrate buffer; organic_phase_composition: Ethanol with lipids; mixing_time_sec: ; temperature_condition: Room temperature; post_processing: Dialysis in 1x PBS for 2h, filtration through 0.45 ¥ìm filter; sterilization: 0.45 ¥ìm filtration; storage_buffer: 1x PBS","cell_line: HeLa; animal_model: C57BL/6J female mice; administration_route: intravenous (IV); dose: 1.0 mg/kg total nucleic acid; biodistribution_result: Measured by deep sequencing in heart, liver, spleen, lungs, kidneys; toxicity_profile: Cell viability >85%",,,,https://doi.org/10.1038/s41467-024-45422-9,"High-throughput barcoding of nanoparticles identifies cationic, degradable lipid-like materials for mRNA delivery to the lungs in female preclinical models","['Lulu Xue', 'Alex G. Hamilton', 'Gan Zhao', 'Zebin Xiao', 'Rakan El-Mayta', 'Xuexiang Han', 'Ningqiang Gong', 'Xinhong Xiong', 'Junchao Xu', 'Christian G. Figueroa-Espada', 'Sarah J. Shepherd', 'Alvin J. Mukalel', 'Mohamad-Gabriel Alameh', 'Jiaxi Cui', 'Karin Wang', 'Andrew E. Vaughan', 'Drew Weissman', 'Michael J. Mitchell']",Nature Communications,2024.0,3-A2-7b2,DOPE,cholesterol,C14PEG2K
217,Custom lipid,DOPE,cholesterol,C14-PEG2000,35:2.5:46.5:16,mRNA,"firefly_luciferase, barcode(dna barcode 16)",NCCN1CCN(CC1)CC2=CC(=C(O)C(=C2)OC(=O)CC(CC)CCCC)OC(=O)CC(CC)CCCC,CCCCCCCC/C=C\CCCCCCCC(=O)OC[C@H](COP(=O)(O)OCCN)OC(=O)CCCCCCC/C=C\CCCCCCCC,C[C@H](CCCC(C)C)[C@H]1CC[C@@H]2[C@@]1(CC[C@H]3[C@H]2CC=C4[C@@]3(CC[C@@H](C4)O)C)C,CCCCCCCCCCCCCCOC(=O)CCOCCOCCOCCOCCOCCOCCOCCOCCOCCOCCOCCOCCOCCOCCOCCOCCOCCOCCOCCOCCOCCOCCOCCOCCOCCOCCOCCOCCOCCOCCOCCOCCOCCOCCOCCOCCOCCOCCOCCOCCOCCOCCOCCOCCOCCOCCOCCOCCOCCOCCOCCOCCOCCOCCOCCOCCOCCOCCOCCOCCOCCOCCOCCOCCOCCOCCOCCOCCOCCOCCOCCOCCOCCOCCOCCOCCOCCOCCOCCOCCOCCOCCOCCOCCOCCOCCOCCOCCOCCO,221.1,,,0.25,,,75.1,,,-8.4,,,wt/wt,10.0,OTHER_wt_ratio,"synthesis_method: Microfluidic mixing or pipette mixing; device_used: Microfluidic device with staggered herringbone features; total_flow_rate_ml_min: 2.4; flow_rate_ratio: 1:3 (organic:aqueous); aqueous_phase_composition: 10 mM citrate buffer; organic_phase_composition: Ethanol with lipids; mixing_time_sec: ; temperature_condition: Room temperature; post_processing: Dialysis in 1x PBS for 2h, filtration through 0.45 ¥ìm filter; sterilization: 0.45 ¥ìm filtration; storage_buffer: 1x PBS","cell_line: HeLa; animal_model: C57BL/6J female mice; administration_route: intravenous (IV); dose: 1.0 mg/kg total nucleic acid; biodistribution_result: Measured by deep sequencing in heart, liver, spleen, lungs, kidneys; toxicity_profile: Cell viability >85%",,,,https://doi.org/10.1038/s41467-024-45422-9,"High-throughput barcoding of nanoparticles identifies cationic, degradable lipid-like materials for mRNA delivery to the lungs in female preclinical models","['Lulu Xue', 'Alex G. Hamilton', 'Gan Zhao', 'Zebin Xiao', 'Rakan El-Mayta', 'Xuexiang Han', 'Ningqiang Gong', 'Xinhong Xiong', 'Junchao Xu', 'Christian G. Figueroa-Espada', 'Sarah J. Shepherd', 'Alvin J. Mukalel', 'Mohamad-Gabriel Alameh', 'Jiaxi Cui', 'Karin Wang', 'Andrew E. Vaughan', 'Drew Weissman', 'Michael J. Mitchell']",Nature Communications,2024.0,4-A2-7b2,DOPE,cholesterol,C14PEG2K
218,Custom lipid,DOPE,cholesterol,C14-PEG2000,35:2.5:46.5:16,mRNA,"firefly_luciferase, barcode(dna barcode 17)",NCCCN(CC1=CC(=C(O)C(=C1)OC(=O)CC(CC)CCCC)OC(=O)CC(CC)CCCC)CCN,CCCCCCCC/C=C\CCCCCCCC(=O)OC[C@H](COP(=O)(O)OCCN)OC(=O)CCCCCCC/C=C\CCCCCCCC,C[C@H](CCCC(C)C)[C@H]1CC[C@@H]2[C@@]1(CC[C@H]3[C@H]2CC=C4[C@@]3(CC[C@@H](C4)O)C)C,CCCCCCCCCCCCCCOC(=O)CCOCCOCCOCCOCCOCCOCCOCCOCCOCCOCCOCCOCCOCCOCCOCCOCCOCCOCCOCCOCCOCCOCCOCCOCCOCCOCCOCCOCCOCCOCCOCCOCCOCCOCCOCCOCCOCCOCCOCCOCCOCCOCCOCCOCCOCCOCCOCCOCCOCCOCCOCCOCCOCCOCCOCCOCCOCCOCCOCCOCCOCCOCCOCCOCCOCCOCCOCCOCCOCCOCCOCCOCCOCCOCCOCCOCCOCCOCCOCCOCCOCCOCCOCCOCCOCCOCCOCCOCCOCCO,212.3,,,0.27,,,54.8,,,-0.7,,,wt/wt,10.0,OTHER_wt_ratio,"synthesis_method: Microfluidic mixing or pipette mixing; device_used: Microfluidic device with staggered herringbone features; total_flow_rate_ml_min: 2.4; flow_rate_ratio: 1:3 (organic:aqueous); aqueous_phase_composition: 10 mM citrate buffer; organic_phase_composition: Ethanol with lipids; mixing_time_sec: ; temperature_condition: Room temperature; post_processing: Dialysis in 1x PBS for 2h, filtration through 0.45 ¥ìm filter; sterilization: 0.45 ¥ìm filtration; storage_buffer: 1x PBS","cell_line: HeLa; animal_model: C57BL/6J female mice; administration_route: intravenous (IV); dose: 1.0 mg/kg total nucleic acid; biodistribution_result: Measured by deep sequencing in heart, liver, spleen, lungs, kidneys; toxicity_profile: Cell viability >85%",,,,https://doi.org/10.1038/s41467-024-45422-9,"High-throughput barcoding of nanoparticles identifies cationic, degradable lipid-like materials for mRNA delivery to the lungs in female preclinical models","['Lulu Xue', 'Alex G. Hamilton', 'Gan Zhao', 'Zebin Xiao', 'Rakan El-Mayta', 'Xuexiang Han', 'Ningqiang Gong', 'Xinhong Xiong', 'Junchao Xu', 'Christian G. Figueroa-Espada', 'Sarah J. Shepherd', 'Alvin J. Mukalel', 'Mohamad-Gabriel Alameh', 'Jiaxi Cui', 'Karin Wang', 'Andrew E. Vaughan', 'Drew Weissman', 'Michael J. Mitchell']",Nature Communications,2024.0,11-A2-7b2,DOPE,cholesterol,C14PEG2K
219,Custom lipid,DOPE,cholesterol,C14-PEG2000,35:2.5:46.5:16,mRNA,"firefly_luciferase, barcode(dna barcode 18)",NCCN(CC1=CC(=C(O)C(=C1)OC(=O)CC(CC)CCCC)OC(=O)CC(CC)CCCC)CCCN,CCCCCCCC/C=C\CCCCCCCC(=O)OC[C@H](COP(=O)(O)OCCN)OC(=O)CCCCCCC/C=C\CCCCCCCC,C[C@H](CCCC(C)C)[C@H]1CC[C@@H]2[C@@]1(CC[C@H]3[C@H]2CC=C4[C@@]3(CC[C@@H](C4)O)C)C,CCCCCCCCCCCCCCOC(=O)CCOCCOCCOCCOCCOCCOCCOCCOCCOCCOCCOCCOCCOCCOCCOCCOCCOCCOCCOCCOCCOCCOCCOCCOCCOCCOCCOCCOCCOCCOCCOCCOCCOCCOCCOCCOCCOCCOCCOCCOCCOCCOCCOCCOCCOCCOCCOCCOCCOCCOCCOCCOCCOCCOCCOCCOCCOCCOCCOCCOCCOCCOCCOCCOCCOCCOCCOCCOCCOCCOCCOCCOCCOCCOCCOCCOCCOCCOCCOCCOCCOCCOCCOCCOCCOCCOCCOCCOCCOCCO,173.2,,,0.21,,,85.6,,,4.3,,,wt/wt,10.0,OTHER_wt_ratio,"synthesis_method: Microfluidic mixing or pipette mixing; device_used: Microfluidic device with staggered herringbone features; total_flow_rate_ml_min: 2.4; flow_rate_ratio: 1:3 (organic:aqueous); aqueous_phase_composition: 10 mM citrate buffer; organic_phase_composition: Ethanol with lipids; mixing_time_sec: ; temperature_condition: Room temperature; post_processing: Dialysis in 1x PBS for 2h, filtration through 0.45 ¥ìm filter; sterilization: 0.45 ¥ìm filtration; storage_buffer: 1x PBS","cell_line: HeLa; animal_model: C57BL/6J female mice; administration_route: intravenous (IV); dose: 1.0 mg/kg total nucleic acid; biodistribution_result: Measured by deep sequencing in heart, liver, spleen, lungs, kidneys; toxicity_profile: Cell viability >85%",,,,https://doi.org/10.1038/s41467-024-45422-9,"High-throughput barcoding of nanoparticles identifies cationic, degradable lipid-like materials for mRNA delivery to the lungs in female preclinical models","['Lulu Xue', 'Alex G. Hamilton', 'Gan Zhao', 'Zebin Xiao', 'Rakan El-Mayta', 'Xuexiang Han', 'Ningqiang Gong', 'Xinhong Xiong', 'Junchao Xu', 'Christian G. Figueroa-Espada', 'Sarah J. Shepherd', 'Alvin J. Mukalel', 'Mohamad-Gabriel Alameh', 'Jiaxi Cui', 'Karin Wang', 'Andrew E. Vaughan', 'Drew Weissman', 'Michael J. Mitchell']",Nature Communications,2024.0,12-A2-7b2,DOPE,cholesterol,C14PEG2K
220,Custom lipid,DOPE,cholesterol,C14-PEG2000,35:2.5:46.5:16,mRNA,"firefly_luciferase, barcode(dna barcode 19)",NNCC1=CC(=C(O)C(=C1)OC(=O)CC(CC)CCCCC)OC(=O)CC(CC)CCCCC,CCCCCCCC/C=C\CCCCCCCC(=O)OC[C@H](COP(=O)(O)OCCN)OC(=O)CCCCCCC/C=C\CCCCCCCC,C[C@H](CCCC(C)C)[C@H]1CC[C@@H]2[C@@]1(CC[C@H]3[C@H]2CC=C4[C@@]3(CC[C@@H](C4)O)C)C,CCCCCCCCCCCCCCOC(=O)CCOCCOCCOCCOCCOCCOCCOCCOCCOCCOCCOCCOCCOCCOCCOCCOCCOCCOCCOCCOCCOCCOCCOCCOCCOCCOCCOCCOCCOCCOCCOCCOCCOCCOCCOCCOCCOCCOCCOCCOCCOCCOCCOCCOCCOCCOCCOCCOCCOCCOCCOCCOCCOCCOCCOCCOCCOCCOCCOCCOCCOCCOCCOCCOCCOCCOCCOCCOCCOCCOCCOCCOCCOCCOCCOCCOCCOCCOCCOCCOCCOCCOCCOCCOCCOCCOCCOCCOCCOCCO,136.4,,,0.23,,,84.3,,,2.8,,,wt/wt,10.0,OTHER_wt_ratio,"synthesis_method: Microfluidic mixing or pipette mixing; device_used: Microfluidic device with staggered herringbone features; total_flow_rate_ml_min: 2.4; flow_rate_ratio: 1:3 (organic:aqueous); aqueous_phase_composition: 10 mM citrate buffer; organic_phase_composition: Ethanol with lipids; mixing_time_sec: ; temperature_condition: Room temperature; post_processing: Dialysis in 1x PBS for 2h, filtration through 0.45 ¥ìm filter; sterilization: 0.45 ¥ìm filtration; storage_buffer: 1x PBS","cell_line: HeLa; animal_model: C57BL/6J female mice; administration_route: intravenous (IV); dose: 1.0 mg/kg total nucleic acid; biodistribution_result: Measured by deep sequencing in heart, liver, spleen, lungs, kidneys; toxicity_profile: Cell viability >85%",,,,https://doi.org/10.1038/s41467-024-45422-9,"High-throughput barcoding of nanoparticles identifies cationic, degradable lipid-like materials for mRNA delivery to the lungs in female preclinical models","['Lulu Xue', 'Alex G. Hamilton', 'Gan Zhao', 'Zebin Xiao', 'Rakan El-Mayta', 'Xuexiang Han', 'Ningqiang Gong', 'Xinhong Xiong', 'Junchao Xu', 'Christian G. Figueroa-Espada', 'Sarah J. Shepherd', 'Alvin J. Mukalel', 'Mohamad-Gabriel Alameh', 'Jiaxi Cui', 'Karin Wang', 'Andrew E. Vaughan', 'Drew Weissman', 'Michael J. Mitchell']",Nature Communications,2024.0,1-A2-8b,DOPE,cholesterol,C14PEG2K
221,Custom lipid,DOPE,cholesterol,C14-PEG2000,35:2.5:46.5:16,mRNA,"firefly_luciferase, barcode(dna barcode 20)",NCCCCNCC1=CC(=C(O)C(=C1)OC(=O)CC(CC)CCCCC)OC(=O)CC(CC)CCCCC,CCCCCCCC/C=C\CCCCCCCC(=O)OC[C@H](COP(=O)(O)OCCN)OC(=O)CCCCCCC/C=C\CCCCCCCC,C[C@H](CCCC(C)C)[C@H]1CC[C@@H]2[C@@]1(CC[C@H]3[C@H]2CC=C4[C@@]3(CC[C@@H](C4)O)C)C,CCCCCCCCCCCCCCOC(=O)CCOCCOCCOCCOCCOCCOCCOCCOCCOCCOCCOCCOCCOCCOCCOCCOCCOCCOCCOCCOCCOCCOCCOCCOCCOCCOCCOCCOCCOCCOCCOCCOCCOCCOCCOCCOCCOCCOCCOCCOCCOCCOCCOCCOCCOCCOCCOCCOCCOCCOCCOCCOCCOCCOCCOCCOCCOCCOCCOCCOCCOCCOCCOCCOCCOCCOCCOCCOCCOCCOCCOCCOCCOCCOCCOCCOCCOCCOCCOCCOCCOCCOCCOCCOCCOCCOCCOCCOCCOCCO,138.3,,,0.21,,,75.1,,,-0.8,,,wt/wt,10.0,OTHER_wt_ratio,"synthesis_method: Microfluidic mixing or pipette mixing; device_used: Microfluidic device with staggered herringbone features; total_flow_rate_ml_min: 2.4; flow_rate_ratio: 1:3 (organic:aqueous); aqueous_phase_composition: 10 mM citrate buffer; organic_phase_composition: Ethanol with lipids; mixing_time_sec: ; temperature_condition: Room temperature; post_processing: Dialysis in 1x PBS for 2h, filtration through 0.45 ¥ìm filter; sterilization: 0.45 ¥ìm filtration; storage_buffer: 1x PBS","cell_line: HeLa; animal_model: C57BL/6J female mice; administration_route: intravenous (IV); dose: 1.0 mg/kg total nucleic acid, 0.25 mg/kg FLuc mRNA (validation); gene_expression_result: Liver-targeting LNP; biodistribution_result: Liver-enriched delivery; toxicity_profile: Cell viability >85%",,,,https://doi.org/10.1038/s41467-024-45422-9,"High-throughput barcoding of nanoparticles identifies cationic, degradable lipid-like materials for mRNA delivery to the lungs in female preclinical models","['Lulu Xue', 'Alex G. Hamilton', 'Gan Zhao', 'Zebin Xiao', 'Rakan El-Mayta', 'Xuexiang Han', 'Ningqiang Gong', 'Xinhong Xiong', 'Junchao Xu', 'Christian G. Figueroa-Espada', 'Sarah J. Shepherd', 'Alvin J. Mukalel', 'Mohamad-Gabriel Alameh', 'Jiaxi Cui', 'Karin Wang', 'Andrew E. Vaughan', 'Drew Weissman', 'Michael J. Mitchell']",Nature Communications,2024.0,2-A2-8b,DOPE,cholesterol,C14PEG2K
222,Custom lipid,DOPE,cholesterol,C14-PEG2000,35:2.5:46.5:16,mRNA,"firefly_luciferase, barcode(dna barcode 21)",NC1CCN(CC1)CC2=CC(=C(O)C(=C2)OC(=O)CC(CC)CCCCC)OC(=O)CC(CC)CCCCC,CCCCCCCC/C=C\CCCCCCCC(=O)OC[C@H](COP(=O)(O)OCCN)OC(=O)CCCCCCC/C=C\CCCCCCCC,C[C@H](CCCC(C)C)[C@H]1CC[C@@H]2[C@@]1(CC[C@H]3[C@H]2CC=C4[C@@]3(CC[C@@H](C4)O)C)C,CCCCCCCCCCCCCCOC(=O)CCOCCOCCOCCOCCOCCOCCOCCOCCOCCOCCOCCOCCOCCOCCOCCOCCOCCOCCOCCOCCOCCOCCOCCOCCOCCOCCOCCOCCOCCOCCOCCOCCOCCOCCOCCOCCOCCOCCOCCOCCOCCOCCOCCOCCOCCOCCOCCOCCOCCOCCOCCOCCOCCOCCOCCOCCOCCOCCOCCOCCOCCOCCOCCOCCOCCOCCOCCOCCOCCOCCOCCOCCOCCOCCOCCOCCOCCOCCOCCOCCOCCOCCOCCOCCOCCOCCOCCOCCOCCO,116.2,,,0.27,,,85.7,,,-3.6,,,wt/wt,10.0,OTHER_wt_ratio,"synthesis_method: Microfluidic mixing or pipette mixing; device_used: Microfluidic device with staggered herringbone features; total_flow_rate_ml_min: 2.4; flow_rate_ratio: 1:3 (organic:aqueous); aqueous_phase_composition: 10 mM citrate buffer; organic_phase_composition: Ethanol with lipids; mixing_time_sec: ; temperature_condition: Room temperature; post_processing: Dialysis in 1x PBS for 2h, filtration through 0.45 ¥ìm filter; sterilization: 0.45 ¥ìm filtration; storage_buffer: 1x PBS","cell_line: HeLa; animal_model: C57BL/6J female mice; administration_route: intravenous (IV); dose: 1.0 mg/kg total nucleic acid; biodistribution_result: Measured by deep sequencing in heart, liver, spleen, lungs, kidneys; toxicity_profile: Cell viability >85%",,,,https://doi.org/10.1038/s41467-024-45422-9,"High-throughput barcoding of nanoparticles identifies cationic, degradable lipid-like materials for mRNA delivery to the lungs in female preclinical models","['Lulu Xue', 'Alex G. Hamilton', 'Gan Zhao', 'Zebin Xiao', 'Rakan El-Mayta', 'Xuexiang Han', 'Ningqiang Gong', 'Xinhong Xiong', 'Junchao Xu', 'Christian G. Figueroa-Espada', 'Sarah J. Shepherd', 'Alvin J. Mukalel', 'Mohamad-Gabriel Alameh', 'Jiaxi Cui', 'Karin Wang', 'Andrew E. Vaughan', 'Drew Weissman', 'Michael J. Mitchell']",Nature Communications,2024.0,3-A2-8b,DOPE,cholesterol,C14PEG2K
223,Custom lipid,DOPE,cholesterol,C14-PEG2000,35:2.5:46.5:16,mRNA,"firefly_luciferase, barcode(dna barcode 22)",NCCN1CCN(CC1)CC2=CC(=C(O)C(=C2)OC(=O)CC(CC)CCCCC)OC(=O)CC(CC)CCCCC,CCCCCCCC/C=C\CCCCCCCC(=O)OC[C@H](COP(=O)(O)OCCN)OC(=O)CCCCCCC/C=C\CCCCCCCC,C[C@H](CCCC(C)C)[C@H]1CC[C@@H]2[C@@]1(CC[C@H]3[C@H]2CC=C4[C@@]3(CC[C@@H](C4)O)C)C,CCCCCCCCCCCCCCOC(=O)CCOCCOCCOCCOCCOCCOCCOCCOCCOCCOCCOCCOCCOCCOCCOCCOCCOCCOCCOCCOCCOCCOCCOCCOCCOCCOCCOCCOCCOCCOCCOCCOCCOCCOCCOCCOCCOCCOCCOCCOCCOCCOCCOCCOCCOCCOCCOCCOCCOCCOCCOCCOCCOCCOCCOCCOCCOCCOCCOCCOCCOCCOCCOCCOCCOCCOCCOCCOCCOCCOCCOCCOCCOCCOCCOCCOCCOCCOCCOCCOCCOCCOCCOCCOCCOCCOCCOCCOCCOCCO,110.5,,,0.22,,,77.3,,,2.6,,,wt/wt,10.0,OTHER_wt_ratio,"synthesis_method: Microfluidic mixing or pipette mixing; device_used: Microfluidic device with staggered herringbone features; total_flow_rate_ml_min: 2.4; flow_rate_ratio: 1:3 (organic:aqueous); aqueous_phase_composition: 10 mM citrate buffer; organic_phase_composition: Ethanol with lipids; mixing_time_sec: ; temperature_condition: Room temperature; post_processing: Dialysis in 1x PBS for 2h, filtration through 0.45 ¥ìm filter; sterilization: 0.45 ¥ìm filtration; storage_buffer: 1x PBS","cell_line: HeLa; animal_model: C57BL/6J female mice; administration_route: intravenous (IV); dose: 1.0 mg/kg total nucleic acid; biodistribution_result: Measured by deep sequencing in heart, liver, spleen, lungs, kidneys; toxicity_profile: Cell viability >85%",,,,https://doi.org/10.1038/s41467-024-45422-9,"High-throughput barcoding of nanoparticles identifies cationic, degradable lipid-like materials for mRNA delivery to the lungs in female preclinical models","['Lulu Xue', 'Alex G. Hamilton', 'Gan Zhao', 'Zebin Xiao', 'Rakan El-Mayta', 'Xuexiang Han', 'Ningqiang Gong', 'Xinhong Xiong', 'Junchao Xu', 'Christian G. Figueroa-Espada', 'Sarah J. Shepherd', 'Alvin J. Mukalel', 'Mohamad-Gabriel Alameh', 'Jiaxi Cui', 'Karin Wang', 'Andrew E. Vaughan', 'Drew Weissman', 'Michael J. Mitchell']",Nature Communications,2024.0,4-A2-8b,DOPE,cholesterol,C14PEG2K
224,Custom lipid,DOPE,cholesterol,C14-PEG2000,35:2.5:46.5:16,mRNA,"firefly_luciferase, barcode(dna barcode 23)",NCCCN(CC1=CC(=C(O)C(=C1)OC(=O)CC(CC)CCCCC)OC(=O)CC(CC)CCCCC)CCN,CCCCCCCC/C=C\CCCCCCCC(=O)OC[C@H](COP(=O)(O)OCCN)OC(=O)CCCCCCC/C=C\CCCCCCCC,C[C@H](CCCC(C)C)[C@H]1CC[C@@H]2[C@@]1(CC[C@H]3[C@H]2CC=C4[C@@]3(CC[C@@H](C4)O)C)C,CCCCCCCCCCCCCCOC(=O)CCOCCOCCOCCOCCOCCOCCOCCOCCOCCOCCOCCOCCOCCOCCOCCOCCOCCOCCOCCOCCOCCOCCOCCOCCOCCOCCOCCOCCOCCOCCOCCOCCOCCOCCOCCOCCOCCOCCOCCOCCOCCOCCOCCOCCOCCOCCOCCOCCOCCOCCOCCOCCOCCOCCOCCOCCOCCOCCOCCOCCOCCOCCOCCOCCOCCOCCOCCOCCOCCOCCOCCOCCOCCOCCOCCOCCOCCOCCOCCOCCOCCOCCOCCOCCOCCOCCOCCOCCOCCO,149.1,,,0.25,,,71.9,,,-0.1,,,wt/wt,10.0,OTHER_wt_ratio,"synthesis_method: Microfluidic mixing or pipette mixing; device_used: Microfluidic device with staggered herringbone features; total_flow_rate_ml_min: 2.4; flow_rate_ratio: 1:3 (organic:aqueous); aqueous_phase_composition: 10 mM citrate buffer; organic_phase_composition: Ethanol with lipids; mixing_time_sec: ; temperature_condition: Room temperature; post_processing: Dialysis in 1x PBS for 2h, filtration through 0.45 ¥ìm filter; sterilization: 0.45 ¥ìm filtration; storage_buffer: 1x PBS","cell_line: HeLa; animal_model: C57BL/6J female mice; administration_route: intravenous (IV); dose: 1.0 mg/kg total nucleic acid; biodistribution_result: Measured by deep sequencing in heart, liver, spleen, lungs, kidneys; toxicity_profile: Cell viability >85%",,,,https://doi.org/10.1038/s41467-024-45422-9,"High-throughput barcoding of nanoparticles identifies cationic, degradable lipid-like materials for mRNA delivery to the lungs in female preclinical models","['Lulu Xue', 'Alex G. Hamilton', 'Gan Zhao', 'Zebin Xiao', 'Rakan El-Mayta', 'Xuexiang Han', 'Ningqiang Gong', 'Xinhong Xiong', 'Junchao Xu', 'Christian G. Figueroa-Espada', 'Sarah J. Shepherd', 'Alvin J. Mukalel', 'Mohamad-Gabriel Alameh', 'Jiaxi Cui', 'Karin Wang', 'Andrew E. Vaughan', 'Drew Weissman', 'Michael J. Mitchell']",Nature Communications,2024.0,11-A2-8b,DOPE,cholesterol,C14PEG2K
225,Custom lipid,DOPE,cholesterol,C14-PEG2000,35:2.5:46.5:16,mRNA,"firefly_luciferase, barcode(dna barcode 24)",NCCN(CC1=CC(=C(O)C(=C1)OC(=O)CC(CC)CCCCC)OC(=O)CC(CC)CCCCC)CCCN,CCCCCCCC/C=C\CCCCCCCC(=O)OC[C@H](COP(=O)(O)OCCN)OC(=O)CCCCCCC/C=C\CCCCCCCC,C[C@H](CCCC(C)C)[C@H]1CC[C@@H]2[C@@]1(CC[C@H]3[C@H]2CC=C4[C@@]3(CC[C@@H](C4)O)C)C,CCCCCCCCCCCCCCOC(=O)CCOCCOCCOCCOCCOCCOCCOCCOCCOCCOCCOCCOCCOCCOCCOCCOCCOCCOCCOCCOCCOCCOCCOCCOCCOCCOCCOCCOCCOCCOCCOCCOCCOCCOCCOCCOCCOCCOCCOCCOCCOCCOCCOCCOCCOCCOCCOCCOCCOCCOCCOCCOCCOCCOCCOCCOCCOCCOCCOCCOCCOCCOCCOCCOCCOCCOCCOCCOCCOCCOCCOCCOCCOCCOCCOCCOCCOCCOCCOCCOCCOCCOCCOCCOCCOCCOCCOCCOCCOCCO,151.5,,,0.23,,,87.1,,,3.1,,,wt/wt,10.0,OTHER_wt_ratio,"synthesis_method: Microfluidic mixing or pipette mixing; device_used: Microfluidic device with staggered herringbone features; total_flow_rate_ml_min: 2.4; flow_rate_ratio: 1:3 (organic:aqueous); aqueous_phase_composition: 10 mM citrate buffer; organic_phase_composition: Ethanol with lipids; mixing_time_sec: ; temperature_condition: Room temperature; post_processing: Dialysis in 1x PBS for 2h, filtration through 0.45 ¥ìm filter; sterilization: 0.45 ¥ìm filtration; storage_buffer: 1x PBS",cell_line: HeLa; animal_model: C57BL/6J female mice; administration_route: intravenous (IV); dose: 1.0 mg/kg total nucleic acid; gene_expression_result: Greatest enrichment in lungs but also enriched in liver and spleen; biodistribution_result: High lung enrichment but not lung-specific; toxicity_profile: Cell viability >85%,,,,https://doi.org/10.1038/s41467-024-45422-9,"High-throughput barcoding of nanoparticles identifies cationic, degradable lipid-like materials for mRNA delivery to the lungs in female preclinical models","['Lulu Xue', 'Alex G. Hamilton', 'Gan Zhao', 'Zebin Xiao', 'Rakan El-Mayta', 'Xuexiang Han', 'Ningqiang Gong', 'Xinhong Xiong', 'Junchao Xu', 'Christian G. Figueroa-Espada', 'Sarah J. Shepherd', 'Alvin J. Mukalel', 'Mohamad-Gabriel Alameh', 'Jiaxi Cui', 'Karin Wang', 'Andrew E. Vaughan', 'Drew Weissman', 'Michael J. Mitchell']",Nature Communications,2024.0,12-A2-8b,DOPE,cholesterol,C14PEG2K
226,DLin-MC3-DMA,DSPC,cholesterol,C14-PEG2000,25:0.75:19.25:5,mRNA,"cre_recombinase, cas9, vegfr2",CCCCC/C=C\C/C=C\CCCCCCCCC(OC(=O)CCCN(C)C)CCCCCCCC/C=C\C/C=C\CCCCC,CCCCCCCCCCCCCCCCCC(=O)OC[C@H](COP(=O)([O-])OCC[N+](C)(C)C)OC(=O)CCCCCCCCCCCCCCCCC,C[C@H](CCCC(C)C)[C@H]1CC[C@@H]2[C@@]1(CC[C@H]3[C@H]2CC=C4[C@@]3(CC[C@@H](C4)O)C)C,CCCCCCCCCCCCCCOC(=O)CCOCCOCCOCCOCCOCCOCCOCCOCCOCCOCCOCCOCCOCCOCCOCCOCCOCCOCCOCCOCCOCCOCCOCCOCCOCCOCCOCCOCCOCCOCCOCCOCCOCCOCCOCCOCCOCCOCCOCCOCCOCCOCCOCCOCCOCCOCCOCCOCCOCCOCCOCCOCCOCCOCCOCCOCCOCCOCCOCCOCCOCCOCCOCCOCCOCCOCCOCCOCCOCCOCCOCCOCCOCCOCCOCCOCCOCCOCCOCCOCCOCCOCCOCCOCCOCCOCCOCCOCCOCCO,,,,,,,,,,,,,,,,synthesis_method: Similar to CAD LNPs; device_used: Similar to CAD LNPs; total_flow_rate_ml_min: ; flow_rate_ratio: ; aqueous_phase_composition: ; organic_phase_composition: ; mixing_time_sec: ; temperature_condition: ; post_processing: ; sterilization: ; storage_buffer: ,"animal_model: Ai14 mice, LLC-GFP lung tumor model; administration_route: intravenous (IV); dose: 0.3 mg/kg Cre mRNA, 4.0 mg/kg Cas9 mRNA/VEGFR2 sgRNA; gene_expression_result: Gold standard lung-tropic LNP control, lower performance than LNP-CAD9; biodistribution_result: Lung-targeted delivery",9.0,numeric,,https://doi.org/10.1038/s41467-024-45422-9,"High-throughput barcoding of nanoparticles identifies cationic, degradable lipid-like materials for mRNA delivery to the lungs in female preclinical models","['Lulu Xue', 'Alex G. Hamilton', 'Gan Zhao', 'Zebin Xiao', 'Rakan El-Mayta', 'Xuexiang Han', 'Ningqiang Gong', 'Xinhong Xiong', 'Junchao Xu', 'Christian G. Figueroa-Espada', 'Sarah J. Shepherd', 'Alvin J. Mukalel', 'Mohamad-Gabriel Alameh', 'Jiaxi Cui', 'Karin Wang', 'Andrew E. Vaughan', 'Drew Weissman', 'Michael J. Mitchell']",Nature Communications,2024.0,MC3,DSPC,cholesterol,C14PEG2K
227,Custom lipid,DOPE,cholesterol,C14-PEG2000,35:2.5:46.5:16,mRNA,"firefly_luciferase, barcode(dna barcode 25)",NNCC1=CC(=C(O)C(=C1)OC(=O)CC(CCCCCC)CC)OC(=O)CC(CCCCCC)CC,CCCCCCCC/C=C\CCCCCCCC(=O)OC[C@H](COP(=O)(O)OCCN)OC(=O)CCCCCCC/C=C\CCCCCCCC,C[C@H](CCCC(C)C)[C@H]1CC[C@@H]2[C@@]1(CC[C@H]3[C@H]2CC=C4[C@@]3(CC[C@@H](C4)O)C)C,CCCCCCCCCCCCCCOC(=O)CCOCCOCCOCCOCCOCCOCCOCCOCCOCCOCCOCCOCCOCCOCCOCCOCCOCCOCCOCCOCCOCCOCCOCCOCCOCCOCCOCCOCCOCCOCCOCCOCCOCCOCCOCCOCCOCCOCCOCCOCCOCCOCCOCCOCCOCCOCCOCCOCCOCCOCCOCCOCCOCCOCCOCCOCCOCCOCCOCCOCCOCCOCCOCCOCCOCCOCCOCCOCCOCCOCCOCCOCCOCCOCCOCCOCCOCCOCCOCCOCCOCCOCCOCCOCCOCCOCCOCCOCCOCCO,164.2,,,0.18,,,48.1,,,-1.6,,,wt/wt,10.0,OTHER_wt_ratio,"synthesis_method: Microfluidic mixing or pipette mixing; device_used: Microfluidic device with staggered herringbone features; total_flow_rate_ml_min: 2.4; flow_rate_ratio: 1:3 (organic:aqueous); aqueous_phase_composition: 10 mM citrate buffer; organic_phase_composition: Ethanol with lipids; mixing_time_sec: ; temperature_condition: Room temperature; post_processing: Dialysis in 1x PBS for 2h, filtration through 0.45 ¥ìm filter; sterilization: 0.45 ¥ìm filtration; storage_buffer: 1x PBS","cell_line: HeLa; animal_model: C57BL/6J female mice; administration_route: intravenous (IV); dose: 1.0 mg/kg total nucleic acid; biodistribution_result: Measured by deep sequencing in heart, liver, spleen, lungs, kidneys; toxicity_profile: Cell viability >85%",,,,https://doi.org/10.1038/s41467-024-45422-9,"High-throughput barcoding of nanoparticles identifies cationic, degradable lipid-like materials for mRNA delivery to the lungs in female preclinical models","['Lulu Xue', 'Alex G. Hamilton', 'Gan Zhao', 'Zebin Xiao', 'Rakan El-Mayta', 'Xuexiang Han', 'Ningqiang Gong', 'Xinhong Xiong', 'Junchao Xu', 'Christian G. Figueroa-Espada', 'Sarah J. Shepherd', 'Alvin J. Mukalel', 'Mohamad-Gabriel Alameh', 'Jiaxi Cui', 'Karin Wang', 'Andrew E. Vaughan', 'Drew Weissman', 'Michael J. Mitchell']",Nature Communications,2024.0,1-A2-9b,DOPE,cholesterol,C14PEG2K
228,Custom lipid,DOPE,cholesterol,C14-PEG2000,35:2.5:46.5:16,mRNA,"firefly_luciferase, barcode(dna barcode 26)",NCCCCNCC1=CC(=C(O)C(=C1)OC(=O)CC(CCCCCC)CC)OC(=O)CC(CCCCCC)CC,CCCCCCCC/C=C\CCCCCCCC(=O)OC[C@H](COP(=O)(O)OCCN)OC(=O)CCCCCCC/C=C\CCCCCCCC,C[C@H](CCCC(C)C)[C@H]1CC[C@@H]2[C@@]1(CC[C@H]3[C@H]2CC=C4[C@@]3(CC[C@@H](C4)O)C)C,CCCCCCCCCCCCCCOC(=O)CCOCCOCCOCCOCCOCCOCCOCCOCCOCCOCCOCCOCCOCCOCCOCCOCCOCCOCCOCCOCCOCCOCCOCCOCCOCCOCCOCCOCCOCCOCCOCCOCCOCCOCCOCCOCCOCCOCCOCCOCCOCCOCCOCCOCCOCCOCCOCCOCCOCCOCCOCCOCCOCCOCCOCCOCCOCCOCCOCCOCCOCCOCCOCCOCCOCCOCCOCCOCCOCCOCCOCCOCCOCCOCCOCCOCCOCCOCCOCCOCCOCCOCCOCCOCCOCCOCCOCCOCCOCCO,186.2,,,0.26,,,66.2,,,5.8,,,wt/wt,10.0,OTHER_wt_ratio,"synthesis_method: Microfluidic mixing or pipette mixing; device_used: Microfluidic device with staggered herringbone features; total_flow_rate_ml_min: 2.4; flow_rate_ratio: 1:3 (organic:aqueous); aqueous_phase_composition: 10 mM citrate buffer; organic_phase_composition: Ethanol with lipids; mixing_time_sec: ; temperature_condition: Room temperature; post_processing: Dialysis in 1x PBS for 2h, filtration through 0.45 ¥ìm filter; sterilization: 0.45 ¥ìm filtration; storage_buffer: 1x PBS","cell_line: HeLa; animal_model: C57BL/6J female mice; administration_route: intravenous (IV); dose: 1.0 mg/kg total nucleic acid; biodistribution_result: Measured by deep sequencing in heart, liver, spleen, lungs, kidneys; toxicity_profile: Cell viability >85%",,,,https://doi.org/10.1038/s41467-024-45422-9,"High-throughput barcoding of nanoparticles identifies cationic, degradable lipid-like materials for mRNA delivery to the lungs in female preclinical models","['Lulu Xue', 'Alex G. Hamilton', 'Gan Zhao', 'Zebin Xiao', 'Rakan El-Mayta', 'Xuexiang Han', 'Ningqiang Gong', 'Xinhong Xiong', 'Junchao Xu', 'Christian G. Figueroa-Espada', 'Sarah J. Shepherd', 'Alvin J. Mukalel', 'Mohamad-Gabriel Alameh', 'Jiaxi Cui', 'Karin Wang', 'Andrew E. Vaughan', 'Drew Weissman', 'Michael J. Mitchell']",Nature Communications,2024.0,2-A2-9b,DOPE,cholesterol,C14PEG2K
229,Custom lipid,DOPE,cholesterol,C14-PEG2000,35:2.5:46.5:16,mRNA,"firefly_luciferase, barcode(dna barcode 27)",NC1CCN(CC1)CC2=CC(=C(O)C(=C2)OC(=O)CC(CCCCCC)CC)OC(=O)CC(CCCCCC)CC,CCCCCCCC/C=C\CCCCCCCC(=O)OC[C@H](COP(=O)(O)OCCN)OC(=O)CCCCCCC/C=C\CCCCCCCC,C[C@H](CCCC(C)C)[C@H]1CC[C@@H]2[C@@]1(CC[C@H]3[C@H]2CC=C4[C@@]3(CC[C@@H](C4)O)C)C,CCCCCCCCCCCCCCOC(=O)CCOCCOCCOCCOCCOCCOCCOCCOCCOCCOCCOCCOCCOCCOCCOCCOCCOCCOCCOCCOCCOCCOCCOCCOCCOCCOCCOCCOCCOCCOCCOCCOCCOCCOCCOCCOCCOCCOCCOCCOCCOCCOCCOCCOCCOCCOCCOCCOCCOCCOCCOCCOCCOCCOCCOCCOCCOCCOCCOCCOCCOCCOCCOCCOCCOCCOCCOCCOCCOCCOCCOCCOCCOCCOCCOCCOCCOCCOCCOCCOCCOCCOCCOCCOCCOCCOCCOCCOCCOCCO,169.9,,,0.2,,,54.9,,,-8.8,,,wt/wt,10.0,OTHER_wt_ratio,"synthesis_method: Microfluidic mixing or pipette mixing; device_used: Microfluidic device with staggered herringbone features; total_flow_rate_ml_min: 2.4; flow_rate_ratio: 1:3 (organic:aqueous); aqueous_phase_composition: 10 mM citrate buffer; organic_phase_composition: Ethanol with lipids; mixing_time_sec: ; temperature_condition: Room temperature; post_processing: Dialysis in 1x PBS for 2h, filtration through 0.45 ¥ìm filter; sterilization: 0.45 ¥ìm filtration; storage_buffer: 1x PBS","cell_line: HeLa; animal_model: C57BL/6J female mice; administration_route: intravenous (IV); dose: 1.0 mg/kg total nucleic acid; biodistribution_result: Measured by deep sequencing in heart, liver, spleen, lungs, kidneys; toxicity_profile: Cell viability >85%",,,,https://doi.org/10.1038/s41467-024-45422-9,"High-throughput barcoding of nanoparticles identifies cationic, degradable lipid-like materials for mRNA delivery to the lungs in female preclinical models","['Lulu Xue', 'Alex G. Hamilton', 'Gan Zhao', 'Zebin Xiao', 'Rakan El-Mayta', 'Xuexiang Han', 'Ningqiang Gong', 'Xinhong Xiong', 'Junchao Xu', 'Christian G. Figueroa-Espada', 'Sarah J. Shepherd', 'Alvin J. Mukalel', 'Mohamad-Gabriel Alameh', 'Jiaxi Cui', 'Karin Wang', 'Andrew E. Vaughan', 'Drew Weissman', 'Michael J. Mitchell']",Nature Communications,2024.0,3-A2-9b,DOPE,cholesterol,C14PEG2K
230,Custom lipid,DOPE,cholesterol,C14-PEG2000,35:2.5:46.5:16,mRNA,"firefly_luciferase, barcode(dna barcode 28)",NCCN1CCN(CC1)CC2=CC(=C(O)C(=C2)OC(=O)CC(CCCCCC)CC)OC(=O)CC(CCCCCC)CC,CCCCCCCC/C=C\CCCCCCCC(=O)OC[C@H](COP(=O)(O)OCCN)OC(=O)CCCCCCC/C=C\CCCCCCCC,C[C@H](CCCC(C)C)[C@H]1CC[C@@H]2[C@@]1(CC[C@H]3[C@H]2CC=C4[C@@]3(CC[C@@H](C4)O)C)C,CCCCCCCCCCCCCCOC(=O)CCOCCOCCOCCOCCOCCOCCOCCOCCOCCOCCOCCOCCOCCOCCOCCOCCOCCOCCOCCOCCOCCOCCOCCOCCOCCOCCOCCOCCOCCOCCOCCOCCOCCOCCOCCOCCOCCOCCOCCOCCOCCOCCOCCOCCOCCOCCOCCOCCOCCOCCOCCOCCOCCOCCOCCOCCOCCOCCOCCOCCOCCOCCOCCOCCOCCOCCOCCOCCOCCOCCOCCOCCOCCOCCOCCOCCOCCOCCOCCOCCOCCOCCOCCOCCOCCOCCOCCOCCOCCO,172.1,,,0.23,,,50.9,,,5.2,,,wt/wt,10.0,OTHER_wt_ratio,"synthesis_method: Microfluidic mixing or pipette mixing; device_used: Microfluidic device with staggered herringbone features; total_flow_rate_ml_min: 2.4; flow_rate_ratio: 1:3 (organic:aqueous); aqueous_phase_composition: 10 mM citrate buffer; organic_phase_composition: Ethanol with lipids; mixing_time_sec: ; temperature_condition: Room temperature; post_processing: Dialysis in 1x PBS for 2h, filtration through 0.45 ¥ìm filter; sterilization: 0.45 ¥ìm filtration; storage_buffer: 1x PBS","cell_line: HeLa; animal_model: C57BL/6J female mice; administration_route: intravenous (IV); dose: 1.0 mg/kg total nucleic acid; biodistribution_result: Measured by deep sequencing in heart, liver, spleen, lungs, kidneys; toxicity_profile: Cell viability >85%",,,,https://doi.org/10.1038/s41467-024-45422-9,"High-throughput barcoding of nanoparticles identifies cationic, degradable lipid-like materials for mRNA delivery to the lungs in female preclinical models","['Lulu Xue', 'Alex G. Hamilton', 'Gan Zhao', 'Zebin Xiao', 'Rakan El-Mayta', 'Xuexiang Han', 'Ningqiang Gong', 'Xinhong Xiong', 'Junchao Xu', 'Christian G. Figueroa-Espada', 'Sarah J. Shepherd', 'Alvin J. Mukalel', 'Mohamad-Gabriel Alameh', 'Jiaxi Cui', 'Karin Wang', 'Andrew E. Vaughan', 'Drew Weissman', 'Michael J. Mitchell']",Nature Communications,2024.0,4-A2-9b,DOPE,cholesterol,C14PEG2K
231,Custom lipid,DOPE,cholesterol,C14-PEG2000,35:2.5:46.5:16,mRNA,"firefly_luciferase, barcode(dna barcode 29)",NCCCN(CC1=CC(=C(O)C(=C1)OC(=O)CC(CCCCCC)CC)OC(=O)CC(CCCCCC)CC)CCN,CCCCCCCC/C=C\CCCCCCCC(=O)OC[C@H](COP(=O)(O)OCCN)OC(=O)CCCCCCC/C=C\CCCCCCCC,C[C@H](CCCC(C)C)[C@H]1CC[C@@H]2[C@@]1(CC[C@H]3[C@H]2CC=C4[C@@]3(CC[C@@H](C4)O)C)C,CCCCCCCCCCCCCCOC(=O)CCOCCOCCOCCOCCOCCOCCOCCOCCOCCOCCOCCOCCOCCOCCOCCOCCOCCOCCOCCOCCOCCOCCOCCOCCOCCOCCOCCOCCOCCOCCOCCOCCOCCOCCOCCOCCOCCOCCOCCOCCOCCOCCOCCOCCOCCOCCOCCOCCOCCOCCOCCOCCOCCOCCOCCOCCOCCOCCOCCOCCOCCOCCOCCOCCOCCOCCOCCOCCOCCOCCOCCOCCOCCOCCOCCOCCOCCOCCOCCOCCOCCOCCOCCOCCOCCOCCOCCOCCOCCO,153.1,,,0.18,,,48.7,,,2.9,,,wt/wt,10.0,OTHER_wt_ratio,"synthesis_method: Microfluidic mixing or pipette mixing; device_used: Microfluidic device with staggered herringbone features; total_flow_rate_ml_min: 2.4; flow_rate_ratio: 1:3 (organic:aqueous); aqueous_phase_composition: 10 mM citrate buffer; organic_phase_composition: Ethanol with lipids; mixing_time_sec: ; temperature_condition: Room temperature; post_processing: Dialysis in 1x PBS for 2h, filtration through 0.45 ¥ìm filter; sterilization: 0.45 ¥ìm filtration; storage_buffer: 1x PBS","cell_line: HeLa; animal_model: C57BL/6J female mice; administration_route: intravenous (IV); dose: 1.0 mg/kg total nucleic acid; biodistribution_result: Measured by deep sequencing in heart, liver, spleen, lungs, kidneys; toxicity_profile: Cell viability >85%",,,,https://doi.org/10.1038/s41467-024-45422-9,"High-throughput barcoding of nanoparticles identifies cationic, degradable lipid-like materials for mRNA delivery to the lungs in female preclinical models","['Lulu Xue', 'Alex G. Hamilton', 'Gan Zhao', 'Zebin Xiao', 'Rakan El-Mayta', 'Xuexiang Han', 'Ningqiang Gong', 'Xinhong Xiong', 'Junchao Xu', 'Christian G. Figueroa-Espada', 'Sarah J. Shepherd', 'Alvin J. Mukalel', 'Mohamad-Gabriel Alameh', 'Jiaxi Cui', 'Karin Wang', 'Andrew E. Vaughan', 'Drew Weissman', 'Michael J. Mitchell']",Nature Communications,2024.0,11-A2-9b,DOPE,cholesterol,C14PEG2K
232,Custom lipid,DOPE,cholesterol,C14-PEG2000,35:2.5:46.5:16,mRNA,"firefly_luciferase, barcode(dna barcode 30)",NCCN(CC1=CC(=C(O)C(=C1)OC(=O)CC(CCCCCC)CC)OC(=O)CC(CCCCCC)CC)CCCN,CCCCCCCC/C=C\CCCCCCCC(=O)OC[C@H](COP(=O)(O)OCCN)OC(=O)CCCCCCC/C=C\CCCCCCCC,C[C@H](CCCC(C)C)[C@H]1CC[C@@H]2[C@@]1(CC[C@H]3[C@H]2CC=C4[C@@]3(CC[C@@H](C4)O)C)C,CCCCCCCCCCCCCCOC(=O)CCOCCOCCOCCOCCOCCOCCOCCOCCOCCOCCOCCOCCOCCOCCOCCOCCOCCOCCOCCOCCOCCOCCOCCOCCOCCOCCOCCOCCOCCOCCOCCOCCOCCOCCOCCOCCOCCOCCOCCOCCOCCOCCOCCOCCOCCOCCOCCOCCOCCOCCOCCOCCOCCOCCOCCOCCOCCOCCOCCOCCOCCOCCOCCOCCOCCOCCOCCOCCOCCOCCOCCOCCOCCOCCOCCOCCOCCOCCOCCOCCOCCOCCOCCOCCOCCOCCOCCOCCOCCO,135.1,,,0.14,,,69.4,,,9.2,,,wt/wt,10.0,OTHER_wt_ratio,"synthesis_method: Microfluidic mixing or pipette mixing; device_used: Microfluidic device with staggered herringbone features; total_flow_rate_ml_min: 2.4; flow_rate_ratio: 1:3 (organic:aqueous); aqueous_phase_composition: 10 mM citrate buffer; organic_phase_composition: Ethanol with lipids; mixing_time_sec: ; temperature_condition: Room temperature; post_processing: Dialysis in 1x PBS for 2h, filtration through 0.45 ¥ìm filter; sterilization: 0.45 ¥ìm filtration; storage_buffer: 1x PBS","cell_line: HeLa; animal_model: C57BL/6J female mice; administration_route: intravenous (IV); dose: 1.0 mg/kg total nucleic acid; biodistribution_result: Measured by deep sequencing in heart, liver, spleen, lungs, kidneys; toxicity_profile: Cell viability >85%",,,,https://doi.org/10.1038/s41467-024-45422-9,"High-throughput barcoding of nanoparticles identifies cationic, degradable lipid-like materials for mRNA delivery to the lungs in female preclinical models","['Lulu Xue', 'Alex G. Hamilton', 'Gan Zhao', 'Zebin Xiao', 'Rakan El-Mayta', 'Xuexiang Han', 'Ningqiang Gong', 'Xinhong Xiong', 'Junchao Xu', 'Christian G. Figueroa-Espada', 'Sarah J. Shepherd', 'Alvin J. Mukalel', 'Mohamad-Gabriel Alameh', 'Jiaxi Cui', 'Karin Wang', 'Andrew E. Vaughan', 'Drew Weissman', 'Michael J. Mitchell']",Nature Communications,2024.0,12-A2-9b,DOPE,cholesterol,C14PEG2K
233,Custom lipid,DOPE,cholesterol,C14-PEG2000,35:2.5:46.5:16,mRNA,"firefly_luciferase, barcode(dna barcode 31)",NNCC1=CC(=C(O)C(=C1)OC(=O)CCC(CC)CCCCCC)OC(=O)CCC(CC)CCCCCC,CCCCCCCC/C=C\CCCCCCCC(=O)OC[C@H](COP(=O)(O)OCCN)OC(=O)CCCCCCC/C=C\CCCCCCCC,C[C@H](CCCC(C)C)[C@H]1CC[C@@H]2[C@@]1(CC[C@H]3[C@H]2CC=C4[C@@]3(CC[C@@H](C4)O)C)C,CCCCCCCCCCCCCCOC(=O)CCOCCOCCOCCOCCOCCOCCOCCOCCOCCOCCOCCOCCOCCOCCOCCOCCOCCOCCOCCOCCOCCOCCOCCOCCOCCOCCOCCOCCOCCOCCOCCOCCOCCOCCOCCOCCOCCOCCOCCOCCOCCOCCOCCOCCOCCOCCOCCOCCOCCOCCOCCOCCOCCOCCOCCOCCOCCOCCOCCOCCOCCOCCOCCOCCOCCOCCOCCOCCOCCOCCOCCOCCOCCOCCOCCOCCOCCOCCOCCOCCOCCOCCOCCOCCOCCOCCOCCOCCOCCO,167.1,,,0.23,,,54.9,,,12.7,,,wt/wt,10.0,OTHER_wt_ratio,"synthesis_method: Microfluidic mixing or pipette mixing; device_used: Microfluidic device with staggered herringbone features; total_flow_rate_ml_min: 2.4; flow_rate_ratio: 1:3 (organic:aqueous); aqueous_phase_composition: 10 mM citrate buffer; organic_phase_composition: Ethanol with lipids; mixing_time_sec: ; temperature_condition: Room temperature; post_processing: Dialysis in 1x PBS for 2h, filtration through 0.45 ¥ìm filter; sterilization: 0.45 ¥ìm filtration; storage_buffer: 1x PBS","cell_line: HeLa; animal_model: C57BL/6J female mice; administration_route: intravenous (IV); dose: 1.0 mg/kg total nucleic acid; biodistribution_result: Measured by deep sequencing in heart, liver, spleen, lungs, kidneys; toxicity_profile: Cell viability >85%",,,,https://doi.org/10.1038/s41467-024-45422-9,"High-throughput barcoding of nanoparticles identifies cationic, degradable lipid-like materials for mRNA delivery to the lungs in female preclinical models","['Lulu Xue', 'Alex G. Hamilton', 'Gan Zhao', 'Zebin Xiao', 'Rakan El-Mayta', 'Xuexiang Han', 'Ningqiang Gong', 'Xinhong Xiong', 'Junchao Xu', 'Christian G. Figueroa-Espada', 'Sarah J. Shepherd', 'Alvin J. Mukalel', 'Mohamad-Gabriel Alameh', 'Jiaxi Cui', 'Karin Wang', 'Andrew E. Vaughan', 'Drew Weissman', 'Michael J. Mitchell']",Nature Communications,2024.0,1-A2-9b2,DOPE,cholesterol,C14PEG2K
234,Custom lipid,DOPE,cholesterol,C14-PEG2000,35:2.5:46.5:16,mRNA,"firefly_luciferase, barcode(dna barcode 32)",NCCCCNCC1=CC(=C(O)C(=C1)OC(=O)CCC(CC)CCCCCC)OC(=O)CCC(CC)CCCCCC,CCCCCCCC/C=C\CCCCCCCC(=O)OC[C@H](COP(=O)(O)OCCN)OC(=O)CCCCCCC/C=C\CCCCCCCC,C[C@H](CCCC(C)C)[C@H]1CC[C@@H]2[C@@]1(CC[C@H]3[C@H]2CC=C4[C@@]3(CC[C@@H](C4)O)C)C,CCCCCCCCCCCCCCOC(=O)CCOCCOCCOCCOCCOCCOCCOCCOCCOCCOCCOCCOCCOCCOCCOCCOCCOCCOCCOCCOCCOCCOCCOCCOCCOCCOCCOCCOCCOCCOCCOCCOCCOCCOCCOCCOCCOCCOCCOCCOCCOCCOCCOCCOCCOCCOCCOCCOCCOCCOCCOCCOCCOCCOCCOCCOCCOCCOCCOCCOCCOCCOCCOCCOCCOCCOCCOCCOCCOCCOCCOCCOCCOCCOCCOCCOCCOCCOCCOCCOCCOCCOCCOCCOCCOCCOCCOCCOCCOCCO,164.2,,,0.19,,,73.2,,,-6.4,,,wt/wt,10.0,OTHER_wt_ratio,"synthesis_method: Microfluidic mixing or pipette mixing; device_used: Microfluidic device with staggered herringbone features; total_flow_rate_ml_min: 2.4; flow_rate_ratio: 1:3 (organic:aqueous); aqueous_phase_composition: 10 mM citrate buffer; organic_phase_composition: Ethanol with lipids; mixing_time_sec: ; temperature_condition: Room temperature; post_processing: Dialysis in 1x PBS for 2h, filtration through 0.45 ¥ìm filter; sterilization: 0.45 ¥ìm filtration; storage_buffer: 1x PBS","cell_line: HeLa; animal_model: C57BL/6J female mice; administration_route: intravenous (IV); dose: 1.0 mg/kg total nucleic acid; biodistribution_result: Measured by deep sequencing in heart, liver, spleen, lungs, kidneys; toxicity_profile: Cell viability >85%",,,,https://doi.org/10.1038/s41467-024-45422-9,"High-throughput barcoding of nanoparticles identifies cationic, degradable lipid-like materials for mRNA delivery to the lungs in female preclinical models","['Lulu Xue', 'Alex G. Hamilton', 'Gan Zhao', 'Zebin Xiao', 'Rakan El-Mayta', 'Xuexiang Han', 'Ningqiang Gong', 'Xinhong Xiong', 'Junchao Xu', 'Christian G. Figueroa-Espada', 'Sarah J. Shepherd', 'Alvin J. Mukalel', 'Mohamad-Gabriel Alameh', 'Jiaxi Cui', 'Karin Wang', 'Andrew E. Vaughan', 'Drew Weissman', 'Michael J. Mitchell']",Nature Communications,2024.0,2-A2-9b2,DOPE,cholesterol,C14PEG2K
235,Custom lipid,DOPE,cholesterol,C14-PEG2000,35:2.5:46.5:16,mRNA,"firefly_luciferase, barcode(dna barcode 33)",NC1CCN(CC1)CC2=CC(=C(O)C(=C2)OC(=O)CCC(CC)CCCCCC)OC(=O)CCC(CC)CCCCCC,CCCCCCCC/C=C\CCCCCCCC(=O)OC[C@H](COP(=O)(O)OCCN)OC(=O)CCCCCCC/C=C\CCCCCCCC,C[C@H](CCCC(C)C)[C@H]1CC[C@@H]2[C@@]1(CC[C@H]3[C@H]2CC=C4[C@@]3(CC[C@@H](C4)O)C)C,CCCCCCCCCCCCCCOC(=O)CCOCCOCCOCCOCCOCCOCCOCCOCCOCCOCCOCCOCCOCCOCCOCCOCCOCCOCCOCCOCCOCCOCCOCCOCCOCCOCCOCCOCCOCCOCCOCCOCCOCCOCCOCCOCCOCCOCCOCCOCCOCCOCCOCCOCCOCCOCCOCCOCCOCCOCCOCCOCCOCCOCCOCCOCCOCCOCCOCCOCCOCCOCCOCCOCCOCCOCCOCCOCCOCCOCCOCCOCCOCCOCCOCCOCCOCCOCCOCCOCCOCCOCCOCCOCCOCCOCCOCCOCCOCCO,157.1,,,0.17,,,53.1,,,-10.7,,,wt/wt,10.0,OTHER_wt_ratio,"synthesis_method: Microfluidic mixing or pipette mixing; device_used: Microfluidic device with staggered herringbone features; total_flow_rate_ml_min: 2.4; flow_rate_ratio: 1:3 (organic:aqueous); aqueous_phase_composition: 10 mM citrate buffer; organic_phase_composition: Ethanol with lipids; mixing_time_sec: ; temperature_condition: Room temperature; post_processing: Dialysis in 1x PBS for 2h, filtration through 0.45 ¥ìm filter; sterilization: 0.45 ¥ìm filtration; storage_buffer: 1x PBS","cell_line: HeLa; animal_model: C57BL/6J female mice; administration_route: intravenous (IV); dose: 1.0 mg/kg total nucleic acid; biodistribution_result: Measured by deep sequencing in heart, liver, spleen, lungs, kidneys; toxicity_profile: Cell viability >85%",,,,https://doi.org/10.1038/s41467-024-45422-9,"High-throughput barcoding of nanoparticles identifies cationic, degradable lipid-like materials for mRNA delivery to the lungs in female preclinical models","['Lulu Xue', 'Alex G. Hamilton', 'Gan Zhao', 'Zebin Xiao', 'Rakan El-Mayta', 'Xuexiang Han', 'Ningqiang Gong', 'Xinhong Xiong', 'Junchao Xu', 'Christian G. Figueroa-Espada', 'Sarah J. Shepherd', 'Alvin J. Mukalel', 'Mohamad-Gabriel Alameh', 'Jiaxi Cui', 'Karin Wang', 'Andrew E. Vaughan', 'Drew Weissman', 'Michael J. Mitchell']",Nature Communications,2024.0,3-A2-9b2,DOPE,cholesterol,C14PEG2K
236,Custom lipid,DOPE,cholesterol,C14-PEG2000,35:2.5:46.5:16,mRNA,"firefly_luciferase, barcode(dna barcode 34)",NCCN1CCN(CC1)CC2=CC(=C(O)C(=C2)OC(=O)CCC(CC)CCCCCC)OC(=O)CCC(CC)CCCCCC,CCCCCCCC/C=C\CCCCCCCC(=O)OC[C@H](COP(=O)(O)OCCN)OC(=O)CCCCCCC/C=C\CCCCCCCC,C[C@H](CCCC(C)C)[C@H]1CC[C@@H]2[C@@]1(CC[C@H]3[C@H]2CC=C4[C@@]3(CC[C@@H](C4)O)C)C,CCCCCCCCCCCCCCOC(=O)CCOCCOCCOCCOCCOCCOCCOCCOCCOCCOCCOCCOCCOCCOCCOCCOCCOCCOCCOCCOCCOCCOCCOCCOCCOCCOCCOCCOCCOCCOCCOCCOCCOCCOCCOCCOCCOCCOCCOCCOCCOCCOCCOCCOCCOCCOCCOCCOCCOCCOCCOCCOCCOCCOCCOCCOCCOCCOCCOCCOCCOCCOCCOCCOCCOCCOCCOCCOCCOCCOCCOCCOCCOCCOCCOCCOCCOCCOCCOCCOCCOCCOCCOCCOCCOCCOCCOCCOCCOCCO,171.9,,,0.1,,,64.1,,,14.7,,,wt/wt,10.0,OTHER_wt_ratio,"synthesis_method: Microfluidic mixing or pipette mixing; device_used: Microfluidic device with staggered herringbone features; total_flow_rate_ml_min: 2.4; flow_rate_ratio: 1:3 (organic:aqueous); aqueous_phase_composition: 10 mM citrate buffer; organic_phase_composition: Ethanol with lipids; mixing_time_sec: ; temperature_condition: Room temperature; post_processing: Dialysis in 1x PBS for 2h, filtration through 0.45 ¥ìm filter; sterilization: 0.45 ¥ìm filtration; storage_buffer: 1x PBS","cell_line: HeLa; animal_model: C57BL/6J female mice; administration_route: intravenous (IV); dose: 1.0 mg/kg total nucleic acid; biodistribution_result: Measured by deep sequencing in heart, liver, spleen, lungs, kidneys; toxicity_profile: Cell viability >85%",,,,https://doi.org/10.1038/s41467-024-45422-9,"High-throughput barcoding of nanoparticles identifies cationic, degradable lipid-like materials for mRNA delivery to the lungs in female preclinical models","['Lulu Xue', 'Alex G. Hamilton', 'Gan Zhao', 'Zebin Xiao', 'Rakan El-Mayta', 'Xuexiang Han', 'Ningqiang Gong', 'Xinhong Xiong', 'Junchao Xu', 'Christian G. Figueroa-Espada', 'Sarah J. Shepherd', 'Alvin J. Mukalel', 'Mohamad-Gabriel Alameh', 'Jiaxi Cui', 'Karin Wang', 'Andrew E. Vaughan', 'Drew Weissman', 'Michael J. Mitchell']",Nature Communications,2024.0,4-A2-9b2,DOPE,cholesterol,C14PEG2K
237,Custom lipid,DOPE,cholesterol,C14-PEG2000,35:2.5:46.5:16,mRNA,"firefly_luciferase, barcode(dna barcode 35)",NCCCN(CC1=CC(=C(O)C(=C1)OC(=O)CCC(CC)CCCCCC)OC(=O)CCC(CC)CCCCCC)CCN,CCCCCCCC/C=C\CCCCCCCC(=O)OC[C@H](COP(=O)(O)OCCN)OC(=O)CCCCCCC/C=C\CCCCCCCC,C[C@H](CCCC(C)C)[C@H]1CC[C@@H]2[C@@]1(CC[C@H]3[C@H]2CC=C4[C@@]3(CC[C@@H](C4)O)C)C,CCCCCCCCCCCCCCOC(=O)CCOCCOCCOCCOCCOCCOCCOCCOCCOCCOCCOCCOCCOCCOCCOCCOCCOCCOCCOCCOCCOCCOCCOCCOCCOCCOCCOCCOCCOCCOCCOCCOCCOCCOCCOCCOCCOCCOCCOCCOCCOCCOCCOCCOCCOCCOCCOCCOCCOCCOCCOCCOCCOCCOCCOCCOCCOCCOCCOCCOCCOCCOCCOCCOCCOCCOCCOCCOCCOCCOCCOCCOCCOCCOCCOCCOCCOCCOCCOCCOCCOCCOCCOCCOCCOCCOCCOCCOCCOCCO,166.8,,,0.18,,,57.3,,,10.4,,,wt/wt,10.0,OTHER_wt_ratio,"synthesis_method: Microfluidic mixing or pipette mixing; device_used: Microfluidic device with staggered herringbone features; total_flow_rate_ml_min: 2.4; flow_rate_ratio: 1:3 (organic:aqueous); aqueous_phase_composition: 10 mM citrate buffer; organic_phase_composition: Ethanol with lipids; mixing_time_sec: ; temperature_condition: Room temperature; post_processing: Dialysis in 1x PBS for 2h, filtration through 0.45 ¥ìm filter; sterilization: 0.45 ¥ìm filtration; storage_buffer: 1x PBS","cell_line: HeLa; animal_model: C57BL/6J female mice; administration_route: intravenous (IV); dose: 1.0 mg/kg total nucleic acid; biodistribution_result: Measured by deep sequencing in heart, liver, spleen, lungs, kidneys; toxicity_profile: Cell viability >85%",,,,https://doi.org/10.1038/s41467-024-45422-9,"High-throughput barcoding of nanoparticles identifies cationic, degradable lipid-like materials for mRNA delivery to the lungs in female preclinical models","['Lulu Xue', 'Alex G. Hamilton', 'Gan Zhao', 'Zebin Xiao', 'Rakan El-Mayta', 'Xuexiang Han', 'Ningqiang Gong', 'Xinhong Xiong', 'Junchao Xu', 'Christian G. Figueroa-Espada', 'Sarah J. Shepherd', 'Alvin J. Mukalel', 'Mohamad-Gabriel Alameh', 'Jiaxi Cui', 'Karin Wang', 'Andrew E. Vaughan', 'Drew Weissman', 'Michael J. Mitchell']",Nature Communications,2024.0,11-A2-9b2,DOPE,cholesterol,C14PEG2K
238,Custom lipid,DOPE,cholesterol,C14-PEG2000,35:2.5:46.5:16,mRNA,"firefly_luciferase, barcode(dna barcode 36)",NCCN(CC1=CC(=C(O)C(=C1)OC(=O)CCC(CC)CCCCCC)OC(=O)CCC(CC)CCCCCC)CCCN,CCCCCCCC/C=C\CCCCCCCC(=O)OC[C@H](COP(=O)(O)OCCN)OC(=O)CCCCCCC/C=C\CCCCCCCC,C[C@H](CCCC(C)C)[C@H]1CC[C@@H]2[C@@]1(CC[C@H]3[C@H]2CC=C4[C@@]3(CC[C@@H](C4)O)C)C,CCCCCCCCCCCCCCOC(=O)CCOCCOCCOCCOCCOCCOCCOCCOCCOCCOCCOCCOCCOCCOCCOCCOCCOCCOCCOCCOCCOCCOCCOCCOCCOCCOCCOCCOCCOCCOCCOCCOCCOCCOCCOCCOCCOCCOCCOCCOCCOCCOCCOCCOCCOCCOCCOCCOCCOCCOCCOCCOCCOCCOCCOCCOCCOCCOCCOCCOCCOCCOCCOCCOCCOCCOCCOCCOCCOCCOCCOCCOCCOCCOCCOCCOCCOCCOCCOCCOCCOCCOCCOCCOCCOCCOCCOCCOCCOCCO,160.8,,,0.16,,,58.4,,,-4.3,,,wt/wt,10.0,OTHER_wt_ratio,"synthesis_method: Microfluidic mixing or pipette mixing; device_used: Microfluidic device with staggered herringbone features; total_flow_rate_ml_min: 2.4; flow_rate_ratio: 1:3 (organic:aqueous); aqueous_phase_composition: 10 mM citrate buffer; organic_phase_composition: Ethanol with lipids; mixing_time_sec: ; temperature_condition: Room temperature; post_processing: Dialysis in 1x PBS for 2h, filtration through 0.45 ¥ìm filter; sterilization: 0.45 ¥ìm filtration; storage_buffer: 1x PBS","cell_line: HeLa; animal_model: C57BL/6J female mice; administration_route: intravenous (IV); dose: 1.0 mg/kg total nucleic acid; biodistribution_result: Measured by deep sequencing in heart, liver, spleen, lungs, kidneys; toxicity_profile: Cell viability >85%",,,,https://doi.org/10.1038/s41467-024-45422-9,"High-throughput barcoding of nanoparticles identifies cationic, degradable lipid-like materials for mRNA delivery to the lungs in female preclinical models","['Lulu Xue', 'Alex G. Hamilton', 'Gan Zhao', 'Zebin Xiao', 'Rakan El-Mayta', 'Xuexiang Han', 'Ningqiang Gong', 'Xinhong Xiong', 'Junchao Xu', 'Christian G. Figueroa-Espada', 'Sarah J. Shepherd', 'Alvin J. Mukalel', 'Mohamad-Gabriel Alameh', 'Jiaxi Cui', 'Karin Wang', 'Andrew E. Vaughan', 'Drew Weissman', 'Michael J. Mitchell']",Nature Communications,2024.0,12-A2-9b2,DOPE,cholesterol,C14PEG2K
239,Custom lipid,DOPE,cholesterol,C14-PEG2000,35:2.5:46.5:16,mRNA,"firefly_luciferase, barcode(dna barcode 37)",NNCC1=CC(=C(OC(=O)CC(CC)CCC)C(=C1)OC(=O)CC(CC)CCC)OC(=O)CC(CC)CCC,CCCCCCCC/C=C\CCCCCCCC(=O)OC[C@H](COP(=O)(O)OCCN)OC(=O)CCCCCCC/C=C\CCCCCCCC,C[C@H](CCCC(C)C)[C@H]1CC[C@@H]2[C@@]1(CC[C@H]3[C@H]2CC=C4[C@@]3(CC[C@@H](C4)O)C)C,CCCCCCCCCCCCCCOC(=O)CCOCCOCCOCCOCCOCCOCCOCCOCCOCCOCCOCCOCCOCCOCCOCCOCCOCCOCCOCCOCCOCCOCCOCCOCCOCCOCCOCCOCCOCCOCCOCCOCCOCCOCCOCCOCCOCCOCCOCCOCCOCCOCCOCCOCCOCCOCCOCCOCCOCCOCCOCCOCCOCCOCCOCCOCCOCCOCCOCCOCCOCCOCCOCCOCCOCCOCCOCCOCCOCCOCCOCCOCCOCCOCCOCCOCCOCCOCCOCCOCCOCCOCCOCCOCCOCCOCCOCCOCCOCCO,150.3,,,0.19,,,39.2,,,-9.6,,,wt/wt,10.0,OTHER_wt_ratio,"synthesis_method: Microfluidic mixing or pipette mixing; device_used: Microfluidic device with staggered herringbone features; total_flow_rate_ml_min: 2.4; flow_rate_ratio: 1:3 (organic:aqueous); aqueous_phase_composition: 10 mM citrate buffer; organic_phase_composition: Ethanol with lipids; mixing_time_sec: ; temperature_condition: Room temperature; post_processing: Dialysis in 1x PBS for 2h, filtration through 0.45 ¥ìm filter; sterilization: 0.45 ¥ìm filtration; storage_buffer: 1x PBS","cell_line: HeLa; animal_model: C57BL/6J female mice; administration_route: intravenous (IV); dose: 1.0 mg/kg total nucleic acid; biodistribution_result: Measured by deep sequencing in heart, liver, spleen, lungs, kidneys; toxicity_profile: Cell viability >85%",,,,https://doi.org/10.1038/s41467-024-45422-9,"High-throughput barcoding of nanoparticles identifies cationic, degradable lipid-like materials for mRNA delivery to the lungs in female preclinical models","['Lulu Xue', 'Alex G. Hamilton', 'Gan Zhao', 'Zebin Xiao', 'Rakan El-Mayta', 'Xuexiang Han', 'Ningqiang Gong', 'Xinhong Xiong', 'Junchao Xu', 'Christian G. Figueroa-Espada', 'Sarah J. Shepherd', 'Alvin J. Mukalel', 'Mohamad-Gabriel Alameh', 'Jiaxi Cui', 'Karin Wang', 'Andrew E. Vaughan', 'Drew Weissman', 'Michael J. Mitchell']",Nature Communications,2024.0,1-A3-6b,DOPE,cholesterol,C14PEG2K
240,Custom lipid,DOPE,cholesterol,C14-PEG2000,35:2.5:46.5:16,mRNA,"firefly_luciferase, barcode(dna barcode 38)",NCCCCNCC1=CC(=C(OC(=O)CC(CC)CCC)C(=C1)OC(=O)CC(CC)CCC)OC(=O)CC(CC)CCC,CCCCCCCC/C=C\CCCCCCCC(=O)OC[C@H](COP(=O)(O)OCCN)OC(=O)CCCCCCC/C=C\CCCCCCCC,C[C@H](CCCC(C)C)[C@H]1CC[C@@H]2[C@@]1(CC[C@H]3[C@H]2CC=C4[C@@]3(CC[C@@H](C4)O)C)C,CCCCCCCCCCCCCCOC(=O)CCOCCOCCOCCOCCOCCOCCOCCOCCOCCOCCOCCOCCOCCOCCOCCOCCOCCOCCOCCOCCOCCOCCOCCOCCOCCOCCOCCOCCOCCOCCOCCOCCOCCOCCOCCOCCOCCOCCOCCOCCOCCOCCOCCOCCOCCOCCOCCOCCOCCOCCOCCOCCOCCOCCOCCOCCOCCOCCOCCOCCOCCOCCOCCOCCOCCOCCOCCOCCOCCOCCOCCOCCOCCOCCOCCOCCOCCOCCOCCOCCOCCOCCOCCOCCOCCOCCOCCOCCOCCO,154.9,,,0.13,,,42.5,,,1.2,,,wt/wt,10.0,OTHER_wt_ratio,"synthesis_method: Microfluidic mixing or pipette mixing; device_used: Microfluidic device with staggered herringbone features; total_flow_rate_ml_min: 2.4; flow_rate_ratio: 1:3 (organic:aqueous); aqueous_phase_composition: 10 mM citrate buffer; organic_phase_composition: Ethanol with lipids; mixing_time_sec: ; temperature_condition: Room temperature; post_processing: Dialysis in 1x PBS for 2h, filtration through 0.45 ¥ìm filter; sterilization: 0.45 ¥ìm filtration; storage_buffer: 1x PBS","cell_line: HeLa; animal_model: C57BL/6J female mice; administration_route: intravenous (IV); dose: 1.0 mg/kg total nucleic acid; biodistribution_result: Measured by deep sequencing in heart, liver, spleen, lungs, kidneys; toxicity_profile: Cell viability >85%",,,,https://doi.org/10.1038/s41467-024-45422-9,"High-throughput barcoding of nanoparticles identifies cationic, degradable lipid-like materials for mRNA delivery to the lungs in female preclinical models","['Lulu Xue', 'Alex G. Hamilton', 'Gan Zhao', 'Zebin Xiao', 'Rakan El-Mayta', 'Xuexiang Han', 'Ningqiang Gong', 'Xinhong Xiong', 'Junchao Xu', 'Christian G. Figueroa-Espada', 'Sarah J. Shepherd', 'Alvin J. Mukalel', 'Mohamad-Gabriel Alameh', 'Jiaxi Cui', 'Karin Wang', 'Andrew E. Vaughan', 'Drew Weissman', 'Michael J. Mitchell']",Nature Communications,2024.0,2-A3-6b,DOPE,cholesterol,C14PEG2K
241,Custom lipid,DOPE,cholesterol,C14-PEG2000,35:2.5:46.5:16,mRNA,"firefly_luciferase, barcode(dna barcode 39)",NC1CCN(CC1)CC2=CC(=C(OC(=O)CC(CC)CCC)C(=C2)OC(=O)CC(CC)CCC)OC(=O)CC(CC)CCC,CCCCCCCC/C=C\CCCCCCCC(=O)OC[C@H](COP(=O)(O)OCCN)OC(=O)CCCCCCC/C=C\CCCCCCCC,C[C@H](CCCC(C)C)[C@H]1CC[C@@H]2[C@@]1(CC[C@H]3[C@H]2CC=C4[C@@]3(CC[C@@H](C4)O)C)C,CCCCCCCCCCCCCCOC(=O)CCOCCOCCOCCOCCOCCOCCOCCOCCOCCOCCOCCOCCOCCOCCOCCOCCOCCOCCOCCOCCOCCOCCOCCOCCOCCOCCOCCOCCOCCOCCOCCOCCOCCOCCOCCOCCOCCOCCOCCOCCOCCOCCOCCOCCOCCOCCOCCOCCOCCOCCOCCOCCOCCOCCOCCOCCOCCOCCOCCOCCOCCOCCOCCOCCOCCOCCOCCOCCOCCOCCOCCOCCOCCOCCOCCOCCOCCOCCOCCOCCOCCOCCOCCOCCOCCOCCOCCOCCOCCO,159.3,,,0.14,,,48.8,,,12.6,,,wt/wt,10.0,OTHER_wt_ratio,"synthesis_method: Microfluidic mixing or pipette mixing; device_used: Microfluidic device with staggered herringbone features; total_flow_rate_ml_min: 2.4; flow_rate_ratio: 1:3 (organic:aqueous); aqueous_phase_composition: 10 mM citrate buffer; organic_phase_composition: Ethanol with lipids; mixing_time_sec: ; temperature_condition: Room temperature; post_processing: Dialysis in 1x PBS for 2h, filtration through 0.45 ¥ìm filter; sterilization: 0.45 ¥ìm filtration; storage_buffer: 1x PBS","cell_line: HeLa; animal_model: C57BL/6J female mice; administration_route: intravenous (IV); dose: 1.0 mg/kg total nucleic acid; biodistribution_result: Measured by deep sequencing in heart, liver, spleen, lungs, kidneys; toxicity_profile: Cell viability >85%",,,,https://doi.org/10.1038/s41467-024-45422-9,"High-throughput barcoding of nanoparticles identifies cationic, degradable lipid-like materials for mRNA delivery to the lungs in female preclinical models","['Lulu Xue', 'Alex G. Hamilton', 'Gan Zhao', 'Zebin Xiao', 'Rakan El-Mayta', 'Xuexiang Han', 'Ningqiang Gong', 'Xinhong Xiong', 'Junchao Xu', 'Christian G. Figueroa-Espada', 'Sarah J. Shepherd', 'Alvin J. Mukalel', 'Mohamad-Gabriel Alameh', 'Jiaxi Cui', 'Karin Wang', 'Andrew E. Vaughan', 'Drew Weissman', 'Michael J. Mitchell']",Nature Communications,2024.0,3-A3-6b,DOPE,cholesterol,C14PEG2K
242,Custom lipid,DOPE,cholesterol,C14-PEG2000,35:2.5:46.5:16,mRNA,"firefly_luciferase, barcode(dna barcode 40)",NCCN1CCN(CC1)CC2=CC(=C(OC(=O)CC(CC)CCC)C(=C2)OC(=O)CC(CC)CCC)OC(=O)CC(CC)CCC,CCCCCCCC/C=C\CCCCCCCC(=O)OC[C@H](COP(=O)(O)OCCN)OC(=O)CCCCCCC/C=C\CCCCCCCC,C[C@H](CCCC(C)C)[C@H]1CC[C@@H]2[C@@]1(CC[C@H]3[C@H]2CC=C4[C@@]3(CC[C@@H](C4)O)C)C,CCCCCCCCCCCCCCOC(=O)CCOCCOCCOCCOCCOCCOCCOCCOCCOCCOCCOCCOCCOCCOCCOCCOCCOCCOCCOCCOCCOCCOCCOCCOCCOCCOCCOCCOCCOCCOCCOCCOCCOCCOCCOCCOCCOCCOCCOCCOCCOCCOCCOCCOCCOCCOCCOCCOCCOCCOCCOCCOCCOCCOCCOCCOCCOCCOCCOCCOCCOCCOCCOCCOCCOCCOCCOCCOCCOCCOCCOCCOCCOCCOCCOCCOCCOCCOCCOCCOCCOCCOCCOCCOCCOCCOCCOCCOCCOCCO,151.4,,,0.22,,,49.6,,,6.9,,,wt/wt,10.0,OTHER_wt_ratio,"synthesis_method: Microfluidic mixing or pipette mixing; device_used: Microfluidic device with staggered herringbone features; total_flow_rate_ml_min: 2.4; flow_rate_ratio: 1:3 (organic:aqueous); aqueous_phase_composition: 10 mM citrate buffer; organic_phase_composition: Ethanol with lipids; mixing_time_sec: ; temperature_condition: Room temperature; post_processing: Dialysis in 1x PBS for 2h, filtration through 0.45 ¥ìm filter; sterilization: 0.45 ¥ìm filtration; storage_buffer: 1x PBS","cell_line: HeLa; animal_model: C57BL/6J female mice; administration_route: intravenous (IV); dose: 1.0 mg/kg total nucleic acid; biodistribution_result: Measured by deep sequencing in heart, liver, spleen, lungs, kidneys; toxicity_profile: Cell viability >85%",,,,https://doi.org/10.1038/s41467-024-45422-9,"High-throughput barcoding of nanoparticles identifies cationic, degradable lipid-like materials for mRNA delivery to the lungs in female preclinical models","['Lulu Xue', 'Alex G. Hamilton', 'Gan Zhao', 'Zebin Xiao', 'Rakan El-Mayta', 'Xuexiang Han', 'Ningqiang Gong', 'Xinhong Xiong', 'Junchao Xu', 'Christian G. Figueroa-Espada', 'Sarah J. Shepherd', 'Alvin J. Mukalel', 'Mohamad-Gabriel Alameh', 'Jiaxi Cui', 'Karin Wang', 'Andrew E. Vaughan', 'Drew Weissman', 'Michael J. Mitchell']",Nature Communications,2024.0,4-A3-6b,DOPE,cholesterol,C14PEG2K
243,Custom lipid,DOPE,cholesterol,C14-PEG2000,35:2.5:46.5:16,mRNA,"firefly_luciferase, barcode(dna barcode 41)",NCCCN(CC1=CC(=C(OC(=O)CC(CC)CCC)C(=C1)OC(=O)CC(CC)CCC)OC(=O)CC(CC)CCC)CCN,CCCCCCCC/C=C\CCCCCCCC(=O)OC[C@H](COP(=O)(O)OCCN)OC(=O)CCCCCCC/C=C\CCCCCCCC,C[C@H](CCCC(C)C)[C@H]1CC[C@@H]2[C@@]1(CC[C@H]3[C@H]2CC=C4[C@@]3(CC[C@@H](C4)O)C)C,CCCCCCCCCCCCCCOC(=O)CCOCCOCCOCCOCCOCCOCCOCCOCCOCCOCCOCCOCCOCCOCCOCCOCCOCCOCCOCCOCCOCCOCCOCCOCCOCCOCCOCCOCCOCCOCCOCCOCCOCCOCCOCCOCCOCCOCCOCCOCCOCCOCCOCCOCCOCCOCCOCCOCCOCCOCCOCCOCCOCCOCCOCCOCCOCCOCCOCCOCCOCCOCCOCCOCCOCCOCCOCCOCCOCCOCCOCCOCCOCCOCCOCCOCCOCCOCCOCCOCCOCCOCCOCCOCCOCCOCCOCCOCCOCCO,135.4,,,0.12,,,46.8,,,9.2,,,wt/wt,10.0,OTHER_wt_ratio,"synthesis_method: Microfluidic mixing or pipette mixing; device_used: Microfluidic device with staggered herringbone features; total_flow_rate_ml_min: 2.4; flow_rate_ratio: 1:3 (organic:aqueous); aqueous_phase_composition: 10 mM citrate buffer; organic_phase_composition: Ethanol with lipids; mixing_time_sec: ; temperature_condition: Room temperature; post_processing: Dialysis in 1x PBS for 2h, filtration through 0.45 ¥ìm filter; sterilization: 0.45 ¥ìm filtration; storage_buffer: 1x PBS","cell_line: HeLa; animal_model: C57BL/6J female mice; administration_route: intravenous (IV); dose: 1.0 mg/kg total nucleic acid; biodistribution_result: Measured by deep sequencing in heart, liver, spleen, lungs, kidneys; toxicity_profile: Cell viability >85%",,,,https://doi.org/10.1038/s41467-024-45422-9,"High-throughput barcoding of nanoparticles identifies cationic, degradable lipid-like materials for mRNA delivery to the lungs in female preclinical models","['Lulu Xue', 'Alex G. Hamilton', 'Gan Zhao', 'Zebin Xiao', 'Rakan El-Mayta', 'Xuexiang Han', 'Ningqiang Gong', 'Xinhong Xiong', 'Junchao Xu', 'Christian G. Figueroa-Espada', 'Sarah J. Shepherd', 'Alvin J. Mukalel', 'Mohamad-Gabriel Alameh', 'Jiaxi Cui', 'Karin Wang', 'Andrew E. Vaughan', 'Drew Weissman', 'Michael J. Mitchell']",Nature Communications,2024.0,11-A3-6b,DOPE,cholesterol,C14PEG2K
244,Custom lipid,DOPE,cholesterol,C14-PEG2000,35:2.5:46.5:16,mRNA,"firefly_luciferase, barcode(dna barcode 42)",NCCN(CC1=CC(=C(OC(=O)CC(CC)CCC)C(=C1)OC(=O)CC(CC)CCC)OC(=O)CC(CC)CCC)CCCN,CCCCCCCC/C=C\CCCCCCCC(=O)OC[C@H](COP(=O)(O)OCCN)OC(=O)CCCCCCC/C=C\CCCCCCCC,C[C@H](CCCC(C)C)[C@H]1CC[C@@H]2[C@@]1(CC[C@H]3[C@H]2CC=C4[C@@]3(CC[C@@H](C4)O)C)C,CCCCCCCCCCCCCCOC(=O)CCOCCOCCOCCOCCOCCOCCOCCOCCOCCOCCOCCOCCOCCOCCOCCOCCOCCOCCOCCOCCOCCOCCOCCOCCOCCOCCOCCOCCOCCOCCOCCOCCOCCOCCOCCOCCOCCOCCOCCOCCOCCOCCOCCOCCOCCOCCOCCOCCOCCOCCOCCOCCOCCOCCOCCOCCOCCOCCOCCOCCOCCOCCOCCOCCOCCOCCOCCOCCOCCOCCOCCOCCOCCOCCOCCOCCOCCOCCOCCOCCOCCOCCOCCOCCOCCOCCOCCOCCOCCO,156.2,,,0.16,,,37.0,,,-3.6,,,wt/wt,10.0,OTHER_wt_ratio,"synthesis_method: Microfluidic mixing or pipette mixing; device_used: Microfluidic device with staggered herringbone features; total_flow_rate_ml_min: 2.4; flow_rate_ratio: 1:3 (organic:aqueous); aqueous_phase_composition: 10 mM citrate buffer; organic_phase_composition: Ethanol with lipids; mixing_time_sec: ; temperature_condition: Room temperature; post_processing: Dialysis in 1x PBS for 2h, filtration through 0.45 ¥ìm filter; sterilization: 0.45 ¥ìm filtration; storage_buffer: 1x PBS","cell_line: HeLa; animal_model: C57BL/6J female mice; administration_route: intravenous (IV); dose: 1.0 mg/kg total nucleic acid; biodistribution_result: Measured by deep sequencing in heart, liver, spleen, lungs, kidneys; toxicity_profile: Cell viability >85%",,,,https://doi.org/10.1038/s41467-024-45422-9,"High-throughput barcoding of nanoparticles identifies cationic, degradable lipid-like materials for mRNA delivery to the lungs in female preclinical models","['Lulu Xue', 'Alex G. Hamilton', 'Gan Zhao', 'Zebin Xiao', 'Rakan El-Mayta', 'Xuexiang Han', 'Ningqiang Gong', 'Xinhong Xiong', 'Junchao Xu', 'Christian G. Figueroa-Espada', 'Sarah J. Shepherd', 'Alvin J. Mukalel', 'Mohamad-Gabriel Alameh', 'Jiaxi Cui', 'Karin Wang', 'Andrew E. Vaughan', 'Drew Weissman', 'Michael J. Mitchell']",Nature Communications,2024.0,12-A3-6b,DOPE,cholesterol,C14PEG2K
245,Custom lipid,DOPE,cholesterol,C14-PEG2000,35:2.5:46.5:16,mRNA,"firefly_luciferase, barcode(dna barcode 43)",NNCC1=CC(=C(OC(=O)CC(CC)CCCC)C(=C1)OC(=O)CC(CC)CCCC)OC(=O)CC(CC)CCCC,CCCCCCCC/C=C\CCCCCCCC(=O)OC[C@H](COP(=O)(O)OCCN)OC(=O)CCCCCCC/C=C\CCCCCCCC,C[C@H](CCCC(C)C)[C@H]1CC[C@@H]2[C@@]1(CC[C@H]3[C@H]2CC=C4[C@@]3(CC[C@@H](C4)O)C)C,CCCCCCCCCCCCCCOC(=O)CCOCCOCCOCCOCCOCCOCCOCCOCCOCCOCCOCCOCCOCCOCCOCCOCCOCCOCCOCCOCCOCCOCCOCCOCCOCCOCCOCCOCCOCCOCCOCCOCCOCCOCCOCCOCCOCCOCCOCCOCCOCCOCCOCCOCCOCCOCCOCCOCCOCCOCCOCCOCCOCCOCCOCCOCCOCCOCCOCCOCCOCCOCCOCCOCCOCCOCCOCCOCCOCCOCCOCCOCCOCCOCCOCCOCCOCCOCCOCCOCCOCCOCCOCCOCCOCCOCCOCCOCCOCCO,158.1,,,0.15,,,53.4,,,6.7,,,wt/wt,10.0,OTHER_wt_ratio,"synthesis_method: Microfluidic mixing or pipette mixing; device_used: Microfluidic device with staggered herringbone features; total_flow_rate_ml_min: 2.4; flow_rate_ratio: 1:3 (organic:aqueous); aqueous_phase_composition: 10 mM citrate buffer; organic_phase_composition: Ethanol with lipids; mixing_time_sec: ; temperature_condition: Room temperature; post_processing: Dialysis in 1x PBS for 2h, filtration through 0.45 ¥ìm filter; sterilization: 0.45 ¥ìm filtration; storage_buffer: 1x PBS","cell_line: HeLa; animal_model: C57BL/6J female mice; administration_route: intravenous (IV); dose: 1.0 mg/kg total nucleic acid; biodistribution_result: Measured by deep sequencing in heart, liver, spleen, lungs, kidneys; toxicity_profile: Cell viability >85%",,,,https://doi.org/10.1038/s41467-024-45422-9,"High-throughput barcoding of nanoparticles identifies cationic, degradable lipid-like materials for mRNA delivery to the lungs in female preclinical models","['Lulu Xue', 'Alex G. Hamilton', 'Gan Zhao', 'Zebin Xiao', 'Rakan El-Mayta', 'Xuexiang Han', 'Ningqiang Gong', 'Xinhong Xiong', 'Junchao Xu', 'Christian G. Figueroa-Espada', 'Sarah J. Shepherd', 'Alvin J. Mukalel', 'Mohamad-Gabriel Alameh', 'Jiaxi Cui', 'Karin Wang', 'Andrew E. Vaughan', 'Drew Weissman', 'Michael J. Mitchell']",Nature Communications,2024.0,1-A3-7b,DOPE,cholesterol,C14PEG2K
246,Custom lipid,DOPE,cholesterol,C14-PEG2000,35:2.5:46.5:16,mRNA,"firefly_luciferase, barcode(dna barcode 44)",NCCCCNCC1=CC(=C(OC(=O)CC(CC)CCCC)C(=C1)OC(=O)CC(CC)CCCC)OC(=O)CC(CC)CCCC,CCCCCCCC/C=C\CCCCCCCC(=O)OC[C@H](COP(=O)(O)OCCN)OC(=O)CCCCCCC/C=C\CCCCCCCC,C[C@H](CCCC(C)C)[C@H]1CC[C@@H]2[C@@]1(CC[C@H]3[C@H]2CC=C4[C@@]3(CC[C@@H](C4)O)C)C,CCCCCCCCCCCCCCOC(=O)CCOCCOCCOCCOCCOCCOCCOCCOCCOCCOCCOCCOCCOCCOCCOCCOCCOCCOCCOCCOCCOCCOCCOCCOCCOCCOCCOCCOCCOCCOCCOCCOCCOCCOCCOCCOCCOCCOCCOCCOCCOCCOCCOCCOCCOCCOCCOCCOCCOCCOCCOCCOCCOCCOCCOCCOCCOCCOCCOCCOCCOCCOCCOCCOCCOCCOCCOCCOCCOCCOCCOCCOCCOCCOCCOCCOCCOCCOCCOCCOCCOCCOCCOCCOCCOCCOCCOCCOCCOCCO,176.0,,,0.16,,,77.9,,,7.4,,,wt/wt,10.0,OTHER_wt_ratio,"synthesis_method: Microfluidic mixing or pipette mixing; device_used: Microfluidic device with staggered herringbone features; total_flow_rate_ml_min: 2.4; flow_rate_ratio: 1:3 (organic:aqueous); aqueous_phase_composition: 10 mM citrate buffer; organic_phase_composition: Ethanol with lipids; mixing_time_sec: ; temperature_condition: Room temperature; post_processing: Dialysis in 1x PBS for 2h, filtration through 0.45 ¥ìm filter; sterilization: 0.45 ¥ìm filtration; storage_buffer: 1x PBS","cell_line: HeLa; animal_model: C57BL/6J female mice; administration_route: intravenous (IV); dose: 1.0 mg/kg total nucleic acid; biodistribution_result: Measured by deep sequencing in heart, liver, spleen, lungs, kidneys; toxicity_profile: Cell viability >85%",,,,https://doi.org/10.1038/s41467-024-45422-9,"High-throughput barcoding of nanoparticles identifies cationic, degradable lipid-like materials for mRNA delivery to the lungs in female preclinical models","['Lulu Xue', 'Alex G. Hamilton', 'Gan Zhao', 'Zebin Xiao', 'Rakan El-Mayta', 'Xuexiang Han', 'Ningqiang Gong', 'Xinhong Xiong', 'Junchao Xu', 'Christian G. Figueroa-Espada', 'Sarah J. Shepherd', 'Alvin J. Mukalel', 'Mohamad-Gabriel Alameh', 'Jiaxi Cui', 'Karin Wang', 'Andrew E. Vaughan', 'Drew Weissman', 'Michael J. Mitchell']",Nature Communications,2024.0,2-A3-7b,DOPE,cholesterol,C14PEG2K
247,Custom lipid,DOPE,cholesterol,C14-PEG2000,35:2.5:46.5:16,mRNA,"firefly_luciferase, barcode(dna barcode 45)",NC1CCN(CC1)CC2=CC(=C(OC(=O)CC(CC)CCCC)C(=C2)OC(=O)CC(CC)CCCC)OC(=O)CC(CC)CCCC,CCCCCCCC/C=C\CCCCCCCC(=O)OC[C@H](COP(=O)(O)OCCN)OC(=O)CCCCCCC/C=C\CCCCCCCC,C[C@H](CCCC(C)C)[C@H]1CC[C@@H]2[C@@]1(CC[C@H]3[C@H]2CC=C4[C@@]3(CC[C@@H](C4)O)C)C,CCCCCCCCCCCCCCOC(=O)CCOCCOCCOCCOCCOCCOCCOCCOCCOCCOCCOCCOCCOCCOCCOCCOCCOCCOCCOCCOCCOCCOCCOCCOCCOCCOCCOCCOCCOCCOCCOCCOCCOCCOCCOCCOCCOCCOCCOCCOCCOCCOCCOCCOCCOCCOCCOCCOCCOCCOCCOCCOCCOCCOCCOCCOCCOCCOCCOCCOCCOCCOCCOCCOCCOCCOCCOCCOCCOCCOCCOCCOCCOCCOCCOCCOCCOCCOCCOCCOCCOCCOCCOCCOCCOCCOCCOCCOCCOCCO,167.4,,,0.16,,,60.2,,,8.9,,,wt/wt,10.0,OTHER_wt_ratio,"synthesis_method: Microfluidic mixing or pipette mixing; device_used: Microfluidic device with staggered herringbone features; total_flow_rate_ml_min: 2.4; flow_rate_ratio: 1:3 (organic:aqueous); aqueous_phase_composition: 10 mM citrate buffer; organic_phase_composition: Ethanol with lipids; mixing_time_sec: ; temperature_condition: Room temperature; post_processing: Dialysis in 1x PBS for 2h, filtration through 0.45 ¥ìm filter; sterilization: 0.45 ¥ìm filtration; storage_buffer: 1x PBS","cell_line: HeLa; animal_model: C57BL/6J female mice; administration_route: intravenous (IV); dose: 1.0 mg/kg total nucleic acid; biodistribution_result: Measured by deep sequencing in heart, liver, spleen, lungs, kidneys; toxicity_profile: Cell viability >85%",,,,https://doi.org/10.1038/s41467-024-45422-9,"High-throughput barcoding of nanoparticles identifies cationic, degradable lipid-like materials for mRNA delivery to the lungs in female preclinical models","['Lulu Xue', 'Alex G. Hamilton', 'Gan Zhao', 'Zebin Xiao', 'Rakan El-Mayta', 'Xuexiang Han', 'Ningqiang Gong', 'Xinhong Xiong', 'Junchao Xu', 'Christian G. Figueroa-Espada', 'Sarah J. Shepherd', 'Alvin J. Mukalel', 'Mohamad-Gabriel Alameh', 'Jiaxi Cui', 'Karin Wang', 'Andrew E. Vaughan', 'Drew Weissman', 'Michael J. Mitchell']",Nature Communications,2024.0,3-A3-7b,DOPE,cholesterol,C14PEG2K
248,Custom lipid,DOPE,cholesterol,C14-PEG2000,35:2.5:46.5:16,mRNA,"firefly_luciferase, barcode(dna barcode 46)",NCCN1CCN(CC1)CC2=CC(=C(OC(=O)CC(CC)CCCC)C(=C2)OC(=O)CC(CC)CCCC)OC(=O)CC(CC)CCCC,CCCCCCCC/C=C\CCCCCCCC(=O)OC[C@H](COP(=O)(O)OCCN)OC(=O)CCCCCCC/C=C\CCCCCCCC,C[C@H](CCCC(C)C)[C@H]1CC[C@@H]2[C@@]1(CC[C@H]3[C@H]2CC=C4[C@@]3(CC[C@@H](C4)O)C)C,CCCCCCCCCCCCCCOC(=O)CCOCCOCCOCCOCCOCCOCCOCCOCCOCCOCCOCCOCCOCCOCCOCCOCCOCCOCCOCCOCCOCCOCCOCCOCCOCCOCCOCCOCCOCCOCCOCCOCCOCCOCCOCCOCCOCCOCCOCCOCCOCCOCCOCCOCCOCCOCCOCCOCCOCCOCCOCCOCCOCCOCCOCCOCCOCCOCCOCCOCCOCCOCCOCCOCCOCCOCCOCCOCCOCCOCCOCCOCCOCCOCCOCCOCCOCCOCCOCCOCCOCCOCCOCCOCCOCCOCCOCCOCCOCCO,159.8,,,0.1,,,66.7,,,2.4,,,wt/wt,10.0,OTHER_wt_ratio,"synthesis_method: Microfluidic mixing or pipette mixing; device_used: Microfluidic device with staggered herringbone features; total_flow_rate_ml_min: 2.4; flow_rate_ratio: 1:3 (organic:aqueous); aqueous_phase_composition: 10 mM citrate buffer; organic_phase_composition: Ethanol with lipids; mixing_time_sec: ; temperature_condition: Room temperature; post_processing: Dialysis in 1x PBS for 2h, filtration through 0.45 ¥ìm filter; sterilization: 0.45 ¥ìm filtration; storage_buffer: 1x PBS","cell_line: HeLa; animal_model: C57BL/6J female mice; administration_route: intravenous (IV); dose: 1.0 mg/kg total nucleic acid; biodistribution_result: Measured by deep sequencing in heart, liver, spleen, lungs, kidneys; toxicity_profile: Cell viability >85%",,,,https://doi.org/10.1038/s41467-024-45422-9,"High-throughput barcoding of nanoparticles identifies cationic, degradable lipid-like materials for mRNA delivery to the lungs in female preclinical models","['Lulu Xue', 'Alex G. Hamilton', 'Gan Zhao', 'Zebin Xiao', 'Rakan El-Mayta', 'Xuexiang Han', 'Ningqiang Gong', 'Xinhong Xiong', 'Junchao Xu', 'Christian G. Figueroa-Espada', 'Sarah J. Shepherd', 'Alvin J. Mukalel', 'Mohamad-Gabriel Alameh', 'Jiaxi Cui', 'Karin Wang', 'Andrew E. Vaughan', 'Drew Weissman', 'Michael J. Mitchell']",Nature Communications,2024.0,4-A3-7b,DOPE,cholesterol,C14PEG2K
249,Custom lipid,DOPE,cholesterol,C14-PEG2000,35:2.5:46.5:16,mRNA,"firefly_luciferase, barcode(dna barcode 47)",NCCCN(CC1=CC(=C(OC(=O)CC(CC)CCCC)C(=C1)OC(=O)CC(CC)CCCC)OC(=O)CC(CC)CCCC)CCN,CCCCCCCC/C=C\CCCCCCCC(=O)OC[C@H](COP(=O)(O)OCCN)OC(=O)CCCCCCC/C=C\CCCCCCCC,C[C@H](CCCC(C)C)[C@H]1CC[C@@H]2[C@@]1(CC[C@H]3[C@H]2CC=C4[C@@]3(CC[C@@H](C4)O)C)C,CCCCCCCCCCCCCCOC(=O)CCOCCOCCOCCOCCOCCOCCOCCOCCOCCOCCOCCOCCOCCOCCOCCOCCOCCOCCOCCOCCOCCOCCOCCOCCOCCOCCOCCOCCOCCOCCOCCOCCOCCOCCOCCOCCOCCOCCOCCOCCOCCOCCOCCOCCOCCOCCOCCOCCOCCOCCOCCOCCOCCOCCOCCOCCOCCOCCOCCOCCOCCOCCOCCOCCOCCOCCOCCOCCOCCOCCOCCOCCOCCOCCOCCOCCOCCOCCOCCOCCOCCOCCOCCOCCOCCOCCOCCOCCOCCO,143.2,,,0.14,,,45.5,,,7.0,,,wt/wt,10.0,OTHER_wt_ratio,"synthesis_method: Microfluidic mixing or pipette mixing; device_used: Microfluidic device with staggered herringbone features; total_flow_rate_ml_min: 2.4; flow_rate_ratio: 1:3 (organic:aqueous); aqueous_phase_composition: 10 mM citrate buffer; organic_phase_composition: Ethanol with lipids; mixing_time_sec: ; temperature_condition: Room temperature; post_processing: Dialysis in 1x PBS for 2h, filtration through 0.45 ¥ìm filter; sterilization: 0.45 ¥ìm filtration; storage_buffer: 1x PBS","cell_line: HeLa; animal_model: C57BL/6J female mice; administration_route: intravenous (IV); dose: 1.0 mg/kg total nucleic acid; biodistribution_result: Measured by deep sequencing in heart, liver, spleen, lungs, kidneys; toxicity_profile: Cell viability >85%",,,,https://doi.org/10.1038/s41467-024-45422-9,"High-throughput barcoding of nanoparticles identifies cationic, degradable lipid-like materials for mRNA delivery to the lungs in female preclinical models","['Lulu Xue', 'Alex G. Hamilton', 'Gan Zhao', 'Zebin Xiao', 'Rakan El-Mayta', 'Xuexiang Han', 'Ningqiang Gong', 'Xinhong Xiong', 'Junchao Xu', 'Christian G. Figueroa-Espada', 'Sarah J. Shepherd', 'Alvin J. Mukalel', 'Mohamad-Gabriel Alameh', 'Jiaxi Cui', 'Karin Wang', 'Andrew E. Vaughan', 'Drew Weissman', 'Michael J. Mitchell']",Nature Communications,2024.0,11-A3-7b,DOPE,cholesterol,C14PEG2K
250,Custom lipid,DOPE,cholesterol,C14-PEG2000,35:2.5:46.5:16,mRNA,"firefly_luciferase, barcode(dna barcode 48)",NCCN(CC1=CC(=C(OC(=O)CC(CC)CCCC)C(=C1)OC(=O)CC(CC)CCCC)OC(=O)CC(CC)CCCC)CCCN,CCCCCCCC/C=C\CCCCCCCC(=O)OC[C@H](COP(=O)(O)OCCN)OC(=O)CCCCCCC/C=C\CCCCCCCC,C[C@H](CCCC(C)C)[C@H]1CC[C@@H]2[C@@]1(CC[C@H]3[C@H]2CC=C4[C@@]3(CC[C@@H](C4)O)C)C,CCCCCCCCCCCCCCOC(=O)CCOCCOCCOCCOCCOCCOCCOCCOCCOCCOCCOCCOCCOCCOCCOCCOCCOCCOCCOCCOCCOCCOCCOCCOCCOCCOCCOCCOCCOCCOCCOCCOCCOCCOCCOCCOCCOCCOCCOCCOCCOCCOCCOCCOCCOCCOCCOCCOCCOCCOCCOCCOCCOCCOCCOCCOCCOCCOCCOCCOCCOCCOCCOCCOCCOCCOCCOCCOCCOCCOCCOCCOCCOCCOCCOCCOCCOCCOCCOCCOCCOCCOCCOCCOCCOCCOCCOCCOCCOCCO,174.6,,,0.14,,,63.3,,,8.8,,,wt/wt,10.0,OTHER_wt_ratio,"synthesis_method: Microfluidic mixing or pipette mixing; device_used: Microfluidic device with staggered herringbone features; total_flow_rate_ml_min: 2.4; flow_rate_ratio: 1:3 (organic:aqueous); aqueous_phase_composition: 10 mM citrate buffer; organic_phase_composition: Ethanol with lipids; mixing_time_sec: ; temperature_condition: Room temperature; post_processing: Dialysis in 1x PBS for 2h, filtration through 0.45 ¥ìm filter; sterilization: 0.45 ¥ìm filtration; storage_buffer: 1x PBS","cell_line: HeLa; animal_model: C57BL/6J female mice; administration_route: intravenous (IV); dose: 1.0 mg/kg total nucleic acid; biodistribution_result: Measured by deep sequencing in heart, liver, spleen, lungs, kidneys; toxicity_profile: Cell viability >85%",,,,https://doi.org/10.1038/s41467-024-45422-9,"High-throughput barcoding of nanoparticles identifies cationic, degradable lipid-like materials for mRNA delivery to the lungs in female preclinical models","['Lulu Xue', 'Alex G. Hamilton', 'Gan Zhao', 'Zebin Xiao', 'Rakan El-Mayta', 'Xuexiang Han', 'Ningqiang Gong', 'Xinhong Xiong', 'Junchao Xu', 'Christian G. Figueroa-Espada', 'Sarah J. Shepherd', 'Alvin J. Mukalel', 'Mohamad-Gabriel Alameh', 'Jiaxi Cui', 'Karin Wang', 'Andrew E. Vaughan', 'Drew Weissman', 'Michael J. Mitchell']",Nature Communications,2024.0,12-A3-7b,DOPE,cholesterol,C14PEG2K
251,Custom lipid,DOPE,cholesterol,C14-PEG2000,35:2.5:46.5:16,mRNA,"firefly_luciferase, barcode(dna barcode 49)",NNCC1=CC(=C(OC(=O)CC(CC)CCCC)C(=C1)OC(=O)CC(CC)CCCC)OC(=O)CC(CC)CCCC,CCCCCCCC/C=C\CCCCCCCC(=O)OC[C@H](COP(=O)(O)OCCN)OC(=O)CCCCCCC/C=C\CCCCCCCC,C[C@H](CCCC(C)C)[C@H]1CC[C@@H]2[C@@]1(CC[C@H]3[C@H]2CC=C4[C@@]3(CC[C@@H](C4)O)C)C,CCCCCCCCCCCCCCOC(=O)CCOCCOCCOCCOCCOCCOCCOCCOCCOCCOCCOCCOCCOCCOCCOCCOCCOCCOCCOCCOCCOCCOCCOCCOCCOCCOCCOCCOCCOCCOCCOCCOCCOCCOCCOCCOCCOCCOCCOCCOCCOCCOCCOCCOCCOCCOCCOCCOCCOCCOCCOCCOCCOCCOCCOCCOCCOCCOCCOCCOCCOCCOCCOCCOCCOCCOCCOCCOCCOCCOCCOCCOCCOCCOCCOCCOCCOCCOCCOCCOCCOCCOCCOCCOCCOCCOCCOCCOCCOCCO,175.2,3.0,,0.26,0.1,,78.5,4.1,,1.4,2.5,,wt/wt,10.0,OTHER_wt_ratio,"synthesis_method: Microfluidic mixing or pipette mixing; device_used: Microfluidic device with staggered herringbone features; total_flow_rate_ml_min: 2.4; flow_rate_ratio: 1:3 (organic:aqueous); aqueous_phase_composition: 10 mM citrate buffer; organic_phase_composition: Ethanol with lipids; mixing_time_sec: ; temperature_condition: Room temperature; post_processing: Dialysis in 1x PBS for 2h, filtration through 0.45 ¥ìm filter; sterilization: 0.45 ¥ìm filtration; storage_buffer: 1x PBS","cell_line: HeLa; animal_model: C57BL/6J female mice; administration_route: intravenous (IV); dose: 1.0 mg/kg total nucleic acid; biodistribution_result: Measured by deep sequencing in heart, liver, spleen, lungs, kidneys; toxicity_profile: Cell viability >85%",,,,https://doi.org/10.1038/s41467-024-45422-9,"High-throughput barcoding of nanoparticles identifies cationic, degradable lipid-like materials for mRNA delivery to the lungs in female preclinical models","['Lulu Xue', 'Alex G. Hamilton', 'Gan Zhao', 'Zebin Xiao', 'Rakan El-Mayta', 'Xuexiang Han', 'Ningqiang Gong', 'Xinhong Xiong', 'Junchao Xu', 'Christian G. Figueroa-Espada', 'Sarah J. Shepherd', 'Alvin J. Mukalel', 'Mohamad-Gabriel Alameh', 'Jiaxi Cui', 'Karin Wang', 'Andrew E. Vaughan', 'Drew Weissman', 'Michael J. Mitchell']",Nature Communications,2024.0,1-A3-7b2,DOPE,cholesterol,C14PEG2K
252,Custom lipid,DOPE,cholesterol,C14-PEG2000,35:2.5:46.5:16,mRNA,"firefly_luciferase, barcode(dna barcode 50)",NCCCCNCC1=CC(=C(OC(=O)CC(CC)CCCC)C(=C1)OC(=O)CC(CC)CCCC)OC(=O)CC(CC)CCCC,CCCCCCCC/C=C\CCCCCCCC(=O)OC[C@H](COP(=O)(O)OCCN)OC(=O)CCCCCCC/C=C\CCCCCCCC,C[C@H](CCCC(C)C)[C@H]1CC[C@@H]2[C@@]1(CC[C@H]3[C@H]2CC=C4[C@@]3(CC[C@@H](C4)O)C)C,CCCCCCCCCCCCCCOC(=O)CCOCCOCCOCCOCCOCCOCCOCCOCCOCCOCCOCCOCCOCCOCCOCCOCCOCCOCCOCCOCCOCCOCCOCCOCCOCCOCCOCCOCCOCCOCCOCCOCCOCCOCCOCCOCCOCCOCCOCCOCCOCCOCCOCCOCCOCCOCCOCCOCCOCCOCCOCCOCCOCCOCCOCCOCCOCCOCCOCCOCCOCCOCCOCCOCCOCCOCCOCCOCCOCCOCCOCCOCCOCCOCCOCCOCCOCCOCCOCCOCCOCCOCCOCCOCCOCCOCCOCCOCCOCCO,163.1,6.5,,0.19,0.05,,78.8,2.7,,-7.2,2.9,,wt/wt,10.0,OTHER_wt_ratio,"synthesis_method: Microfluidic mixing or pipette mixing; device_used: Microfluidic device with staggered herringbone features; total_flow_rate_ml_min: 2.4; flow_rate_ratio: 1:3 (organic:aqueous); aqueous_phase_composition: 10 mM citrate buffer; organic_phase_composition: Ethanol with lipids; mixing_time_sec: ; temperature_condition: Room temperature; post_processing: Dialysis in 1x PBS for 2h, filtration through 0.45 ¥ìm filter; sterilization: 0.45 ¥ìm filtration; storage_buffer: 1x PBS","cell_line: HeLa; animal_model: C57BL/6J female mice; administration_route: intravenous (IV); dose: 1.0 mg/kg total nucleic acid; biodistribution_result: Measured by deep sequencing in heart, liver, spleen, lungs, kidneys; toxicity_profile: Cell viability >85%",,,,https://doi.org/10.1038/s41467-024-45422-9,"High-throughput barcoding of nanoparticles identifies cationic, degradable lipid-like materials for mRNA delivery to the lungs in female preclinical models","['Lulu Xue', 'Alex G. Hamilton', 'Gan Zhao', 'Zebin Xiao', 'Rakan El-Mayta', 'Xuexiang Han', 'Ningqiang Gong', 'Xinhong Xiong', 'Junchao Xu', 'Christian G. Figueroa-Espada', 'Sarah J. Shepherd', 'Alvin J. Mukalel', 'Mohamad-Gabriel Alameh', 'Jiaxi Cui', 'Karin Wang', 'Andrew E. Vaughan', 'Drew Weissman', 'Michael J. Mitchell']",Nature Communications,2024.0,2-A3-7b2,DOPE,cholesterol,C14PEG2K
253,Custom lipid,DOPE,cholesterol,C14-PEG2000,35:2.5:46.5:16,mRNA,"firefly_luciferase, barcode(dna barcode 51)",NC1CCN(CC1)CC2=CC(=C(OC(=O)CC(CC)CCCC)C(=C2)OC(=O)CC(CC)CCCC)OC(=O)CC(CC)CCCC,CCCCCCCC/C=C\CCCCCCCC(=O)OC[C@H](COP(=O)(O)OCCN)OC(=O)CCCCCCC/C=C\CCCCCCCC,C[C@H](CCCC(C)C)[C@H]1CC[C@@H]2[C@@]1(CC[C@H]3[C@H]2CC=C4[C@@]3(CC[C@@H](C4)O)C)C,CCCCCCCCCCCCCCOC(=O)CCOCCOCCOCCOCCOCCOCCOCCOCCOCCOCCOCCOCCOCCOCCOCCOCCOCCOCCOCCOCCOCCOCCOCCOCCOCCOCCOCCOCCOCCOCCOCCOCCOCCOCCOCCOCCOCCOCCOCCOCCOCCOCCOCCOCCOCCOCCOCCOCCOCCOCCOCCOCCOCCOCCOCCOCCOCCOCCOCCOCCOCCOCCOCCOCCOCCOCCOCCOCCOCCOCCOCCOCCOCCOCCOCCOCCOCCOCCOCCOCCOCCOCCOCCOCCOCCOCCOCCOCCOCCO,162.2,2.7,,0.23,0.06,,79.3,1.7,,6.2,1.6,,wt/wt,10.0,OTHER_wt_ratio,"synthesis_method: Microfluidic mixing or pipette mixing; device_used: Microfluidic device with staggered herringbone features; total_flow_rate_ml_min: 2.4; flow_rate_ratio: 1:3 (organic:aqueous); aqueous_phase_composition: 10 mM citrate buffer; organic_phase_composition: Ethanol with lipids; mixing_time_sec: ; temperature_condition: Room temperature; post_processing: Dialysis in 1x PBS for 2h, filtration through 0.45 ¥ìm filter; sterilization: 0.45 ¥ìm filtration; storage_buffer: 1x PBS","cell_line: HeLa; animal_model: C57BL/6J female mice; administration_route: intravenous (IV); dose: 1.0 mg/kg total nucleic acid; biodistribution_result: Measured by deep sequencing in heart, liver, spleen, lungs, kidneys; toxicity_profile: Cell viability >85%",,,,https://doi.org/10.1038/s41467-024-45422-9,"High-throughput barcoding of nanoparticles identifies cationic, degradable lipid-like materials for mRNA delivery to the lungs in female preclinical models","['Lulu Xue', 'Alex G. Hamilton', 'Gan Zhao', 'Zebin Xiao', 'Rakan El-Mayta', 'Xuexiang Han', 'Ningqiang Gong', 'Xinhong Xiong', 'Junchao Xu', 'Christian G. Figueroa-Espada', 'Sarah J. Shepherd', 'Alvin J. Mukalel', 'Mohamad-Gabriel Alameh', 'Jiaxi Cui', 'Karin Wang', 'Andrew E. Vaughan', 'Drew Weissman', 'Michael J. Mitchell']",Nature Communications,2024.0,3-A3-7b2,DOPE,cholesterol,C14PEG2K
254,Custom lipid,DOPE,cholesterol,C14-PEG2000,35:2.5:46.5:16,mRNA,"firefly_luciferase, barcode(dna barcode 52)",NCCN1CCN(CC1)CC2=CC(=C(OC(=O)CC(CC)CCCC)C(=C2)OC(=O)CC(CC)CCCC)OC(=O)CC(CC)CCCC,CCCCCCCC/C=C\CCCCCCCC(=O)OC[C@H](COP(=O)(O)OCCN)OC(=O)CCCCCCC/C=C\CCCCCCCC,C[C@H](CCCC(C)C)[C@H]1CC[C@@H]2[C@@]1(CC[C@H]3[C@H]2CC=C4[C@@]3(CC[C@@H](C4)O)C)C,CCCCCCCCCCCCCCOC(=O)CCOCCOCCOCCOCCOCCOCCOCCOCCOCCOCCOCCOCCOCCOCCOCCOCCOCCOCCOCCOCCOCCOCCOCCOCCOCCOCCOCCOCCOCCOCCOCCOCCOCCOCCOCCOCCOCCOCCOCCOCCOCCOCCOCCOCCOCCOCCOCCOCCOCCOCCOCCOCCOCCOCCOCCOCCOCCOCCOCCOCCOCCOCCOCCOCCOCCOCCOCCOCCOCCOCCOCCOCCOCCOCCOCCOCCOCCOCCOCCOCCOCCOCCOCCOCCOCCOCCOCCOCCOCCO,159.9,3.6,,0.1,0.06,,77.9,6.2,,5.2,2.4,,wt/wt,10.0,OTHER_wt_ratio,"synthesis_method: Microfluidic mixing or pipette mixing; device_used: Microfluidic device with staggered herringbone features; total_flow_rate_ml_min: 2.4; flow_rate_ratio: 1:3 (organic:aqueous); aqueous_phase_composition: 10 mM citrate buffer; organic_phase_composition: Ethanol with lipids; mixing_time_sec: ; temperature_condition: Room temperature; post_processing: Dialysis in 1x PBS for 2h, filtration through 0.45 ¥ìm filter; sterilization: 0.45 ¥ìm filtration; storage_buffer: 1x PBS","cell_line: HeLa; animal_model: C57BL/6J female mice; administration_route: intravenous (IV); dose: 1.0 mg/kg total nucleic acid; biodistribution_result: Measured by deep sequencing in heart, liver, spleen, lungs, kidneys; toxicity_profile: Cell viability >85%",,,,https://doi.org/10.1038/s41467-024-45422-9,"High-throughput barcoding of nanoparticles identifies cationic, degradable lipid-like materials for mRNA delivery to the lungs in female preclinical models","['Lulu Xue', 'Alex G. Hamilton', 'Gan Zhao', 'Zebin Xiao', 'Rakan El-Mayta', 'Xuexiang Han', 'Ningqiang Gong', 'Xinhong Xiong', 'Junchao Xu', 'Christian G. Figueroa-Espada', 'Sarah J. Shepherd', 'Alvin J. Mukalel', 'Mohamad-Gabriel Alameh', 'Jiaxi Cui', 'Karin Wang', 'Andrew E. Vaughan', 'Drew Weissman', 'Michael J. Mitchell']",Nature Communications,2024.0,4-A3-7b2,DOPE,cholesterol,C14PEG2K
255,Custom lipid,DOPE,cholesterol,C14-PEG2000,35:2.5:46.5:16,mRNA,"firefly_luciferase, barcode(dna barcode 53)",NCCCN(CC1=CC(=C(OC(=O)CC(CC)CCCC)C(=C1)OC(=O)CC(CC)CCCC)OC(=O)CC(CC)CCCC)CCN,CCCCCCCC/C=C\CCCCCCCC(=O)OC[C@H](COP(=O)(O)OCCN)OC(=O)CCCCCCC/C=C\CCCCCCCC,C[C@H](CCCC(C)C)[C@H]1CC[C@@H]2[C@@]1(CC[C@H]3[C@H]2CC=C4[C@@]3(CC[C@@H](C4)O)C)C,CCCCCCCCCCCCCCOC(=O)CCOCCOCCOCCOCCOCCOCCOCCOCCOCCOCCOCCOCCOCCOCCOCCOCCOCCOCCOCCOCCOCCOCCOCCOCCOCCOCCOCCOCCOCCOCCOCCOCCOCCOCCOCCOCCOCCOCCOCCOCCOCCOCCOCCOCCOCCOCCOCCOCCOCCOCCOCCOCCOCCOCCOCCOCCOCCOCCOCCOCCOCCOCCOCCOCCOCCOCCOCCOCCOCCOCCOCCOCCOCCOCCOCCOCCOCCOCCOCCOCCOCCOCCOCCOCCOCCOCCOCCOCCOCCO,162.3,3.0,,0.13,0.02,,79.0,3.7,,6.4,1.2,,wt/wt,10.0,OTHER_wt_ratio,"synthesis_method: Microfluidic mixing or pipette mixing; device_used: Microfluidic device with staggered herringbone features; total_flow_rate_ml_min: 2.4; flow_rate_ratio: 1:3 (organic:aqueous); aqueous_phase_composition: 10 mM citrate buffer; organic_phase_composition: Ethanol with lipids; mixing_time_sec: ; temperature_condition: Room temperature; post_processing: Dialysis in 1x PBS for 2h, filtration through 0.45 ¥ìm filter; sterilization: 0.45 ¥ìm filtration; storage_buffer: 1x PBS","cell_line: HeLa; animal_model: C57BL/6J female mice; administration_route: intravenous (IV); dose: 1.0 mg/kg total nucleic acid; biodistribution_result: Measured by deep sequencing in heart, liver, spleen, lungs, kidneys; toxicity_profile: Cell viability >85%",,,,https://doi.org/10.1038/s41467-024-45422-9,"High-throughput barcoding of nanoparticles identifies cationic, degradable lipid-like materials for mRNA delivery to the lungs in female preclinical models","['Lulu Xue', 'Alex G. Hamilton', 'Gan Zhao', 'Zebin Xiao', 'Rakan El-Mayta', 'Xuexiang Han', 'Ningqiang Gong', 'Xinhong Xiong', 'Junchao Xu', 'Christian G. Figueroa-Espada', 'Sarah J. Shepherd', 'Alvin J. Mukalel', 'Mohamad-Gabriel Alameh', 'Jiaxi Cui', 'Karin Wang', 'Andrew E. Vaughan', 'Drew Weissman', 'Michael J. Mitchell']",Nature Communications,2024.0,11-A3-7b2,DOPE,cholesterol,C14PEG2K
256,Custom lipid,DOPE,cholesterol,C14-PEG2000,35:2.5:46.5:16,mRNA,"firefly_luciferase, barcode(dna barcode 54)",NCCN(CC1=CC(=C(OC(=O)CC(CC)CCCC)C(=C1)OC(=O)CC(CC)CCCC)OC(=O)CC(CC)CCCC)CCCN,CCCCCCCC/C=C\CCCCCCCC(=O)OC[C@H](COP(=O)(O)OCCN)OC(=O)CCCCCCC/C=C\CCCCCCCC,C[C@H](CCCC(C)C)[C@H]1CC[C@@H]2[C@@]1(CC[C@H]3[C@H]2CC=C4[C@@]3(CC[C@@H](C4)O)C)C,CCCCCCCCCCCCCCOC(=O)CCOCCOCCOCCOCCOCCOCCOCCOCCOCCOCCOCCOCCOCCOCCOCCOCCOCCOCCOCCOCCOCCOCCOCCOCCOCCOCCOCCOCCOCCOCCOCCOCCOCCOCCOCCOCCOCCOCCOCCOCCOCCOCCOCCOCCOCCOCCOCCOCCOCCOCCOCCOCCOCCOCCOCCOCCOCCOCCOCCOCCOCCOCCOCCOCCOCCOCCOCCOCCOCCOCCOCCOCCOCCOCCOCCOCCOCCOCCOCCOCCOCCOCCOCCOCCOCCOCCOCCOCCOCCO,151.7,4.9,,0.21,0.03,,79.4,3.1,,-0.5,1.3,,wt/wt,10.0,OTHER_wt_ratio,"synthesis_method: Microfluidic mixing or pipette mixing; device_used: Microfluidic device with staggered herringbone features; total_flow_rate_ml_min: 2.4; flow_rate_ratio: 1:3 (organic:aqueous); aqueous_phase_composition: 10 mM citrate buffer; organic_phase_composition: Ethanol with lipids; mixing_time_sec: ; temperature_condition: Room temperature; post_processing: Dialysis in 1x PBS for 2h, filtration through 0.45 ¥ìm filter; sterilization: 0.45 ¥ìm filtration; storage_buffer: 1x PBS","cell_line: HeLa; animal_model: C57BL/6J female mice; administration_route: intravenous (IV); dose: 1.0 mg/kg total nucleic acid; biodistribution_result: Measured by deep sequencing in heart, liver, spleen, lungs, kidneys; toxicity_profile: Cell viability >85%",,,,https://doi.org/10.1038/s41467-024-45422-9,"High-throughput barcoding of nanoparticles identifies cationic, degradable lipid-like materials for mRNA delivery to the lungs in female preclinical models","['Lulu Xue', 'Alex G. Hamilton', 'Gan Zhao', 'Zebin Xiao', 'Rakan El-Mayta', 'Xuexiang Han', 'Ningqiang Gong', 'Xinhong Xiong', 'Junchao Xu', 'Christian G. Figueroa-Espada', 'Sarah J. Shepherd', 'Alvin J. Mukalel', 'Mohamad-Gabriel Alameh', 'Jiaxi Cui', 'Karin Wang', 'Andrew E. Vaughan', 'Drew Weissman', 'Michael J. Mitchell']",Nature Communications,2024.0,12-A3-7b2,DOPE,cholesterol,C14PEG2K
257,Custom lipid,DOPE,cholesterol,C14-PEG2000,35:2.5:46.5:16,mRNA,"firefly_luciferase, barcode(dna barcode 55)",NNCC1=CC(=C(OC(=O)CC(CC)CCCCC)C(=C1)OC(=O)CC(CC)CCCCC)OC(=O)CC(CC)CCCCC,CCCCCCCC/C=C\CCCCCCCC(=O)OC[C@H](COP(=O)(O)OCCN)OC(=O)CCCCCCC/C=C\CCCCCCCC,C[C@H](CCCC(C)C)[C@H]1CC[C@@H]2[C@@]1(CC[C@H]3[C@H]2CC=C4[C@@]3(CC[C@@H](C4)O)C)C,CCCCCCCCCCCCCCOC(=O)CCOCCOCCOCCOCCOCCOCCOCCOCCOCCOCCOCCOCCOCCOCCOCCOCCOCCOCCOCCOCCOCCOCCOCCOCCOCCOCCOCCOCCOCCOCCOCCOCCOCCOCCOCCOCCOCCOCCOCCOCCOCCOCCOCCOCCOCCOCCOCCOCCOCCOCCOCCOCCOCCOCCOCCOCCOCCOCCOCCOCCOCCOCCOCCOCCOCCOCCOCCOCCOCCOCCOCCOCCOCCOCCOCCOCCOCCOCCOCCOCCOCCOCCOCCOCCOCCOCCOCCOCCOCCO,155.1,5.2,,0.16,0.03,,57.8,2.7,,-8.2,1.4,,wt/wt,10.0,OTHER_wt_ratio,"synthesis_method: Microfluidic mixing or pipette mixing; device_used: Microfluidic device with staggered herringbone features; total_flow_rate_ml_min: 2.4; flow_rate_ratio: 1:3 (organic:aqueous); aqueous_phase_composition: 10 mM citrate buffer; organic_phase_composition: Ethanol with lipids; mixing_time_sec: ; temperature_condition: Room temperature; post_processing: Dialysis in 1x PBS for 2h, filtration through 0.45 ¥ìm filter; sterilization: 0.45 ¥ìm filtration; storage_buffer: 1x PBS","cell_line: HeLa; animal_model: C57BL/6J female mice; administration_route: intravenous (IV); dose: 1.0 mg/kg total nucleic acid; biodistribution_result: Measured by deep sequencing in heart, liver, spleen, lungs, kidneys; toxicity_profile: Cell viability >85%",,,,https://doi.org/10.1038/s41467-024-45422-9,"High-throughput barcoding of nanoparticles identifies cationic, degradable lipid-like materials for mRNA delivery to the lungs in female preclinical models","['Lulu Xue', 'Alex G. Hamilton', 'Gan Zhao', 'Zebin Xiao', 'Rakan El-Mayta', 'Xuexiang Han', 'Ningqiang Gong', 'Xinhong Xiong', 'Junchao Xu', 'Christian G. Figueroa-Espada', 'Sarah J. Shepherd', 'Alvin J. Mukalel', 'Mohamad-Gabriel Alameh', 'Jiaxi Cui', 'Karin Wang', 'Andrew E. Vaughan', 'Drew Weissman', 'Michael J. Mitchell']",Nature Communications,2024.0,1-A3-8b,DOPE,cholesterol,C14PEG2K
258,Custom lipid,DOPE,cholesterol,C14-PEG2000,35:2.5:46.5:16,mRNA,"firefly_luciferase, barcode(dna barcode 56)",NCCCCNCC1=CC(=C(OC(=O)CC(CC)CCCCC)C(=C1)OC(=O)CC(CC)CCCCC)OC(=O)CC(CC)CCCCC,CCCCCCCC/C=C\CCCCCCCC(=O)OC[C@H](COP(=O)(O)OCCN)OC(=O)CCCCCCC/C=C\CCCCCCCC,C[C@H](CCCC(C)C)[C@H]1CC[C@@H]2[C@@]1(CC[C@H]3[C@H]2CC=C4[C@@]3(CC[C@@H](C4)O)C)C,CCCCCCCCCCCCCCOC(=O)CCOCCOCCOCCOCCOCCOCCOCCOCCOCCOCCOCCOCCOCCOCCOCCOCCOCCOCCOCCOCCOCCOCCOCCOCCOCCOCCOCCOCCOCCOCCOCCOCCOCCOCCOCCOCCOCCOCCOCCOCCOCCOCCOCCOCCOCCOCCOCCOCCOCCOCCOCCOCCOCCOCCOCCOCCOCCOCCOCCOCCOCCOCCOCCOCCOCCOCCOCCOCCOCCOCCOCCOCCOCCOCCOCCOCCOCCOCCOCCOCCOCCOCCOCCOCCOCCOCCOCCOCCOCCO,151.7,3.2,,0.25,0.08,,63.9,3.4,,1.4,0.9,,wt/wt,10.0,OTHER_wt_ratio,"synthesis_method: Microfluidic mixing or pipette mixing; device_used: Microfluidic device with staggered herringbone features; total_flow_rate_ml_min: 2.4; flow_rate_ratio: 1:3 (organic:aqueous); aqueous_phase_composition: 10 mM citrate buffer; organic_phase_composition: Ethanol with lipids; mixing_time_sec: ; temperature_condition: Room temperature; post_processing: Dialysis in 1x PBS for 2h, filtration through 0.45 ¥ìm filter; sterilization: 0.45 ¥ìm filtration; storage_buffer: 1x PBS",cell_line: HeLa; animal_model: C57BL/6J female mice; administration_route: intravenous (IV); dose: 1.0 mg/kg total nucleic acid; gene_expression_result: Greatest enrichment in lungs but also enriched in liver and spleen; biodistribution_result: High lung enrichment but not lung-specific; toxicity_profile: Cell viability >85%,,,,https://doi.org/10.1038/s41467-024-45422-9,"High-throughput barcoding of nanoparticles identifies cationic, degradable lipid-like materials for mRNA delivery to the lungs in female preclinical models","['Lulu Xue', 'Alex G. Hamilton', 'Gan Zhao', 'Zebin Xiao', 'Rakan El-Mayta', 'Xuexiang Han', 'Ningqiang Gong', 'Xinhong Xiong', 'Junchao Xu', 'Christian G. Figueroa-Espada', 'Sarah J. Shepherd', 'Alvin J. Mukalel', 'Mohamad-Gabriel Alameh', 'Jiaxi Cui', 'Karin Wang', 'Andrew E. Vaughan', 'Drew Weissman', 'Michael J. Mitchell']",Nature Communications,2024.0,2-A3-8b,DOPE,cholesterol,C14PEG2K
259,Custom lipid,DOPE,cholesterol,C14-PEG2000,35:2.5:46.5:16,mRNA,"firefly_luciferase, barcode(dna barcode 57)",NC1CCN(CC1)CC2=CC(=C(OC(=O)CC(CC)CCCCC)C(=C2)OC(=O)CC(CC)CCCCC)OC(=O)CC(CC)CCCCC,CCCCCCCC/C=C\CCCCCCCC(=O)OC[C@H](COP(=O)(O)OCCN)OC(=O)CCCCCCC/C=C\CCCCCCCC,C[C@H](CCCC(C)C)[C@H]1CC[C@@H]2[C@@]1(CC[C@H]3[C@H]2CC=C4[C@@]3(CC[C@@H](C4)O)C)C,CCCCCCCCCCCCCCOC(=O)CCOCCOCCOCCOCCOCCOCCOCCOCCOCCOCCOCCOCCOCCOCCOCCOCCOCCOCCOCCOCCOCCOCCOCCOCCOCCOCCOCCOCCOCCOCCOCCOCCOCCOCCOCCOCCOCCOCCOCCOCCOCCOCCOCCOCCOCCOCCOCCOCCOCCOCCOCCOCCOCCOCCOCCOCCOCCOCCOCCOCCOCCOCCOCCOCCOCCOCCOCCOCCOCCOCCOCCOCCOCCOCCOCCOCCOCCOCCOCCOCCOCCOCCOCCOCCOCCOCCOCCOCCOCCO,162.3,2.6,,0.25,0.1,,41.8,2.2,,4.7,1.7,,wt/wt,10.0,OTHER_wt_ratio,"synthesis_method: Microfluidic mixing or pipette mixing; device_used: Microfluidic device with staggered herringbone features; total_flow_rate_ml_min: 2.4; flow_rate_ratio: 1:3 (organic:aqueous); aqueous_phase_composition: 10 mM citrate buffer; organic_phase_composition: Ethanol with lipids; mixing_time_sec: ; temperature_condition: Room temperature; post_processing: Dialysis in 1x PBS for 2h, filtration through 0.45 ¥ìm filter; sterilization: 0.45 ¥ìm filtration; storage_buffer: 1x PBS","cell_line: HeLa; animal_model: C57BL/6J female mice; administration_route: intravenous (IV); dose: 1.0 mg/kg total nucleic acid; biodistribution_result: Measured by deep sequencing in heart, liver, spleen, lungs, kidneys; toxicity_profile: Cell viability >85%",,,,https://doi.org/10.1038/s41467-024-45422-9,"High-throughput barcoding of nanoparticles identifies cationic, degradable lipid-like materials for mRNA delivery to the lungs in female preclinical models","['Lulu Xue', 'Alex G. Hamilton', 'Gan Zhao', 'Zebin Xiao', 'Rakan El-Mayta', 'Xuexiang Han', 'Ningqiang Gong', 'Xinhong Xiong', 'Junchao Xu', 'Christian G. Figueroa-Espada', 'Sarah J. Shepherd', 'Alvin J. Mukalel', 'Mohamad-Gabriel Alameh', 'Jiaxi Cui', 'Karin Wang', 'Andrew E. Vaughan', 'Drew Weissman', 'Michael J. Mitchell']",Nature Communications,2024.0,3-A3-8b,DOPE,cholesterol,C14PEG2K
260,Custom lipid,DOPE,cholesterol,C14-PEG2000,35:2.5:46.5:16,mRNA,"firefly_luciferase, barcode(dna barcode 58)",NCCN1CCN(CC1)CC2=CC(=C(OC(=O)CC(CC)CCCCC)C(=C2)OC(=O)CC(CC)CCCCC)OC(=O)CC(CC)CCCCC,CCCCCCCC/C=C\CCCCCCCC(=O)OC[C@H](COP(=O)(O)OCCN)OC(=O)CCCCCCC/C=C\CCCCCCCC,C[C@H](CCCC(C)C)[C@H]1CC[C@@H]2[C@@]1(CC[C@H]3[C@H]2CC=C4[C@@]3(CC[C@@H](C4)O)C)C,CCCCCCCCCCCCCCOC(=O)CCOCCOCCOCCOCCOCCOCCOCCOCCOCCOCCOCCOCCOCCOCCOCCOCCOCCOCCOCCOCCOCCOCCOCCOCCOCCOCCOCCOCCOCCOCCOCCOCCOCCOCCOCCOCCOCCOCCOCCOCCOCCOCCOCCOCCOCCOCCOCCOCCOCCOCCOCCOCCOCCOCCOCCOCCOCCOCCOCCOCCOCCOCCOCCOCCOCCOCCOCCOCCOCCOCCOCCOCCOCCOCCOCCOCCOCCOCCOCCOCCOCCOCCOCCOCCOCCOCCOCCOCCOCCO,140.8,4.5,,0.16,0.07,,40.6,3.4,,8.6,0.9,,wt/wt,10.0,OTHER_wt_ratio,"synthesis_method: Microfluidic mixing or pipette mixing; device_used: Microfluidic device with staggered herringbone features; total_flow_rate_ml_min: 2.4; flow_rate_ratio: 1:3 (organic:aqueous); aqueous_phase_composition: 10 mM citrate buffer; organic_phase_composition: Ethanol with lipids; mixing_time_sec: ; temperature_condition: Room temperature; post_processing: Dialysis in 1x PBS for 2h, filtration through 0.45 ¥ìm filter; sterilization: 0.45 ¥ìm filtration; storage_buffer: 1x PBS","cell_line: HeLa; animal_model: C57BL/6J female mice; administration_route: intravenous (IV); dose: 1.0 mg/kg total nucleic acid; biodistribution_result: Measured by deep sequencing in heart, liver, spleen, lungs, kidneys; toxicity_profile: Cell viability >85%",,,,https://doi.org/10.1038/s41467-024-45422-9,"High-throughput barcoding of nanoparticles identifies cationic, degradable lipid-like materials for mRNA delivery to the lungs in female preclinical models","['Lulu Xue', 'Alex G. Hamilton', 'Gan Zhao', 'Zebin Xiao', 'Rakan El-Mayta', 'Xuexiang Han', 'Ningqiang Gong', 'Xinhong Xiong', 'Junchao Xu', 'Christian G. Figueroa-Espada', 'Sarah J. Shepherd', 'Alvin J. Mukalel', 'Mohamad-Gabriel Alameh', 'Jiaxi Cui', 'Karin Wang', 'Andrew E. Vaughan', 'Drew Weissman', 'Michael J. Mitchell']",Nature Communications,2024.0,4-A3-8b,DOPE,cholesterol,C14PEG2K
261,Custom lipid,DOPE,cholesterol,C14-PEG2000,35:2.5:46.5:16,mRNA,"firefly_luciferase, barcode(dna barcode 59)",NCCCN(CC1=CC(=C(OC(=O)CC(CC)CCCCC)C(=C1)OC(=O)CC(CC)CCCCC)OC(=O)CC(CC)CCCCC)CCN,CCCCCCCC/C=C\CCCCCCCC(=O)OC[C@H](COP(=O)(O)OCCN)OC(=O)CCCCCCC/C=C\CCCCCCCC,C[C@H](CCCC(C)C)[C@H]1CC[C@@H]2[C@@]1(CC[C@H]3[C@H]2CC=C4[C@@]3(CC[C@@H](C4)O)C)C,CCCCCCCCCCCCCCOC(=O)CCOCCOCCOCCOCCOCCOCCOCCOCCOCCOCCOCCOCCOCCOCCOCCOCCOCCOCCOCCOCCOCCOCCOCCOCCOCCOCCOCCOCCOCCOCCOCCOCCOCCOCCOCCOCCOCCOCCOCCOCCOCCOCCOCCOCCOCCOCCOCCOCCOCCOCCOCCOCCOCCOCCOCCOCCOCCOCCOCCOCCOCCOCCOCCOCCOCCOCCOCCOCCOCCOCCOCCOCCOCCOCCOCCOCCOCCOCCOCCOCCOCCOCCOCCOCCOCCOCCOCCOCCOCCO,173.5,5.8,,0.2,0.05,,57.6,3.0,,-5.6,6.3,,wt/wt,10.0,OTHER_wt_ratio,"synthesis_method: Microfluidic mixing or pipette mixing; device_used: Microfluidic device with staggered herringbone features; total_flow_rate_ml_min: 2.4; flow_rate_ratio: 1:3 (organic:aqueous); aqueous_phase_composition: 10 mM citrate buffer; organic_phase_composition: Ethanol with lipids; mixing_time_sec: ; temperature_condition: Room temperature; post_processing: Dialysis in 1x PBS for 2h, filtration through 0.45 ¥ìm filter; sterilization: 0.45 ¥ìm filtration; storage_buffer: 1x PBS","cell_line: HeLa; animal_model: C57BL/6J female mice; administration_route: intravenous (IV); dose: 1.0 mg/kg total nucleic acid; biodistribution_result: Measured by deep sequencing in heart, liver, spleen, lungs, kidneys; toxicity_profile: Cell viability >85%",,,,https://doi.org/10.1038/s41467-024-45422-9,"High-throughput barcoding of nanoparticles identifies cationic, degradable lipid-like materials for mRNA delivery to the lungs in female preclinical models","['Lulu Xue', 'Alex G. Hamilton', 'Gan Zhao', 'Zebin Xiao', 'Rakan El-Mayta', 'Xuexiang Han', 'Ningqiang Gong', 'Xinhong Xiong', 'Junchao Xu', 'Christian G. Figueroa-Espada', 'Sarah J. Shepherd', 'Alvin J. Mukalel', 'Mohamad-Gabriel Alameh', 'Jiaxi Cui', 'Karin Wang', 'Andrew E. Vaughan', 'Drew Weissman', 'Michael J. Mitchell']",Nature Communications,2024.0,11-A3-8b,DOPE,cholesterol,C14PEG2K
262,Custom lipid,DOPE,cholesterol,C14-PEG2000,35:2.5:46.5:16,mRNA,"firefly_luciferase, barcode(dna barcode 60)",NCCN(CC1=CC(=C(OC(=O)CC(CC)CCCCC)C(=C1)OC(=O)CC(CC)CCCCC)OC(=O)CC(CC)CCCCC)CCCN,CCCCCCCC/C=C\CCCCCCCC(=O)OC[C@H](COP(=O)(O)OCCN)OC(=O)CCCCCCC/C=C\CCCCCCCC,C[C@H](CCCC(C)C)[C@H]1CC[C@@H]2[C@@]1(CC[C@H]3[C@H]2CC=C4[C@@]3(CC[C@@H](C4)O)C)C,CCCCCCCCCCCCCCOC(=O)CCOCCOCCOCCOCCOCCOCCOCCOCCOCCOCCOCCOCCOCCOCCOCCOCCOCCOCCOCCOCCOCCOCCOCCOCCOCCOCCOCCOCCOCCOCCOCCOCCOCCOCCOCCOCCOCCOCCOCCOCCOCCOCCOCCOCCOCCOCCOCCOCCOCCOCCOCCOCCOCCOCCOCCOCCOCCOCCOCCOCCOCCOCCOCCOCCOCCOCCOCCOCCOCCOCCOCCOCCOCCOCCOCCOCCOCCOCCOCCOCCOCCOCCOCCOCCOCCOCCOCCOCCOCCO,146.7,6.5,,0.25,0.06,,59.2,2.9,,5.1,2.7,,wt/wt,10.0,OTHER_wt_ratio,"synthesis_method: Microfluidic mixing or pipette mixing; device_used: Microfluidic device with staggered herringbone features; total_flow_rate_ml_min: 2.4; flow_rate_ratio: 1:3 (organic:aqueous); aqueous_phase_composition: 10 mM citrate buffer; organic_phase_composition: Ethanol with lipids; mixing_time_sec: ; temperature_condition: Room temperature; post_processing: Dialysis in 1x PBS for 2h, filtration through 0.45 ¥ìm filter; sterilization: 0.45 ¥ìm filtration; storage_buffer: 1x PBS","cell_line: HeLa; animal_model: C57BL/6J female mice; administration_route: intravenous (IV); dose: 1.0 mg/kg total nucleic acid; biodistribution_result: Measured by deep sequencing in heart, liver, spleen, lungs, kidneys; toxicity_profile: Cell viability >85%",,,,https://doi.org/10.1038/s41467-024-45422-9,"High-throughput barcoding of nanoparticles identifies cationic, degradable lipid-like materials for mRNA delivery to the lungs in female preclinical models","['Lulu Xue', 'Alex G. Hamilton', 'Gan Zhao', 'Zebin Xiao', 'Rakan El-Mayta', 'Xuexiang Han', 'Ningqiang Gong', 'Xinhong Xiong', 'Junchao Xu', 'Christian G. Figueroa-Espada', 'Sarah J. Shepherd', 'Alvin J. Mukalel', 'Mohamad-Gabriel Alameh', 'Jiaxi Cui', 'Karin Wang', 'Andrew E. Vaughan', 'Drew Weissman', 'Michael J. Mitchell']",Nature Communications,2024.0,12-A3-8b,DOPE,cholesterol,C14PEG2K
263,Custom lipid,DOPE,cholesterol,C14-PEG2000,35:2.5:46.5:16,mRNA,"firefly_luciferase, barcode(dna barcode 61)",NNCC1=CC(=C(OC(=O)CCC(CC)CCCCCC)C(=C1)OC(=O)CCC(CC)CCCCCC)OC(=O)CCC(CC)CCCCCC,CCCCCCCC/C=C\CCCCCCCC(=O)OC[C@H](COP(=O)(O)OCCN)OC(=O)CCCCCCC/C=C\CCCCCCCC,C[C@H](CCCC(C)C)[C@H]1CC[C@@H]2[C@@]1(CC[C@H]3[C@H]2CC=C4[C@@]3(CC[C@@H](C4)O)C)C,CCCCCCCCCCCCCCOC(=O)CCOCCOCCOCCOCCOCCOCCOCCOCCOCCOCCOCCOCCOCCOCCOCCOCCOCCOCCOCCOCCOCCOCCOCCOCCOCCOCCOCCOCCOCCOCCOCCOCCOCCOCCOCCOCCOCCOCCOCCOCCOCCOCCOCCOCCOCCOCCOCCOCCOCCOCCOCCOCCOCCOCCOCCOCCOCCOCCOCCOCCOCCOCCOCCOCCOCCOCCOCCOCCOCCOCCOCCOCCOCCOCCOCCOCCOCCOCCOCCOCCOCCOCCOCCOCCOCCOCCOCCOCCOCCO,161.7,6.8,,0.22,0.06,,46.9,2.5,,7.9,1.9,,wt/wt,10.0,OTHER_wt_ratio,"synthesis_method: Microfluidic mixing or pipette mixing; device_used: Microfluidic device with staggered herringbone features; total_flow_rate_ml_min: 2.4; flow_rate_ratio: 1:3 (organic:aqueous); aqueous_phase_composition: 10 mM citrate buffer; organic_phase_composition: Ethanol with lipids; mixing_time_sec: ; temperature_condition: Room temperature; post_processing: Dialysis in 1x PBS for 2h, filtration through 0.45 ¥ìm filter; sterilization: 0.45 ¥ìm filtration; storage_buffer: 1x PBS","cell_line: HeLa; animal_model: C57BL/6J female mice; administration_route: intravenous (IV); dose: 1.0 mg/kg total nucleic acid; biodistribution_result: Measured by deep sequencing in heart, liver, spleen, lungs, kidneys; toxicity_profile: Cell viability >85%",,,,https://doi.org/10.1038/s41467-024-45422-9,"High-throughput barcoding of nanoparticles identifies cationic, degradable lipid-like materials for mRNA delivery to the lungs in female preclinical models","['Lulu Xue', 'Alex G. Hamilton', 'Gan Zhao', 'Zebin Xiao', 'Rakan El-Mayta', 'Xuexiang Han', 'Ningqiang Gong', 'Xinhong Xiong', 'Junchao Xu', 'Christian G. Figueroa-Espada', 'Sarah J. Shepherd', 'Alvin J. Mukalel', 'Mohamad-Gabriel Alameh', 'Jiaxi Cui', 'Karin Wang', 'Andrew E. Vaughan', 'Drew Weissman', 'Michael J. Mitchell']",Nature Communications,2024.0,1-A3-9b2,DOPE,cholesterol,C14PEG2K
264,Custom lipid,DOPE,cholesterol,C14-PEG2000,35:2.5:46.5:16,mRNA,"firefly_luciferase, barcode(dna barcode 62)",NCCCCNCC1=CC(=C(OC(=O)CCC(CC)CCCCCC)C(=C1)OC(=O)CCC(CC)CCCCCC)OC(=O)CCC(CC)CCCCCC,CCCCCCCC/C=C\CCCCCCCC(=O)OC[C@H](COP(=O)(O)OCCN)OC(=O)CCCCCCC/C=C\CCCCCCCC,C[C@H](CCCC(C)C)[C@H]1CC[C@@H]2[C@@]1(CC[C@H]3[C@H]2CC=C4[C@@]3(CC[C@@H](C4)O)C)C,CCCCCCCCCCCCCCOC(=O)CCOCCOCCOCCOCCOCCOCCOCCOCCOCCOCCOCCOCCOCCOCCOCCOCCOCCOCCOCCOCCOCCOCCOCCOCCOCCOCCOCCOCCOCCOCCOCCOCCOCCOCCOCCOCCOCCOCCOCCOCCOCCOCCOCCOCCOCCOCCOCCOCCOCCOCCOCCOCCOCCOCCOCCOCCOCCOCCOCCOCCOCCOCCOCCOCCOCCOCCOCCOCCOCCOCCOCCOCCOCCOCCOCCOCCOCCOCCOCCOCCOCCOCCOCCOCCOCCOCCOCCOCCOCCO,168.9,3.1,,0.18,0.02,,65.6,3.0,,-2.4,0.9,,wt/wt,10.0,OTHER_wt_ratio,"synthesis_method: Microfluidic mixing or pipette mixing; device_used: Microfluidic device with staggered herringbone features; total_flow_rate_ml_min: 2.4; flow_rate_ratio: 1:3 (organic:aqueous); aqueous_phase_composition: 10 mM citrate buffer; organic_phase_composition: Ethanol with lipids; mixing_time_sec: ; temperature_condition: Room temperature; post_processing: Dialysis in 1x PBS for 2h, filtration through 0.45 ¥ìm filter; sterilization: 0.45 ¥ìm filtration; storage_buffer: 1x PBS","cell_line: HeLa; animal_model: C57BL/6J female mice; administration_route: intravenous (IV); dose: 1.0 mg/kg total nucleic acid; biodistribution_result: Measured by deep sequencing in heart, liver, spleen, lungs, kidneys; toxicity_profile: Cell viability >85%",,,,https://doi.org/10.1038/s41467-024-45422-9,"High-throughput barcoding of nanoparticles identifies cationic, degradable lipid-like materials for mRNA delivery to the lungs in female preclinical models","['Lulu Xue', 'Alex G. Hamilton', 'Gan Zhao', 'Zebin Xiao', 'Rakan El-Mayta', 'Xuexiang Han', 'Ningqiang Gong', 'Xinhong Xiong', 'Junchao Xu', 'Christian G. Figueroa-Espada', 'Sarah J. Shepherd', 'Alvin J. Mukalel', 'Mohamad-Gabriel Alameh', 'Jiaxi Cui', 'Karin Wang', 'Andrew E. Vaughan', 'Drew Weissman', 'Michael J. Mitchell']",Nature Communications,2024.0,2-A3-9b2,DOPE,cholesterol,C14PEG2K
265,Custom lipid,DOPE,cholesterol,C14-PEG2000,35:2.5:46.5:16,mRNA,"firefly_luciferase, barcode(dna barcode 63)",NC1CCN(CC1)CC2=CC(=C(OC(=O)CCC(CC)CCCCCC)C(=C2)OC(=O)CCC(CC)CCCCCC)OC(=O)CCC(CC)CCCCCC,CCCCCCCC/C=C\CCCCCCCC(=O)OC[C@H](COP(=O)(O)OCCN)OC(=O)CCCCCCC/C=C\CCCCCCCC,C[C@H](CCCC(C)C)[C@H]1CC[C@@H]2[C@@]1(CC[C@H]3[C@H]2CC=C4[C@@]3(CC[C@@H](C4)O)C)C,CCCCCCCCCCCCCCOC(=O)CCOCCOCCOCCOCCOCCOCCOCCOCCOCCOCCOCCOCCOCCOCCOCCOCCOCCOCCOCCOCCOCCOCCOCCOCCOCCOCCOCCOCCOCCOCCOCCOCCOCCOCCOCCOCCOCCOCCOCCOCCOCCOCCOCCOCCOCCOCCOCCOCCOCCOCCOCCOCCOCCOCCOCCOCCOCCOCCOCCOCCOCCOCCOCCOCCOCCOCCOCCOCCOCCOCCOCCOCCOCCOCCOCCOCCOCCOCCOCCOCCOCCOCCOCCOCCOCCOCCOCCOCCOCCO,169.2,5.5,,0.22,0.07,,54.3,2.9,,2.6,1.8,,wt/wt,10.0,OTHER_wt_ratio,"synthesis_method: Microfluidic mixing or pipette mixing; device_used: Microfluidic device with staggered herringbone features; total_flow_rate_ml_min: 2.4; flow_rate_ratio: 1:3 (organic:aqueous); aqueous_phase_composition: 10 mM citrate buffer; organic_phase_composition: Ethanol with lipids; mixing_time_sec: ; temperature_condition: Room temperature; post_processing: Dialysis in 1x PBS for 2h, filtration through 0.45 ¥ìm filter; sterilization: 0.45 ¥ìm filtration; storage_buffer: 1x PBS","cell_line: HeLa; animal_model: C57BL/6J female mice; administration_route: intravenous (IV); dose: 1.0 mg/kg total nucleic acid; biodistribution_result: Measured by deep sequencing in heart, liver, spleen, lungs, kidneys; toxicity_profile: Cell viability >85%",,,,https://doi.org/10.1038/s41467-024-45422-9,"High-throughput barcoding of nanoparticles identifies cationic, degradable lipid-like materials for mRNA delivery to the lungs in female preclinical models","['Lulu Xue', 'Alex G. Hamilton', 'Gan Zhao', 'Zebin Xiao', 'Rakan El-Mayta', 'Xuexiang Han', 'Ningqiang Gong', 'Xinhong Xiong', 'Junchao Xu', 'Christian G. Figueroa-Espada', 'Sarah J. Shepherd', 'Alvin J. Mukalel', 'Mohamad-Gabriel Alameh', 'Jiaxi Cui', 'Karin Wang', 'Andrew E. Vaughan', 'Drew Weissman', 'Michael J. Mitchell']",Nature Communications,2024.0,3-A3-9b2,DOPE,cholesterol,C14PEG2K
266,Custom lipid,DOPE,cholesterol,C14-PEG2000,35:2.5:46.5:16,mRNA,"firefly_luciferase, barcode(dna barcode 64)",NCCN1CCN(CC1)CC2=CC(=C(OC(=O)CCC(CC)CCCCCC)C(=C2)OC(=O)CCC(CC)CCCCCC)OC(=O)CCC(CC)CCCCCC,CCCCCCCC/C=C\CCCCCCCC(=O)OC[C@H](COP(=O)(O)OCCN)OC(=O)CCCCCCC/C=C\CCCCCCCC,C[C@H](CCCC(C)C)[C@H]1CC[C@@H]2[C@@]1(CC[C@H]3[C@H]2CC=C4[C@@]3(CC[C@@H](C4)O)C)C,CCCCCCCCCCCCCCOC(=O)CCOCCOCCOCCOCCOCCOCCOCCOCCOCCOCCOCCOCCOCCOCCOCCOCCOCCOCCOCCOCCOCCOCCOCCOCCOCCOCCOCCOCCOCCOCCOCCOCCOCCOCCOCCOCCOCCOCCOCCOCCOCCOCCOCCOCCOCCOCCOCCOCCOCCOCCOCCOCCOCCOCCOCCOCCOCCOCCOCCOCCOCCOCCOCCOCCOCCOCCOCCOCCOCCOCCOCCOCCOCCOCCOCCOCCOCCOCCOCCOCCOCCOCCOCCOCCOCCOCCOCCOCCOCCO,184.3,6.4,,0.12,0.04,,48.0,2.7,,5.8,3.4,,wt/wt,10.0,OTHER_wt_ratio,"synthesis_method: Microfluidic mixing or pipette mixing; device_used: Microfluidic device with staggered herringbone features; total_flow_rate_ml_min: 2.4; flow_rate_ratio: 1:3 (organic:aqueous); aqueous_phase_composition: 10 mM citrate buffer; organic_phase_composition: Ethanol with lipids; mixing_time_sec: ; temperature_condition: Room temperature; post_processing: Dialysis in 1x PBS for 2h, filtration through 0.45 ¥ìm filter; sterilization: 0.45 ¥ìm filtration; storage_buffer: 1x PBS","cell_line: HeLa; animal_model: C57BL/6J female mice; administration_route: intravenous (IV); dose: 1.0 mg/kg total nucleic acid; biodistribution_result: Measured by deep sequencing in heart, liver, spleen, lungs, kidneys; toxicity_profile: Cell viability >85%",,,,https://doi.org/10.1038/s41467-024-45422-9,"High-throughput barcoding of nanoparticles identifies cationic, degradable lipid-like materials for mRNA delivery to the lungs in female preclinical models","['Lulu Xue', 'Alex G. Hamilton', 'Gan Zhao', 'Zebin Xiao', 'Rakan El-Mayta', 'Xuexiang Han', 'Ningqiang Gong', 'Xinhong Xiong', 'Junchao Xu', 'Christian G. Figueroa-Espada', 'Sarah J. Shepherd', 'Alvin J. Mukalel', 'Mohamad-Gabriel Alameh', 'Jiaxi Cui', 'Karin Wang', 'Andrew E. Vaughan', 'Drew Weissman', 'Michael J. Mitchell']",Nature Communications,2024.0,4-A3-9b2,DOPE,cholesterol,C14PEG2K
267,Custom lipid,DOPE,cholesterol,C14-PEG2000,35:2.5:46.5:16,mRNA,"firefly_luciferase, barcode(dna barcode 65)",NCCCN(CC1=CC(=C(OC(=O)CCC(CC)CCCCCC)C(=C1)OC(=O)CCC(CC)CCCCCC)OC(=O)CCC(CC)CCCCCC)CCN,CCCCCCCC/C=C\CCCCCCCC(=O)OC[C@H](COP(=O)(O)OCCN)OC(=O)CCCCCCC/C=C\CCCCCCCC,C[C@H](CCCC(C)C)[C@H]1CC[C@@H]2[C@@]1(CC[C@H]3[C@H]2CC=C4[C@@]3(CC[C@@H](C4)O)C)C,CCCCCCCCCCCCCCOC(=O)CCOCCOCCOCCOCCOCCOCCOCCOCCOCCOCCOCCOCCOCCOCCOCCOCCOCCOCCOCCOCCOCCOCCOCCOCCOCCOCCOCCOCCOCCOCCOCCOCCOCCOCCOCCOCCOCCOCCOCCOCCOCCOCCOCCOCCOCCOCCOCCOCCOCCOCCOCCOCCOCCOCCOCCOCCOCCOCCOCCOCCOCCOCCOCCOCCOCCOCCOCCOCCOCCOCCOCCOCCOCCOCCOCCOCCOCCOCCOCCOCCOCCOCCOCCOCCOCCOCCOCCOCCOCCO,173.9,5.3,,0.12,0.03,,47.1,5.7,,-0.9,1.2,,wt/wt,10.0,OTHER_wt_ratio,"synthesis_method: Microfluidic mixing or pipette mixing; device_used: Microfluidic device with staggered herringbone features; total_flow_rate_ml_min: 2.4; flow_rate_ratio: 1:3 (organic:aqueous); aqueous_phase_composition: 10 mM citrate buffer; organic_phase_composition: Ethanol with lipids; mixing_time_sec: ; temperature_condition: Room temperature; post_processing: Dialysis in 1x PBS for 2h, filtration through 0.45 ¥ìm filter; sterilization: 0.45 ¥ìm filtration; storage_buffer: 1x PBS","cell_line: HeLa; animal_model: C57BL/6J female mice; administration_route: intravenous (IV); dose: 1.0 mg/kg total nucleic acid; biodistribution_result: Measured by deep sequencing in heart, liver, spleen, lungs, kidneys; toxicity_profile: Cell viability >85%",,,,https://doi.org/10.1038/s41467-024-45422-9,"High-throughput barcoding of nanoparticles identifies cationic, degradable lipid-like materials for mRNA delivery to the lungs in female preclinical models","['Lulu Xue', 'Alex G. Hamilton', 'Gan Zhao', 'Zebin Xiao', 'Rakan El-Mayta', 'Xuexiang Han', 'Ningqiang Gong', 'Xinhong Xiong', 'Junchao Xu', 'Christian G. Figueroa-Espada', 'Sarah J. Shepherd', 'Alvin J. Mukalel', 'Mohamad-Gabriel Alameh', 'Jiaxi Cui', 'Karin Wang', 'Andrew E. Vaughan', 'Drew Weissman', 'Michael J. Mitchell']",Nature Communications,2024.0,11-A3-9b2,DOPE,cholesterol,C14PEG2K
268,Custom lipid,DOPE,cholesterol,C14-PEG2000,35:2.5:46.5:16,mRNA,"firefly_luciferase, barcode(dna barcode 66)",NCCN(CC1=CC(=C(OC(=O)CCC(CC)CCCCCC)C(=C1)OC(=O)CCC(CC)CCCCCC)OC(=O)CCC(CC)CCCCCC)CCCN,CCCCCCCC/C=C\CCCCCCCC(=O)OC[C@H](COP(=O)(O)OCCN)OC(=O)CCCCCCC/C=C\CCCCCCCC,C[C@H](CCCC(C)C)[C@H]1CC[C@@H]2[C@@]1(CC[C@H]3[C@H]2CC=C4[C@@]3(CC[C@@H](C4)O)C)C,CCCCCCCCCCCCCCOC(=O)CCOCCOCCOCCOCCOCCOCCOCCOCCOCCOCCOCCOCCOCCOCCOCCOCCOCCOCCOCCOCCOCCOCCOCCOCCOCCOCCOCCOCCOCCOCCOCCOCCOCCOCCOCCOCCOCCOCCOCCOCCOCCOCCOCCOCCOCCOCCOCCOCCOCCOCCOCCOCCOCCOCCOCCOCCOCCOCCOCCOCCOCCOCCOCCOCCOCCOCCOCCOCCOCCOCCOCCOCCOCCOCCOCCOCCOCCOCCOCCOCCOCCOCCOCCOCCOCCOCCOCCOCCOCCO,154.3,4.8,,0.13,0.07,,37.2,3.6,,8.7,1.4,,wt/wt,10.0,OTHER_wt_ratio,"synthesis_method: Microfluidic mixing or pipette mixing; device_used: Microfluidic device with staggered herringbone features; total_flow_rate_ml_min: 2.4; flow_rate_ratio: 1:3 (organic:aqueous); aqueous_phase_composition: 10 mM citrate buffer; organic_phase_composition: Ethanol with lipids; mixing_time_sec: ; temperature_condition: Room temperature; post_processing: Dialysis in 1x PBS for 2h, filtration through 0.45 ¥ìm filter; sterilization: 0.45 ¥ìm filtration; storage_buffer: 1x PBS","cell_line: HeLa; animal_model: C57BL/6J female mice; administration_route: intravenous (IV); dose: 1.0 mg/kg total nucleic acid; biodistribution_result: Measured by deep sequencing in heart, liver, spleen, lungs, kidneys; toxicity_profile: Cell viability >85%",,,,https://doi.org/10.1038/s41467-024-45422-9,"High-throughput barcoding of nanoparticles identifies cationic, degradable lipid-like materials for mRNA delivery to the lungs in female preclinical models","['Lulu Xue', 'Alex G. Hamilton', 'Gan Zhao', 'Zebin Xiao', 'Rakan El-Mayta', 'Xuexiang Han', 'Ningqiang Gong', 'Xinhong Xiong', 'Junchao Xu', 'Christian G. Figueroa-Espada', 'Sarah J. Shepherd', 'Alvin J. Mukalel', 'Mohamad-Gabriel Alameh', 'Jiaxi Cui', 'Karin Wang', 'Andrew E. Vaughan', 'Drew Weissman', 'Michael J. Mitchell']",Nature Communications,2024.0,12-A3-9b2,DOPE,cholesterol,C14PEG2K
269,Custom lipid,DOPE,cholesterol,C14-PEG2000,35:2.5:46.5:16,mRNA,"firefly_luciferase, barcode(dna barcode 67)",NNCC1=CC(=C(O)C(=C1)OC(=O)CCCCCCCC)OC(=O)CCCCCCCC,CCCCCCCC/C=C\CCCCCCCC(=O)OC[C@H](COP(=O)(O)OCCN)OC(=O)CCCCCCC/C=C\CCCCCCCC,C[C@H](CCCC(C)C)[C@H]1CC[C@@H]2[C@@]1(CC[C@H]3[C@H]2CC=C4[C@@]3(CC[C@@H](C4)O)C)C,CCCCCCCCCCCCCCOC(=O)CCOCCOCCOCCOCCOCCOCCOCCOCCOCCOCCOCCOCCOCCOCCOCCOCCOCCOCCOCCOCCOCCOCCOCCOCCOCCOCCOCCOCCOCCOCCOCCOCCOCCOCCOCCOCCOCCOCCOCCOCCOCCOCCOCCOCCOCCOCCOCCOCCOCCOCCOCCOCCOCCOCCOCCOCCOCCOCCOCCOCCOCCOCCOCCOCCOCCOCCOCCOCCOCCOCCOCCOCCOCCOCCOCCOCCOCCOCCOCCOCCOCCOCCOCCOCCOCCOCCOCCOCCOCCO,192.2,5.1,,0.08,0.05,,77.8,3.5,,-1.2,0.8,,wt/wt,10.0,OTHER_wt_ratio,"synthesis_method: Microfluidic mixing or pipette mixing; device_used: Microfluidic device with staggered herringbone features; total_flow_rate_ml_min: 2.4; flow_rate_ratio: 1:3 (organic:aqueous); aqueous_phase_composition: 10 mM citrate buffer; organic_phase_composition: Ethanol with lipids; mixing_time_sec: ; temperature_condition: Room temperature; post_processing: Dialysis in 1x PBS for 2h, filtration through 0.45 ¥ìm filter; sterilization: 0.45 ¥ìm filtration; storage_buffer: 1x PBS","cell_line: HeLa; animal_model: C57BL/6J female mice; administration_route: intravenous (IV); dose: 1.0 mg/kg total nucleic acid; biodistribution_result: Measured by deep sequencing in heart, liver, spleen, lungs, kidneys; toxicity_profile: Cell viability >85%",,,,https://doi.org/10.1038/s41467-024-45422-9,"High-throughput barcoding of nanoparticles identifies cationic, degradable lipid-like materials for mRNA delivery to the lungs in female preclinical models","['Lulu Xue', 'Alex G. Hamilton', 'Gan Zhao', 'Zebin Xiao', 'Rakan El-Mayta', 'Xuexiang Han', 'Ningqiang Gong', 'Xinhong Xiong', 'Junchao Xu', 'Christian G. Figueroa-Espada', 'Sarah J. Shepherd', 'Alvin J. Mukalel', 'Mohamad-Gabriel Alameh', 'Jiaxi Cui', 'Karin Wang', 'Andrew E. Vaughan', 'Drew Weissman', 'Michael J. Mitchell']",Nature Communications,2024.0,1-A2-7,DOPE,cholesterol,C14PEG2K
270,Custom lipid,DOPE,cholesterol,C14-PEG2000,35:2.5:46.5:16,mRNA,"firefly_luciferase, barcode(dna barcode 68)",NCCCCNCC1=CC(=C(O)C(=C1)OC(=O)CCCCCCCC)OC(=O)CCCCCCCC,CCCCCCCC/C=C\CCCCCCCC(=O)OC[C@H](COP(=O)(O)OCCN)OC(=O)CCCCCCC/C=C\CCCCCCCC,C[C@H](CCCC(C)C)[C@H]1CC[C@@H]2[C@@]1(CC[C@H]3[C@H]2CC=C4[C@@]3(CC[C@@H](C4)O)C)C,CCCCCCCCCCCCCCOC(=O)CCOCCOCCOCCOCCOCCOCCOCCOCCOCCOCCOCCOCCOCCOCCOCCOCCOCCOCCOCCOCCOCCOCCOCCOCCOCCOCCOCCOCCOCCOCCOCCOCCOCCOCCOCCOCCOCCOCCOCCOCCOCCOCCOCCOCCOCCOCCOCCOCCOCCOCCOCCOCCOCCOCCOCCOCCOCCOCCOCCOCCOCCOCCOCCOCCOCCOCCOCCOCCOCCOCCOCCOCCOCCOCCOCCOCCOCCOCCOCCOCCOCCOCCOCCOCCOCCOCCOCCOCCOCCO,178.9,3.7,,0.18,0.04,,84.0,6.1,,1.4,1.9,,wt/wt,10.0,OTHER_wt_ratio,"synthesis_method: Microfluidic mixing or pipette mixing; device_used: Microfluidic device with staggered herringbone features; total_flow_rate_ml_min: 2.4; flow_rate_ratio: 1:3 (organic:aqueous); aqueous_phase_composition: 10 mM citrate buffer; organic_phase_composition: Ethanol with lipids; mixing_time_sec: ; temperature_condition: Room temperature; post_processing: Dialysis in 1x PBS for 2h, filtration through 0.45 ¥ìm filter; sterilization: 0.45 ¥ìm filtration; storage_buffer: 1x PBS","cell_line: HeLa; animal_model: C57BL/6J female mice; administration_route: intravenous (IV); dose: 1.0 mg/kg total nucleic acid; biodistribution_result: Measured by deep sequencing in heart, liver, spleen, lungs, kidneys; toxicity_profile: Cell viability >85%",,,,https://doi.org/10.1038/s41467-024-45422-9,"High-throughput barcoding of nanoparticles identifies cationic, degradable lipid-like materials for mRNA delivery to the lungs in female preclinical models","['Lulu Xue', 'Alex G. Hamilton', 'Gan Zhao', 'Zebin Xiao', 'Rakan El-Mayta', 'Xuexiang Han', 'Ningqiang Gong', 'Xinhong Xiong', 'Junchao Xu', 'Christian G. Figueroa-Espada', 'Sarah J. Shepherd', 'Alvin J. Mukalel', 'Mohamad-Gabriel Alameh', 'Jiaxi Cui', 'Karin Wang', 'Andrew E. Vaughan', 'Drew Weissman', 'Michael J. Mitchell']",Nature Communications,2024.0,2-A2-7,DOPE,cholesterol,C14PEG2K
271,Custom lipid,DOPE,cholesterol,C14-PEG2000,35:2.5:46.5:16,mRNA,"firefly_luciferase, barcode(dna barcode 69)",NC1CCN(CC1)CC2=CC(=C(O)C(=C2)OC(=O)CCCCCCCC)OC(=O)CCCCCCCC,CCCCCCCC/C=C\CCCCCCCC(=O)OC[C@H](COP(=O)(O)OCCN)OC(=O)CCCCCCC/C=C\CCCCCCCC,C[C@H](CCCC(C)C)[C@H]1CC[C@@H]2[C@@]1(CC[C@H]3[C@H]2CC=C4[C@@]3(CC[C@@H](C4)O)C)C,CCCCCCCCCCCCCCOC(=O)CCOCCOCCOCCOCCOCCOCCOCCOCCOCCOCCOCCOCCOCCOCCOCCOCCOCCOCCOCCOCCOCCOCCOCCOCCOCCOCCOCCOCCOCCOCCOCCOCCOCCOCCOCCOCCOCCOCCOCCOCCOCCOCCOCCOCCOCCOCCOCCOCCOCCOCCOCCOCCOCCOCCOCCOCCOCCOCCOCCOCCOCCOCCOCCOCCOCCOCCOCCOCCOCCOCCOCCOCCOCCOCCOCCOCCOCCOCCOCCOCCOCCOCCOCCOCCOCCOCCOCCOCCOCCO,193.7,5.0,,0.07,0.05,,74.6,3.5,,4.4,4.0,,wt/wt,10.0,OTHER_wt_ratio,"synthesis_method: Microfluidic mixing or pipette mixing; device_used: Microfluidic device with staggered herringbone features; total_flow_rate_ml_min: 2.4; flow_rate_ratio: 1:3 (organic:aqueous); aqueous_phase_composition: 10 mM citrate buffer; organic_phase_composition: Ethanol with lipids; mixing_time_sec: ; temperature_condition: Room temperature; post_processing: Dialysis in 1x PBS for 2h, filtration through 0.45 ¥ìm filter; sterilization: 0.45 ¥ìm filtration; storage_buffer: 1x PBS","cell_line: HeLa; animal_model: C57BL/6J female mice; administration_route: intravenous (IV); dose: 1.0 mg/kg total nucleic acid; biodistribution_result: Measured by deep sequencing in heart, liver, spleen, lungs, kidneys; toxicity_profile: Cell viability >85%",,,,https://doi.org/10.1038/s41467-024-45422-9,"High-throughput barcoding of nanoparticles identifies cationic, degradable lipid-like materials for mRNA delivery to the lungs in female preclinical models","['Lulu Xue', 'Alex G. Hamilton', 'Gan Zhao', 'Zebin Xiao', 'Rakan El-Mayta', 'Xuexiang Han', 'Ningqiang Gong', 'Xinhong Xiong', 'Junchao Xu', 'Christian G. Figueroa-Espada', 'Sarah J. Shepherd', 'Alvin J. Mukalel', 'Mohamad-Gabriel Alameh', 'Jiaxi Cui', 'Karin Wang', 'Andrew E. Vaughan', 'Drew Weissman', 'Michael J. Mitchell']",Nature Communications,2024.0,3-A2-7,DOPE,cholesterol,C14PEG2K
272,Custom lipid,DOPE,cholesterol,C14-PEG2000,35:2.5:46.5:16,mRNA,"firefly_luciferase, barcode(dna barcode 70)",NCCN1CCN(CC1)CC2=CC(=C(O)C(=C2)OC(=O)CCCCCCCC)OC(=O)CCCCCCCC,CCCCCCCC/C=C\CCCCCCCC(=O)OC[C@H](COP(=O)(O)OCCN)OC(=O)CCCCCCC/C=C\CCCCCCCC,C[C@H](CCCC(C)C)[C@H]1CC[C@@H]2[C@@]1(CC[C@H]3[C@H]2CC=C4[C@@]3(CC[C@@H](C4)O)C)C,CCCCCCCCCCCCCCOC(=O)CCOCCOCCOCCOCCOCCOCCOCCOCCOCCOCCOCCOCCOCCOCCOCCOCCOCCOCCOCCOCCOCCOCCOCCOCCOCCOCCOCCOCCOCCOCCOCCOCCOCCOCCOCCOCCOCCOCCOCCOCCOCCOCCOCCOCCOCCOCCOCCOCCOCCOCCOCCOCCOCCOCCOCCOCCOCCOCCOCCOCCOCCOCCOCCOCCOCCOCCOCCOCCOCCOCCOCCOCCOCCOCCOCCOCCOCCOCCOCCOCCOCCOCCOCCOCCOCCOCCOCCOCCOCCO,181.2,3.9,,0.1,0.05,,82.2,4.3,,1.5,7.5,,wt/wt,10.0,OTHER_wt_ratio,"synthesis_method: Microfluidic mixing or pipette mixing; device_used: Microfluidic device with staggered herringbone features; total_flow_rate_ml_min: 2.4; flow_rate_ratio: 1:3 (organic:aqueous); aqueous_phase_composition: 10 mM citrate buffer; organic_phase_composition: Ethanol with lipids; mixing_time_sec: ; temperature_condition: Room temperature; post_processing: Dialysis in 1x PBS for 2h, filtration through 0.45 ¥ìm filter; sterilization: 0.45 ¥ìm filtration; storage_buffer: 1x PBS","cell_line: HeLa; animal_model: C57BL/6J female mice; administration_route: intravenous (IV); dose: 1.0 mg/kg total nucleic acid; biodistribution_result: Measured by deep sequencing in heart, liver, spleen, lungs, kidneys; toxicity_profile: Cell viability >85%",,,,https://doi.org/10.1038/s41467-024-45422-9,"High-throughput barcoding of nanoparticles identifies cationic, degradable lipid-like materials for mRNA delivery to the lungs in female preclinical models","['Lulu Xue', 'Alex G. Hamilton', 'Gan Zhao', 'Zebin Xiao', 'Rakan El-Mayta', 'Xuexiang Han', 'Ningqiang Gong', 'Xinhong Xiong', 'Junchao Xu', 'Christian G. Figueroa-Espada', 'Sarah J. Shepherd', 'Alvin J. Mukalel', 'Mohamad-Gabriel Alameh', 'Jiaxi Cui', 'Karin Wang', 'Andrew E. Vaughan', 'Drew Weissman', 'Michael J. Mitchell']",Nature Communications,2024.0,4-A2-7,DOPE,cholesterol,C14PEG2K
273,Custom lipid,DOPE,cholesterol,C14-PEG2000,35:2.5:46.5:16,mRNA,"firefly_luciferase, barcode(dna barcode 71)",NCCCN(CC1=CC(=C(O)C(=C1)OC(=O)CCCCCCCC)OC(=O)CCCCCCCC)CCN,CCCCCCCC/C=C\CCCCCCCC(=O)OC[C@H](COP(=O)(O)OCCN)OC(=O)CCCCCCC/C=C\CCCCCCCC,C[C@H](CCCC(C)C)[C@H]1CC[C@@H]2[C@@]1(CC[C@H]3[C@H]2CC=C4[C@@]3(CC[C@@H](C4)O)C)C,CCCCCCCCCCCCCCOC(=O)CCOCCOCCOCCOCCOCCOCCOCCOCCOCCOCCOCCOCCOCCOCCOCCOCCOCCOCCOCCOCCOCCOCCOCCOCCOCCOCCOCCOCCOCCOCCOCCOCCOCCOCCOCCOCCOCCOCCOCCOCCOCCOCCOCCOCCOCCOCCOCCOCCOCCOCCOCCOCCOCCOCCOCCOCCOCCOCCOCCOCCOCCOCCOCCOCCOCCOCCOCCOCCOCCOCCOCCOCCOCCOCCOCCOCCOCCOCCOCCOCCOCCOCCOCCOCCOCCOCCOCCOCCOCCO,195.1,6.3,,0.12,0.04,,81.0,4.8,,8.6,15.5,,wt/wt,10.0,OTHER_wt_ratio,"synthesis_method: Microfluidic mixing or pipette mixing; device_used: Microfluidic device with staggered herringbone features; total_flow_rate_ml_min: 2.4; flow_rate_ratio: 1:3 (organic:aqueous); aqueous_phase_composition: 10 mM citrate buffer; organic_phase_composition: Ethanol with lipids; mixing_time_sec: ; temperature_condition: Room temperature; post_processing: Dialysis in 1x PBS for 2h, filtration through 0.45 ¥ìm filter; sterilization: 0.45 ¥ìm filtration; storage_buffer: 1x PBS","cell_line: HeLa; animal_model: C57BL/6J female mice; administration_route: intravenous (IV); dose: 1.0 mg/kg total nucleic acid; biodistribution_result: Measured by deep sequencing in heart, liver, spleen, lungs, kidneys; toxicity_profile: Cell viability >85%",,,,https://doi.org/10.1038/s41467-024-45422-9,"High-throughput barcoding of nanoparticles identifies cationic, degradable lipid-like materials for mRNA delivery to the lungs in female preclinical models","['Lulu Xue', 'Alex G. Hamilton', 'Gan Zhao', 'Zebin Xiao', 'Rakan El-Mayta', 'Xuexiang Han', 'Ningqiang Gong', 'Xinhong Xiong', 'Junchao Xu', 'Christian G. Figueroa-Espada', 'Sarah J. Shepherd', 'Alvin J. Mukalel', 'Mohamad-Gabriel Alameh', 'Jiaxi Cui', 'Karin Wang', 'Andrew E. Vaughan', 'Drew Weissman', 'Michael J. Mitchell']",Nature Communications,2024.0,11-A2-7,DOPE,cholesterol,C14PEG2K
274,Custom lipid,DOPE,cholesterol,C14-PEG2000,35:2.5:46.5:16,mRNA,"firefly_luciferase, barcode(dna barcode 72)",NCCN(CC1=CC(=C(O)C(=C1)OC(=O)CCCCCCCC)OC(=O)CCCCCCCC)CCCN,CCCCCCCC/C=C\CCCCCCCC(=O)OC[C@H](COP(=O)(O)OCCN)OC(=O)CCCCCCC/C=C\CCCCCCCC,C[C@H](CCCC(C)C)[C@H]1CC[C@@H]2[C@@]1(CC[C@H]3[C@H]2CC=C4[C@@]3(CC[C@@H](C4)O)C)C,CCCCCCCCCCCCCCOC(=O)CCOCCOCCOCCOCCOCCOCCOCCOCCOCCOCCOCCOCCOCCOCCOCCOCCOCCOCCOCCOCCOCCOCCOCCOCCOCCOCCOCCOCCOCCOCCOCCOCCOCCOCCOCCOCCOCCOCCOCCOCCOCCOCCOCCOCCOCCOCCOCCOCCOCCOCCOCCOCCOCCOCCOCCOCCOCCOCCOCCOCCOCCOCCOCCOCCOCCOCCOCCOCCOCCOCCOCCOCCOCCOCCOCCOCCOCCOCCOCCOCCOCCOCCOCCOCCOCCOCCOCCOCCOCCO,181.8,4.8,,0.11,0.09,,79.8,5.1,,13.2,0.4,,wt/wt,10.0,OTHER_wt_ratio,"synthesis_method: Microfluidic mixing or pipette mixing; device_used: Microfluidic device with staggered herringbone features; total_flow_rate_ml_min: 2.4; flow_rate_ratio: 1:3 (organic:aqueous); aqueous_phase_composition: 10 mM citrate buffer; organic_phase_composition: Ethanol with lipids; mixing_time_sec: ; temperature_condition: Room temperature; post_processing: Dialysis in 1x PBS for 2h, filtration through 0.45 ¥ìm filter; sterilization: 0.45 ¥ìm filtration; storage_buffer: 1x PBS","cell_line: HeLa; animal_model: C57BL/6J female mice; administration_route: intravenous (IV); dose: 1.0 mg/kg total nucleic acid; biodistribution_result: Measured by deep sequencing in heart, liver, spleen, lungs, kidneys; toxicity_profile: Cell viability >85%",,,,https://doi.org/10.1038/s41467-024-45422-9,"High-throughput barcoding of nanoparticles identifies cationic, degradable lipid-like materials for mRNA delivery to the lungs in female preclinical models","['Lulu Xue', 'Alex G. Hamilton', 'Gan Zhao', 'Zebin Xiao', 'Rakan El-Mayta', 'Xuexiang Han', 'Ningqiang Gong', 'Xinhong Xiong', 'Junchao Xu', 'Christian G. Figueroa-Espada', 'Sarah J. Shepherd', 'Alvin J. Mukalel', 'Mohamad-Gabriel Alameh', 'Jiaxi Cui', 'Karin Wang', 'Andrew E. Vaughan', 'Drew Weissman', 'Michael J. Mitchell']",Nature Communications,2024.0,12-A2-7,DOPE,cholesterol,C14PEG2K
275,Custom lipid,DOPE,cholesterol,C14-PEG2000,35:2.5:46.5:16,mRNA,"firefly_luciferase, barcode(dna barcode 73)",NNCC1=CC(=C(O)C(=C1)OC(=O)CCCCCC)OC(=O)CCCCCC,CCCCCCCC/C=C\CCCCCCCC(=O)OC[C@H](COP(=O)(O)OCCN)OC(=O)CCCCCCC/C=C\CCCCCCCC,C[C@H](CCCC(C)C)[C@H]1CC[C@@H]2[C@@]1(CC[C@H]3[C@H]2CC=C4[C@@]3(CC[C@@H](C4)O)C)C,CCCCCCCCCCCCCCOC(=O)CCOCCOCCOCCOCCOCCOCCOCCOCCOCCOCCOCCOCCOCCOCCOCCOCCOCCOCCOCCOCCOCCOCCOCCOCCOCCOCCOCCOCCOCCOCCOCCOCCOCCOCCOCCOCCOCCOCCOCCOCCOCCOCCOCCOCCOCCOCCOCCOCCOCCOCCOCCOCCOCCOCCOCCOCCOCCOCCOCCOCCOCCOCCOCCOCCOCCOCCOCCOCCOCCOCCOCCOCCOCCOCCOCCOCCOCCOCCOCCOCCOCCOCCOCCOCCOCCOCCOCCOCCOCCO,203.4,4.9,,0.18,0.09,,85.2,4.9,,3.8,1.4,,wt/wt,10.0,OTHER_wt_ratio,"synthesis_method: Microfluidic mixing or pipette mixing; device_used: Microfluidic device with staggered herringbone features; total_flow_rate_ml_min: 2.4; flow_rate_ratio: 1:3 (organic:aqueous); aqueous_phase_composition: 10 mM citrate buffer; organic_phase_composition: Ethanol with lipids; mixing_time_sec: ; temperature_condition: Room temperature; post_processing: Dialysis in 1x PBS for 2h, filtration through 0.45 ¥ìm filter; sterilization: 0.45 ¥ìm filtration; storage_buffer: 1x PBS","cell_line: HeLa; animal_model: C57BL/6J female mice; administration_route: intravenous (IV); dose: 1.0 mg/kg total nucleic acid; gene_expression_result: Spleen-enriched delivery; biodistribution_result: Measured by deep sequencing in heart, liver, spleen, lungs, kidneys; toxicity_profile: Cell viability >85%",,,,https://doi.org/10.1038/s41467-024-45422-9,"High-throughput barcoding of nanoparticles identifies cationic, degradable lipid-like materials for mRNA delivery to the lungs in female preclinical models","['Lulu Xue', 'Alex G. Hamilton', 'Gan Zhao', 'Zebin Xiao', 'Rakan El-Mayta', 'Xuexiang Han', 'Ningqiang Gong', 'Xinhong Xiong', 'Junchao Xu', 'Christian G. Figueroa-Espada', 'Sarah J. Shepherd', 'Alvin J. Mukalel', 'Mohamad-Gabriel Alameh', 'Jiaxi Cui', 'Karin Wang', 'Andrew E. Vaughan', 'Drew Weissman', 'Michael J. Mitchell']",Nature Communications,2024.0,1-A2-6,DOPE,cholesterol,C14PEG2K
276,Custom lipid,DOPE,cholesterol,C14-PEG2000,35:2.5:46.5:16,mRNA,"firefly_luciferase, barcode(dna barcode 74)",CN(C)CCNCC1=CC(=C(O)C(=C1)OC(=O)CC(CC)CCC)OC(=O)CC(CC)CCC,CCCCCCCC/C=C\CCCCCCCC(=O)OC[C@H](COP(=O)(O)OCCN)OC(=O)CCCCCCC/C=C\CCCCCCCC,C[C@H](CCCC(C)C)[C@H]1CC[C@@H]2[C@@]1(CC[C@H]3[C@H]2CC=C4[C@@]3(CC[C@@H](C4)O)C)C,CCCCCCCCCCCCCCOC(=O)CCOCCOCCOCCOCCOCCOCCOCCOCCOCCOCCOCCOCCOCCOCCOCCOCCOCCOCCOCCOCCOCCOCCOCCOCCOCCOCCOCCOCCOCCOCCOCCOCCOCCOCCOCCOCCOCCOCCOCCOCCOCCOCCOCCOCCOCCOCCOCCOCCOCCOCCOCCOCCOCCOCCOCCOCCOCCOCCOCCOCCOCCOCCOCCOCCOCCOCCOCCOCCOCCOCCOCCOCCOCCOCCOCCOCCOCCOCCOCCOCCOCCOCCOCCOCCOCCOCCOCCOCCOCCO,174.0,5.5,,0.23,0.05,,81.2,2.7,,7.9,1.3,,wt/wt,10.0,OTHER_wt_ratio,"synthesis_method: Microfluidic mixing or pipette mixing; device_used: Microfluidic device with staggered herringbone features; total_flow_rate_ml_min: 2.4; flow_rate_ratio: 1:3 (organic:aqueous); aqueous_phase_composition: 10 mM citrate buffer; organic_phase_composition: Ethanol with lipids; mixing_time_sec: ; temperature_condition: Room temperature; post_processing: Dialysis in 1x PBS for 2h, filtration through 0.45 ¥ìm filter; sterilization: 0.45 ¥ìm filtration; storage_buffer: 1x PBS","cell_line: HeLa; animal_model: C57BL/6J female mice; administration_route: intravenous (IV); dose: 1.0 mg/kg total nucleic acid; biodistribution_result: Measured by deep sequencing in heart, liver, spleen, lungs, kidneys; toxicity_profile: Cell viability >85%",,,,https://doi.org/10.1038/s41467-024-45422-9,"High-throughput barcoding of nanoparticles identifies cationic, degradable lipid-like materials for mRNA delivery to the lungs in female preclinical models","['Lulu Xue', 'Alex G. Hamilton', 'Gan Zhao', 'Zebin Xiao', 'Rakan El-Mayta', 'Xuexiang Han', 'Ningqiang Gong', 'Xinhong Xiong', 'Junchao Xu', 'Christian G. Figueroa-Espada', 'Sarah J. Shepherd', 'Alvin J. Mukalel', 'Mohamad-Gabriel Alameh', 'Jiaxi Cui', 'Karin Wang', 'Andrew E. Vaughan', 'Drew Weissman', 'Michael J. Mitchell']",Nature Communications,2024.0,5-A2-6b,DOPE,cholesterol,C14PEG2K
277,Custom lipid,DOPE,cholesterol,C14-PEG2000,35:2.5:46.5:16,mRNA,"firefly_luciferase, barcode(dna barcode 75)",CCCCCCCC(CCCN)NCC1=CC(=C(O)C(=C1)OC(=O)CC(CC)CCC)OC(=O)CC(CC)CCC,CCCCCCCC/C=C\CCCCCCCC(=O)OC[C@H](COP(=O)(O)OCCN)OC(=O)CCCCCCC/C=C\CCCCCCCC,C[C@H](CCCC(C)C)[C@H]1CC[C@@H]2[C@@]1(CC[C@H]3[C@H]2CC=C4[C@@]3(CC[C@@H](C4)O)C)C,CCCCCCCCCCCCCCOC(=O)CCOCCOCCOCCOCCOCCOCCOCCOCCOCCOCCOCCOCCOCCOCCOCCOCCOCCOCCOCCOCCOCCOCCOCCOCCOCCOCCOCCOCCOCCOCCOCCOCCOCCOCCOCCOCCOCCOCCOCCOCCOCCOCCOCCOCCOCCOCCOCCOCCOCCOCCOCCOCCOCCOCCOCCOCCOCCOCCOCCOCCOCCOCCOCCOCCOCCOCCOCCOCCOCCOCCOCCOCCOCCOCCOCCOCCOCCOCCOCCOCCOCCOCCOCCOCCOCCOCCOCCOCCOCCO,164.2,5.7,,0.13,0.09,,85.1,2.8,,6.5,0.9,,wt/wt,10.0,OTHER_wt_ratio,"synthesis_method: Microfluidic mixing or pipette mixing; device_used: Microfluidic device with staggered herringbone features; total_flow_rate_ml_min: 2.4; flow_rate_ratio: 1:3 (organic:aqueous); aqueous_phase_composition: 10 mM citrate buffer; organic_phase_composition: Ethanol with lipids; mixing_time_sec: ; temperature_condition: Room temperature; post_processing: Dialysis in 1x PBS for 2h, filtration through 0.45 ¥ìm filter; sterilization: 0.45 ¥ìm filtration; storage_buffer: 1x PBS","cell_line: HeLa; animal_model: C57BL/6J female mice; administration_route: intravenous (IV); dose: 1.0 mg/kg total nucleic acid; biodistribution_result: Measured by deep sequencing in heart, liver, spleen, lungs, kidneys; toxicity_profile: Cell viability >85%",,,,https://doi.org/10.1038/s41467-024-45422-9,"High-throughput barcoding of nanoparticles identifies cationic, degradable lipid-like materials for mRNA delivery to the lungs in female preclinical models","['Lulu Xue', 'Alex G. Hamilton', 'Gan Zhao', 'Zebin Xiao', 'Rakan El-Mayta', 'Xuexiang Han', 'Ningqiang Gong', 'Xinhong Xiong', 'Junchao Xu', 'Christian G. Figueroa-Espada', 'Sarah J. Shepherd', 'Alvin J. Mukalel', 'Mohamad-Gabriel Alameh', 'Jiaxi Cui', 'Karin Wang', 'Andrew E. Vaughan', 'Drew Weissman', 'Michael J. Mitchell']",Nature Communications,2024.0,9-A2-6b,DOPE,cholesterol,C14PEG2K
278,Custom lipid,DOPE,cholesterol,C14-PEG2000,35:2.5:46.5:16,mRNA,"firefly_luciferase, barcode(dna barcode 76)",CN(CCCC)NCC1=CC(=C(O)C(=C1)OC(=O)CCCCCCCC)OC(=O)CCCCCCCC,CCCCCCCC/C=C\CCCCCCCC(=O)OC[C@H](COP(=O)(O)OCCN)OC(=O)CCCCCCC/C=C\CCCCCCCC,C[C@H](CCCC(C)C)[C@H]1CC[C@@H]2[C@@]1(CC[C@H]3[C@H]2CC=C4[C@@]3(CC[C@@H](C4)O)C)C,CCCCCCCCCCCCCCOC(=O)CCOCCOCCOCCOCCOCCOCCOCCOCCOCCOCCOCCOCCOCCOCCOCCOCCOCCOCCOCCOCCOCCOCCOCCOCCOCCOCCOCCOCCOCCOCCOCCOCCOCCOCCOCCOCCOCCOCCOCCOCCOCCOCCOCCOCCOCCOCCOCCOCCOCCOCCOCCOCCOCCOCCOCCOCCOCCOCCOCCOCCOCCOCCOCCOCCOCCOCCOCCOCCOCCOCCOCCOCCOCCOCCOCCOCCOCCOCCOCCOCCOCCOCCOCCOCCOCCOCCOCCOCCOCCO,143.6,8.7,,0.09,0.08,,85.3,4.4,,3.3,3.8,,wt/wt,10.0,OTHER_wt_ratio,"synthesis_method: Microfluidic mixing or pipette mixing; device_used: Microfluidic device with staggered herringbone features; total_flow_rate_ml_min: 2.4; flow_rate_ratio: 1:3 (organic:aqueous); aqueous_phase_composition: 10 mM citrate buffer; organic_phase_composition: Ethanol with lipids; mixing_time_sec: ; temperature_condition: Room temperature; post_processing: Dialysis in 1x PBS for 2h, filtration through 0.45 ¥ìm filter; sterilization: 0.45 ¥ìm filtration; storage_buffer: 1x PBS","cell_line: HeLa; animal_model: C57BL/6J female mice; administration_route: intravenous (IV); dose: 1.0 mg/kg total nucleic acid; biodistribution_result: Measured by deep sequencing in heart, liver, spleen, lungs, kidneys; toxicity_profile: Cell viability >85%",,,,https://doi.org/10.1038/s41467-024-45422-9,"High-throughput barcoding of nanoparticles identifies cationic, degradable lipid-like materials for mRNA delivery to the lungs in female preclinical models","['Lulu Xue', 'Alex G. Hamilton', 'Gan Zhao', 'Zebin Xiao', 'Rakan El-Mayta', 'Xuexiang Han', 'Ningqiang Gong', 'Xinhong Xiong', 'Junchao Xu', 'Christian G. Figueroa-Espada', 'Sarah J. Shepherd', 'Alvin J. Mukalel', 'Mohamad-Gabriel Alameh', 'Jiaxi Cui', 'Karin Wang', 'Andrew E. Vaughan', 'Drew Weissman', 'Michael J. Mitchell']",Nature Communications,2024.0,6-A2-7,DOPE,cholesterol,C14PEG2K
279,Custom lipid,DOPE,cholesterol,C14-PEG2000,35:2.5:46.5:16,mRNA,"firefly_luciferase, barcode(dna barcode 77)",CCCCCCCC(CCNCC1=CC(=C(O)C(=C1)OC(=O)CC(CC)CCCC)OC(=O)CC(CC)CCCC)CC,CCCCCCCC/C=C\CCCCCCCC(=O)OC[C@H](COP(=O)(O)OCCN)OC(=O)CCCCCCC/C=C\CCCCCCCC,C[C@H](CCCC(C)C)[C@H]1CC[C@@H]2[C@@]1(CC[C@H]3[C@H]2CC=C4[C@@]3(CC[C@@H](C4)O)C)C,CCCCCCCCCCCCCCOC(=O)CCOCCOCCOCCOCCOCCOCCOCCOCCOCCOCCOCCOCCOCCOCCOCCOCCOCCOCCOCCOCCOCCOCCOCCOCCOCCOCCOCCOCCOCCOCCOCCOCCOCCOCCOCCOCCOCCOCCOCCOCCOCCOCCOCCOCCOCCOCCOCCOCCOCCOCCOCCOCCOCCOCCOCCOCCOCCOCCOCCOCCOCCOCCOCCOCCOCCOCCOCCOCCOCCOCCOCCOCCOCCOCCOCCOCCOCCOCCOCCOCCOCCOCCOCCOCCOCCOCCOCCOCCOCCO,195.5,9.9,,0.29,0.07,,80.6,2.9,,-9.7,2.2,,wt/wt,10.0,OTHER_wt_ratio,"synthesis_method: Microfluidic mixing or pipette mixing; device_used: Microfluidic device with staggered herringbone features; total_flow_rate_ml_min: 2.4; flow_rate_ratio: 1:3 (organic:aqueous); aqueous_phase_composition: 10 mM citrate buffer; organic_phase_composition: Ethanol with lipids; mixing_time_sec: ; temperature_condition: Room temperature; post_processing: Dialysis in 1x PBS for 2h, filtration through 0.45 ¥ìm filter; sterilization: 0.45 ¥ìm filtration; storage_buffer: 1x PBS","cell_line: HeLa; animal_model: C57BL/6J female mice; administration_route: intravenous (IV); dose: 1.0 mg/kg total nucleic acid; biodistribution_result: Measured by deep sequencing in heart, liver, spleen, lungs, kidneys; toxicity_profile: Cell viability >85%",,,,https://doi.org/10.1038/s41467-024-45422-9,"High-throughput barcoding of nanoparticles identifies cationic, degradable lipid-like materials for mRNA delivery to the lungs in female preclinical models","['Lulu Xue', 'Alex G. Hamilton', 'Gan Zhao', 'Zebin Xiao', 'Rakan El-Mayta', 'Xuexiang Han', 'Ningqiang Gong', 'Xinhong Xiong', 'Junchao Xu', 'Christian G. Figueroa-Espada', 'Sarah J. Shepherd', 'Alvin J. Mukalel', 'Mohamad-Gabriel Alameh', 'Jiaxi Cui', 'Karin Wang', 'Andrew E. Vaughan', 'Drew Weissman', 'Michael J. Mitchell']",Nature Communications,2024.0,8-A2-7b,DOPE,cholesterol,C14PEG2K
280,Custom lipid,DOPE,cholesterol,C14-PEG2000,35:2.5:46.5:16,mRNA,"firefly_luciferase, barcode(dna barcode 78)",CCCCCCCC(CCNCC1=CC(=C(O)C(=C1)OC(=O)CC(CC)CCCC)OC(=O)CC(CC)CCCC)CC,CCCCCCCC/C=C\CCCCCCCC(=O)OC[C@H](COP(=O)(O)OCCN)OC(=O)CCCCCCC/C=C\CCCCCCCC,C[C@H](CCCC(C)C)[C@H]1CC[C@@H]2[C@@]1(CC[C@H]3[C@H]2CC=C4[C@@]3(CC[C@@H](C4)O)C)C,CCCCCCCCCCCCCCOC(=O)CCOCCOCCOCCOCCOCCOCCOCCOCCOCCOCCOCCOCCOCCOCCOCCOCCOCCOCCOCCOCCOCCOCCOCCOCCOCCOCCOCCOCCOCCOCCOCCOCCOCCOCCOCCOCCOCCOCCOCCOCCOCCOCCOCCOCCOCCOCCOCCOCCOCCOCCOCCOCCOCCOCCOCCOCCOCCOCCOCCOCCOCCOCCOCCOCCOCCOCCOCCOCCOCCOCCOCCOCCOCCOCCOCCOCCOCCOCCOCCOCCOCCOCCOCCOCCOCCOCCOCCOCCOCCO,179.2,7.4,,0.25,0.09,,80.6,3.1,,5.8,1.3,,wt/wt,10.0,OTHER_wt_ratio,"synthesis_method: Microfluidic mixing or pipette mixing; device_used: Microfluidic device with staggered herringbone features; total_flow_rate_ml_min: 2.4; flow_rate_ratio: 1:3 (organic:aqueous); aqueous_phase_composition: 10 mM citrate buffer; organic_phase_composition: Ethanol with lipids; mixing_time_sec: ; temperature_condition: Room temperature; post_processing: Dialysis in 1x PBS for 2h, filtration through 0.45 ¥ìm filter; sterilization: 0.45 ¥ìm filtration; storage_buffer: 1x PBS","cell_line: HeLa; animal_model: C57BL/6J female mice; administration_route: intravenous (IV); dose: 1.0 mg/kg total nucleic acid; biodistribution_result: Measured by deep sequencing in heart, liver, spleen, lungs, kidneys; toxicity_profile: Cell viability >85%",,,,https://doi.org/10.1038/s41467-024-45422-9,"High-throughput barcoding of nanoparticles identifies cationic, degradable lipid-like materials for mRNA delivery to the lungs in female preclinical models","['Lulu Xue', 'Alex G. Hamilton', 'Gan Zhao', 'Zebin Xiao', 'Rakan El-Mayta', 'Xuexiang Han', 'Ningqiang Gong', 'Xinhong Xiong', 'Junchao Xu', 'Christian G. Figueroa-Espada', 'Sarah J. Shepherd', 'Alvin J. Mukalel', 'Mohamad-Gabriel Alameh', 'Jiaxi Cui', 'Karin Wang', 'Andrew E. Vaughan', 'Drew Weissman', 'Michael J. Mitchell']",Nature Communications,2024.0,8-A2-7b2,DOPE,cholesterol,C14PEG2K
281,Custom lipid,DOPE,cholesterol,C14-PEG2000,35:2.5:46.5:16,mRNA,"firefly_luciferase, barcode(dna barcode 79)",CN(C)CCNCC1=CC(=C(O)C(=C1)OC(=O)CC(CC)CCCCC)OC(=O)CC(CC)CCCCC,CCCCCCCC/C=C\CCCCCCCC(=O)OC[C@H](COP(=O)(O)OCCN)OC(=O)CCCCCCC/C=C\CCCCCCCC,C[C@H](CCCC(C)C)[C@H]1CC[C@@H]2[C@@]1(CC[C@H]3[C@H]2CC=C4[C@@]3(CC[C@@H](C4)O)C)C,CCCCCCCCCCCCCCOC(=O)CCOCCOCCOCCOCCOCCOCCOCCOCCOCCOCCOCCOCCOCCOCCOCCOCCOCCOCCOCCOCCOCCOCCOCCOCCOCCOCCOCCOCCOCCOCCOCCOCCOCCOCCOCCOCCOCCOCCOCCOCCOCCOCCOCCOCCOCCOCCOCCOCCOCCOCCOCCOCCOCCOCCOCCOCCOCCOCCOCCOCCOCCOCCOCCOCCOCCOCCOCCOCCOCCOCCOCCOCCOCCOCCOCCOCCOCCOCCOCCOCCOCCOCCOCCOCCOCCOCCOCCOCCOCCO,181.7,4.9,,0.24,0.05,,83.1,3.0,,1.4,0.6,,wt/wt,10.0,OTHER_wt_ratio,"synthesis_method: Microfluidic mixing or pipette mixing; device_used: Microfluidic device with staggered herringbone features; total_flow_rate_ml_min: 2.4; flow_rate_ratio: 1:3 (organic:aqueous); aqueous_phase_composition: 10 mM citrate buffer; organic_phase_composition: Ethanol with lipids; mixing_time_sec: ; temperature_condition: Room temperature; post_processing: Dialysis in 1x PBS for 2h, filtration through 0.45 ¥ìm filter; sterilization: 0.45 ¥ìm filtration; storage_buffer: 1x PBS","cell_line: HeLa; animal_model: C57BL/6J female mice; administration_route: intravenous (IV); dose: 1.0 mg/kg total nucleic acid; biodistribution_result: Measured by deep sequencing in heart, liver, spleen, lungs, kidneys; toxicity_profile: Cell viability >85%",,,,https://doi.org/10.1038/s41467-024-45422-9,"High-throughput barcoding of nanoparticles identifies cationic, degradable lipid-like materials for mRNA delivery to the lungs in female preclinical models","['Lulu Xue', 'Alex G. Hamilton', 'Gan Zhao', 'Zebin Xiao', 'Rakan El-Mayta', 'Xuexiang Han', 'Ningqiang Gong', 'Xinhong Xiong', 'Junchao Xu', 'Christian G. Figueroa-Espada', 'Sarah J. Shepherd', 'Alvin J. Mukalel', 'Mohamad-Gabriel Alameh', 'Jiaxi Cui', 'Karin Wang', 'Andrew E. Vaughan', 'Drew Weissman', 'Michael J. Mitchell']",Nature Communications,2024.0,5-A2-8b,DOPE,cholesterol,C14PEG2K
282,Custom lipid,DOPE,cholesterol,C14-PEG2000,35:2.5:46.5:16,mRNA,"firefly_luciferase, barcode(dna barcode 80)",CN(CCCC)NCC1=CC(=C(O)C(=C1)OC(=O)CC(CC)CCCCC)OC(=O)CC(CC)CCCCC,CCCCCCCC/C=C\CCCCCCCC(=O)OC[C@H](COP(=O)(O)OCCN)OC(=O)CCCCCCC/C=C\CCCCCCCC,C[C@H](CCCC(C)C)[C@H]1CC[C@@H]2[C@@]1(CC[C@H]3[C@H]2CC=C4[C@@]3(CC[C@@H](C4)O)C)C,CCCCCCCCCCCCCCOC(=O)CCOCCOCCOCCOCCOCCOCCOCCOCCOCCOCCOCCOCCOCCOCCOCCOCCOCCOCCOCCOCCOCCOCCOCCOCCOCCOCCOCCOCCOCCOCCOCCOCCOCCOCCOCCOCCOCCOCCOCCOCCOCCOCCOCCOCCOCCOCCOCCOCCOCCOCCOCCOCCOCCOCCOCCOCCOCCOCCOCCOCCOCCOCCOCCOCCOCCOCCOCCOCCOCCOCCOCCOCCOCCOCCOCCOCCOCCOCCOCCOCCOCCOCCOCCOCCOCCOCCOCCOCCOCCO,141.6,11.1,,0.21,0.04,,82.4,3.3,,3.9,2.1,,wt/wt,10.0,OTHER_wt_ratio,"synthesis_method: Microfluidic mixing or pipette mixing; device_used: Microfluidic device with staggered herringbone features; total_flow_rate_ml_min: 2.4; flow_rate_ratio: 1:3 (organic:aqueous); aqueous_phase_composition: 10 mM citrate buffer; organic_phase_composition: Ethanol with lipids; mixing_time_sec: ; temperature_condition: Room temperature; post_processing: Dialysis in 1x PBS for 2h, filtration through 0.45 ¥ìm filter; sterilization: 0.45 ¥ìm filtration; storage_buffer: 1x PBS","cell_line: HeLa; animal_model: C57BL/6J female mice; administration_route: intravenous (IV); dose: 1.0 mg/kg total nucleic acid; biodistribution_result: Measured by deep sequencing in heart, liver, spleen, lungs, kidneys; toxicity_profile: Cell viability >85%",,,,https://doi.org/10.1038/s41467-024-45422-9,"High-throughput barcoding of nanoparticles identifies cationic, degradable lipid-like materials for mRNA delivery to the lungs in female preclinical models","['Lulu Xue', 'Alex G. Hamilton', 'Gan Zhao', 'Zebin Xiao', 'Rakan El-Mayta', 'Xuexiang Han', 'Ningqiang Gong', 'Xinhong Xiong', 'Junchao Xu', 'Christian G. Figueroa-Espada', 'Sarah J. Shepherd', 'Alvin J. Mukalel', 'Mohamad-Gabriel Alameh', 'Jiaxi Cui', 'Karin Wang', 'Andrew E. Vaughan', 'Drew Weissman', 'Michael J. Mitchell']",Nature Communications,2024.0,6-A2-8b,DOPE,cholesterol,C14PEG2K
283,Custom lipid,DOPE,cholesterol,C14-PEG2000,35:2.5:46.5:16,mRNA,"firefly_luciferase, barcode(dna barcode 81)",CCCCCN(CCC)NCC1=CC(=C(O)C(=C1)OC(=O)CC(CC)CCCCC)OC(=O)CC(CC)CCCCC,CCCCCCCC/C=C\CCCCCCCC(=O)OC[C@H](COP(=O)(O)OCCN)OC(=O)CCCCCCC/C=C\CCCCCCCC,C[C@H](CCCC(C)C)[C@H]1CC[C@@H]2[C@@]1(CC[C@H]3[C@H]2CC=C4[C@@]3(CC[C@@H](C4)O)C)C,CCCCCCCCCCCCCCOC(=O)CCOCCOCCOCCOCCOCCOCCOCCOCCOCCOCCOCCOCCOCCOCCOCCOCCOCCOCCOCCOCCOCCOCCOCCOCCOCCOCCOCCOCCOCCOCCOCCOCCOCCOCCOCCOCCOCCOCCOCCOCCOCCOCCOCCOCCOCCOCCOCCOCCOCCOCCOCCOCCOCCOCCOCCOCCOCCOCCOCCOCCOCCOCCOCCOCCOCCOCCOCCOCCOCCOCCOCCOCCOCCOCCOCCOCCOCCOCCOCCOCCOCCOCCOCCOCCOCCOCCOCCOCCOCCO,171.4,4.5,,0.16,0.04,,78.5,4.5,,6.7,2.0,,wt/wt,10.0,OTHER_wt_ratio,"synthesis_method: Microfluidic mixing or pipette mixing; device_used: Microfluidic device with staggered herringbone features; total_flow_rate_ml_min: 2.4; flow_rate_ratio: 1:3 (organic:aqueous); aqueous_phase_composition: 10 mM citrate buffer; organic_phase_composition: Ethanol with lipids; mixing_time_sec: ; temperature_condition: Room temperature; post_processing: Dialysis in 1x PBS for 2h, filtration through 0.45 ¥ìm filter; sterilization: 0.45 ¥ìm filtration; storage_buffer: 1x PBS","cell_line: HeLa; animal_model: C57BL/6J female mice; administration_route: intravenous (IV); dose: 1.0 mg/kg total nucleic acid; biodistribution_result: Measured by deep sequencing in heart, liver, spleen, lungs, kidneys; toxicity_profile: Cell viability >85%",,,,https://doi.org/10.1038/s41467-024-45422-9,"High-throughput barcoding of nanoparticles identifies cationic, degradable lipid-like materials for mRNA delivery to the lungs in female preclinical models","['Lulu Xue', 'Alex G. Hamilton', 'Gan Zhao', 'Zebin Xiao', 'Rakan El-Mayta', 'Xuexiang Han', 'Ningqiang Gong', 'Xinhong Xiong', 'Junchao Xu', 'Christian G. Figueroa-Espada', 'Sarah J. Shepherd', 'Alvin J. Mukalel', 'Mohamad-Gabriel Alameh', 'Jiaxi Cui', 'Karin Wang', 'Andrew E. Vaughan', 'Drew Weissman', 'Michael J. Mitchell']",Nature Communications,2024.0,7-A2-8b,DOPE,cholesterol,C14PEG2K
284,Custom lipid,DOPE,cholesterol,C14-PEG2000,35:2.5:46.5:16,mRNA,"firefly_luciferase, barcode(dna barcode 82)",CCCCCCCC(CCNCC1=CC(=C(O)C(=C1)OC(=O)CC(CC)CCCCC)OC(=O)CC(CC)CCCCC)CC,CCCCCCCC/C=C\CCCCCCCC(=O)OC[C@H](COP(=O)(O)OCCN)OC(=O)CCCCCCC/C=C\CCCCCCCC,C[C@H](CCCC(C)C)[C@H]1CC[C@@H]2[C@@]1(CC[C@H]3[C@H]2CC=C4[C@@]3(CC[C@@H](C4)O)C)C,CCCCCCCCCCCCCCOC(=O)CCOCCOCCOCCOCCOCCOCCOCCOCCOCCOCCOCCOCCOCCOCCOCCOCCOCCOCCOCCOCCOCCOCCOCCOCCOCCOCCOCCOCCOCCOCCOCCOCCOCCOCCOCCOCCOCCOCCOCCOCCOCCOCCOCCOCCOCCOCCOCCOCCOCCOCCOCCOCCOCCOCCOCCOCCOCCOCCOCCOCCOCCOCCOCCOCCOCCOCCOCCOCCOCCOCCOCCOCCOCCOCCOCCOCCOCCOCCOCCOCCOCCOCCOCCOCCOCCOCCOCCOCCOCCO,155.0,6.5,,0.15,0.05,,79.7,3.5,,1.5,0.7,,wt/wt,10.0,OTHER_wt_ratio,"synthesis_method: Microfluidic mixing or pipette mixing; device_used: Microfluidic device with staggered herringbone features; total_flow_rate_ml_min: 2.4; flow_rate_ratio: 1:3 (organic:aqueous); aqueous_phase_composition: 10 mM citrate buffer; organic_phase_composition: Ethanol with lipids; mixing_time_sec: ; temperature_condition: Room temperature; post_processing: Dialysis in 1x PBS for 2h, filtration through 0.45 ¥ìm filter; sterilization: 0.45 ¥ìm filtration; storage_buffer: 1x PBS","cell_line: HeLa; animal_model: C57BL/6J female mice; administration_route: intravenous (IV); dose: 1.0 mg/kg total nucleic acid; biodistribution_result: Measured by deep sequencing in heart, liver, spleen, lungs, kidneys; toxicity_profile: Cell viability >85%",,,,https://doi.org/10.1038/s41467-024-45422-9,"High-throughput barcoding of nanoparticles identifies cationic, degradable lipid-like materials for mRNA delivery to the lungs in female preclinical models","['Lulu Xue', 'Alex G. Hamilton', 'Gan Zhao', 'Zebin Xiao', 'Rakan El-Mayta', 'Xuexiang Han', 'Ningqiang Gong', 'Xinhong Xiong', 'Junchao Xu', 'Christian G. Figueroa-Espada', 'Sarah J. Shepherd', 'Alvin J. Mukalel', 'Mohamad-Gabriel Alameh', 'Jiaxi Cui', 'Karin Wang', 'Andrew E. Vaughan', 'Drew Weissman', 'Michael J. Mitchell']",Nature Communications,2024.0,8-A2-8b,DOPE,cholesterol,C14PEG2K
285,Custom lipid,DOPE,cholesterol,C14-PEG2000,35:2.5:46.5:16,mRNA,"firefly_luciferase, barcode(dna barcode 83)",CCCCCCCC(CCCN)NCC1=CC(=C(O)C(=C1)OC(=O)CC(CC)CCCCC)OC(=O)CC(CC)CCCCC,CCCCCCCC/C=C\CCCCCCCC(=O)OC[C@H](COP(=O)(O)OCCN)OC(=O)CCCCCCC/C=C\CCCCCCCC,C[C@H](CCCC(C)C)[C@H]1CC[C@@H]2[C@@]1(CC[C@H]3[C@H]2CC=C4[C@@]3(CC[C@@H](C4)O)C)C,CCCCCCCCCCCCCCOC(=O)CCOCCOCCOCCOCCOCCOCCOCCOCCOCCOCCOCCOCCOCCOCCOCCOCCOCCOCCOCCOCCOCCOCCOCCOCCOCCOCCOCCOCCOCCOCCOCCOCCOCCOCCOCCOCCOCCOCCOCCOCCOCCOCCOCCOCCOCCOCCOCCOCCOCCOCCOCCOCCOCCOCCOCCOCCOCCOCCOCCOCCOCCOCCOCCOCCOCCOCCOCCOCCOCCOCCOCCOCCOCCOCCOCCOCCOCCOCCOCCOCCOCCOCCOCCOCCOCCOCCOCCOCCOCCO,156.3,5.1,,0.26,0.11,,82.4,3.3,,6.3,0.9,,wt/wt,10.0,OTHER_wt_ratio,"synthesis_method: Microfluidic mixing or pipette mixing; device_used: Microfluidic device with staggered herringbone features; total_flow_rate_ml_min: 2.4; flow_rate_ratio: 1:3 (organic:aqueous); aqueous_phase_composition: 10 mM citrate buffer; organic_phase_composition: Ethanol with lipids; mixing_time_sec: ; temperature_condition: Room temperature; post_processing: Dialysis in 1x PBS for 2h, filtration through 0.45 ¥ìm filter; sterilization: 0.45 ¥ìm filtration; storage_buffer: 1x PBS","cell_line: HeLa; animal_model: C57BL/6J female mice; administration_route: intravenous (IV); dose: 1.0 mg/kg total nucleic acid; biodistribution_result: Measured by deep sequencing in heart, liver, spleen, lungs, kidneys; toxicity_profile: Cell viability >85%",,,,https://doi.org/10.1038/s41467-024-45422-9,"High-throughput barcoding of nanoparticles identifies cationic, degradable lipid-like materials for mRNA delivery to the lungs in female preclinical models","['Lulu Xue', 'Alex G. Hamilton', 'Gan Zhao', 'Zebin Xiao', 'Rakan El-Mayta', 'Xuexiang Han', 'Ningqiang Gong', 'Xinhong Xiong', 'Junchao Xu', 'Christian G. Figueroa-Espada', 'Sarah J. Shepherd', 'Alvin J. Mukalel', 'Mohamad-Gabriel Alameh', 'Jiaxi Cui', 'Karin Wang', 'Andrew E. Vaughan', 'Drew Weissman', 'Michael J. Mitchell']",Nature Communications,2024.0,9-A2-8b,DOPE,cholesterol,C14PEG2K
286,Custom lipid,DOPE,cholesterol,C14-PEG2000,35:2.5:46.5:16,mRNA,"firefly_luciferase, barcode(dna barcode 84)",NCCCCCCCCCCNCC1=CC(=C(O)C(=C1)OC(=O)CC(CC)CCCCC)OC(=O)CC(CC)CCCCC,CCCCCCCC/C=C\CCCCCCCC(=O)OC[C@H](COP(=O)(O)OCCN)OC(=O)CCCCCCC/C=C\CCCCCCCC,C[C@H](CCCC(C)C)[C@H]1CC[C@@H]2[C@@]1(CC[C@H]3[C@H]2CC=C4[C@@]3(CC[C@@H](C4)O)C)C,CCCCCCCCCCCCCCOC(=O)CCOCCOCCOCCOCCOCCOCCOCCOCCOCCOCCOCCOCCOCCOCCOCCOCCOCCOCCOCCOCCOCCOCCOCCOCCOCCOCCOCCOCCOCCOCCOCCOCCOCCOCCOCCOCCOCCOCCOCCOCCOCCOCCOCCOCCOCCOCCOCCOCCOCCOCCOCCOCCOCCOCCOCCOCCOCCOCCOCCOCCOCCOCCOCCOCCOCCOCCOCCOCCOCCOCCOCCOCCOCCOCCOCCOCCOCCOCCOCCOCCOCCOCCOCCOCCOCCOCCOCCOCCOCCO,190.5,4.3,,0.3,0.12,,83.4,3.1,,4.3,3.7,,wt/wt,10.0,OTHER_wt_ratio,"synthesis_method: Microfluidic mixing or pipette mixing; device_used: Microfluidic device with staggered herringbone features; total_flow_rate_ml_min: 2.4; flow_rate_ratio: 1:3 (organic:aqueous); aqueous_phase_composition: 10 mM citrate buffer; organic_phase_composition: Ethanol with lipids; mixing_time_sec: ; temperature_condition: Room temperature; post_processing: Dialysis in 1x PBS for 2h, filtration through 0.45 ¥ìm filter; sterilization: 0.45 ¥ìm filtration; storage_buffer: 1x PBS","cell_line: HeLa; animal_model: C57BL/6J female mice; administration_route: intravenous (IV); dose: 1.0 mg/kg total nucleic acid; biodistribution_result: Measured by deep sequencing in heart, liver, spleen, lungs, kidneys; toxicity_profile: Cell viability >85%",,,,https://doi.org/10.1038/s41467-024-45422-9,"High-throughput barcoding of nanoparticles identifies cationic, degradable lipid-like materials for mRNA delivery to the lungs in female preclinical models","['Lulu Xue', 'Alex G. Hamilton', 'Gan Zhao', 'Zebin Xiao', 'Rakan El-Mayta', 'Xuexiang Han', 'Ningqiang Gong', 'Xinhong Xiong', 'Junchao Xu', 'Christian G. Figueroa-Espada', 'Sarah J. Shepherd', 'Alvin J. Mukalel', 'Mohamad-Gabriel Alameh', 'Jiaxi Cui', 'Karin Wang', 'Andrew E. Vaughan', 'Drew Weissman', 'Michael J. Mitchell']",Nature Communications,2024.0,10-A2-8b,DOPE,cholesterol,C14PEG2K
287,Custom lipid,DOPE,cholesterol,C14-PEG2000,35:2.5:46.5:16,mRNA,"firefly_luciferase, barcode(dna barcode 85)",,CCCCCCCC/C=C\CCCCCCCC(=O)OC[C@H](COP(=O)(O)OCCN)OC(=O)CCCCCCC/C=C\CCCCCCCC,C[C@H](CCCC(C)C)[C@H]1CC[C@@H]2[C@@]1(CC[C@H]3[C@H]2CC=C4[C@@]3(CC[C@@H](C4)O)C)C,CCCCCCCCCCCCCCOC(=O)CCOCCOCCOCCOCCOCCOCCOCCOCCOCCOCCOCCOCCOCCOCCOCCOCCOCCOCCOCCOCCOCCOCCOCCOCCOCCOCCOCCOCCOCCOCCOCCOCCOCCOCCOCCOCCOCCOCCOCCOCCOCCOCCOCCOCCOCCOCCOCCOCCOCCOCCOCCOCCOCCOCCOCCOCCOCCOCCOCCOCCOCCOCCOCCOCCOCCOCCOCCOCCOCCOCCOCCOCCOCCOCCOCCOCCOCCOCCOCCOCCOCCOCCOCCOCCOCCOCCOCCOCCOCCO,191.3,3.4,,0.16,0.1,,84.4,3.6,,4.8,2.2,,wt/wt,10.0,OTHER_wt_ratio,"synthesis_method: Microfluidic mixing or pipette mixing; device_used: Microfluidic device with staggered herringbone features; total_flow_rate_ml_min: 2.4; flow_rate_ratio: 1:3 (organic:aqueous); aqueous_phase_composition: 10 mM citrate buffer; organic_phase_composition: Ethanol with lipids; mixing_time_sec: ; temperature_condition: Room temperature; post_processing: Dialysis in 1x PBS for 2h, filtration through 0.45 ¥ìm filter; sterilization: 0.45 ¥ìm filtration; storage_buffer: 1x PBS","cell_line: HeLa; animal_model: C57BL/6J female mice; administration_route: intravenous (IV); dose: 1.0 mg/kg total nucleic acid; biodistribution_result: Measured by deep sequencing in heart, liver, spleen, lungs, kidneys; toxicity_profile: Cell viability >85%",,,,https://doi.org/10.1038/s41467-024-45422-9,"High-throughput barcoding of nanoparticles identifies cationic, degradable lipid-like materials for mRNA delivery to the lungs in female preclinical models","['Lulu Xue', 'Alex G. Hamilton', 'Gan Zhao', 'Zebin Xiao', 'Rakan El-Mayta', 'Xuexiang Han', 'Ningqiang Gong', 'Xinhong Xiong', 'Junchao Xu', 'Christian G. Figueroa-Espada', 'Sarah J. Shepherd', 'Alvin J. Mukalel', 'Mohamad-Gabriel Alameh', 'Jiaxi Cui', 'Karin Wang', 'Andrew E. Vaughan', 'Drew Weissman', 'Michael J. Mitchell']",Nature Communications,2024.0,9-A2-9,DOPE,cholesterol,C14PEG2K
288,Custom lipid,DOPE,cholesterol,C14-PEG2000,35:2.5:46.5:16,mRNA,"firefly_luciferase, barcode(dna barcode 86)",CN(CCCC)NCC1=CC(=C(OC(=O)CC(CC)CCC)C(=C1)OC(=O)CC(CC)CCC)OC(=O)CC(CC)CCC,CCCCCCCC/C=C\CCCCCCCC(=O)OC[C@H](COP(=O)(O)OCCN)OC(=O)CCCCCCC/C=C\CCCCCCCC,C[C@H](CCCC(C)C)[C@H]1CC[C@@H]2[C@@]1(CC[C@H]3[C@H]2CC=C4[C@@]3(CC[C@@H](C4)O)C)C,CCCCCCCCCCCCCCOC(=O)CCOCCOCCOCCOCCOCCOCCOCCOCCOCCOCCOCCOCCOCCOCCOCCOCCOCCOCCOCCOCCOCCOCCOCCOCCOCCOCCOCCOCCOCCOCCOCCOCCOCCOCCOCCOCCOCCOCCOCCOCCOCCOCCOCCOCCOCCOCCOCCOCCOCCOCCOCCOCCOCCOCCOCCOCCOCCOCCOCCOCCOCCOCCOCCOCCOCCOCCOCCOCCOCCOCCOCCOCCOCCOCCOCCOCCOCCOCCOCCOCCOCCOCCOCCOCCOCCOCCOCCOCCOCCO,190.4,4.1,,0.23,0.08,,84.2,2.9,,-1.8,0.8,,wt/wt,10.0,OTHER_wt_ratio,"synthesis_method: Microfluidic mixing or pipette mixing; device_used: Microfluidic device with staggered herringbone features; total_flow_rate_ml_min: 2.4; flow_rate_ratio: 1:3 (organic:aqueous); aqueous_phase_composition: 10 mM citrate buffer; organic_phase_composition: Ethanol with lipids; mixing_time_sec: ; temperature_condition: Room temperature; post_processing: Dialysis in 1x PBS for 2h, filtration through 0.45 ¥ìm filter; sterilization: 0.45 ¥ìm filtration; storage_buffer: 1x PBS","cell_line: HeLa; animal_model: C57BL/6J female mice; administration_route: intravenous (IV); dose: 1.0 mg/kg total nucleic acid; biodistribution_result: Measured by deep sequencing in heart, liver, spleen, lungs, kidneys; toxicity_profile: Cell viability >85%",,,,https://doi.org/10.1038/s41467-024-45422-9,"High-throughput barcoding of nanoparticles identifies cationic, degradable lipid-like materials for mRNA delivery to the lungs in female preclinical models","['Lulu Xue', 'Alex G. Hamilton', 'Gan Zhao', 'Zebin Xiao', 'Rakan El-Mayta', 'Xuexiang Han', 'Ningqiang Gong', 'Xinhong Xiong', 'Junchao Xu', 'Christian G. Figueroa-Espada', 'Sarah J. Shepherd', 'Alvin J. Mukalel', 'Mohamad-Gabriel Alameh', 'Jiaxi Cui', 'Karin Wang', 'Andrew E. Vaughan', 'Drew Weissman', 'Michael J. Mitchell']",Nature Communications,2024.0,6-A3-6b,DOPE,cholesterol,C14PEG2K
289,Custom lipid,DOPE,cholesterol,C14-PEG2000,35:2.5:46.5:16,mRNA,"firefly_luciferase, barcode(dna barcode 87)",NCCCCCCCCCCNCC1=CC(=C(OC(=O)CC(CC)CCC)C(=C1)OC(=O)CC(CC)CCC)OC(=O)CC(CC)CCC,CCCCCCCC/C=C\CCCCCCCC(=O)OC[C@H](COP(=O)(O)OCCN)OC(=O)CCCCCCC/C=C\CCCCCCCC,C[C@H](CCCC(C)C)[C@H]1CC[C@@H]2[C@@]1(CC[C@H]3[C@H]2CC=C4[C@@]3(CC[C@@H](C4)O)C)C,CCCCCCCCCCCCCCOC(=O)CCOCCOCCOCCOCCOCCOCCOCCOCCOCCOCCOCCOCCOCCOCCOCCOCCOCCOCCOCCOCCOCCOCCOCCOCCOCCOCCOCCOCCOCCOCCOCCOCCOCCOCCOCCOCCOCCOCCOCCOCCOCCOCCOCCOCCOCCOCCOCCOCCOCCOCCOCCOCCOCCOCCOCCOCCOCCOCCOCCOCCOCCOCCOCCOCCOCCOCCOCCOCCOCCOCCOCCOCCOCCOCCOCCOCCOCCOCCOCCOCCOCCOCCOCCOCCOCCOCCOCCOCCOCCO,204.3,5.3,,0.16,0.07,,81.8,4.7,,-6.4,0.6,,wt/wt,10.0,OTHER_wt_ratio,"synthesis_method: Microfluidic mixing or pipette mixing; device_used: Microfluidic device with staggered herringbone features; total_flow_rate_ml_min: 2.4; flow_rate_ratio: 1:3 (organic:aqueous); aqueous_phase_composition: 10 mM citrate buffer; organic_phase_composition: Ethanol with lipids; mixing_time_sec: ; temperature_condition: Room temperature; post_processing: Dialysis in 1x PBS for 2h, filtration through 0.45 ¥ìm filter; sterilization: 0.45 ¥ìm filtration; storage_buffer: 1x PBS","cell_line: HeLa; animal_model: C57BL/6J female mice; administration_route: intravenous (IV); dose: 1.0 mg/kg total nucleic acid; biodistribution_result: Measured by deep sequencing in heart, liver, spleen, lungs, kidneys; toxicity_profile: Cell viability >85%",,,,https://doi.org/10.1038/s41467-024-45422-9,"High-throughput barcoding of nanoparticles identifies cationic, degradable lipid-like materials for mRNA delivery to the lungs in female preclinical models","['Lulu Xue', 'Alex G. Hamilton', 'Gan Zhao', 'Zebin Xiao', 'Rakan El-Mayta', 'Xuexiang Han', 'Ningqiang Gong', 'Xinhong Xiong', 'Junchao Xu', 'Christian G. Figueroa-Espada', 'Sarah J. Shepherd', 'Alvin J. Mukalel', 'Mohamad-Gabriel Alameh', 'Jiaxi Cui', 'Karin Wang', 'Andrew E. Vaughan', 'Drew Weissman', 'Michael J. Mitchell']",Nature Communications,2024.0,10-A3-6b,DOPE,cholesterol,C14PEG2K
290,Custom lipid,DOPE,cholesterol,C14-PEG2000,35:2.5:46.5:16,mRNA,"firefly_luciferase, barcode(dna barcode 88)",CCCCCN(CCC)NCC1=CC(=C(OC(=O)CC(CC)CCCC)C(=C1)OC(=O)CC(CC)CCCC)OC(=O)CC(CC)CCCC,CCCCCCCC/C=C\CCCCCCCC(=O)OC[C@H](COP(=O)(O)OCCN)OC(=O)CCCCCCC/C=C\CCCCCCCC,C[C@H](CCCC(C)C)[C@H]1CC[C@@H]2[C@@]1(CC[C@H]3[C@H]2CC=C4[C@@]3(CC[C@@H](C4)O)C)C,CCCCCCCCCCCCCCOC(=O)CCOCCOCCOCCOCCOCCOCCOCCOCCOCCOCCOCCOCCOCCOCCOCCOCCOCCOCCOCCOCCOCCOCCOCCOCCOCCOCCOCCOCCOCCOCCOCCOCCOCCOCCOCCOCCOCCOCCOCCOCCOCCOCCOCCOCCOCCOCCOCCOCCOCCOCCOCCOCCOCCOCCOCCOCCOCCOCCOCCOCCOCCOCCOCCOCCOCCOCCOCCOCCOCCOCCOCCOCCOCCOCCOCCOCCOCCOCCOCCOCCOCCOCCOCCOCCOCCOCCOCCOCCOCCO,169.6,4.5,,0.19,0.12,,86.8,1.9,,12.8,0.7,,wt/wt,10.0,OTHER_wt_ratio,"synthesis_method: Microfluidic mixing or pipette mixing; device_used: Microfluidic device with staggered herringbone features; total_flow_rate_ml_min: 2.4; flow_rate_ratio: 1:3 (organic:aqueous); aqueous_phase_composition: 10 mM citrate buffer; organic_phase_composition: Ethanol with lipids; mixing_time_sec: ; temperature_condition: Room temperature; post_processing: Dialysis in 1x PBS for 2h, filtration through 0.45 ¥ìm filter; sterilization: 0.45 ¥ìm filtration; storage_buffer: 1x PBS","cell_line: HeLa; animal_model: C57BL/6J female mice; administration_route: intravenous (IV); dose: 1.0 mg/kg total nucleic acid; biodistribution_result: Measured by deep sequencing in heart, liver, spleen, lungs, kidneys; toxicity_profile: Cell viability >85%",,,,https://doi.org/10.1038/s41467-024-45422-9,"High-throughput barcoding of nanoparticles identifies cationic, degradable lipid-like materials for mRNA delivery to the lungs in female preclinical models","['Lulu Xue', 'Alex G. Hamilton', 'Gan Zhao', 'Zebin Xiao', 'Rakan El-Mayta', 'Xuexiang Han', 'Ningqiang Gong', 'Xinhong Xiong', 'Junchao Xu', 'Christian G. Figueroa-Espada', 'Sarah J. Shepherd', 'Alvin J. Mukalel', 'Mohamad-Gabriel Alameh', 'Jiaxi Cui', 'Karin Wang', 'Andrew E. Vaughan', 'Drew Weissman', 'Michael J. Mitchell']",Nature Communications,2024.0,7-A3-7b,DOPE,cholesterol,C14PEG2K
291,Custom lipid,DOPE,cholesterol,C14-PEG2000,35:2.5:46.5:16,mRNA,"firefly_luciferase, barcode(dna barcode 89)",CCCCCCCC(CCCN)NCC1=CC(=C(OC(=O)CC(CC)CCCC)C(=C1)OC(=O)CC(CC)CCCC)OC(=O)CC(CC)CCCC,CCCCCCCC/C=C\CCCCCCCC(=O)OC[C@H](COP(=O)(O)OCCN)OC(=O)CCCCCCC/C=C\CCCCCCCC,C[C@H](CCCC(C)C)[C@H]1CC[C@@H]2[C@@]1(CC[C@H]3[C@H]2CC=C4[C@@]3(CC[C@@H](C4)O)C)C,CCCCCCCCCCCCCCOC(=O)CCOCCOCCOCCOCCOCCOCCOCCOCCOCCOCCOCCOCCOCCOCCOCCOCCOCCOCCOCCOCCOCCOCCOCCOCCOCCOCCOCCOCCOCCOCCOCCOCCOCCOCCOCCOCCOCCOCCOCCOCCOCCOCCOCCOCCOCCOCCOCCOCCOCCOCCOCCOCCOCCOCCOCCOCCOCCOCCOCCOCCOCCOCCOCCOCCOCCOCCOCCOCCOCCOCCOCCOCCOCCOCCOCCOCCOCCOCCOCCOCCOCCOCCOCCOCCOCCOCCOCCOCCOCCO,201.5,4.4,,0.24,0.06,,82.4,3.3,,2.3,0.9,,wt/wt,10.0,OTHER_wt_ratio,"synthesis_method: Microfluidic mixing or pipette mixing; device_used: Microfluidic device with staggered herringbone features; total_flow_rate_ml_min: 2.4; flow_rate_ratio: 1:3 (organic:aqueous); aqueous_phase_composition: 10 mM citrate buffer; organic_phase_composition: Ethanol with lipids; mixing_time_sec: ; temperature_condition: Room temperature; post_processing: Dialysis in 1x PBS for 2h, filtration through 0.45 ¥ìm filter; sterilization: 0.45 ¥ìm filtration; storage_buffer: 1x PBS","cell_line: HeLa; animal_model: C57BL/6J female mice; administration_route: intravenous (IV); dose: 1.0 mg/kg total nucleic acid; biodistribution_result: Measured by deep sequencing in heart, liver, spleen, lungs, kidneys; toxicity_profile: Cell viability >85%",,,,https://doi.org/10.1038/s41467-024-45422-9,"High-throughput barcoding of nanoparticles identifies cationic, degradable lipid-like materials for mRNA delivery to the lungs in female preclinical models","['Lulu Xue', 'Alex G. Hamilton', 'Gan Zhao', 'Zebin Xiao', 'Rakan El-Mayta', 'Xuexiang Han', 'Ningqiang Gong', 'Xinhong Xiong', 'Junchao Xu', 'Christian G. Figueroa-Espada', 'Sarah J. Shepherd', 'Alvin J. Mukalel', 'Mohamad-Gabriel Alameh', 'Jiaxi Cui', 'Karin Wang', 'Andrew E. Vaughan', 'Drew Weissman', 'Michael J. Mitchell']",Nature Communications,2024.0,9-A3-7b,DOPE,cholesterol,C14PEG2K
292,Custom lipid,DOPE,cholesterol,C14-PEG2000,35:2.5:46.5:16,mRNA,"firefly_luciferase, barcode(dna barcode 90)",CN(CCCC)NCC1=CC(=C(OC(=O)CC(CC)CCCC)C(=C1)OC(=O)CC(CC)CCCC)OC(=O)CC(CC)CCCC,CCCCCCCC/C=C\CCCCCCCC(=O)OC[C@H](COP(=O)(O)OCCN)OC(=O)CCCCCCC/C=C\CCCCCCCC,C[C@H](CCCC(C)C)[C@H]1CC[C@@H]2[C@@]1(CC[C@H]3[C@H]2CC=C4[C@@]3(CC[C@@H](C4)O)C)C,CCCCCCCCCCCCCCOC(=O)CCOCCOCCOCCOCCOCCOCCOCCOCCOCCOCCOCCOCCOCCOCCOCCOCCOCCOCCOCCOCCOCCOCCOCCOCCOCCOCCOCCOCCOCCOCCOCCOCCOCCOCCOCCOCCOCCOCCOCCOCCOCCOCCOCCOCCOCCOCCOCCOCCOCCOCCOCCOCCOCCOCCOCCOCCOCCOCCOCCOCCOCCOCCOCCOCCOCCOCCOCCOCCOCCOCCOCCOCCOCCOCCOCCOCCOCCOCCOCCOCCOCCOCCOCCOCCOCCOCCOCCOCCOCCO,162.3,4.1,,0.22,0.06,,83.2,4.1,,-1.7,0.6,,wt/wt,10.0,OTHER_wt_ratio,"synthesis_method: Microfluidic mixing or pipette mixing; device_used: Microfluidic device with staggered herringbone features; total_flow_rate_ml_min: 2.4; flow_rate_ratio: 1:3 (organic:aqueous); aqueous_phase_composition: 10 mM citrate buffer; organic_phase_composition: Ethanol with lipids; mixing_time_sec: ; temperature_condition: Room temperature; post_processing: Dialysis in 1x PBS for 2h, filtration through 0.45 ¥ìm filter; sterilization: 0.45 ¥ìm filtration; storage_buffer: 1x PBS","cell_line: HeLa; animal_model: C57BL/6J female mice; administration_route: intravenous (IV); dose: 1.0 mg/kg total nucleic acid; biodistribution_result: Measured by deep sequencing in heart, liver, spleen, lungs, kidneys; toxicity_profile: Cell viability >85%",,,,https://doi.org/10.1038/s41467-024-45422-9,"High-throughput barcoding of nanoparticles identifies cationic, degradable lipid-like materials for mRNA delivery to the lungs in female preclinical models","['Lulu Xue', 'Alex G. Hamilton', 'Gan Zhao', 'Zebin Xiao', 'Rakan El-Mayta', 'Xuexiang Han', 'Ningqiang Gong', 'Xinhong Xiong', 'Junchao Xu', 'Christian G. Figueroa-Espada', 'Sarah J. Shepherd', 'Alvin J. Mukalel', 'Mohamad-Gabriel Alameh', 'Jiaxi Cui', 'Karin Wang', 'Andrew E. Vaughan', 'Drew Weissman', 'Michael J. Mitchell']",Nature Communications,2024.0,6-A3-7b2,DOPE,cholesterol,C14PEG2K
293,Custom lipid,DOPE,cholesterol,C14-PEG2000,35:2.5:46.5:16,mRNA,"firefly_luciferase, barcode(dna barcode 91)",CCCCCCCC(CCNCC1=CC(=C(OC(=O)CC(CC)CCCC)C(=C1)OC(=O)CC(CC)CCCC)OC(=O)CC(CC)CCCC)CC,CCCCCCCC/C=C\CCCCCCCC(=O)OC[C@H](COP(=O)(O)OCCN)OC(=O)CCCCCCC/C=C\CCCCCCCC,C[C@H](CCCC(C)C)[C@H]1CC[C@@H]2[C@@]1(CC[C@H]3[C@H]2CC=C4[C@@]3(CC[C@@H](C4)O)C)C,CCCCCCCCCCCCCCOC(=O)CCOCCOCCOCCOCCOCCOCCOCCOCCOCCOCCOCCOCCOCCOCCOCCOCCOCCOCCOCCOCCOCCOCCOCCOCCOCCOCCOCCOCCOCCOCCOCCOCCOCCOCCOCCOCCOCCOCCOCCOCCOCCOCCOCCOCCOCCOCCOCCOCCOCCOCCOCCOCCOCCOCCOCCOCCOCCOCCOCCOCCOCCOCCOCCOCCOCCOCCOCCOCCOCCOCCOCCOCCOCCOCCOCCOCCOCCOCCOCCOCCOCCOCCOCCOCCOCCOCCOCCOCCOCCO,143.2,6.9,,0.27,0.11,,75.9,5.4,,1.5,2.6,,wt/wt,10.0,OTHER_wt_ratio,"synthesis_method: Microfluidic mixing or pipette mixing; device_used: Microfluidic device with staggered herringbone features; total_flow_rate_ml_min: 2.4; flow_rate_ratio: 1:3 (organic:aqueous); aqueous_phase_composition: 10 mM citrate buffer; organic_phase_composition: Ethanol with lipids; mixing_time_sec: ; temperature_condition: Room temperature; post_processing: Dialysis in 1x PBS for 2h, filtration through 0.45 ¥ìm filter; sterilization: 0.45 ¥ìm filtration; storage_buffer: 1x PBS","cell_line: HeLa; animal_model: C57BL/6J female mice; administration_route: intravenous (IV); dose: 1.0 mg/kg total nucleic acid; biodistribution_result: Measured by deep sequencing in heart, liver, spleen, lungs, kidneys; toxicity_profile: Cell viability >85%",,,,https://doi.org/10.1038/s41467-024-45422-9,"High-throughput barcoding of nanoparticles identifies cationic, degradable lipid-like materials for mRNA delivery to the lungs in female preclinical models","['Lulu Xue', 'Alex G. Hamilton', 'Gan Zhao', 'Zebin Xiao', 'Rakan El-Mayta', 'Xuexiang Han', 'Ningqiang Gong', 'Xinhong Xiong', 'Junchao Xu', 'Christian G. Figueroa-Espada', 'Sarah J. Shepherd', 'Alvin J. Mukalel', 'Mohamad-Gabriel Alameh', 'Jiaxi Cui', 'Karin Wang', 'Andrew E. Vaughan', 'Drew Weissman', 'Michael J. Mitchell']",Nature Communications,2024.0,8-A3-7b2,DOPE,cholesterol,C14PEG2K
294,Custom lipid,DOPE,cholesterol,C14-PEG2000,35:2.5:46.5:16,mRNA,"firefly_luciferase, barcode(dna barcode 92)",CN(C)CCNCC1=CC(=C(OC(=O)CC(CC)CCCCC)C(=C1)OC(=O)CC(CC)CCCCC)OC(=O)CC(CC)CCCCC,CCCCCCCC/C=C\CCCCCCCC(=O)OC[C@H](COP(=O)(O)OCCN)OC(=O)CCCCCCC/C=C\CCCCCCCC,C[C@H](CCCC(C)C)[C@H]1CC[C@@H]2[C@@]1(CC[C@H]3[C@H]2CC=C4[C@@]3(CC[C@@H](C4)O)C)C,CCCCCCCCCCCCCCOC(=O)CCOCCOCCOCCOCCOCCOCCOCCOCCOCCOCCOCCOCCOCCOCCOCCOCCOCCOCCOCCOCCOCCOCCOCCOCCOCCOCCOCCOCCOCCOCCOCCOCCOCCOCCOCCOCCOCCOCCOCCOCCOCCOCCOCCOCCOCCOCCOCCOCCOCCOCCOCCOCCOCCOCCOCCOCCOCCOCCOCCOCCOCCOCCOCCOCCOCCOCCOCCOCCOCCOCCOCCOCCOCCOCCOCCOCCOCCOCCOCCOCCOCCOCCOCCOCCOCCOCCOCCOCCOCCO,126.7,5.9,,0.21,0.09,,85.5,4.5,,-1.2,2.7,,wt/wt,10.0,OTHER_wt_ratio,"synthesis_method: Microfluidic mixing or pipette mixing; device_used: Microfluidic device with staggered herringbone features; total_flow_rate_ml_min: 2.4; flow_rate_ratio: 1:3 (organic:aqueous); aqueous_phase_composition: 10 mM citrate buffer; organic_phase_composition: Ethanol with lipids; mixing_time_sec: ; temperature_condition: Room temperature; post_processing: Dialysis in 1x PBS for 2h, filtration through 0.45 ¥ìm filter; sterilization: 0.45 ¥ìm filtration; storage_buffer: 1x PBS","cell_line: HeLa; animal_model: C57BL/6J female mice; administration_route: intravenous (IV); dose: 1.0 mg/kg total nucleic acid; biodistribution_result: Measured by deep sequencing in heart, liver, spleen, lungs, kidneys; toxicity_profile: Cell viability >85%",,,,https://doi.org/10.1038/s41467-024-45422-9,"High-throughput barcoding of nanoparticles identifies cationic, degradable lipid-like materials for mRNA delivery to the lungs in female preclinical models","['Lulu Xue', 'Alex G. Hamilton', 'Gan Zhao', 'Zebin Xiao', 'Rakan El-Mayta', 'Xuexiang Han', 'Ningqiang Gong', 'Xinhong Xiong', 'Junchao Xu', 'Christian G. Figueroa-Espada', 'Sarah J. Shepherd', 'Alvin J. Mukalel', 'Mohamad-Gabriel Alameh', 'Jiaxi Cui', 'Karin Wang', 'Andrew E. Vaughan', 'Drew Weissman', 'Michael J. Mitchell']",Nature Communications,2024.0,5-A3-8b,DOPE,cholesterol,C14PEG2K
295,Custom lipid,DOPE,cholesterol,C14-PEG2000,35:2.5:46.5:16,mRNA,"firefly_luciferase, barcode(dna barcode 93)",CCCCCN(CCC)NCC1=CC(=C(OC(=O)CC(CC)CCCCC)C(=C1)OC(=O)CC(CC)CCCCC)OC(=O)CC(CC)CCCCC,CCCCCCCC/C=C\CCCCCCCC(=O)OC[C@H](COP(=O)(O)OCCN)OC(=O)CCCCCCC/C=C\CCCCCCCC,C[C@H](CCCC(C)C)[C@H]1CC[C@@H]2[C@@]1(CC[C@H]3[C@H]2CC=C4[C@@]3(CC[C@@H](C4)O)C)C,CCCCCCCCCCCCCCOC(=O)CCOCCOCCOCCOCCOCCOCCOCCOCCOCCOCCOCCOCCOCCOCCOCCOCCOCCOCCOCCOCCOCCOCCOCCOCCOCCOCCOCCOCCOCCOCCOCCOCCOCCOCCOCCOCCOCCOCCOCCOCCOCCOCCOCCOCCOCCOCCOCCOCCOCCOCCOCCOCCOCCOCCOCCOCCOCCOCCOCCOCCOCCOCCOCCOCCOCCOCCOCCOCCOCCOCCOCCOCCOCCOCCOCCOCCOCCOCCOCCOCCOCCOCCOCCOCCOCCOCCOCCOCCOCCO,113.9,5.0,,0.13,0.05,,73.8,4.0,,-3.1,2.1,,wt/wt,10.0,OTHER_wt_ratio,"synthesis_method: Microfluidic mixing or pipette mixing; device_used: Microfluidic device with staggered herringbone features; total_flow_rate_ml_min: 2.4; flow_rate_ratio: 1:3 (organic:aqueous); aqueous_phase_composition: 10 mM citrate buffer; organic_phase_composition: Ethanol with lipids; mixing_time_sec: ; temperature_condition: Room temperature; post_processing: Dialysis in 1x PBS for 2h, filtration through 0.45 ¥ìm filter; sterilization: 0.45 ¥ìm filtration; storage_buffer: 1x PBS","cell_line: HeLa; animal_model: C57BL/6J female mice; administration_route: intravenous (IV); dose: 1.0 mg/kg total nucleic acid; biodistribution_result: Measured by deep sequencing in heart, liver, spleen, lungs, kidneys; toxicity_profile: Cell viability >85%",,,,https://doi.org/10.1038/s41467-024-45422-9,"High-throughput barcoding of nanoparticles identifies cationic, degradable lipid-like materials for mRNA delivery to the lungs in female preclinical models","['Lulu Xue', 'Alex G. Hamilton', 'Gan Zhao', 'Zebin Xiao', 'Rakan El-Mayta', 'Xuexiang Han', 'Ningqiang Gong', 'Xinhong Xiong', 'Junchao Xu', 'Christian G. Figueroa-Espada', 'Sarah J. Shepherd', 'Alvin J. Mukalel', 'Mohamad-Gabriel Alameh', 'Jiaxi Cui', 'Karin Wang', 'Andrew E. Vaughan', 'Drew Weissman', 'Michael J. Mitchell']",Nature Communications,2024.0,7-A3-8b,DOPE,cholesterol,C14PEG2K
296,Custom lipid,DOPE,cholesterol,C14-PEG2000,35:2.5:46.5:16,mRNA,"firefly_luciferase, barcode(dna barcode 94)",CN(C)CCNCC1=CC(=C(OC(=O)CCC(CC)CCCCCC)C(=C1)OC(=O)CCC(CC)CCCCCC)OC(=O)CCC(CC)CCCCCC,CCCCCCCC/C=C\CCCCCCCC(=O)OC[C@H](COP(=O)(O)OCCN)OC(=O)CCCCCCC/C=C\CCCCCCCC,C[C@H](CCCC(C)C)[C@H]1CC[C@@H]2[C@@]1(CC[C@H]3[C@H]2CC=C4[C@@]3(CC[C@@H](C4)O)C)C,CCCCCCCCCCCCCCOC(=O)CCOCCOCCOCCOCCOCCOCCOCCOCCOCCOCCOCCOCCOCCOCCOCCOCCOCCOCCOCCOCCOCCOCCOCCOCCOCCOCCOCCOCCOCCOCCOCCOCCOCCOCCOCCOCCOCCOCCOCCOCCOCCOCCOCCOCCOCCOCCOCCOCCOCCOCCOCCOCCOCCOCCOCCOCCOCCOCCOCCOCCOCCOCCOCCOCCOCCOCCOCCOCCOCCOCCOCCOCCOCCOCCOCCOCCOCCOCCOCCOCCOCCOCCOCCOCCOCCOCCOCCOCCOCCO,115.4,7.1,,0.16,0.08,,75.1,2.6,,6.7,4.5,,wt/wt,10.0,OTHER_wt_ratio,"synthesis_method: Microfluidic mixing or pipette mixing; device_used: Microfluidic device with staggered herringbone features; total_flow_rate_ml_min: 2.4; flow_rate_ratio: 1:3 (organic:aqueous); aqueous_phase_composition: 10 mM citrate buffer; organic_phase_composition: Ethanol with lipids; mixing_time_sec: ; temperature_condition: Room temperature; post_processing: Dialysis in 1x PBS for 2h, filtration through 0.45 ¥ìm filter; sterilization: 0.45 ¥ìm filtration; storage_buffer: 1x PBS","cell_line: HeLa; animal_model: C57BL/6J female mice; administration_route: intravenous (IV); dose: 1.0 mg/kg total nucleic acid; biodistribution_result: Measured by deep sequencing in heart, liver, spleen, lungs, kidneys; toxicity_profile: Cell viability >85%",,,,https://doi.org/10.1038/s41467-024-45422-9,"High-throughput barcoding of nanoparticles identifies cationic, degradable lipid-like materials for mRNA delivery to the lungs in female preclinical models","['Lulu Xue', 'Alex G. Hamilton', 'Gan Zhao', 'Zebin Xiao', 'Rakan El-Mayta', 'Xuexiang Han', 'Ningqiang Gong', 'Xinhong Xiong', 'Junchao Xu', 'Christian G. Figueroa-Espada', 'Sarah J. Shepherd', 'Alvin J. Mukalel', 'Mohamad-Gabriel Alameh', 'Jiaxi Cui', 'Karin Wang', 'Andrew E. Vaughan', 'Drew Weissman', 'Michael J. Mitchell']",Nature Communications,2024.0,5-A3-9b2,DOPE,cholesterol,C14PEG2K
297,Custom lipid,DOPE,cholesterol,C14-PEG2000,35:2.5:46.5:16,mRNA,"firefly_luciferase, barcode(dna barcode 95)",CCCCCN(CCC)NCC1=CC(=C(OC(=O)CCC(CC)CCCCCC)C(=C1)OC(=O)CCC(CC)CCCCCC)OC(=O)CCC(CC)CCCCCC,CCCCCCCC/C=C\CCCCCCCC(=O)OC[C@H](COP(=O)(O)OCCN)OC(=O)CCCCCCC/C=C\CCCCCCCC,C[C@H](CCCC(C)C)[C@H]1CC[C@@H]2[C@@]1(CC[C@H]3[C@H]2CC=C4[C@@]3(CC[C@@H](C4)O)C)C,CCCCCCCCCCCCCCOC(=O)CCOCCOCCOCCOCCOCCOCCOCCOCCOCCOCCOCCOCCOCCOCCOCCOCCOCCOCCOCCOCCOCCOCCOCCOCCOCCOCCOCCOCCOCCOCCOCCOCCOCCOCCOCCOCCOCCOCCOCCOCCOCCOCCOCCOCCOCCOCCOCCOCCOCCOCCOCCOCCOCCOCCOCCOCCOCCOCCOCCOCCOCCOCCOCCOCCOCCOCCOCCOCCOCCOCCOCCOCCOCCOCCOCCOCCOCCOCCOCCOCCOCCOCCOCCOCCOCCOCCOCCOCCOCCO,109.2,5.2,,0.25,0.05,,80.4,4.3,,-3.0,4.1,,wt/wt,10.0,OTHER_wt_ratio,"synthesis_method: Microfluidic mixing or pipette mixing; device_used: Microfluidic device with staggered herringbone features; total_flow_rate_ml_min: 2.4; flow_rate_ratio: 1:3 (organic:aqueous); aqueous_phase_composition: 10 mM citrate buffer; organic_phase_composition: Ethanol with lipids; mixing_time_sec: ; temperature_condition: Room temperature; post_processing: Dialysis in 1x PBS for 2h, filtration through 0.45 ¥ìm filter; sterilization: 0.45 ¥ìm filtration; storage_buffer: 1x PBS","cell_line: HeLa; animal_model: C57BL/6J female mice; administration_route: intravenous (IV); dose: 1.0 mg/kg total nucleic acid; gene_expression_result: Liver-enriched delivery; biodistribution_result: Measured by deep sequencing in heart, liver, spleen, lungs, kidneys; toxicity_profile: Cell viability >85%",,,,https://doi.org/10.1038/s41467-024-45422-9,"High-throughput barcoding of nanoparticles identifies cationic, degradable lipid-like materials for mRNA delivery to the lungs in female preclinical models","['Lulu Xue', 'Alex G. Hamilton', 'Gan Zhao', 'Zebin Xiao', 'Rakan El-Mayta', 'Xuexiang Han', 'Ningqiang Gong', 'Xinhong Xiong', 'Junchao Xu', 'Christian G. Figueroa-Espada', 'Sarah J. Shepherd', 'Alvin J. Mukalel', 'Mohamad-Gabriel Alameh', 'Jiaxi Cui', 'Karin Wang', 'Andrew E. Vaughan', 'Drew Weissman', 'Michael J. Mitchell']",Nature Communications,2024.0,7-A3-9b2,DOPE,cholesterol,C14PEG2K
298,Custom lipid,DOPE,cholesterol,C14-PEG2000,35:2.5:46.5:16,mRNA,"firefly_luciferase, barcode(dna barcode 96)",NCCCCCCCCCCNCC1=CC(=C(OC(=O)CCC(CC)CCCCCC)C(=C1)OC(=O)CCC(CC)CCCCCC)OC(=O)CCC(CC)CCCCCC,CCCCCCCC/C=C\CCCCCCCC(=O)OC[C@H](COP(=O)(O)OCCN)OC(=O)CCCCCCC/C=C\CCCCCCCC,C[C@H](CCCC(C)C)[C@H]1CC[C@@H]2[C@@]1(CC[C@H]3[C@H]2CC=C4[C@@]3(CC[C@@H](C4)O)C)C,CCCCCCCCCCCCCCOC(=O)CCOCCOCCOCCOCCOCCOCCOCCOCCOCCOCCOCCOCCOCCOCCOCCOCCOCCOCCOCCOCCOCCOCCOCCOCCOCCOCCOCCOCCOCCOCCOCCOCCOCCOCCOCCOCCOCCOCCOCCOCCOCCOCCOCCOCCOCCOCCOCCOCCOCCOCCOCCOCCOCCOCCOCCOCCOCCOCCOCCOCCOCCOCCOCCOCCOCCOCCOCCOCCOCCOCCOCCOCCOCCOCCOCCOCCOCCOCCOCCOCCOCCOCCOCCOCCOCCOCCOCCOCCOCCO,114.1,6.7,,0.16,0.04,,84.9,4.8,,2.1,1.6,,wt/wt,10.0,OTHER_wt_ratio,"synthesis_method: Microfluidic mixing or pipette mixing; device_used: Microfluidic device with staggered herringbone features; total_flow_rate_ml_min: 2.4; flow_rate_ratio: 1:3 (organic:aqueous); aqueous_phase_composition: 10 mM citrate buffer; organic_phase_composition: Ethanol with lipids; mixing_time_sec: ; temperature_condition: Room temperature; post_processing: Dialysis in 1x PBS for 2h, filtration through 0.45 ¥ìm filter; sterilization: 0.45 ¥ìm filtration; storage_buffer: 1x PBS","cell_line: HeLa; animal_model: C57BL/6J female mice; administration_route: intravenous (IV); dose: 1.0 mg/kg total nucleic acid; biodistribution_result: Measured by deep sequencing in heart, liver, spleen, lungs, kidneys; toxicity_profile: Cell viability >85%",,,,https://doi.org/10.1038/s41467-024-45422-9,"High-throughput barcoding of nanoparticles identifies cationic, degradable lipid-like materials for mRNA delivery to the lungs in female preclinical models","['Lulu Xue', 'Alex G. Hamilton', 'Gan Zhao', 'Zebin Xiao', 'Rakan El-Mayta', 'Xuexiang Han', 'Ningqiang Gong', 'Xinhong Xiong', 'Junchao Xu', 'Christian G. Figueroa-Espada', 'Sarah J. Shepherd', 'Alvin J. Mukalel', 'Mohamad-Gabriel Alameh', 'Jiaxi Cui', 'Karin Wang', 'Andrew E. Vaughan', 'Drew Weissman', 'Michael J. Mitchell']",Nature Communications,2024.0,10-A3-9b2,DOPE,cholesterol,C14PEG2K
433,Custom lipid,DOPE,cholesterol,C14-PEG 2000,35:16:46.5:2.5,mRNA,firefly_luciferase,,CCCCCCCC/C=C\CCCCCCCC(=O)OC[C@H](COP(=O)(O)OCCN)OC(=O)CCCCCCC/C=C\CCCCCCCC,C[C@H](CCCC(C)C)[C@H]1CC[C@@H]2[C@@]1(CC[C@H]3[C@H]2CC=C4[C@@]3(CC[C@@H](C4)O)C)C,,93.0,,,0.047,,,98.0,,,,,,wt/wt,10.0,ionizable_lipid:RNA,"synthesis_method: Microfluidic; device_used: microfluidic chip device; total_flow_rate_ml_min: ; flow_rate_ratio: 3:1 (ethanol:aqueous); aqueous_phase_composition: 10 mM citrate buffer (pH 3); organic_phase_composition: ethanol with lipid mixture at 10 mg/mL; mixing_time_sec: ; temperature_condition: ; post_processing: dialyzed against 1X PBS in 20,000 MWCO cassette at 4¡ÆC for 2 hours; sterilization: ; storage_buffer: 1X PBS, stored at 4¡ÆC","cell_line: HeLa cells; dose: 50 ng per well; gene_expression_result: ~0.5¡¿10^6 RLU (No ApoE), ~1¡¿10^6 RLU (with ApoE); toxicity_profile: minimal toxicity observed",0.5,numeric,0.375,10.1002/anie.201809056,Customizable Lipid Nanoparticle Materials for the Delivery of siRNAs and mRNAs,"['Owen S. Fenton', 'Kevin J. Kauffman', 'Rebecca L. McClellan', 'James C. Kaczmarek', 'Manhao D. Zeng', 'Jason L. Andresen', 'Luke H. Rhym', 'Michael W. Heartlein', 'Frank DeRosa', 'Daniel G. Anderson']",Angewandte Chemie International Edition,2018.0,OF-Deg-C9,DOPE,cholesterol,C14-PEG 2000
435,Custom lipid,DOPE,cholesterol,C14-PEG 2000,35:16:46.5:2.5,mRNA,firefly_luciferase,,CCCCCCCC/C=C\CCCCCCCC(=O)OC[C@H](COP(=O)(O)OCCN)OC(=O)CCCCCCC/C=C\CCCCCCCC,C[C@H](CCCC(C)C)[C@H]1CC[C@@H]2[C@@]1(CC[C@H]3[C@H]2CC=C4[C@@]3(CC[C@@H](C4)O)C)C,,96.0,,,0.046,,,99.0,,,,,,wt/wt,10.0,ionizable_lipid:RNA,"synthesis_method: Microfluidic; device_used: microfluidic chip device; total_flow_rate_ml_min: ; flow_rate_ratio: 3:1 (ethanol:aqueous); aqueous_phase_composition: 10 mM citrate buffer (pH 3); organic_phase_composition: ethanol with lipid mixture at 10 mg/mL; mixing_time_sec: ; temperature_condition: ; post_processing: dialyzed against 1X PBS in 20,000 MWCO cassette at 4¡ÆC for 2 hours; sterilization: ; storage_buffer: 1X PBS, stored at 4¡ÆC","cell_line: HeLa cells; dose: 50 ng per well; gene_expression_result: ~0.5¡¿10^6 RLU (No ApoE), ~1¡¿10^6 RLU (with ApoE); toxicity_profile: minimal toxicity observed",0.5,numeric,0.375,10.1002/anie.201809056,Customizable Lipid Nanoparticle Materials for the Delivery of siRNAs and mRNAs,"['Owen S. Fenton', 'Kevin J. Kauffman', 'Rebecca L. McClellan', 'James C. Kaczmarek', 'Manhao D. Zeng', 'Jason L. Andresen', 'Luke H. Rhym', 'Michael W. Heartlein', 'Frank DeRosa', 'Daniel G. Anderson']",Angewandte Chemie International Edition,2018.0,OF-Deg-C12,DOPE,cholesterol,C14-PEG 2000
437,Custom lipid,DOPE,cholesterol,C14-PEG 2000,35:16:46.5:2.5,mRNA,firefly_luciferase,,CCCCCCCC/C=C\CCCCCCCC(=O)OC[C@H](COP(=O)(O)OCCN)OC(=O)CCCCCCC/C=C\CCCCCCCC,C[C@H](CCCC(C)C)[C@H]1CC[C@@H]2[C@@]1(CC[C@H]3[C@H]2CC=C4[C@@]3(CC[C@@H](C4)O)C)C,,,,,0.041,,,99.0,,,,,,wt/wt,10.0,ionizable_lipid:RNA,"synthesis_method: Microfluidic; device_used: microfluidic chip device; total_flow_rate_ml_min: ; flow_rate_ratio: 3:1 (ethanol:aqueous); aqueous_phase_composition: 10 mM citrate buffer (pH 3); organic_phase_composition: ethanol with lipid mixture at 10 mg/mL; mixing_time_sec: ; temperature_condition: ; post_processing: dialyzed against 1X PBS in 20,000 MWCO cassette at 4¡ÆC for 2 hours; sterilization: ; storage_buffer: 1X PBS, stored at 4¡ÆC","cell_line: HeLa cells; dose: 50 ng per well; gene_expression_result: baseline level (No ApoE), baseline level (with ApoE); toxicity_profile: minimal toxicity observed",,,,10.1002/anie.201809056,Customizable Lipid Nanoparticle Materials for the Delivery of siRNAs and mRNAs,"['Owen S. Fenton', 'Kevin J. Kauffman', 'Rebecca L. McClellan', 'James C. Kaczmarek', 'Manhao D. Zeng', 'Jason L. Andresen', 'Luke H. Rhym', 'Michael W. Heartlein', 'Frank DeRosa', 'Daniel G. Anderson']",Angewandte Chemie International Edition,2018.0,OF-Deg-C15,DOPE,cholesterol,C14-PEG 2000
440,Custom lipid,DOPE,cholesterol,C14-PEG 2000,35:16:46.5:2.5,mRNA,firefly_luciferase,,CCCCCCCC/C=C\CCCCCCCC(=O)OC[C@H](COP(=O)(O)OCCN)OC(=O)CCCCCCC/C=C\CCCCCCCC,C[C@H](CCCC(C)C)[C@H]1CC[C@@H]2[C@@]1(CC[C@H]3[C@H]2CC=C4[C@@]3(CC[C@@H](C4)O)C)C,,71.0,,,0.05,,,99.0,,,,,,wt/wt,10.0,ionizable_lipid:RNA,"synthesis_method: Microfluidic; device_used: microfluidic chip device; total_flow_rate_ml_min: ; flow_rate_ratio: 3:1 (ethanol:aqueous); aqueous_phase_composition: 10 mM citrate buffer (pH 3); organic_phase_composition: ethanol with lipid mixture at 10 mg/mL; mixing_time_sec: ; temperature_condition: ; post_processing: dialyzed against 1X PBS in 20,000 MWCO cassette at 4¡ÆC for 2 hours; sterilization: ; storage_buffer: 1X PBS, stored at 4¡ÆC","cell_line: HeLa cells; dose: 50 ng per well; gene_expression_result: baseline level (No ApoE), baseline level (with ApoE); toxicity_profile: minimal toxicity observed",,,,10.1002/anie.201809056,Customizable Lipid Nanoparticle Materials for the Delivery of siRNAs and mRNAs,"['Owen S. Fenton', 'Kevin J. Kauffman', 'Rebecca L. McClellan', 'James C. Kaczmarek', 'Manhao D. Zeng', 'Jason L. Andresen', 'Luke H. Rhym', 'Michael W. Heartlein', 'Frank DeRosa', 'Daniel G. Anderson']",Angewandte Chemie International Edition,2018.0,OF-Deg-Ole,DOPE,cholesterol,C14-PEG 2000
442,Custom lipid,DOPE,cholesterol,C14-PEG 2000,35:16:46.5:2.5,mRNA,firefly_luciferase,,CCCCCCCC/C=C\CCCCCCCC(=O)OC[C@H](COP(=O)(O)OCCN)OC(=O)CCCCCCC/C=C\CCCCCCCC,C[C@H](CCCC(C)C)[C@H]1CC[C@@H]2[C@@]1(CC[C@H]3[C@H]2CC=C4[C@@]3(CC[C@@H](C4)O)C)C,,68.0,,,0.047,,,99.0,,,,,,wt/wt,10.0,ionizable_lipid:RNA,"synthesis_method: Microfluidic; device_used: microfluidic chip device; total_flow_rate_ml_min: ; flow_rate_ratio: 3:1 (ethanol:aqueous); aqueous_phase_composition: 10 mM citrate buffer (pH 3); organic_phase_composition: ethanol with lipid mixture at 10 mg/mL; mixing_time_sec: ; temperature_condition: ; post_processing: dialyzed against 1X PBS in 20,000 MWCO cassette at 4¡ÆC for 2 hours; sterilization: ; storage_buffer: 1X PBS, stored at 4¡ÆC","cell_line: HeLa cells; dose: 50 ng per well; gene_expression_result: baseline level (No ApoE), baseline level (with ApoE); toxicity_profile: minimal toxicity observed",,,,10.1002/anie.201809056,Customizable Lipid Nanoparticle Materials for the Delivery of siRNAs and mRNAs,"['Owen S. Fenton', 'Kevin J. Kauffman', 'Rebecca L. McClellan', 'James C. Kaczmarek', 'Manhao D. Zeng', 'Jason L. Andresen', 'Luke H. Rhym', 'Michael W. Heartlein', 'Frank DeRosa', 'Daniel G. Anderson']",Angewandte Chemie International Edition,2018.0,OF-Deg-Ela,DOPE,cholesterol,C14-PEG 2000
444,OF-Deg-Lin,DOPE,cholesterol,C14-PEG 2000,35:16:46.5:2.5,mRNA,firefly_luciferase,CCCCC/C=C\C/C=C\CCCCCCCC(=O)OCCN(CCOC(=O)CCCCCCC/C=C\C/C=C\CCCCC)CCCCC1NC(=O)C(NC1=O)CCCCN(CCOC(=O)CCCCCCC/C=C\C/C=C\CCCCC)CCOC(=O)CCCCCCC/C=C\C/C=C\CCCCC,CCCCCCCC/C=C\CCCCCCCC(=O)OC[C@H](COP(=O)(O)OCCN)OC(=O)CCCCCCC/C=C\CCCCCCCC,C[C@H](CCCC(C)C)[C@H]1CC[C@@H]2[C@@]1(CC[C@H]3[C@H]2CC=C4[C@@]3(CC[C@@H](C4)O)C)C,,59.0,,,0.055,,,99.0,,,,,,wt/wt,10.0,ionizable_lipid:RNA,"synthesis_method: Microfluidic; device_used: microfluidic chip device; total_flow_rate_ml_min: ; flow_rate_ratio: 3:1 (ethanol:aqueous); aqueous_phase_composition: 10 mM citrate buffer (pH 3); organic_phase_composition: ethanol with lipid mixture at 10 mg/mL; mixing_time_sec: ; temperature_condition: ; post_processing: dialyzed against 1X PBS in 20,000 MWCO cassette at 4¡ÆC for 2 hours; sterilization: ; storage_buffer: 1X PBS, stored at 4¡ÆC","cell_line: HeLa cells; dose: 50 ng per well; gene_expression_result: ~2¡¿10^6 RLU (No ApoE), ~5¡¿10^6 RLU (with ApoE); toxicity_profile: minimal toxicity observed",2.0,numeric,0.75,10.1002/anie.201809056,Customizable Lipid Nanoparticle Materials for the Delivery of siRNAs and mRNAs,"['Owen S. Fenton', 'Kevin J. Kauffman', 'Rebecca L. McClellan', 'James C. Kaczmarek', 'Manhao D. Zeng', 'Jason L. Andresen', 'Luke H. Rhym', 'Michael W. Heartlein', 'Frank DeRosa', 'Daniel G. Anderson']",Angewandte Chemie International Edition,2018.0,OF-Deg-Lin,DOPE,cholesterol,C14-PEG 2000
446,OF-C4-Deg-Lin,DOPE,cholesterol,C14-PEG 2000,35:16:46.5:2.5,mRNA,firefly_luciferase,CCCCC/C=C\C/C=C\CCCCCCCC(=O)OCCCCN(CCCCOC(=O)CCCCCCC/C=C\C/C=C\CCCCC)CCCC[C@@H]1NC(=O)[C@@H](NC1=O)CCCCN(CCCCOC(=O)CCCCCCC/C=C\C/C=C\CCCCC)CCCCOC(=O)CCCCCCC/C=C\C/C=C\CCCCC,CCCCCCCC/C=C\CCCCCCCC(=O)OC[C@H](COP(=O)(O)OCCN)OC(=O)CCCCCCC/C=C\CCCCCCCC,C[C@H](CCCC(C)C)[C@H]1CC[C@@H]2[C@@]1(CC[C@H]3[C@H]2CC=C4[C@@]3(CC[C@@H](C4)O)C)C,,59.0,,,0.041,,,99.0,,,,,,wt/wt,10.0,ionizable_lipid:RNA,"synthesis_method: Microfluidic; device_used: microfluidic chip device; total_flow_rate_ml_min: ; flow_rate_ratio: 3:1 (ethanol:aqueous); aqueous_phase_composition: 10 mM citrate buffer (pH 3); organic_phase_composition: ethanol with lipid mixture at 10 mg/mL; mixing_time_sec: ; temperature_condition: ; post_processing: dialyzed against 1X PBS in 20,000 MWCO cassette at 4¡ÆC for 2 hours; sterilization: ; storage_buffer: 1X PBS, stored at 4¡ÆC","cell_line: HeLa cells; animal_model: female C57BL/6 mice; administration_route: IV (tail vein injection); dose: 0.75 mg/kg; gene_expression_result: ~6¡¿10^6 RLU (No ApoE), ~8¡¿10^6 RLU (with ApoE); biodistribution_result: >85% luminescence in spleen, minimal in liver and other organs",6.0,numeric,1.0,10.1002/anie.201809056,Customizable Lipid Nanoparticle Materials for the Delivery of siRNAs and mRNAs,"['Owen S. Fenton', 'Kevin J. Kauffman', 'Rebecca L. McClellan', 'James C. Kaczmarek', 'Manhao D. Zeng', 'Jason L. Andresen', 'Luke H. Rhym', 'Michael W. Heartlein', 'Frank DeRosa', 'Daniel G. Anderson']",Angewandte Chemie International Edition,2018.0,OF-C4-Deg-Lin,DOPE,cholesterol,C14-PEG 2000
448,cKK-E12,DOPE,cholesterol,C14-PEG 2000,35:16:46.5:2.5,mRNA,firefly_luciferase,CCCCCCCCCCCC(O)CN1CCCCC(C(=O)NC2CCCCCNC(=O)C3N(CC(O)CCCCCCCCCCCC)CCC(CC3)N(CC(O)CCCCCCCCCCCC)CC(O)CCCCCCCCCCCC)C1,CCCCCCCC/C=C\CCCCCCCC(=O)OC[C@H](COP(=O)(O)OCCN)OC(=O)CCCCCCC/C=C\CCCCCCCC,C[C@H](CCCC(C)C)[C@H]1CC[C@@H]2[C@@]1(CC[C@H]3[C@H]2CC=C4[C@@]3(CC[C@@H](C4)O)C)C,,70.0,,,0.169,,,99.0,,,,,,wt/wt,10.0,ionizable_lipid:RNA,"synthesis_method: Microfluidic; device_used: microfluidic chip device; total_flow_rate_ml_min: ; flow_rate_ratio: 3:1 (ethanol:aqueous); aqueous_phase_composition: 10 mM citrate buffer (pH 3); organic_phase_composition: ethanol with lipid mixture at 10 mg/mL; mixing_time_sec: ; temperature_condition: ; post_processing: dialyzed against 1X PBS in 20,000 MWCO cassette at 4¡ÆC for 2 hours; sterilization: ; storage_buffer: 1X PBS, stored at 4¡ÆC","cell_line: HeLa cells; animal_model: female C57BL/6 mice; administration_route: IV (tail vein injection); dose: 0.75 mg/kg; gene_expression_result: baseline level (No ApoE), baseline level (with ApoE); biodistribution_result: majority of expression in liver (control)",,,,10.1002/anie.201809056,Customizable Lipid Nanoparticle Materials for the Delivery of siRNAs and mRNAs,"['Owen S. Fenton', 'Kevin J. Kauffman', 'Rebecca L. McClellan', 'James C. Kaczmarek', 'Manhao D. Zeng', 'Jason L. Andresen', 'Luke H. Rhym', 'Michael W. Heartlein', 'Frank DeRosa', 'Daniel G. Anderson']",Angewandte Chemie International Edition,2018.0,cKK-E12,DOPE,cholesterol,C14-PEG 2000
450,C12-200,DOPE,cholesterol,C14-PEG2000,40:2.5:53.5:4,mRNA,"luciferase, barcode(luciferase mrna with barcode and umi)",NCCN1CCN(CCN(CC(O)CCCCCCCCCCCC)CC(O)CCCCCCCCCCCC)CC1CN(CC(O)CCCCCCCCCCCC)CN(CC(O)CCCCCCCCCCCC)CC(O)CCCCCCCCCCCC,CCCCCCCC/C=C\CCCCCCCC(=O)OC[C@H](COP(=O)(O)OCCN)OC(=O)CCCCCCC/C=C\CCCCCCCC,C[C@H](CCCC(C)C)[C@H]1CC[C@@H]2[C@@]1(CC[C@H]3[C@H]2CC=C4[C@@]3(CC[C@@H](C4)O)C)C,CCCCCCCCCCCCCCOC(=O)CCOCCOCCOCCOCCOCCOCCOCCOCCOCCOCCOCCOCCOCCOCCOCCOCCOCCOCCOCCOCCOCCOCCOCCOCCOCCOCCOCCOCCOCCOCCOCCOCCOCCOCCOCCOCCOCCOCCOCCOCCOCCOCCOCCOCCOCCOCCOCCOCCOCCOCCOCCOCCOCCOCCOCCOCCOCCOCCOCCOCCOCCOCCOCCOCCOCCOCCOCCOCCOCCOCCOCCOCCOCCOCCOCCOCCOCCOCCOCCOCCOCCOCCOCCOCCOCCOCCOCCOCCOCCO,82.4,,,0.198,,,67.5,,,-14.7,,,wt/wt,2.5,OTHER_wt_ratio,"synthesis_method: Microfluidic; device_used: ; total_flow_rate_ml_min: ; flow_rate_ratio: 3:1 (ethanol:aqueous); aqueous_phase_composition: 10 mM citrate buffer (pH 3.0); organic_phase_composition: ethanol containing lipids; mixing_time_sec: ; temperature_condition: room temperature; post_processing: dialyzed against PBS for 2 hours, 0.22 ¥ìm filtration; sterilization: 0.22 ¥ìm sterile filter; storage_buffer: PBS","cell_line: bEnd.3; animal_model: C57BL/6 mice; administration_route: IV; dose: 0.25 ¥ìg b-mRNA per formulation; biodistribution_result: liver, spleen, lung, brain, kidney, heart, pancreas, muscle",,,,10.1016/j.jconrel.2019.10.028,Ionizable lipid nanoparticles encapsulating barcoded mRNA for accelerated in vivo delivery screening,"['Pedro P. Guimaraes', 'Rui Zhang', 'Roman Spektor', 'Mingchee Tan', 'Amanda Chung', 'Margaret M. Billingsley', 'Rakan El-Mayta', 'Rachel S. Riley', 'Lili Wang', 'James M. Wilson', 'Michael J. Mitchell']",Journal of Controlled Release,2019.0,C12-200,DOPE,cholesterol,C14-PEG2000
451,C12-200,DOPE,cholesterol,C14-PEG2000,60:0.5:29.5:10,mRNA,"luciferase, barcode(luciferase mrna with barcode and umi)",NCCN1CCN(CCN(CC(O)CCCCCCCCCCCC)CC(O)CCCCCCCCCCCC)CC1CN(CC(O)CCCCCCCCCCCC)CN(CC(O)CCCCCCCCCCCC)CC(O)CCCCCCCCCCCC,CCCCCCCC/C=C\CCCCCCCC(=O)OC[C@H](COP(=O)(O)OCCN)OC(=O)CCCCCCC/C=C\CCCCCCCC,C[C@H](CCCC(C)C)[C@H]1CC[C@@H]2[C@@]1(CC[C@H]3[C@H]2CC=C4[C@@]3(CC[C@@H](C4)O)C)C,CCCCCCCCCCCCCCOC(=O)CCOCCOCCOCCOCCOCCOCCOCCOCCOCCOCCOCCOCCOCCOCCOCCOCCOCCOCCOCCOCCOCCOCCOCCOCCOCCOCCOCCOCCOCCOCCOCCOCCOCCOCCOCCOCCOCCOCCOCCOCCOCCOCCOCCOCCOCCOCCOCCOCCOCCOCCOCCOCCOCCOCCOCCOCCOCCOCCOCCOCCOCCOCCOCCOCCOCCOCCOCCOCCOCCOCCOCCOCCOCCOCCOCCOCCOCCOCCOCCOCCOCCOCCOCCOCCOCCOCCOCCOCCOCCO,90.77,,,0.226,,,33.7,,,-16.7,,,wt/wt,2.5,OTHER_wt_ratio,"synthesis_method: Microfluidic; device_used: ; total_flow_rate_ml_min: ; flow_rate_ratio: 3:1 (ethanol:aqueous); aqueous_phase_composition: 10 mM citrate buffer (pH 3.0); organic_phase_composition: ethanol containing lipids; mixing_time_sec: ; temperature_condition: room temperature; post_processing: dialyzed against PBS for 2 hours, 0.22 ¥ìm filtration; sterilization: 0.22 ¥ìm sterile filter; storage_buffer: PBS","cell_line: bEnd.3; animal_model: C57BL/6 mice; administration_route: IV; dose: 0.25 ¥ìg b-mRNA per formulation; biodistribution_result: liver, spleen, lung, brain, kidney, heart, pancreas, muscle",,,,10.1016/j.jconrel.2019.10.028,Ionizable lipid nanoparticles encapsulating barcoded mRNA for accelerated in vivo delivery screening,"['Pedro P. Guimaraes', 'Rui Zhang', 'Roman Spektor', 'Mingchee Tan', 'Amanda Chung', 'Margaret M. Billingsley', 'Rakan El-Mayta', 'Rachel S. Riley', 'Lili Wang', 'James M. Wilson', 'Michael J. Mitchell']",Journal of Controlled Release,2019.0,C12-200,DOPE,cholesterol,C14-PEG2000
452,C12-200,DOPE,cholesterol,C14-PEG2000,40:3.5:28.5:28,mRNA,"luciferase, barcode(luciferase mrna with barcode and umi)",NCCN1CCN(CCN(CC(O)CCCCCCCCCCCC)CC(O)CCCCCCCCCCCC)CC1CN(CC(O)CCCCCCCCCCCC)CN(CC(O)CCCCCCCCCCCC)CC(O)CCCCCCCCCCCC,CCCCCCCC/C=C\CCCCCCCC(=O)OC[C@H](COP(=O)(O)OCCN)OC(=O)CCCCCCC/C=C\CCCCCCCC,C[C@H](CCCC(C)C)[C@H]1CC[C@@H]2[C@@]1(CC[C@H]3[C@H]2CC=C4[C@@]3(CC[C@@H](C4)O)C)C,CCCCCCCCCCCCCCOC(=O)CCOCCOCCOCCOCCOCCOCCOCCOCCOCCOCCOCCOCCOCCOCCOCCOCCOCCOCCOCCOCCOCCOCCOCCOCCOCCOCCOCCOCCOCCOCCOCCOCCOCCOCCOCCOCCOCCOCCOCCOCCOCCOCCOCCOCCOCCOCCOCCOCCOCCOCCOCCOCCOCCOCCOCCOCCOCCOCCOCCOCCOCCOCCOCCOCCOCCOCCOCCOCCOCCOCCOCCOCCOCCOCCOCCOCCOCCOCCOCCOCCOCCOCCOCCOCCOCCOCCOCCOCCOCCO,78.53,,,0.224,,,48.9,,,-2.65,,,wt/wt,7.5,OTHER_wt_ratio,"synthesis_method: Microfluidic; device_used: ; total_flow_rate_ml_min: ; flow_rate_ratio: 3:1 (ethanol:aqueous); aqueous_phase_composition: 10 mM citrate buffer (pH 3.0); organic_phase_composition: ethanol containing lipids; mixing_time_sec: ; temperature_condition: room temperature; post_processing: dialyzed against PBS for 2 hours, 0.22 ¥ìm filtration; sterilization: 0.22 ¥ìm sterile filter; storage_buffer: PBS","cell_line: bEnd.3; animal_model: C57BL/6 mice; administration_route: IV; dose: 0.25 ¥ìg b-mRNA per formulation; biodistribution_result: liver, spleen, lung, brain, kidney, heart, pancreas, muscle",,,,10.1016/j.jconrel.2019.10.028,Ionizable lipid nanoparticles encapsulating barcoded mRNA for accelerated in vivo delivery screening,"['Pedro P. Guimaraes', 'Rui Zhang', 'Roman Spektor', 'Mingchee Tan', 'Amanda Chung', 'Margaret M. Billingsley', 'Rakan El-Mayta', 'Rachel S. Riley', 'Lili Wang', 'James M. Wilson', 'Michael J. Mitchell']",Journal of Controlled Release,2019.0,C12-200,DOPE,cholesterol,C14-PEG2000
453,C12-200,DOPE,cholesterol,C14-PEG2000,40:2.5:29.5:28,mRNA,"luciferase, barcode(luciferase mrna with barcode and umi)",NCCN1CCN(CCN(CC(O)CCCCCCCCCCCC)CC(O)CCCCCCCCCCCC)CC1CN(CC(O)CCCCCCCCCCCC)CN(CC(O)CCCCCCCCCCCC)CC(O)CCCCCCCCCCCC,CCCCCCCC/C=C\CCCCCCCC(=O)OC[C@H](COP(=O)(O)OCCN)OC(=O)CCCCCCC/C=C\CCCCCCCC,C[C@H](CCCC(C)C)[C@H]1CC[C@@H]2[C@@]1(CC[C@H]3[C@H]2CC=C4[C@@]3(CC[C@@H](C4)O)C)C,CCCCCCCCCCCCCCOC(=O)CCOCCOCCOCCOCCOCCOCCOCCOCCOCCOCCOCCOCCOCCOCCOCCOCCOCCOCCOCCOCCOCCOCCOCCOCCOCCOCCOCCOCCOCCOCCOCCOCCOCCOCCOCCOCCOCCOCCOCCOCCOCCOCCOCCOCCOCCOCCOCCOCCOCCOCCOCCOCCOCCOCCOCCOCCOCCOCCOCCOCCOCCOCCOCCOCCOCCOCCOCCOCCOCCOCCOCCOCCOCCOCCOCCOCCOCCOCCOCCOCCOCCOCCOCCOCCOCCOCCOCCOCCOCCO,81.49,,,0.202,,,92.8,,,-5.76,,,wt/wt,10.0,OTHER_wt_ratio,"synthesis_method: Microfluidic; device_used: ; total_flow_rate_ml_min: ; flow_rate_ratio: 3:1 (ethanol:aqueous); aqueous_phase_composition: 10 mM citrate buffer (pH 3.0); organic_phase_composition: ethanol containing lipids; mixing_time_sec: ; temperature_condition: room temperature; post_processing: dialyzed against PBS for 2 hours, 0.22 ¥ìm filtration; sterilization: 0.22 ¥ìm sterile filter; storage_buffer: PBS","cell_line: bEnd.3; animal_model: C57BL/6 mice; administration_route: IV; dose: 0.25 ¥ìg b-mRNA per formulation; biodistribution_result: liver, spleen, lung, brain, kidney, heart, pancreas, muscle",,,,10.1016/j.jconrel.2019.10.028,Ionizable lipid nanoparticles encapsulating barcoded mRNA for accelerated in vivo delivery screening,"['Pedro P. Guimaraes', 'Rui Zhang', 'Roman Spektor', 'Mingchee Tan', 'Amanda Chung', 'Margaret M. Billingsley', 'Rakan El-Mayta', 'Rachel S. Riley', 'Lili Wang', 'James M. Wilson', 'Michael J. Mitchell']",Journal of Controlled Release,2019.0,C12-200,DOPE,cholesterol,C14-PEG2000
454,C12-200,DOPE,cholesterol,C14-PEG2000,40:3.0:35.0:22,mRNA,"luciferase, barcode(luciferase mrna with barcode and umi)",NCCN1CCN(CCN(CC(O)CCCCCCCCCCCC)CC(O)CCCCCCCCCCCC)CC1CN(CC(O)CCCCCCCCCCCC)CN(CC(O)CCCCCCCCCCCC)CC(O)CCCCCCCCCCCC,CCCCCCCC/C=C\CCCCCCCC(=O)OC[C@H](COP(=O)(O)OCCN)OC(=O)CCCCCCC/C=C\CCCCCCCC,C[C@H](CCCC(C)C)[C@H]1CC[C@@H]2[C@@]1(CC[C@H]3[C@H]2CC=C4[C@@]3(CC[C@@H](C4)O)C)C,CCCCCCCCCCCCCCOC(=O)CCOCCOCCOCCOCCOCCOCCOCCOCCOCCOCCOCCOCCOCCOCCOCCOCCOCCOCCOCCOCCOCCOCCOCCOCCOCCOCCOCCOCCOCCOCCOCCOCCOCCOCCOCCOCCOCCOCCOCCOCCOCCOCCOCCOCCOCCOCCOCCOCCOCCOCCOCCOCCOCCOCCOCCOCCOCCOCCOCCOCCOCCOCCOCCOCCOCCOCCOCCOCCOCCOCCOCCOCCOCCOCCOCCOCCOCCOCCOCCOCCOCCOCCOCCOCCOCCOCCOCCOCCOCCO,74.42,,,0.226,,,95.7,,,-2.1,,,wt/wt,12.5,OTHER_wt_ratio,"synthesis_method: Microfluidic; device_used: ; total_flow_rate_ml_min: ; flow_rate_ratio: 3:1 (ethanol:aqueous); aqueous_phase_composition: 10 mM citrate buffer (pH 3.0); organic_phase_composition: ethanol containing lipids; mixing_time_sec: ; temperature_condition: room temperature; post_processing: dialyzed against PBS for 2 hours, 0.22 ¥ìm filtration; sterilization: 0.22 ¥ìm sterile filter; storage_buffer: PBS","cell_line: bEnd.3; animal_model: C57BL/6 mice; administration_route: IV; dose: 0.25 ¥ìg b-mRNA per formulation; biodistribution_result: liver, spleen, lung, brain, kidney, heart, pancreas, muscle",,,,10.1016/j.jconrel.2019.10.028,Ionizable lipid nanoparticles encapsulating barcoded mRNA for accelerated in vivo delivery screening,"['Pedro P. Guimaraes', 'Rui Zhang', 'Roman Spektor', 'Mingchee Tan', 'Amanda Chung', 'Margaret M. Billingsley', 'Rakan El-Mayta', 'Rachel S. Riley', 'Lili Wang', 'James M. Wilson', 'Michael J. Mitchell']",Journal of Controlled Release,2019.0,C12-200,DOPE,cholesterol,C14-PEG2000
455,C12-200,DOPE,cholesterol,C14-PEG2000,35:3.0:40.0:22,mRNA,"luciferase, barcode(luciferase mrna with barcode and umi)",NCCN1CCN(CCN(CC(O)CCCCCCCCCCCC)CC(O)CCCCCCCCCCCC)CC1CN(CC(O)CCCCCCCCCCCC)CN(CC(O)CCCCCCCCCCCC)CC(O)CCCCCCCCCCCC,CCCCCCCC/C=C\CCCCCCCC(=O)OC[C@H](COP(=O)(O)OCCN)OC(=O)CCCCCCC/C=C\CCCCCCCC,C[C@H](CCCC(C)C)[C@H]1CC[C@@H]2[C@@]1(CC[C@H]3[C@H]2CC=C4[C@@]3(CC[C@@H](C4)O)C)C,CCCCCCCCCCCCCCOC(=O)CCOCCOCCOCCOCCOCCOCCOCCOCCOCCOCCOCCOCCOCCOCCOCCOCCOCCOCCOCCOCCOCCOCCOCCOCCOCCOCCOCCOCCOCCOCCOCCOCCOCCOCCOCCOCCOCCOCCOCCOCCOCCOCCOCCOCCOCCOCCOCCOCCOCCOCCOCCOCCOCCOCCOCCOCCOCCOCCOCCOCCOCCOCCOCCOCCOCCOCCOCCOCCOCCOCCOCCOCCOCCOCCOCCOCCOCCOCCOCCOCCOCCOCCOCCOCCOCCOCCOCCOCCOCCO,82.03,,,0.221,,,90.7,,,-3.39,,,wt/wt,7.5,OTHER_wt_ratio,"synthesis_method: Microfluidic; device_used: ; total_flow_rate_ml_min: ; flow_rate_ratio: 3:1 (ethanol:aqueous); aqueous_phase_composition: 10 mM citrate buffer (pH 3.0); organic_phase_composition: ethanol containing lipids; mixing_time_sec: ; temperature_condition: room temperature; post_processing: dialyzed against PBS for 2 hours, 0.22 ¥ìm filtration; sterilization: 0.22 ¥ìm sterile filter; storage_buffer: PBS","cell_line: bEnd.3; animal_model: C57BL/6 mice; administration_route: IV; dose: 0.25 ¥ìg b-mRNA per formulation; biodistribution_result: liver, spleen, lung, brain, kidney, heart, pancreas, muscle",,,,10.1016/j.jconrel.2019.10.028,Ionizable lipid nanoparticles encapsulating barcoded mRNA for accelerated in vivo delivery screening,"['Pedro P. Guimaraes', 'Rui Zhang', 'Roman Spektor', 'Mingchee Tan', 'Amanda Chung', 'Margaret M. Billingsley', 'Rakan El-Mayta', 'Rachel S. Riley', 'Lili Wang', 'James M. Wilson', 'Michael J. Mitchell']",Journal of Controlled Release,2019.0,C12-200,DOPE,cholesterol,C14-PEG2000
456,C12-200,DOPE,cholesterol,C14-PEG2000,35:3.5:39.5:22,mRNA,"luciferase, barcode(luciferase mrna with barcode and umi)",NCCN1CCN(CCN(CC(O)CCCCCCCCCCCC)CC(O)CCCCCCCCCCCC)CC1CN(CC(O)CCCCCCCCCCCC)CN(CC(O)CCCCCCCCCCCC)CC(O)CCCCCCCCCCCC,CCCCCCCC/C=C\CCCCCCCC(=O)OC[C@H](COP(=O)(O)OCCN)OC(=O)CCCCCCC/C=C\CCCCCCCC,C[C@H](CCCC(C)C)[C@H]1CC[C@@H]2[C@@]1(CC[C@H]3[C@H]2CC=C4[C@@]3(CC[C@@H](C4)O)C)C,CCCCCCCCCCCCCCOC(=O)CCOCCOCCOCCOCCOCCOCCOCCOCCOCCOCCOCCOCCOCCOCCOCCOCCOCCOCCOCCOCCOCCOCCOCCOCCOCCOCCOCCOCCOCCOCCOCCOCCOCCOCCOCCOCCOCCOCCOCCOCCOCCOCCOCCOCCOCCOCCOCCOCCOCCOCCOCCOCCOCCOCCOCCOCCOCCOCCOCCOCCOCCOCCOCCOCCOCCOCCOCCOCCOCCOCCOCCOCCOCCOCCOCCOCCOCCOCCOCCOCCOCCOCCOCCOCCOCCOCCOCCOCCOCCO,79.23,,,0.212,,,49.9,,,-4.34,,,wt/wt,10.0,OTHER_wt_ratio,"synthesis_method: Microfluidic; device_used: ; total_flow_rate_ml_min: ; flow_rate_ratio: 3:1 (ethanol:aqueous); aqueous_phase_composition: 10 mM citrate buffer (pH 3.0); organic_phase_composition: ethanol containing lipids; mixing_time_sec: ; temperature_condition: room temperature; post_processing: dialyzed against PBS for 2 hours, 0.22 ¥ìm filtration; sterilization: 0.22 ¥ìm sterile filter; storage_buffer: PBS","cell_line: bEnd.3; animal_model: C57BL/6 mice; administration_route: IV; dose: 0.25 ¥ìg b-mRNA per formulation; biodistribution_result: liver, spleen, lung, brain, kidney, heart, pancreas, muscle",,,,10.1016/j.jconrel.2019.10.028,Ionizable lipid nanoparticles encapsulating barcoded mRNA for accelerated in vivo delivery screening,"['Pedro P. Guimaraes', 'Rui Zhang', 'Roman Spektor', 'Mingchee Tan', 'Amanda Chung', 'Margaret M. Billingsley', 'Rakan El-Mayta', 'Rachel S. Riley', 'Lili Wang', 'James M. Wilson', 'Michael J. Mitchell']",Journal of Controlled Release,2019.0,C12-200,DOPE,cholesterol,C14-PEG2000
457,C12-200,DOPE,cholesterol,C14-PEG2000,30:3.0:51.0:16,mRNA,"luciferase, barcode(luciferase mrna with barcode and umi)",NCCN1CCN(CCN(CC(O)CCCCCCCCCCCC)CC(O)CCCCCCCCCCCC)CC1CN(CC(O)CCCCCCCCCCCC)CN(CC(O)CCCCCCCCCCCC)CC(O)CCCCCCCCCCCC,CCCCCCCC/C=C\CCCCCCCC(=O)OC[C@H](COP(=O)(O)OCCN)OC(=O)CCCCCCC/C=C\CCCCCCCC,C[C@H](CCCC(C)C)[C@H]1CC[C@@H]2[C@@]1(CC[C@H]3[C@H]2CC=C4[C@@]3(CC[C@@H](C4)O)C)C,CCCCCCCCCCCCCCOC(=O)CCOCCOCCOCCOCCOCCOCCOCCOCCOCCOCCOCCOCCOCCOCCOCCOCCOCCOCCOCCOCCOCCOCCOCCOCCOCCOCCOCCOCCOCCOCCOCCOCCOCCOCCOCCOCCOCCOCCOCCOCCOCCOCCOCCOCCOCCOCCOCCOCCOCCOCCOCCOCCOCCOCCOCCOCCOCCOCCOCCOCCOCCOCCOCCOCCOCCOCCOCCOCCOCCOCCOCCOCCOCCOCCOCCOCCOCCOCCOCCOCCOCCOCCOCCOCCOCCOCCOCCOCCOCCO,83.25,,,0.205,,,91.3,,,-5.08,,,wt/wt,10.0,OTHER_wt_ratio,"synthesis_method: Microfluidic; device_used: ; total_flow_rate_ml_min: ; flow_rate_ratio: 3:1 (ethanol:aqueous); aqueous_phase_composition: 10 mM citrate buffer (pH 3.0); organic_phase_composition: ethanol containing lipids; mixing_time_sec: ; temperature_condition: room temperature; post_processing: dialyzed against PBS for 2 hours, 0.22 ¥ìm filtration; sterilization: 0.22 ¥ìm sterile filter; storage_buffer: PBS","cell_line: bEnd.3; animal_model: C57BL/6 mice; administration_route: IV; dose: 0.25 ¥ìg b-mRNA per formulation; biodistribution_result: liver, spleen, lung, brain, kidney, heart, pancreas, muscle",,,,10.1016/j.jconrel.2019.10.028,Ionizable lipid nanoparticles encapsulating barcoded mRNA for accelerated in vivo delivery screening,"['Pedro P. Guimaraes', 'Rui Zhang', 'Roman Spektor', 'Mingchee Tan', 'Amanda Chung', 'Margaret M. Billingsley', 'Rakan El-Mayta', 'Rachel S. Riley', 'Lili Wang', 'James M. Wilson', 'Michael J. Mitchell']",Journal of Controlled Release,2019.0,C12-200,DOPE,cholesterol,C14-PEG2000
458,C12-200,DOPE,cholesterol,C14-PEG2000,30:2.5:51.5:16,mRNA,"luciferase, barcode(luciferase mrna with barcode and umi)",NCCN1CCN(CCN(CC(O)CCCCCCCCCCCC)CC(O)CCCCCCCCCCCC)CC1CN(CC(O)CCCCCCCCCCCC)CN(CC(O)CCCCCCCCCCCC)CC(O)CCCCCCCCCCCC,CCCCCCCC/C=C\CCCCCCCC(=O)OC[C@H](COP(=O)(O)OCCN)OC(=O)CCCCCCC/C=C\CCCCCCCC,C[C@H](CCCC(C)C)[C@H]1CC[C@@H]2[C@@]1(CC[C@H]3[C@H]2CC=C4[C@@]3(CC[C@@H](C4)O)C)C,CCCCCCCCCCCCCCOC(=O)CCOCCOCCOCCOCCOCCOCCOCCOCCOCCOCCOCCOCCOCCOCCOCCOCCOCCOCCOCCOCCOCCOCCOCCOCCOCCOCCOCCOCCOCCOCCOCCOCCOCCOCCOCCOCCOCCOCCOCCOCCOCCOCCOCCOCCOCCOCCOCCOCCOCCOCCOCCOCCOCCOCCOCCOCCOCCOCCOCCOCCOCCOCCOCCOCCOCCOCCOCCOCCOCCOCCOCCOCCOCCOCCOCCOCCOCCOCCOCCOCCOCCOCCOCCOCCOCCOCCOCCOCCOCCO,81.4,,,0.174,,,92.7,,,-9.04,,,wt/wt,5.0,OTHER_wt_ratio,"synthesis_method: Microfluidic; device_used: ; total_flow_rate_ml_min: ; flow_rate_ratio: 3:1 (ethanol:aqueous); aqueous_phase_composition: 10 mM citrate buffer (pH 3.0); organic_phase_composition: ethanol containing lipids; mixing_time_sec: ; temperature_condition: room temperature; post_processing: dialyzed against PBS for 2 hours, 0.22 ¥ìm filtration; sterilization: 0.22 ¥ìm sterile filter; storage_buffer: PBS","cell_line: bEnd.3; animal_model: C57BL/6 mice; administration_route: IV; dose: 0.25 ¥ìg b-mRNA per formulation; biodistribution_result: liver, spleen, lung, brain, kidney, heart, pancreas, muscle",,,,10.1016/j.jconrel.2019.10.028,Ionizable lipid nanoparticles encapsulating barcoded mRNA for accelerated in vivo delivery screening,"['Pedro P. Guimaraes', 'Rui Zhang', 'Roman Spektor', 'Mingchee Tan', 'Amanda Chung', 'Margaret M. Billingsley', 'Rakan El-Mayta', 'Rachel S. Riley', 'Lili Wang', 'James M. Wilson', 'Michael J. Mitchell']",Journal of Controlled Release,2019.0,C12-200,DOPE,cholesterol,C14-PEG2000
459,C12-200,DOPE,cholesterol,C14-PEG2000,40:1.5:42.5:16,mRNA,"luciferase, barcode(luciferase mrna with barcode and umi)",NCCN1CCN(CCN(CC(O)CCCCCCCCCCCC)CC(O)CCCCCCCCCCCC)CC1CN(CC(O)CCCCCCCCCCCC)CN(CC(O)CCCCCCCCCCCC)CC(O)CCCCCCCCCCCC,CCCCCCCC/C=C\CCCCCCCC(=O)OC[C@H](COP(=O)(O)OCCN)OC(=O)CCCCCCC/C=C\CCCCCCCC,C[C@H](CCCC(C)C)[C@H]1CC[C@@H]2[C@@]1(CC[C@H]3[C@H]2CC=C4[C@@]3(CC[C@@H](C4)O)C)C,CCCCCCCCCCCCCCOC(=O)CCOCCOCCOCCOCCOCCOCCOCCOCCOCCOCCOCCOCCOCCOCCOCCOCCOCCOCCOCCOCCOCCOCCOCCOCCOCCOCCOCCOCCOCCOCCOCCOCCOCCOCCOCCOCCOCCOCCOCCOCCOCCOCCOCCOCCOCCOCCOCCOCCOCCOCCOCCOCCOCCOCCOCCOCCOCCOCCOCCOCCOCCOCCOCCOCCOCCOCCOCCOCCOCCOCCOCCOCCOCCOCCOCCOCCOCCOCCOCCOCCOCCOCCOCCOCCOCCOCCOCCOCCOCCO,75.58,,,0.208,,,89.1,,,-8.16,,,wt/wt,7.5,OTHER_wt_ratio,"synthesis_method: Microfluidic; device_used: ; total_flow_rate_ml_min: ; flow_rate_ratio: 3:1 (ethanol:aqueous); aqueous_phase_composition: 10 mM citrate buffer (pH 3.0); organic_phase_composition: ethanol containing lipids; mixing_time_sec: ; temperature_condition: room temperature; post_processing: dialyzed against PBS for 2 hours, 0.22 ¥ìm filtration; sterilization: 0.22 ¥ìm sterile filter; storage_buffer: PBS","cell_line: bEnd.3; animal_model: C57BL/6 mice; administration_route: IV; dose: 0.25 ¥ìg b-mRNA per formulation; biodistribution_result: liver, spleen, lung, brain, kidney, heart, pancreas, muscle",,,,10.1016/j.jconrel.2019.10.028,Ionizable lipid nanoparticles encapsulating barcoded mRNA for accelerated in vivo delivery screening,"['Pedro P. Guimaraes', 'Rui Zhang', 'Roman Spektor', 'Mingchee Tan', 'Amanda Chung', 'Margaret M. Billingsley', 'Rakan El-Mayta', 'Rachel S. Riley', 'Lili Wang', 'James M. Wilson', 'Michael J. Mitchell']",Journal of Controlled Release,2019.0,C12-200,DOPE,cholesterol,C14-PEG2000
460,C12-200,DOPE,cholesterol,C14-PEG2000,35:2.5:46.5:16,mRNA,"luciferase, barcode(luciferase mrna with barcode and umi)",NCCN1CCN(CCN(CC(O)CCCCCCCCCCCC)CC(O)CCCCCCCCCCCC)CC1CN(CC(O)CCCCCCCCCCCC)CN(CC(O)CCCCCCCCCCCC)CC(O)CCCCCCCCCCCC,CCCCCCCC/C=C\CCCCCCCC(=O)OC[C@H](COP(=O)(O)OCCN)OC(=O)CCCCCCC/C=C\CCCCCCCC,C[C@H](CCCC(C)C)[C@H]1CC[C@@H]2[C@@]1(CC[C@H]3[C@H]2CC=C4[C@@]3(CC[C@@H](C4)O)C)C,CCCCCCCCCCCCCCOC(=O)CCOCCOCCOCCOCCOCCOCCOCCOCCOCCOCCOCCOCCOCCOCCOCCOCCOCCOCCOCCOCCOCCOCCOCCOCCOCCOCCOCCOCCOCCOCCOCCOCCOCCOCCOCCOCCOCCOCCOCCOCCOCCOCCOCCOCCOCCOCCOCCOCCOCCOCCOCCOCCOCCOCCOCCOCCOCCOCCOCCOCCOCCOCCOCCOCCOCCOCCOCCOCCOCCOCCOCCOCCOCCOCCOCCOCCOCCOCCOCCOCCOCCOCCOCCOCCOCCOCCOCCOCCOCCO,83.55,,,0.203,,,89.8,,,-11.7,,,wt/wt,5.0,OTHER_wt_ratio,"synthesis_method: Microfluidic; device_used: ; total_flow_rate_ml_min: ; flow_rate_ratio: 3:1 (ethanol:aqueous); aqueous_phase_composition: 10 mM citrate buffer (pH 3.0); organic_phase_composition: ethanol containing lipids; mixing_time_sec: ; temperature_condition: room temperature; post_processing: dialyzed against PBS for 2 hours, 0.22 ¥ìm filtration; sterilization: 0.22 ¥ìm sterile filter; storage_buffer: PBS","cell_line: bEnd.3; animal_model: C57BL/6 mice; administration_route: IV; dose: 0.25 ¥ìg b-mRNA per formulation; biodistribution_result: liver, spleen, lung, brain, kidney, heart, pancreas, muscle",,,,10.1016/j.jconrel.2019.10.028,Ionizable lipid nanoparticles encapsulating barcoded mRNA for accelerated in vivo delivery screening,"['Pedro P. Guimaraes', 'Rui Zhang', 'Roman Spektor', 'Mingchee Tan', 'Amanda Chung', 'Margaret M. Billingsley', 'Rakan El-Mayta', 'Rachel S. Riley', 'Lili Wang', 'James M. Wilson', 'Michael J. Mitchell']",Journal of Controlled Release,2019.0,C12-200,DOPE,cholesterol,C14-PEG2000
461,C12-200,DOPE,cholesterol,C14-PEG2000,35:2.5:46.5:16,mRNA,"luciferase, barcode(luciferase mrna with barcode and umi)",NCCN1CCN(CCN(CC(O)CCCCCCCCCCCC)CC(O)CCCCCCCCCCCC)CC1CN(CC(O)CCCCCCCCCCCC)CN(CC(O)CCCCCCCCCCCC)CC(O)CCCCCCCCCCCC,CCCCCCCC/C=C\CCCCCCCC(=O)OC[C@H](COP(=O)(O)OCCN)OC(=O)CCCCCCC/C=C\CCCCCCCC,C[C@H](CCCC(C)C)[C@H]1CC[C@@H]2[C@@]1(CC[C@H]3[C@H]2CC=C4[C@@]3(CC[C@@H](C4)O)C)C,CCCCCCCCCCCCCCOC(=O)CCOCCOCCOCCOCCOCCOCCOCCOCCOCCOCCOCCOCCOCCOCCOCCOCCOCCOCCOCCOCCOCCOCCOCCOCCOCCOCCOCCOCCOCCOCCOCCOCCOCCOCCOCCOCCOCCOCCOCCOCCOCCOCCOCCOCCOCCOCCOCCOCCOCCOCCOCCOCCOCCOCCOCCOCCOCCOCCOCCOCCOCCOCCOCCOCCOCCOCCOCCOCCOCCOCCOCCOCCOCCOCCOCCOCCOCCOCCOCCOCCOCCOCCOCCOCCOCCOCCOCCOCCOCCO,88.09,,,0.224,,,88.4,,,-7.53,,,wt/wt,7.5,OTHER_wt_ratio,"synthesis_method: Microfluidic; device_used: ; total_flow_rate_ml_min: ; flow_rate_ratio: 3:1 (ethanol:aqueous); aqueous_phase_composition: 10 mM citrate buffer (pH 3.0); organic_phase_composition: ethanol containing lipids; mixing_time_sec: ; temperature_condition: room temperature; post_processing: dialyzed against PBS for 2 hours, 0.22 ¥ìm filtration; sterilization: 0.22 ¥ìm sterile filter; storage_buffer: PBS","cell_line: bEnd.3; animal_model: C57BL/6 mice; administration_route: IV; dose: 0.25 ¥ìg b-mRNA per formulation; biodistribution_result: liver, spleen, lung, brain, kidney, heart, pancreas, muscle",,,,10.1016/j.jconrel.2019.10.028,Ionizable lipid nanoparticles encapsulating barcoded mRNA for accelerated in vivo delivery screening,"['Pedro P. Guimaraes', 'Rui Zhang', 'Roman Spektor', 'Mingchee Tan', 'Amanda Chung', 'Margaret M. Billingsley', 'Rakan El-Mayta', 'Rachel S. Riley', 'Lili Wang', 'James M. Wilson', 'Michael J. Mitchell']",Journal of Controlled Release,2019.0,C12-200,DOPE,cholesterol,C14-PEG2000
462,C12-200,DOPE,cholesterol,C14-PEG2000,35:2.5:46.5:16,mRNA,"luciferase, barcode(luciferase mrna with barcode and umi)",NCCN1CCN(CCN(CC(O)CCCCCCCCCCCC)CC(O)CCCCCCCCCCCC)CC1CN(CC(O)CCCCCCCCCCCC)CN(CC(O)CCCCCCCCCCCC)CC(O)CCCCCCCCCCCC,CCCCCCCC/C=C\CCCCCCCC(=O)OC[C@H](COP(=O)(O)OCCN)OC(=O)CCCCCCC/C=C\CCCCCCCC,C[C@H](CCCC(C)C)[C@H]1CC[C@@H]2[C@@]1(CC[C@H]3[C@H]2CC=C4[C@@]3(CC[C@@H](C4)O)C)C,CCCCCCCCCCCCCCOC(=O)CCOCCOCCOCCOCCOCCOCCOCCOCCOCCOCCOCCOCCOCCOCCOCCOCCOCCOCCOCCOCCOCCOCCOCCOCCOCCOCCOCCOCCOCCOCCOCCOCCOCCOCCOCCOCCOCCOCCOCCOCCOCCOCCOCCOCCOCCOCCOCCOCCOCCOCCOCCOCCOCCOCCOCCOCCOCCOCCOCCOCCOCCOCCOCCOCCOCCOCCOCCOCCOCCOCCOCCOCCOCCOCCOCCOCCOCCOCCOCCOCCOCCOCCOCCOCCOCCOCCOCCOCCOCCO,83.36,,,0.204,,,87.4,,,-3.77,,,wt/wt,10.0,OTHER_wt_ratio,"synthesis_method: Microfluidic; device_used: ; total_flow_rate_ml_min: ; flow_rate_ratio: 3:1 (ethanol:aqueous); aqueous_phase_composition: 10 mM citrate buffer (pH 3.0); organic_phase_composition: ethanol containing lipids; mixing_time_sec: ; temperature_condition: room temperature; post_processing: dialyzed against PBS for 2 hours, 0.22 ¥ìm filtration; sterilization: 0.22 ¥ìm sterile filter; storage_buffer: PBS",cell_line: bEnd.3; animal_model: C57BL/6 mice; administration_route: IV; dose: 0.25 ¥ìg b-mRNA per formulation; gene_expression_result: Higher luciferase expression compared to F01; biodistribution_result: Higher delivery to liver and spleen compared to F01,1.0,numeric,,10.1016/j.jconrel.2019.10.028,Ionizable lipid nanoparticles encapsulating barcoded mRNA for accelerated in vivo delivery screening,"['Pedro P. Guimaraes', 'Rui Zhang', 'Roman Spektor', 'Mingchee Tan', 'Amanda Chung', 'Margaret M. Billingsley', 'Rakan El-Mayta', 'Rachel S. Riley', 'Lili Wang', 'James M. Wilson', 'Michael J. Mitchell']",Journal of Controlled Release,2019.0,C12-200,DOPE,cholesterol,C14-PEG2000
463,C12-200,DOPE,cholesterol,C14-PEG2000,35:2.5:46.5:16,mRNA,"luciferase, barcode(luciferase mrna with barcode and umi)",NCCN1CCN(CCN(CC(O)CCCCCCCCCCCC)CC(O)CCCCCCCCCCCC)CC1CN(CC(O)CCCCCCCCCCCC)CN(CC(O)CCCCCCCCCCCC)CC(O)CCCCCCCCCCCC,CCCCCCCC/C=C\CCCCCCCC(=O)OC[C@H](COP(=O)(O)OCCN)OC(=O)CCCCCCC/C=C\CCCCCCCC,C[C@H](CCCC(C)C)[C@H]1CC[C@@H]2[C@@]1(CC[C@H]3[C@H]2CC=C4[C@@]3(CC[C@@H](C4)O)C)C,CCCCCCCCCCCCCCOC(=O)CCOCCOCCOCCOCCOCCOCCOCCOCCOCCOCCOCCOCCOCCOCCOCCOCCOCCOCCOCCOCCOCCOCCOCCOCCOCCOCCOCCOCCOCCOCCOCCOCCOCCOCCOCCOCCOCCOCCOCCOCCOCCOCCOCCOCCOCCOCCOCCOCCOCCOCCOCCOCCOCCOCCOCCOCCOCCOCCOCCOCCOCCOCCOCCOCCOCCOCCOCCOCCOCCOCCOCCOCCOCCOCCOCCOCCOCCOCCOCCOCCOCCOCCOCCOCCOCCOCCOCCOCCOCCO,77.32,,,0.214,,,76.6,,,-4.23,,,wt/wt,12.5,OTHER_wt_ratio,"synthesis_method: Microfluidic; device_used: ; total_flow_rate_ml_min: ; flow_rate_ratio: 3:1 (ethanol:aqueous); aqueous_phase_composition: 10 mM citrate buffer (pH 3.0); organic_phase_composition: ethanol containing lipids; mixing_time_sec: ; temperature_condition: room temperature; post_processing: dialyzed against PBS for 2 hours, 0.22 ¥ìm filtration; sterilization: 0.22 ¥ìm sterile filter; storage_buffer: PBS","cell_line: bEnd.3; animal_model: C57BL/6 mice; administration_route: IV; dose: 0.25 ¥ìg b-mRNA per formulation; gene_expression_result: High delivery to most tissues; biodistribution_result: Higher b-mRNA delivery to liver, spleen, brain, heart, kidney, and pancreas",,,,10.1016/j.jconrel.2019.10.028,Ionizable lipid nanoparticles encapsulating barcoded mRNA for accelerated in vivo delivery screening,"['Pedro P. Guimaraes', 'Rui Zhang', 'Roman Spektor', 'Mingchee Tan', 'Amanda Chung', 'Margaret M. Billingsley', 'Rakan El-Mayta', 'Rachel S. Riley', 'Lili Wang', 'James M. Wilson', 'Michael J. Mitchell']",Journal of Controlled Release,2019.0,C12-200,DOPE,cholesterol,C14-PEG2000
464,C12-200,DOPE,cholesterol,C14-PEG2000,35:2.5:46.5:16,mRNA,"luciferase, barcode(luciferase mrna with barcode and umi)",NCCN1CCN(CCN(CC(O)CCCCCCCCCCCC)CC(O)CCCCCCCCCCCC)CC1CN(CC(O)CCCCCCCCCCCC)CN(CC(O)CCCCCCCCCCCC)CC(O)CCCCCCCCCCCC,CCCCCCCC/C=C\CCCCCCCC(=O)OC[C@H](COP(=O)(O)OCCN)OC(=O)CCCCCCC/C=C\CCCCCCCC,C[C@H](CCCC(C)C)[C@H]1CC[C@@H]2[C@@]1(CC[C@H]3[C@H]2CC=C4[C@@]3(CC[C@@H](C4)O)C)C,CCCCCCCCCCCCCCOC(=O)CCOCCOCCOCCOCCOCCOCCOCCOCCOCCOCCOCCOCCOCCOCCOCCOCCOCCOCCOCCOCCOCCOCCOCCOCCOCCOCCOCCOCCOCCOCCOCCOCCOCCOCCOCCOCCOCCOCCOCCOCCOCCOCCOCCOCCOCCOCCOCCOCCOCCOCCOCCOCCOCCOCCOCCOCCOCCOCCOCCOCCOCCOCCOCCOCCOCCOCCOCCOCCOCCOCCOCCOCCOCCOCCOCCOCCOCCOCCOCCOCCOCCOCCOCCOCCOCCOCCOCCOCCOCCO,84.71,,,0.233,,,88.7,,,-4.22,,,wt/wt,15.0,OTHER_wt_ratio,"synthesis_method: Microfluidic; device_used: ; total_flow_rate_ml_min: ; flow_rate_ratio: 3:1 (ethanol:aqueous); aqueous_phase_composition: 10 mM citrate buffer (pH 3.0); organic_phase_composition: ethanol containing lipids; mixing_time_sec: ; temperature_condition: room temperature; post_processing: dialyzed against PBS for 2 hours, 0.22 ¥ìm filtration; sterilization: 0.22 ¥ìm sterile filter; storage_buffer: PBS","cell_line: bEnd.3; animal_model: C57BL/6 mice; administration_route: IV; dose: 0.25 ¥ìg b-mRNA per formulation; gene_expression_result: High delivery to most tissues; biodistribution_result: Higher b-mRNA delivery to liver, spleen, brain, heart, kidney, and pancreas",,,,10.1016/j.jconrel.2019.10.028,Ionizable lipid nanoparticles encapsulating barcoded mRNA for accelerated in vivo delivery screening,"['Pedro P. Guimaraes', 'Rui Zhang', 'Roman Spektor', 'Mingchee Tan', 'Amanda Chung', 'Margaret M. Billingsley', 'Rakan El-Mayta', 'Rachel S. Riley', 'Lili Wang', 'James M. Wilson', 'Michael J. Mitchell']",Journal of Controlled Release,2019.0,C12-200,DOPE,cholesterol,C14-PEG2000
465,C12-200,DOPE,cholesterol,C14-PEG2000,35:2.5:46.5:16,mRNA,"luciferase, barcode(luciferase mrna with barcode and umi)",NCCN1CCN(CCN(CC(O)CCCCCCCCCCCC)CC(O)CCCCCCCCCCCC)CC1CN(CC(O)CCCCCCCCCCCC)CN(CC(O)CCCCCCCCCCCC)CC(O)CCCCCCCCCCCC,CCCCCCCC/C=C\CCCCCCCC(=O)OC[C@H](COP(=O)(O)OCCN)OC(=O)CCCCCCC/C=C\CCCCCCCC,C[C@H](CCCC(C)C)[C@H]1CC[C@@H]2[C@@]1(CC[C@H]3[C@H]2CC=C4[C@@]3(CC[C@@H](C4)O)C)C,CCCCCCCCCCCCCCOC(=O)CCOCCOCCOCCOCCOCCOCCOCCOCCOCCOCCOCCOCCOCCOCCOCCOCCOCCOCCOCCOCCOCCOCCOCCOCCOCCOCCOCCOCCOCCOCCOCCOCCOCCOCCOCCOCCOCCOCCOCCOCCOCCOCCOCCOCCOCCOCCOCCOCCOCCOCCOCCOCCOCCOCCOCCOCCOCCOCCOCCOCCOCCOCCOCCOCCOCCOCCOCCOCCOCCOCCOCCOCCOCCOCCOCCOCCOCCOCCOCCOCCOCCOCCOCCOCCOCCOCCOCCOCCOCCO,80.85,,,0.223,,,86.1,,,-4.01,,,wt/wt,25.0,OTHER_wt_ratio,"synthesis_method: Microfluidic; device_used: ; total_flow_rate_ml_min: ; flow_rate_ratio: 3:1 (ethanol:aqueous); aqueous_phase_composition: 10 mM citrate buffer (pH 3.0); organic_phase_composition: ethanol containing lipids; mixing_time_sec: ; temperature_condition: room temperature; post_processing: dialyzed against PBS for 2 hours, 0.22 ¥ìm filtration; sterilization: 0.22 ¥ìm sterile filter; storage_buffer: PBS","cell_line: bEnd.3; animal_model: C57BL/6 mice; administration_route: IV; dose: 0.25 ¥ìg b-mRNA per formulation; gene_expression_result: High delivery to most tissues, highest luciferase expression; biodistribution_result: Higher b-mRNA delivery to liver, spleen, brain, heart, kidney, and pancreas",,,,10.1016/j.jconrel.2019.10.028,Ionizable lipid nanoparticles encapsulating barcoded mRNA for accelerated in vivo delivery screening,"['Pedro P. Guimaraes', 'Rui Zhang', 'Roman Spektor', 'Mingchee Tan', 'Amanda Chung', 'Margaret M. Billingsley', 'Rakan El-Mayta', 'Rachel S. Riley', 'Lili Wang', 'James M. Wilson', 'Michael J. Mitchell']",Journal of Controlled Release,2019.0,C12-200,DOPE,cholesterol,C14-PEG2000
466,Custom lipid,DSPC,cholesterol,C14-PEG2000,50:1.5:38.5:10,mRNA,firefly_luciferase,,CCCCCCCCCCCCCCCCCC(=O)OC[C@H](COP(=O)([O-])OCC[N+](C)(C)C)OC(=O)CCCCCCCCCCCCCCCCC,C[C@H](CCCC(C)C)[C@H]1CC[C@@H]2[C@@]1(CC[C@H]3[C@H]2CC=C4[C@@]3(CC[C@@H](C4)O)C)C,CCCCCCCCCCCCCCOC(=O)CCOCCOCCOCCOCCOCCOCCOCCOCCOCCOCCOCCOCCOCCOCCOCCOCCOCCOCCOCCOCCOCCOCCOCCOCCOCCOCCOCCOCCOCCOCCOCCOCCOCCOCCOCCOCCOCCOCCOCCOCCOCCOCCOCCOCCOCCOCCOCCOCCOCCOCCOCCOCCOCCOCCOCCOCCOCCOCCOCCOCCOCCOCCOCCOCCOCCOCCOCCOCCOCCOCCOCCOCCOCCOCCOCCOCCOCCOCCOCCOCCOCCOCCOCCOCCOCCOCCOCCOCCOCCO,173.6,,,0.184,,,78.45,,,,,,concentration,0.1,¥ìg/¥ìL,"synthesis_method: Microfluidic; device_used: T-junction device; total_flow_rate_ml_min: ; flow_rate_ratio: ; aqueous_phase_composition: 10 mM citrate buffer, pH 4.0; organic_phase_composition: ethanol; mixing_time_sec: ; temperature_condition: room temperature; post_processing: dialyzed against 1¡¿ PBS in 10,000 MWCO cassette at 4¡ÆC for 12 h; sterilization: ; storage_buffer: 1¡¿ PBS",animal_model: C57BL/6 mice; administration_route: intramuscular (I.M.); dose: 0.32 mg/kg mLuc; gene_expression_result: measured by IVIS imaging; biodistribution_result: muscle tissue,,,,https://doi.org/10.1073/pnas.2409572122,Rational design and modular synthesis of biodegradable ionizable lipids via the Passerini reaction for mRNA delivery,"['Yue Xu', 'Fanglin Gong', 'Alex Golubovic', 'Amy Strilchuk', 'Jingan Chen', 'Muye Zhou', 'Songtao Dong', 'Breanna Seto', 'Bowen Li']",PNAS,2025.0,H1A1B1,DSPC,cholesterol,C14-PEG2000
467,Custom lipid,DSPC,cholesterol,C14-PEG2000,50:1.5:38.5:10,mRNA,firefly_luciferase,,CCCCCCCCCCCCCCCCCC(=O)OC[C@H](COP(=O)([O-])OCC[N+](C)(C)C)OC(=O)CCCCCCCCCCCCCCCCC,C[C@H](CCCC(C)C)[C@H]1CC[C@@H]2[C@@]1(CC[C@H]3[C@H]2CC=C4[C@@]3(CC[C@@H](C4)O)C)C,CCCCCCCCCCCCCCOC(=O)CCOCCOCCOCCOCCOCCOCCOCCOCCOCCOCCOCCOCCOCCOCCOCCOCCOCCOCCOCCOCCOCCOCCOCCOCCOCCOCCOCCOCCOCCOCCOCCOCCOCCOCCOCCOCCOCCOCCOCCOCCOCCOCCOCCOCCOCCOCCOCCOCCOCCOCCOCCOCCOCCOCCOCCOCCOCCOCCOCCOCCOCCOCCOCCOCCOCCOCCOCCOCCOCCOCCOCCOCCOCCOCCOCCOCCOCCOCCOCCOCCOCCOCCOCCOCCOCCOCCOCCOCCOCCO,182.6,,,0.209,,,88.62,,,,,,concentration,0.1,¥ìg/¥ìL,"synthesis_method: Microfluidic; device_used: T-junction device; total_flow_rate_ml_min: ; flow_rate_ratio: ; aqueous_phase_composition: 10 mM citrate buffer, pH 4.0; organic_phase_composition: ethanol; mixing_time_sec: ; temperature_condition: room temperature; post_processing: dialyzed against 1¡¿ PBS in 10,000 MWCO cassette at 4¡ÆC for 12 h; sterilization: ; storage_buffer: 1¡¿ PBS",animal_model: C57BL/6 mice; administration_route: intramuscular (I.M.); dose: 0.32 mg/kg mLuc; gene_expression_result: measured by IVIS imaging; biodistribution_result: muscle tissue,,,,https://doi.org/10.1073/pnas.2409572122,Rational design and modular synthesis of biodegradable ionizable lipids via the Passerini reaction for mRNA delivery,"['Yue Xu', 'Fanglin Gong', 'Alex Golubovic', 'Amy Strilchuk', 'Jingan Chen', 'Muye Zhou', 'Songtao Dong', 'Breanna Seto', 'Bowen Li']",PNAS,2025.0,H1A1B2,DSPC,cholesterol,C14-PEG2000
468,Custom lipid,DSPC,cholesterol,C14-PEG2000,50:1.5:38.5:10,mRNA,firefly_luciferase,,CCCCCCCCCCCCCCCCCC(=O)OC[C@H](COP(=O)([O-])OCC[N+](C)(C)C)OC(=O)CCCCCCCCCCCCCCCCC,C[C@H](CCCC(C)C)[C@H]1CC[C@@H]2[C@@]1(CC[C@H]3[C@H]2CC=C4[C@@]3(CC[C@@H](C4)O)C)C,CCCCCCCCCCCCCCOC(=O)CCOCCOCCOCCOCCOCCOCCOCCOCCOCCOCCOCCOCCOCCOCCOCCOCCOCCOCCOCCOCCOCCOCCOCCOCCOCCOCCOCCOCCOCCOCCOCCOCCOCCOCCOCCOCCOCCOCCOCCOCCOCCOCCOCCOCCOCCOCCOCCOCCOCCOCCOCCOCCOCCOCCOCCOCCOCCOCCOCCOCCOCCOCCOCCOCCOCCOCCOCCOCCOCCOCCOCCOCCOCCOCCOCCOCCOCCOCCOCCOCCOCCOCCOCCOCCOCCOCCOCCOCCOCCO,129.2,,,0.139,,,85.73,,,,,,concentration,0.1,¥ìg/¥ìL,"synthesis_method: Microfluidic; device_used: T-junction device; total_flow_rate_ml_min: ; flow_rate_ratio: ; aqueous_phase_composition: 10 mM citrate buffer, pH 4.0; organic_phase_composition: ethanol; mixing_time_sec: ; temperature_condition: room temperature; post_processing: dialyzed against 1¡¿ PBS in 10,000 MWCO cassette at 4¡ÆC for 12 h; sterilization: ; storage_buffer: 1¡¿ PBS",animal_model: C57BL/6 mice; administration_route: intramuscular (I.M.); dose: 0.32 mg/kg mLuc; gene_expression_result: measured by IVIS imaging; biodistribution_result: muscle tissue,,,,https://doi.org/10.1073/pnas.2409572122,Rational design and modular synthesis of biodegradable ionizable lipids via the Passerini reaction for mRNA delivery,"['Yue Xu', 'Fanglin Gong', 'Alex Golubovic', 'Amy Strilchuk', 'Jingan Chen', 'Muye Zhou', 'Songtao Dong', 'Breanna Seto', 'Bowen Li']",PNAS,2025.0,H1A1B3,DSPC,cholesterol,C14-PEG2000
469,Custom lipid,DSPC,cholesterol,C14-PEG2000,50:1.5:38.5:10,mRNA,firefly_luciferase,,CCCCCCCCCCCCCCCCCC(=O)OC[C@H](COP(=O)([O-])OCC[N+](C)(C)C)OC(=O)CCCCCCCCCCCCCCCCC,C[C@H](CCCC(C)C)[C@H]1CC[C@@H]2[C@@]1(CC[C@H]3[C@H]2CC=C4[C@@]3(CC[C@@H](C4)O)C)C,CCCCCCCCCCCCCCOC(=O)CCOCCOCCOCCOCCOCCOCCOCCOCCOCCOCCOCCOCCOCCOCCOCCOCCOCCOCCOCCOCCOCCOCCOCCOCCOCCOCCOCCOCCOCCOCCOCCOCCOCCOCCOCCOCCOCCOCCOCCOCCOCCOCCOCCOCCOCCOCCOCCOCCOCCOCCOCCOCCOCCOCCOCCOCCOCCOCCOCCOCCOCCOCCOCCOCCOCCOCCOCCOCCOCCOCCOCCOCCOCCOCCOCCOCCOCCOCCOCCOCCOCCOCCOCCOCCOCCOCCOCCOCCOCCO,125.4,,,0.155,,,85.71,,,,,,concentration,0.1,¥ìg/¥ìL,"synthesis_method: Microfluidic; device_used: T-junction device; total_flow_rate_ml_min: ; flow_rate_ratio: ; aqueous_phase_composition: 10 mM citrate buffer, pH 4.0; organic_phase_composition: ethanol; mixing_time_sec: ; temperature_condition: room temperature; post_processing: dialyzed against 1¡¿ PBS in 10,000 MWCO cassette at 4¡ÆC for 12 h; sterilization: ; storage_buffer: 1¡¿ PBS",animal_model: C57BL/6 mice; administration_route: intramuscular (I.M.); dose: 0.32 mg/kg mLuc; gene_expression_result: measured by IVIS imaging; biodistribution_result: muscle tissue,,,,https://doi.org/10.1073/pnas.2409572122,Rational design and modular synthesis of biodegradable ionizable lipids via the Passerini reaction for mRNA delivery,"['Yue Xu', 'Fanglin Gong', 'Alex Golubovic', 'Amy Strilchuk', 'Jingan Chen', 'Muye Zhou', 'Songtao Dong', 'Breanna Seto', 'Bowen Li']",PNAS,2025.0,H1A1B4,DSPC,cholesterol,C14-PEG2000
470,Custom lipid,DSPC,cholesterol,C14-PEG2000,50:1.5:38.5:10,mRNA,firefly_luciferase,,CCCCCCCCCCCCCCCCCC(=O)OC[C@H](COP(=O)([O-])OCC[N+](C)(C)C)OC(=O)CCCCCCCCCCCCCCCCC,C[C@H](CCCC(C)C)[C@H]1CC[C@@H]2[C@@]1(CC[C@H]3[C@H]2CC=C4[C@@]3(CC[C@@H](C4)O)C)C,CCCCCCCCCCCCCCOC(=O)CCOCCOCCOCCOCCOCCOCCOCCOCCOCCOCCOCCOCCOCCOCCOCCOCCOCCOCCOCCOCCOCCOCCOCCOCCOCCOCCOCCOCCOCCOCCOCCOCCOCCOCCOCCOCCOCCOCCOCCOCCOCCOCCOCCOCCOCCOCCOCCOCCOCCOCCOCCOCCOCCOCCOCCOCCOCCOCCOCCOCCOCCOCCOCCOCCOCCOCCOCCOCCOCCOCCOCCOCCOCCOCCOCCOCCOCCOCCOCCOCCOCCOCCOCCOCCOCCOCCOCCOCCOCCO,126.6,,,0.193,,,76.7,,,,,,concentration,0.1,¥ìg/¥ìL,"synthesis_method: Microfluidic; device_used: T-junction device; total_flow_rate_ml_min: ; flow_rate_ratio: ; aqueous_phase_composition: 10 mM citrate buffer, pH 4.0; organic_phase_composition: ethanol; mixing_time_sec: ; temperature_condition: room temperature; post_processing: dialyzed against 1¡¿ PBS in 10,000 MWCO cassette at 4¡ÆC for 12 h; sterilization: ; storage_buffer: 1¡¿ PBS",animal_model: C57BL/6 mice; administration_route: intramuscular (I.M.); dose: 0.32 mg/kg mLuc; gene_expression_result: measured by IVIS imaging; biodistribution_result: muscle tissue,,,,https://doi.org/10.1073/pnas.2409572122,Rational design and modular synthesis of biodegradable ionizable lipids via the Passerini reaction for mRNA delivery,"['Yue Xu', 'Fanglin Gong', 'Alex Golubovic', 'Amy Strilchuk', 'Jingan Chen', 'Muye Zhou', 'Songtao Dong', 'Breanna Seto', 'Bowen Li']",PNAS,2025.0,H1A2B1,DSPC,cholesterol,C14-PEG2000
471,Custom lipid,DSPC,cholesterol,C14-PEG2000,50:1.5:38.5:10,mRNA,firefly_luciferase,,CCCCCCCCCCCCCCCCCC(=O)OC[C@H](COP(=O)([O-])OCC[N+](C)(C)C)OC(=O)CCCCCCCCCCCCCCCCC,C[C@H](CCCC(C)C)[C@H]1CC[C@@H]2[C@@]1(CC[C@H]3[C@H]2CC=C4[C@@]3(CC[C@@H](C4)O)C)C,CCCCCCCCCCCCCCOC(=O)CCOCCOCCOCCOCCOCCOCCOCCOCCOCCOCCOCCOCCOCCOCCOCCOCCOCCOCCOCCOCCOCCOCCOCCOCCOCCOCCOCCOCCOCCOCCOCCOCCOCCOCCOCCOCCOCCOCCOCCOCCOCCOCCOCCOCCOCCOCCOCCOCCOCCOCCOCCOCCOCCOCCOCCOCCOCCOCCOCCOCCOCCOCCOCCOCCOCCOCCOCCOCCOCCOCCOCCOCCOCCOCCOCCOCCOCCOCCOCCOCCOCCOCCOCCOCCOCCOCCOCCOCCOCCO,134.6,,,0.141,,,83.02,,,,,,concentration,0.1,¥ìg/¥ìL,"synthesis_method: Microfluidic; device_used: T-junction device; total_flow_rate_ml_min: ; flow_rate_ratio: ; aqueous_phase_composition: 10 mM citrate buffer, pH 4.0; organic_phase_composition: ethanol; mixing_time_sec: ; temperature_condition: room temperature; post_processing: dialyzed against 1¡¿ PBS in 10,000 MWCO cassette at 4¡ÆC for 12 h; sterilization: ; storage_buffer: 1¡¿ PBS",animal_model: C57BL/6 mice; administration_route: intramuscular (I.M.); dose: 0.05 mg/kg mLuc; gene_expression_result: measured by IVIS imaging; biodistribution_result: muscle tissue,,,,https://doi.org/10.1073/pnas.2409572122,Rational design and modular synthesis of biodegradable ionizable lipids via the Passerini reaction for mRNA delivery,"['Yue Xu', 'Fanglin Gong', 'Alex Golubovic', 'Amy Strilchuk', 'Jingan Chen', 'Muye Zhou', 'Songtao Dong', 'Breanna Seto', 'Bowen Li']",PNAS,2025.0,H2A4B3,DSPC,cholesterol,C14-PEG2000
472,Custom lipid,DSPC,cholesterol,C14-PEG2000,50:1.5:38.5:10,mRNA,firefly_luciferase,,CCCCCCCCCCCCCCCCCC(=O)OC[C@H](COP(=O)([O-])OCC[N+](C)(C)C)OC(=O)CCCCCCCCCCCCCCCCC,C[C@H](CCCC(C)C)[C@H]1CC[C@@H]2[C@@]1(CC[C@H]3[C@H]2CC=C4[C@@]3(CC[C@@H](C4)O)C)C,CCCCCCCCCCCCCCOC(=O)CCOCCOCCOCCOCCOCCOCCOCCOCCOCCOCCOCCOCCOCCOCCOCCOCCOCCOCCOCCOCCOCCOCCOCCOCCOCCOCCOCCOCCOCCOCCOCCOCCOCCOCCOCCOCCOCCOCCOCCOCCOCCOCCOCCOCCOCCOCCOCCOCCOCCOCCOCCOCCOCCOCCOCCOCCOCCOCCOCCOCCOCCOCCOCCOCCOCCOCCOCCOCCOCCOCCOCCOCCOCCOCCOCCOCCOCCOCCOCCOCCOCCOCCOCCOCCOCCOCCOCCOCCOCCO,139.4,,,0.154,,,86.24,,,,,,concentration,0.1,¥ìg/¥ìL,"synthesis_method: Microfluidic; device_used: T-junction device; total_flow_rate_ml_min: ; flow_rate_ratio: ; aqueous_phase_composition: 10 mM citrate buffer, pH 4.0; organic_phase_composition: ethanol; mixing_time_sec: ; temperature_condition: room temperature; post_processing: dialyzed against 1¡¿ PBS in 10,000 MWCO cassette at 4¡ÆC for 12 h; sterilization: ; storage_buffer: 1¡¿ PBS",animal_model: C57BL/6 mice; administration_route: intramuscular (I.M.); dose: 0.05 mg/kg mLuc; gene_expression_result: measured by IVIS imaging; biodistribution_result: muscle tissue,,,,https://doi.org/10.1073/pnas.2409572122,Rational design and modular synthesis of biodegradable ionizable lipids via the Passerini reaction for mRNA delivery,"['Yue Xu', 'Fanglin Gong', 'Alex Golubovic', 'Amy Strilchuk', 'Jingan Chen', 'Muye Zhou', 'Songtao Dong', 'Breanna Seto', 'Bowen Li']",PNAS,2025.0,H2A4B4,DSPC,cholesterol,C14-PEG2000
473,Custom lipid,DSPC,cholesterol,C14-PEG2000,50:1.5:38.5:10,mRNA,cre_recombinase,,CCCCCCCCCCCCCCCCCC(=O)OC[C@H](COP(=O)([O-])OCC[N+](C)(C)C)OC(=O)CCCCCCCCCCCCCCCCC,C[C@H](CCCC(C)C)[C@H]1CC[C@@H]2[C@@]1(CC[C@H]3[C@H]2CC=C4[C@@]3(CC[C@@H](C4)O)C)C,CCCCCCCCCCCCCCOC(=O)CCOCCOCCOCCOCCOCCOCCOCCOCCOCCOCCOCCOCCOCCOCCOCCOCCOCCOCCOCCOCCOCCOCCOCCOCCOCCOCCOCCOCCOCCOCCOCCOCCOCCOCCOCCOCCOCCOCCOCCOCCOCCOCCOCCOCCOCCOCCOCCOCCOCCOCCOCCOCCOCCOCCOCCOCCOCCOCCOCCOCCOCCOCCOCCOCCOCCOCCOCCOCCOCCOCCOCCOCCOCCOCCOCCOCCOCCOCCOCCOCCOCCOCCOCCOCCOCCOCCOCCOCCOCCO,,,,,,,,,,,,,concentration,0.1,¥ìg/¥ìL,"synthesis_method: Microfluidic; device_used: T-junction device; total_flow_rate_ml_min: ; flow_rate_ratio: ; aqueous_phase_composition: 10 mM citrate buffer, pH 4.0; organic_phase_composition: ethanol; mixing_time_sec: ; temperature_condition: room temperature; post_processing: dialyzed against 1¡¿ PBS in 10,000 MWCO cassette at 4¡ÆC for 12 h; sterilization: ; storage_buffer: 1¡¿ PBS",animal_model: Ai9 reporter mice (Cg-Gt(ROSA)26Sortm9(CAG-tdTomato)Hze/J); administration_route: retro-orbital injection; dose: 0.5 mg/kg mCre; gene_expression_result: tdTomato fluorescent signals measured by IVIS imaging and flow cytometry; biodistribution_result: liver tissue (hepatocytes and immune cells); toxicity_profile: no significant hepatotoxicity in repeated dosing; cytokine_response: no significant immunogenicity compared to SM-102,,,,https://doi.org/10.1073/pnas.2409572122,Rational design and modular synthesis of biodegradable ionizable lipids via the Passerini reaction for mRNA delivery,"['Yue Xu', 'Fanglin Gong', 'Alex Golubovic', 'Amy Strilchuk', 'Jingan Chen', 'Muye Zhou', 'Songtao Dong', 'Breanna Seto', 'Bowen Li']",PNAS,2025.0,A4B4-S3,DSPC,cholesterol,C14-PEG2000
474,Custom lipid,DSPC,cholesterol,C14-PEG2000,50:1.5:38.5:10,mRNA,cre_recombinase,,CCCCCCCCCCCCCCCCCC(=O)OC[C@H](COP(=O)([O-])OCC[N+](C)(C)C)OC(=O)CCCCCCCCCCCCCCCCC,C[C@H](CCCC(C)C)[C@H]1CC[C@@H]2[C@@]1(CC[C@H]3[C@H]2CC=C4[C@@]3(CC[C@@H](C4)O)C)C,CCCCCCCCCCCCCCOC(=O)CCOCCOCCOCCOCCOCCOCCOCCOCCOCCOCCOCCOCCOCCOCCOCCOCCOCCOCCOCCOCCOCCOCCOCCOCCOCCOCCOCCOCCOCCOCCOCCOCCOCCOCCOCCOCCOCCOCCOCCOCCOCCOCCOCCOCCOCCOCCOCCOCCOCCOCCOCCOCCOCCOCCOCCOCCOCCOCCOCCOCCOCCOCCOCCOCCOCCOCCOCCOCCOCCOCCOCCOCCOCCOCCOCCOCCOCCOCCOCCOCCOCCOCCOCCOCCOCCOCCOCCOCCOCCO,,,,,,,,,,,,,concentration,0.1,¥ìg/¥ìL,"synthesis_method: Microfluidic; device_used: T-junction device; total_flow_rate_ml_min: ; flow_rate_ratio: ; aqueous_phase_composition: 10 mM citrate buffer, pH 4.0; organic_phase_composition: ethanol; mixing_time_sec: ; temperature_condition: room temperature; post_processing: dialyzed against 1¡¿ PBS in 10,000 MWCO cassette at 4¡ÆC for 12 h; sterilization: ; storage_buffer: 1¡¿ PBS",animal_model: Ai9 reporter mice (Cg-Gt(ROSA)26Sortm9(CAG-tdTomato)Hze/J); administration_route: retro-orbital injection; dose: 0.5 mg/kg mCre; gene_expression_result: tdTomato fluorescent signals measured by IVIS imaging and flow cytometry; biodistribution_result: liver tissue (hepatocytes and immune cells),,,,https://doi.org/10.1073/pnas.2409572122,Rational design and modular synthesis of biodegradable ionizable lipids via the Passerini reaction for mRNA delivery,"['Yue Xu', 'Fanglin Gong', 'Alex Golubovic', 'Amy Strilchuk', 'Jingan Chen', 'Muye Zhou', 'Songtao Dong', 'Breanna Seto', 'Bowen Li']",PNAS,2025.0,A4B4-S4,DSPC,cholesterol,C14-PEG2000
475,SM-102,DSPC,cholesterol,C14-PEG2000,50:1.5:38.5:10,mRNA,"epo, cre_recombinase",CCCCCCCCCCCOC(=O)CCCCCN(CCCCCCCC(=O)OC(CCCCCCCC)CCCCCCCC)CCO  ,CCCCCCCCCCCCCCCCCC(=O)OC[C@H](COP(=O)([O-])OCC[N+](C)(C)C)OC(=O)CCCCCCCCCCCCCCCCC,C[C@H](CCCC(C)C)[C@H]1CC[C@@H]2[C@@]1(CC[C@H]3[C@H]2CC=C4[C@@]3(CC[C@@H](C4)O)C)C,CCCCCCCCCCCCCCOC(=O)CCOCCOCCOCCOCCOCCOCCOCCOCCOCCOCCOCCOCCOCCOCCOCCOCCOCCOCCOCCOCCOCCOCCOCCOCCOCCOCCOCCOCCOCCOCCOCCOCCOCCOCCOCCOCCOCCOCCOCCOCCOCCOCCOCCOCCOCCOCCOCCOCCOCCOCCOCCOCCOCCOCCOCCOCCOCCOCCOCCOCCOCCOCCOCCOCCOCCOCCOCCOCCOCCOCCOCCOCCOCCOCCOCCOCCOCCOCCOCCOCCOCCOCCOCCOCCOCCOCCOCCOCCOCCO,,,,,,,,,,,,,concentration,0.1,¥ìg/¥ìL,"synthesis_method: Microfluidic; device_used: T-junction device; total_flow_rate_ml_min: ; flow_rate_ratio: ; aqueous_phase_composition: 10 mM citrate buffer, pH 4.0; organic_phase_composition: ethanol; mixing_time_sec: ; temperature_condition: room temperature; post_processing: dialyzed against 1¡¿ PBS in 10,000 MWCO cassette at 4¡ÆC for 12 h; sterilization: ; storage_buffer: 1¡¿ PBS","cell_line: HEK-293 (cytotoxicity), TH1-Dual cells (immunogenicity); animal_model: Ai9 reporter mice (Cg-Gt(ROSA)26Sortm9(CAG-tdTomato)Hze/J), C57BL/6 mice; administration_route: retro-orbital injection; dose: 0.5 mg/kg mCre, 0.25 mg/kg hEPO; gene_expression_result: tdTomato fluorescent signals, hEPO protein expression measured by ELISA; biodistribution_result: liver tissue; toxicity_profile: used as benchmark control; cytokine_response: used as benchmark control",,,,https://doi.org/10.1073/pnas.2409572122,Rational design and modular synthesis of biodegradable ionizable lipids via the Passerini reaction for mRNA delivery,"['Yue Xu', 'Fanglin Gong', 'Alex Golubovic', 'Amy Strilchuk', 'Jingan Chen', 'Muye Zhou', 'Songtao Dong', 'Breanna Seto', 'Bowen Li']",PNAS,2025.0,SM-102,DSPC,cholesterol,C14-PEG2000
509,SM-102,DSPC,cholesterol,DMG-PEG2000,50:10:38.5:1.5,mRNA,"firefly_luciferase, epo, cre_recombinase",CCCCCCCCCCCOC(=O)CCCCCN(CCCCCCCC(=O)OC(CCCCCCCC)CCCCCCCC)CCO  ,CCCCCCCCCCCCCCCCCC(=O)OC[C@H](COP(=O)([O-])OCC[N+](C)(C)C)OC(=O)CCCCCCCCCCCCCCCCC,C[C@H](CCCC(C)C)[C@H]1CC[C@@H]2[C@@]1(CC[C@H]3[C@H]2CC=C4[C@@]3(CC[C@@H](C4)O)C)C,CCCCCCCCCCCCCC(=O)OCC(COP(=O)([O-])OCCOCCOCCOCCOCCOCCOCCOCCOCCOCCOCCOCCOCCOCCOCCOCCOCCOCCOCCOCCOCCOCCOCCOCCOCCOCCOCCOCCOCCOCCOCCOCCOCCOCCOCCOCCOCCOCCOCCOCCOCCOCCOCCOCCOCCOCCOCCOCCOCCOCCOCCOCCOCCOCCOCCOCCOCCOCCOCCOCCOCCOCCOCCOCCOCCOCCOCCOCCOCCOCCOCCOCCOCCOCCOCCOCCOCCOCCOCCOCCOCCOCCOCCOCCOCCOCCOCCOCCOCCOCCO)OC(=O)CCCCCCCCCCCCC,71.48,4.33,,0.106,0.016,,92.3,0.71,,,,,wt/wt,10.0,OTHER_wt_ratio,"synthesis_method: Microfluidic; device_used: Ignite, PNI, Canada; total_flow_rate_ml_min: 12; flow_rate_ratio: 1:3 (lipid phase:RNA phase); aqueous_phase_composition: PBS and 10.0 mM citrate buffer (volume ratio 2:1); organic_phase_composition: Ethanol; mixing_time_sec: ; temperature_condition: ; post_processing: 40-fold dilution in 1¡¿ PBS, ultrafiltration (Amicon Ultra-15 Centrifugal Filter Unit, UFC9010); sterilization: ; storage_buffer: 1¡¿ PBS","animal_model: BALB/c mice, C57BL/6 mice, LSL-tdTomato mice; administration_route: IV (intravenous); dose: 0.5 mg/kg, 0.1 mg/kg, 0.01 mg/kg; gene_expression_result: 84.5% protein expression maintained at second administration (hEPO); biodistribution_result: Primarily liver; cytokine_response: Anti-PEG IgM: 639.6 ¡¾ 131.2 U/ml, Complement C5a: 236.1 ¡¾ 52.4 pg/ml",84.5,percent,0.8,https://doi.org/10.34133/bmr.0017,Development of Lipid Nanoparticle Formulation for the Repeated Administration of mRNA Therapeutics,"['Yeji Lee', 'Michaela Jeong', 'Gyeongseok Lee', 'Jeongeun Park', 'Hyein Jung', 'Seongeun Im', 'Hyukjin Lee']",Biomaterials Research,2024.0,SM-102,DSPC,cholesterol,DMG-PEG 2000
510,SM-102,DSPC,cholesterol,C16-Ceramide-PEG2000,50:10:38.5:1.5,mRNA,"firefly_luciferase, epo, cre_recombinase",CCCCCCCCCCCOC(=O)CCCCCN(CCCCCCCC(=O)OC(CCCCCCCC)CCCCCCCC)CCO  ,CCCCCCCCCCCCCCCCCC(=O)OC[C@H](COP(=O)([O-])OCC[N+](C)(C)C)OC(=O)CCCCCCCCCCCCCCCCC,C[C@H](CCCC(C)C)[C@H]1CC[C@@H]2[C@@]1(CC[C@H]3[C@H]2CC=C4[C@@]3(CC[C@@H](C4)O)C)C,CCCCCCCCCCCCCCCC(=O)NC(COP(=O)([O-])OCCOCCOCCOCCOCCOCCOCCOCCOCCOCCOCCOCCOCCOCCOCCOCCOCCOCCOCCOCCOCCOCCOCCOCCOCCOCCOCCOCCOCCOCCOCCOCCOCCOCCOCCOCCOCCOCCOCCOCCOCCOCCOCCOCCOCCOCCOCCOCCOCCOCCOCCOCCOCCOCCOCCOCCOCCOCCOCCOCCOCCOCCOCCOCCOCCOCCOCCOCCOCCOCCOCCOCCOCCOCCOCCOCCOCCOCCOCCOCCOCCOCCOCCOCCOCCOCCOCCOCCOCCOCCO)C(O)C=CCCCCCCCCCCCC,82.84,4.86,,0.079,0.052,,92.9,0.42,,,,,wt/wt,10.0,OTHER_wt_ratio,"synthesis_method: Microfluidic; device_used: Ignite, PNI, Canada; total_flow_rate_ml_min: 12; flow_rate_ratio: 1:3 (lipid phase:RNA phase); aqueous_phase_composition: PBS and 10.0 mM citrate buffer (volume ratio 2:1); organic_phase_composition: Ethanol; mixing_time_sec: ; temperature_condition: ; post_processing: 40-fold dilution in 1¡¿ PBS, ultrafiltration (Amicon Ultra-15 Centrifugal Filter Unit, UFC9010); sterilization: ; storage_buffer: 1¡¿ PBS","animal_model: BALB/c mice, C57BL/6 mice, LSL-tdTomato mice; administration_route: IV (intravenous); dose: 0.5 mg/kg, 0.1 mg/kg, 0.01 mg/kg; gene_expression_result: 43.4% protein expression maintained at second administration (hEPO); biodistribution_result: Primarily liver; cytokine_response: Anti-PEG IgM: 1817.7 ¡¾ 398.7 U/ml, Complement C5a: 348.7 ¡¾ 89.2 pg/ml, MCP-1: 340.8 ¡¾ 15.6 pg/ml",43.4,percent,0.4,https://doi.org/10.34133/bmr.0017,Development of Lipid Nanoparticle Formulation for the Repeated Administration of mRNA Therapeutics,"['Yeji Lee', 'Michaela Jeong', 'Gyeongseok Lee', 'Jeongeun Park', 'Hyein Jung', 'Seongeun Im', 'Hyukjin Lee']",Biomaterials Research,2024.0,SM-102,DSPC,cholesterol,C16-PEG 2000 ceramide
511,244-cis,DOPE,cholesterol,C16-Ceramide-PEG2000,26.5:20:52:1.5,mRNA,"firefly_luciferase, epo, cre_recombinase",CCCCCC/C=C\COC(=O)CCCCCCCCN1CCN(CC1)CCN(CCCCCCCCC(=O)OC/C=C\CCCCCC)CCCCCCCCC(=O)OC/C=C\CCCCCC,CCCCCCCC/C=C\CCCCCCCC(=O)OC[C@H](COP(=O)(O)OCCN)OC(=O)CCCCCCC/C=C\CCCCCCCC,C[C@H](CCCC(C)C)[C@H]1CC[C@@H]2[C@@]1(CC[C@H]3[C@H]2CC=C4[C@@]3(CC[C@@H](C4)O)C)C,CCCCCCCCCCCCCCCC(=O)NC(COP(=O)([O-])OCCOCCOCCOCCOCCOCCOCCOCCOCCOCCOCCOCCOCCOCCOCCOCCOCCOCCOCCOCCOCCOCCOCCOCCOCCOCCOCCOCCOCCOCCOCCOCCOCCOCCOCCOCCOCCOCCOCCOCCOCCOCCOCCOCCOCCOCCOCCOCCOCCOCCOCCOCCOCCOCCOCCOCCOCCOCCOCCOCCOCCOCCOCCOCCOCCOCCOCCOCCOCCOCCOCCOCCOCCOCCOCCOCCOCCOCCOCCOCCOCCOCCOCCOCCOCCOCCOCCOCCOCCOCCO)C(O)C=CCCCCCCCCCCCC,69.41,2.71,,0.077,0.008,,91.7,2.12,,,,,wt/wt,10.0,OTHER_wt_ratio,"synthesis_method: Microfluidic; device_used: Ignite, PNI, Canada; total_flow_rate_ml_min: 12; flow_rate_ratio: 1:3 (lipid phase:RNA phase); aqueous_phase_composition: PBS and 10.0 mM citrate buffer (volume ratio 2:1); organic_phase_composition: Ethanol; mixing_time_sec: ; temperature_condition: ; post_processing: 40-fold dilution in 1¡¿ PBS, ultrafiltration (Amicon Ultra-15 Centrifugal Filter Unit, UFC9010); sterilization: ; storage_buffer: 1¡¿ PBS","animal_model: BALB/c mice, C57BL/6 mice, LSL-tdTomato mice; administration_route: IV (intravenous); dose: 0.5 mg/kg, 0.1 mg/kg, 0.01 mg/kg; gene_expression_result: 22.2% protein expression maintained at second administration (hEPO), 41.2% (fLuc); biodistribution_result: Primarily liver; cytokine_response: Anti-PEG IgM: 1817.7 ¡¾ 398.7 U/ml, Complement C5a: 348.7 ¡¾ 89.2 pg/ml, MCP-1: 187.0 ¡¾ 45.4 pg/ml",22.2,percent,0.2,https://doi.org/10.34133/bmr.0017,Development of Lipid Nanoparticle Formulation for the Repeated Administration of mRNA Therapeutics,"['Yeji Lee', 'Michaela Jeong', 'Gyeongseok Lee', 'Jeongeun Park', 'Hyein Jung', 'Seongeun Im', 'Hyukjin Lee']",Biomaterials Research,2024.0,244-cis,DOPE,cholesterol,C16-PEG 2000 ceramide
512,244-cis,DOPE,cholesterol,DMG-PEG2000,26.5:20:52:1.5,mRNA,"firefly_luciferase, epo, cre_recombinase",CCCCCC/C=C\COC(=O)CCCCCCCCN1CCN(CC1)CCN(CCCCCCCCC(=O)OC/C=C\CCCCCC)CCCCCCCCC(=O)OC/C=C\CCCCCC,CCCCCCCC/C=C\CCCCCCCC(=O)OC[C@H](COP(=O)(O)OCCN)OC(=O)CCCCCCC/C=C\CCCCCCCC,C[C@H](CCCC(C)C)[C@H]1CC[C@@H]2[C@@]1(CC[C@H]3[C@H]2CC=C4[C@@]3(CC[C@@H](C4)O)C)C,CCCCCCCCCCCCCC(=O)OCC(COP(=O)([O-])OCCOCCOCCOCCOCCOCCOCCOCCOCCOCCOCCOCCOCCOCCOCCOCCOCCOCCOCCOCCOCCOCCOCCOCCOCCOCCOCCOCCOCCOCCOCCOCCOCCOCCOCCOCCOCCOCCOCCOCCOCCOCCOCCOCCOCCOCCOCCOCCOCCOCCOCCOCCOCCOCCOCCOCCOCCOCCOCCOCCOCCOCCOCCOCCOCCOCCOCCOCCOCCOCCOCCOCCOCCOCCOCCOCCOCCOCCOCCOCCOCCOCCOCCOCCOCCOCCOCCOCCOCCOCCO)OC(=O)CCCCCCCCCCCCC,68.29,7.33,,0.11,0.018,,91.1,1.7,,,,,wt/wt,10.0,OTHER_wt_ratio,"synthesis_method: Microfluidic; device_used: Ignite, PNI, Canada; total_flow_rate_ml_min: 12; flow_rate_ratio: 1:3 (lipid phase:RNA phase); aqueous_phase_composition: PBS and 10.0 mM citrate buffer (volume ratio 2:1); organic_phase_composition: Ethanol; mixing_time_sec: ; temperature_condition: ; post_processing: 40-fold dilution in 1¡¿ PBS, ultrafiltration (Amicon Ultra-15 Centrifugal Filter Unit, UFC9010); sterilization: ; storage_buffer: 1¡¿ PBS","animal_model: BALB/c mice, C57BL/6 mice, LSL-tdTomato mice; administration_route: IV (intravenous); dose: 0.5 mg/kg, 0.1 mg/kg, 0.01 mg/kg; gene_expression_result: 70.2% protein expression maintained at second administration (hEPO), 88.0% (fLuc); biodistribution_result: Primarily liver; cytokine_response: Anti-PEG IgM: 639.6 ¡¾ 131.2 U/ml, Complement C5a: 236.1 ¡¾ 52.4 pg/ml",70.2,percent,0.6,https://doi.org/10.34133/bmr.0017,Development of Lipid Nanoparticle Formulation for the Repeated Administration of mRNA Therapeutics,"['Yeji Lee', 'Michaela Jeong', 'Gyeongseok Lee', 'Jeongeun Park', 'Hyein Jung', 'Seongeun Im', 'Hyukjin Lee']",Biomaterials Research,2024.0,244-cis,DOPE,cholesterol,DMG-PEG 2000
513,244-cis,DOPE,cholesterol,DMG-PEG2000,26.5:20:52.4:1.1,mRNA,"firefly_luciferase, epo, cre_recombinase",CCCCCC/C=C\COC(=O)CCCCCCCCN1CCN(CC1)CCN(CCCCCCCCC(=O)OC/C=C\CCCCCC)CCCCCCCCC(=O)OC/C=C\CCCCCC,CCCCCCCC/C=C\CCCCCCCC(=O)OC[C@H](COP(=O)(O)OCCN)OC(=O)CCCCCCC/C=C\CCCCCCCC,C[C@H](CCCC(C)C)[C@H]1CC[C@@H]2[C@@]1(CC[C@H]3[C@H]2CC=C4[C@@]3(CC[C@@H](C4)O)C)C,CCCCCCCCCCCCCC(=O)OCC(COP(=O)([O-])OCCOCCOCCOCCOCCOCCOCCOCCOCCOCCOCCOCCOCCOCCOCCOCCOCCOCCOCCOCCOCCOCCOCCOCCOCCOCCOCCOCCOCCOCCOCCOCCOCCOCCOCCOCCOCCOCCOCCOCCOCCOCCOCCOCCOCCOCCOCCOCCOCCOCCOCCOCCOCCOCCOCCOCCOCCOCCOCCOCCOCCOCCOCCOCCOCCOCCOCCOCCOCCOCCOCCOCCOCCOCCOCCOCCOCCOCCOCCOCCOCCOCCOCCOCCOCCOCCOCCOCCOCCOCCO)OC(=O)CCCCCCCCCCCCC,78.37,6.19,,0.074,0.006,,89.5,1.7,,,,,wt/wt,10.0,OTHER_wt_ratio,"synthesis_method: Microfluidic; device_used: Ignite, PNI, Canada; total_flow_rate_ml_min: 12; flow_rate_ratio: 1:3 (lipid phase:RNA phase); aqueous_phase_composition: PBS and 10.0 mM citrate buffer (volume ratio 2:1); organic_phase_composition: Ethanol; mixing_time_sec: ; temperature_condition: ; post_processing: 40-fold dilution in 1¡¿ PBS, ultrafiltration (Amicon Ultra-15 Centrifugal Filter Unit, UFC9010); sterilization: ; storage_buffer: 1¡¿ PBS","animal_model: BALB/c mice, C57BL/6 mice, LSL-tdTomato mice; administration_route: IV (intravenous); dose: 0.5 mg/kg, 0.1 mg/kg, 0.01 mg/kg; gene_expression_result: 99.0% protein expression maintained at second administration (hEPO), 101.2% (fLuc); biodistribution_result: Primarily liver; cytokine_response: Anti-PEG IgM: 734.5 ¡¾ 165.3 U/ml, Complement C5a: 91.2 ¡¾ 23.4 pg/ml",99.0,percent,1.0,https://doi.org/10.34133/bmr.0017,Development of Lipid Nanoparticle Formulation for the Repeated Administration of mRNA Therapeutics,"['Yeji Lee', 'Michaela Jeong', 'Gyeongseok Lee', 'Jeongeun Park', 'Hyein Jung', 'Seongeun Im', 'Hyukjin Lee']",Biomaterials Research,2024.0,244-cis,DOPE,cholesterol,DMG-PEG 2000
563,DLin-KC2-DMA,DSPC,cholesterol,DSPE-PEG2000,50:10:39:1,mRNA,firefly_luciferase,CCCCC/C=C\C/C=C\CCCCCCCCC1(OC(CO1)CCN(C)C)CCCCCCCC/C=C\C/C=C\CCCCC,CCCCCCCCCCCCCCCCCC(=O)OC[C@H](COP(=O)([O-])OCC[N+](C)(C)C)OC(=O)CCCCCCCCCCCCCCCCC,C[C@H](CCCC(C)C)[C@H]1CC[C@@H]2[C@@]1(CC[C@H]3[C@H]2CC=C4[C@@]3(CC[C@@H](C4)O)C)C,CCCCCCCCCCCCCCCCCC(=O)OCC(COP(=O)([O-])OCCN[C@@H](CO)C(=O)NCCOCCOCCOCCOCCOCCOCCOCCOCCOCCOCCOCCOCCOCCOCCOCCOCCOCCOCCOCCOCCOCCOCCOCCOCCOCCOCCOCCOCCOCCOCCOCCOCCOCCOCCOCCOCCOCCOCCOCCOCCOCCOCCOCCOCCOCCOCCOCCOCCOCCOCCOCCOCCOCCOCCOCCOCCOCCOCCOCCOCCOCCOCCOCCOCCOCCOCCOCCOCCOCCOCCOCCOCCOCCOCCOCCOCCOCCOCCOCCOCCOCCOCCOCCOCCOCCOCCOCCOCCOCCO)OC(=O)CCCCCCCCCCCCCCCCC,19.0,,multi_method,,,,85.0,,censored,,,,N:P,6.0,,"synthesis_method: Ethanol injection/rapid-mixing; device_used: T-junction mixer; total_flow_rate_ml_min: 20; flow_rate_ratio: 3:1 (aqueous:organic); aqueous_phase_composition: 25 mM sodium acetate pH 4.0 buffer with mRNA (0.029 mg/¥ìmol lipid, N/P=6); organic_phase_composition: ethanol with 10-15 mM total lipid; mixing_time_sec: ; temperature_condition: ; post_processing: dialysis against pH 4 buffer or PBS pH 7.4; sterilization: ; storage_buffer: 25 mM sodium acetate pH 4.0 or PBS pH 7.4",,,,,10.1039/C9NR02004G,Fusion-dependent formation of lipid nanoparticles containing macromolecular payloads,"['Jayesh A. Kulkarni', 'Dominik Witzigmann', 'Jerry Leung', 'Roy van der Meel', 'Josh Zaifman', 'Maria M. Darjuan', 'Hiu Man Grisch-Chan', 'Beat Thony', 'Yuen Yi C. Tam', 'Pieter R. Cullis']",Nanoscale,2019.0,KC2,DSPC,cholesterol,PEG-DSPE
574,Custom lipid,DOPE,cholesterol,C14-PEG2000,35:2.5:46.5:16,mRNA,firefly_luciferase,,CCCCCCCC/C=C\CCCCCCCC(=O)OC[C@H](COP(=O)(O)OCCN)OC(=O)CCCCCCC/C=C\CCCCCCCC,C[C@H](CCCC(C)C)[C@H]1CC[C@@H]2[C@@]1(CC[C@H]3[C@H]2CC=C4[C@@]3(CC[C@@H](C4)O)C)C,CCCCCCCCCCCCCCOC(=O)CCOCCOCCOCCOCCOCCOCCOCCOCCOCCOCCOCCOCCOCCOCCOCCOCCOCCOCCOCCOCCOCCOCCOCCOCCOCCOCCOCCOCCOCCOCCOCCOCCOCCOCCOCCOCCOCCOCCOCCOCCOCCOCCOCCOCCOCCOCCOCCOCCOCCOCCOCCOCCOCCOCCOCCOCCOCCOCCOCCOCCOCCOCCOCCOCCOCCOCCOCCOCCOCCOCCOCCOCCOCCOCCOCCOCCOCCOCCOCCOCCOCCOCCOCCOCCOCCOCCOCCOCCOCCO,105.0,,,0.3,,,65.0,,,-10.5,,,wt/wt,10.0,OTHER_wt_ratio,"synthesis_method: Microfluidic; device_used: microfluidic herringbone mixing devices; total_flow_rate_ml_min: ; flow_rate_ratio: 1:3 (organic:aqueous); aqueous_phase_composition: 10 mM citrate buffer at pH 3; organic_phase_composition: ethanol; mixing_time_sec: ; temperature_condition: ; post_processing: dialyzed against 1X PBS in 20 kDa molecular weight cutoff dialysis cassettes for 2 h and sterile filtered through 0.22 ¥ìm syringe filters; sterilization: 0.22 ¥ìm sterile filtration; storage_buffer: 1X PBS, stored at 4¡ÆC",cell_line: HepG2; animal_model: BALB/cJ female mice (6-8 weeks old); administration_route: IV (lateral tail vein); dose: 0.1 mg/kg (FLuc mRNA); gene_expression_result: ~2¡¿10^7 total flux (liver); biodistribution_result: primarily liver targeting; toxicity_profile: no significant cytotoxicity observed,2.0,numeric,0.625,10.1002/jbm.a.37705,Influence of ionizable lipid tail length on lipid nanoparticle delivery of mRNA of varying length,"['Kaitlin Mrksich', 'Marshall S. Padilla', 'Ryann A. Joseph', 'Emily L. Han', 'Dongyoon Kim', 'Rohan Palanki', 'Junchao Xu', 'Michael J. Mitchell']",Journal of Biomedical Materials Research Part A,2024.0,C8-200,DOPE,cholesterol,C14-PEG2000
575,C9-200,DOPE,cholesterol,C14-PEG2000,35:2.5:46.5:16,mRNA,firefly_luciferase,CCCCCCCC(O)CN(CCN1CCN(CCN(CC(O)CCCCCCC)CC(O)CCCCCCC)CC1)CCN(CC(O)CCCCCCC)CC(O)CCCCCCC,CCCCCCCC/C=C\CCCCCCCC(=O)OC[C@H](COP(=O)(O)OCCN)OC(=O)CCCCCCC/C=C\CCCCCCCC,C[C@H](CCCC(C)C)[C@H]1CC[C@@H]2[C@@]1(CC[C@H]3[C@H]2CC=C4[C@@]3(CC[C@@H](C4)O)C)C,CCCCCCCCCCCCCCOC(=O)CCOCCOCCOCCOCCOCCOCCOCCOCCOCCOCCOCCOCCOCCOCCOCCOCCOCCOCCOCCOCCOCCOCCOCCOCCOCCOCCOCCOCCOCCOCCOCCOCCOCCOCCOCCOCCOCCOCCOCCOCCOCCOCCOCCOCCOCCOCCOCCOCCOCCOCCOCCOCCOCCOCCOCCOCCOCCOCCOCCOCCOCCOCCOCCOCCOCCOCCOCCOCCOCCOCCOCCOCCOCCOCCOCCOCCOCCOCCOCCOCCOCCOCCOCCOCCOCCOCCOCCOCCOCCO,120.0,,,0.28,,,47.0,,,5.2,,,wt/wt,10.0,OTHER_wt_ratio,"synthesis_method: Microfluidic; device_used: microfluidic herringbone mixing devices; total_flow_rate_ml_min: ; flow_rate_ratio: 1:3 (organic:aqueous); aqueous_phase_composition: 10 mM citrate buffer at pH 3; organic_phase_composition: ethanol; mixing_time_sec: ; temperature_condition: ; post_processing: dialyzed against 1X PBS in 20 kDa molecular weight cutoff dialysis cassettes for 2 h and sterile filtered through 0.22 ¥ìm syringe filters; sterilization: 0.22 ¥ìm sterile filtration; storage_buffer: 1X PBS, stored at 4¡ÆC","cell_line: HepG2; animal_model: BALB/cJ female mice (6-8 weeks old); administration_route: IV (lateral tail vein); dose: 0.1 mg/kg (FLuc mRNA), 0.1 mg/kg (EPO mRNA), 0.5 mg/kg (Cas9 mRNA); gene_expression_result: ~3¡¿10^8 total flux (liver, FLuc); 35% indels (Cas9); biodistribution_result: primarily liver targeting; toxicity_profile: no significant cytotoxicity observed",3.0,numeric,0.8125,10.1002/jbm.a.37705,Influence of ionizable lipid tail length on lipid nanoparticle delivery of mRNA of varying length,"['Kaitlin Mrksich', 'Marshall S. Padilla', 'Ryann A. Joseph', 'Emily L. Han', 'Dongyoon Kim', 'Rohan Palanki', 'Junchao Xu', 'Michael J. Mitchell']",Journal of Biomedical Materials Research Part A,2024.0,C9-200,DOPE,cholesterol,C14-PEG2000
576,C10-200,DOPE,cholesterol,C14-PEG2000,35:2.5:46.5:16,mRNA,firefly_luciferase,OC(CN(CCN1CCN(CC1)CCN(CC(O)CCCCCCCC)CC(O)CCCCCCCC)CCN(CC(O)CCCCCCCC)CC(O)CCCCCCCC)CCCCCCCC,CCCCCCCC/C=C\CCCCCCCC(=O)OC[C@H](COP(=O)(O)OCCN)OC(=O)CCCCCCC/C=C\CCCCCCCC,C[C@H](CCCC(C)C)[C@H]1CC[C@@H]2[C@@]1(CC[C@H]3[C@H]2CC=C4[C@@]3(CC[C@@H](C4)O)C)C,CCCCCCCCCCCCCCOC(=O)CCOCCOCCOCCOCCOCCOCCOCCOCCOCCOCCOCCOCCOCCOCCOCCOCCOCCOCCOCCOCCOCCOCCOCCOCCOCCOCCOCCOCCOCCOCCOCCOCCOCCOCCOCCOCCOCCOCCOCCOCCOCCOCCOCCOCCOCCOCCOCCOCCOCCOCCOCCOCCOCCOCCOCCOCCOCCOCCOCCOCCOCCOCCOCCOCCOCCOCCOCCOCCOCCOCCOCCOCCOCCOCCOCCOCCOCCOCCOCCOCCOCCOCCOCCOCCOCCOCCOCCOCCOCCO,85.0,,,0.18,,,95.0,,,-4.2,,,wt/wt,10.0,OTHER_wt_ratio,"synthesis_method: Microfluidic; device_used: microfluidic herringbone mixing devices; total_flow_rate_ml_min: ; flow_rate_ratio: 1:3 (organic:aqueous); aqueous_phase_composition: 10 mM citrate buffer at pH 3; organic_phase_composition: ethanol; mixing_time_sec: ; temperature_condition: ; post_processing: dialyzed against 1X PBS in 20 kDa molecular weight cutoff dialysis cassettes for 2 h and sterile filtered through 0.22 ¥ìm syringe filters; sterilization: 0.22 ¥ìm sterile filtration; storage_buffer: 1X PBS, stored at 4¡ÆC","cell_line: HepG2; animal_model: BALB/cJ female mice (6-8 weeks old); administration_route: IV (lateral tail vein); dose: 0.1 mg/kg (FLuc mRNA), 0.1 mg/kg (EPO mRNA), 0.5 mg/kg (Cas9 mRNA); gene_expression_result: ~1¡¿10^9 total flux (liver, FLuc) - 10-fold increase vs C12-200; biodistribution_result: primarily liver targeting; toxicity_profile: no significant cytotoxicity observed",1.0,numeric,0.3125,10.1002/jbm.a.37705,Influence of ionizable lipid tail length on lipid nanoparticle delivery of mRNA of varying length,"['Kaitlin Mrksich', 'Marshall S. Padilla', 'Ryann A. Joseph', 'Emily L. Han', 'Dongyoon Kim', 'Rohan Palanki', 'Junchao Xu', 'Michael J. Mitchell']",Journal of Biomedical Materials Research Part A,2024.0,C10-200,DOPE,cholesterol,C14-PEG2000
577,Custom lipid,DOPE,cholesterol,C14-PEG2000,35:2.5:46.5:16,mRNA,firefly_luciferase,,CCCCCCCC/C=C\CCCCCCCC(=O)OC[C@H](COP(=O)(O)OCCN)OC(=O)CCCCCCC/C=C\CCCCCCCC,C[C@H](CCCC(C)C)[C@H]1CC[C@@H]2[C@@]1(CC[C@H]3[C@H]2CC=C4[C@@]3(CC[C@@H](C4)O)C)C,CCCCCCCCCCCCCCOC(=O)CCOCCOCCOCCOCCOCCOCCOCCOCCOCCOCCOCCOCCOCCOCCOCCOCCOCCOCCOCCOCCOCCOCCOCCOCCOCCOCCOCCOCCOCCOCCOCCOCCOCCOCCOCCOCCOCCOCCOCCOCCOCCOCCOCCOCCOCCOCCOCCOCCOCCOCCOCCOCCOCCOCCOCCOCCOCCOCCOCCOCCOCCOCCOCCOCCOCCOCCOCCOCCOCCOCCOCCOCCOCCOCCOCCOCCOCCOCCOCCOCCOCCOCCOCCOCCOCCOCCOCCOCCOCCO,90.0,,,0.16,,,62.0,,,7.8,,,wt/wt,10.0,OTHER_wt_ratio,"synthesis_method: Microfluidic; device_used: microfluidic herringbone mixing devices; total_flow_rate_ml_min: ; flow_rate_ratio: 1:3 (organic:aqueous); aqueous_phase_composition: 10 mM citrate buffer at pH 3; organic_phase_composition: ethanol; mixing_time_sec: ; temperature_condition: ; post_processing: dialyzed against 1X PBS in 20 kDa molecular weight cutoff dialysis cassettes for 2 h and sterile filtered through 0.22 ¥ìm syringe filters; sterilization: 0.22 ¥ìm sterile filtration; storage_buffer: 1X PBS, stored at 4¡ÆC","cell_line: HepG2; animal_model: BALB/cJ female mice (6-8 weeks old); administration_route: IV (lateral tail vein); dose: 0.1 mg/kg (FLuc mRNA), 0.1 mg/kg (EPO mRNA), 0.5 mg/kg (Cas9 mRNA); gene_expression_result: ~1¡¿10^8 total flux (liver, FLuc); biodistribution_result: primarily liver targeting; toxicity_profile: no significant cytotoxicity observed",1.0,numeric,0.3125,10.1002/jbm.a.37705,Influence of ionizable lipid tail length on lipid nanoparticle delivery of mRNA of varying length,"['Kaitlin Mrksich', 'Marshall S. Padilla', 'Ryann A. Joseph', 'Emily L. Han', 'Dongyoon Kim', 'Rohan Palanki', 'Junchao Xu', 'Michael J. Mitchell']",Journal of Biomedical Materials Research Part A,2024.0,C11-200,DOPE,cholesterol,C14-PEG2000
578,C12-200,DOPE,cholesterol,C14-PEG2000,35:2.5:46.5:16,mRNA,"firefly_luciferase, epo, cas9",NCCN1CCN(CCN(CC(O)CCCCCCCCCCCC)CC(O)CCCCCCCCCCCC)CC1CN(CC(O)CCCCCCCCCCCC)CN(CC(O)CCCCCCCCCCCC)CC(O)CCCCCCCCCCCC,CCCCCCCC/C=C\CCCCCCCC(=O)OC[C@H](COP(=O)(O)OCCN)OC(=O)CCCCCCC/C=C\CCCCCCCC,C[C@H](CCCC(C)C)[C@H]1CC[C@@H]2[C@@]1(CC[C@H]3[C@H]2CC=C4[C@@]3(CC[C@@H](C4)O)C)C,CCCCCCCCCCCCCCOC(=O)CCOCCOCCOCCOCCOCCOCCOCCOCCOCCOCCOCCOCCOCCOCCOCCOCCOCCOCCOCCOCCOCCOCCOCCOCCOCCOCCOCCOCCOCCOCCOCCOCCOCCOCCOCCOCCOCCOCCOCCOCCOCCOCCOCCOCCOCCOCCOCCOCCOCCOCCOCCOCCOCCOCCOCCOCCOCCOCCOCCOCCOCCOCCOCCOCCOCCOCCOCCOCCOCCOCCOCCOCCOCCOCCOCCOCCOCCOCCOCCOCCOCCOCCOCCOCCOCCOCCOCCOCCOCCO,82.0,,,0.22,,,87.0,,,-9.8,,,wt/wt,10.0,OTHER_wt_ratio,"synthesis_method: Microfluidic; device_used: microfluidic herringbone mixing devices; total_flow_rate_ml_min: ; flow_rate_ratio: 1:3 (organic:aqueous); aqueous_phase_composition: 10 mM citrate buffer at pH 3; organic_phase_composition: ethanol; mixing_time_sec: ; temperature_condition: ; post_processing: dialyzed against 1X PBS in 20 kDa molecular weight cutoff dialysis cassettes for 2 h and sterile filtered through 0.22 ¥ìm syringe filters; sterilization: 0.22 ¥ìm sterile filtration; storage_buffer: 1X PBS, stored at 4¡ÆC","cell_line: HepG2; animal_model: BALB/cJ female mice (6-8 weeks old); administration_route: IV (lateral tail vein); dose: 0.1 mg/kg (FLuc mRNA), 0.1 mg/kg (EPO mRNA), 0.5 mg/kg (Cas9 mRNA); gene_expression_result: ~1¡¿10^8 total flux (liver, FLuc); ~10,000 mU/mL EPO at 6h; 10% indels (Cas9); biodistribution_result: primarily liver targeting; toxicity_profile: no significant cytotoxicity observed",1.0,numeric,0.3125,10.1002/jbm.a.37705,Influence of ionizable lipid tail length on lipid nanoparticle delivery of mRNA of varying length,"['Kaitlin Mrksich', 'Marshall S. Padilla', 'Ryann A. Joseph', 'Emily L. Han', 'Dongyoon Kim', 'Rohan Palanki', 'Junchao Xu', 'Michael J. Mitchell']",Journal of Biomedical Materials Research Part A,2024.0,C12-200,DOPE,cholesterol,C14-PEG2000
579,Custom lipid,DOPE,cholesterol,C14-PEG2000,35:2.5:46.5:16,mRNA,"firefly_luciferase, epo",,CCCCCCCC/C=C\CCCCCCCC(=O)OC[C@H](COP(=O)(O)OCCN)OC(=O)CCCCCCC/C=C\CCCCCCCC,C[C@H](CCCC(C)C)[C@H]1CC[C@@H]2[C@@]1(CC[C@H]3[C@H]2CC=C4[C@@]3(CC[C@@H](C4)O)C)C,CCCCCCCCCCCCCCOC(=O)CCOCCOCCOCCOCCOCCOCCOCCOCCOCCOCCOCCOCCOCCOCCOCCOCCOCCOCCOCCOCCOCCOCCOCCOCCOCCOCCOCCOCCOCCOCCOCCOCCOCCOCCOCCOCCOCCOCCOCCOCCOCCOCCOCCOCCOCCOCCOCCOCCOCCOCCOCCOCCOCCOCCOCCOCCOCCOCCOCCOCCOCCOCCOCCOCCOCCOCCOCCOCCOCCOCCOCCOCCOCCOCCOCCOCCOCCOCCOCCOCCOCCOCCOCCOCCOCCOCCOCCOCCOCCO,88.0,,,0.19,,,74.0,,,9.2,,,wt/wt,10.0,OTHER_wt_ratio,"synthesis_method: Microfluidic; device_used: microfluidic herringbone mixing devices; total_flow_rate_ml_min: ; flow_rate_ratio: 1:3 (organic:aqueous); aqueous_phase_composition: 10 mM citrate buffer at pH 3; organic_phase_composition: ethanol; mixing_time_sec: ; temperature_condition: ; post_processing: dialyzed against 1X PBS in 20 kDa molecular weight cutoff dialysis cassettes for 2 h and sterile filtered through 0.22 ¥ìm syringe filters; sterilization: 0.22 ¥ìm sterile filtration; storage_buffer: 1X PBS, stored at 4¡ÆC","cell_line: HepG2; animal_model: BALB/cJ female mice (6-8 weeks old); administration_route: IV (lateral tail vein); dose: 0.1 mg/kg (FLuc mRNA), 0.1 mg/kg (EPO mRNA), 0.5 mg/kg (Cas9 mRNA); gene_expression_result: ~1¡¿10^8 total flux (liver, FLuc); ~15,000 mU/mL EPO at 6h (similar to C12-200); biodistribution_result: primarily liver targeting; toxicity_profile: no significant cytotoxicity observed",1.0,numeric,0.3125,10.1002/jbm.a.37705,Influence of ionizable lipid tail length on lipid nanoparticle delivery of mRNA of varying length,"['Kaitlin Mrksich', 'Marshall S. Padilla', 'Ryann A. Joseph', 'Emily L. Han', 'Dongyoon Kim', 'Rohan Palanki', 'Junchao Xu', 'Michael J. Mitchell']",Journal of Biomedical Materials Research Part A,2024.0,C13-200,DOPE,cholesterol,C14-PEG2000
580,Custom lipid,DOPE,cholesterol,C14-PEG2000,35:2.5:46.5:16,mRNA,firefly_luciferase,,CCCCCCCC/C=C\CCCCCCCC(=O)OC[C@H](COP(=O)(O)OCCN)OC(=O)CCCCCCC/C=C\CCCCCCCC,C[C@H](CCCC(C)C)[C@H]1CC[C@@H]2[C@@]1(CC[C@H]3[C@H]2CC=C4[C@@]3(CC[C@@H](C4)O)C)C,CCCCCCCCCCCCCCOC(=O)CCOCCOCCOCCOCCOCCOCCOCCOCCOCCOCCOCCOCCOCCOCCOCCOCCOCCOCCOCCOCCOCCOCCOCCOCCOCCOCCOCCOCCOCCOCCOCCOCCOCCOCCOCCOCCOCCOCCOCCOCCOCCOCCOCCOCCOCCOCCOCCOCCOCCOCCOCCOCCOCCOCCOCCOCCOCCOCCOCCOCCOCCOCCOCCOCCOCCOCCOCCOCCOCCOCCOCCOCCOCCOCCOCCOCCOCCOCCOCCOCCOCCOCCOCCOCCOCCOCCOCCOCCOCCO,108.0,,,0.33,,,68.0,,,-5.1,,,wt/wt,10.0,OTHER_wt_ratio,"synthesis_method: Microfluidic; device_used: microfluidic herringbone mixing devices; total_flow_rate_ml_min: ; flow_rate_ratio: 1:3 (organic:aqueous); aqueous_phase_composition: 10 mM citrate buffer at pH 3; organic_phase_composition: ethanol; mixing_time_sec: ; temperature_condition: ; post_processing: dialyzed against 1X PBS in 20 kDa molecular weight cutoff dialysis cassettes for 2 h and sterile filtered through 0.22 ¥ìm syringe filters; sterilization: 0.22 ¥ìm sterile filtration; storage_buffer: 1X PBS, stored at 4¡ÆC","cell_line: HepG2; animal_model: BALB/cJ female mice (6-8 weeks old); administration_route: IV (lateral tail vein); dose: 0.1 mg/kg (FLuc mRNA), 0.1 mg/kg (EPO mRNA), 0.5 mg/kg (Cas9 mRNA); gene_expression_result: ~5¡¿10^7 total flux (liver, FLuc); biodistribution_result: primarily liver targeting; toxicity_profile: no significant cytotoxicity observed",5.0,numeric,1.0,10.1002/jbm.a.37705,Influence of ionizable lipid tail length on lipid nanoparticle delivery of mRNA of varying length,"['Kaitlin Mrksich', 'Marshall S. Padilla', 'Ryann A. Joseph', 'Emily L. Han', 'Dongyoon Kim', 'Rohan Palanki', 'Junchao Xu', 'Michael J. Mitchell']",Journal of Biomedical Materials Research Part A,2024.0,C14-200,DOPE,cholesterol,C14-PEG2000
581,Custom lipid,DOPE,cholesterol,C14-PEG2000,35:2.5:46.5:16,mRNA,firefly_luciferase,,CCCCCCCC/C=C\CCCCCCCC(=O)OC[C@H](COP(=O)(O)OCCN)OC(=O)CCCCCCC/C=C\CCCCCCCC,C[C@H](CCCC(C)C)[C@H]1CC[C@@H]2[C@@]1(CC[C@H]3[C@H]2CC=C4[C@@]3(CC[C@@H](C4)O)C)C,CCCCCCCCCCCCCCOC(=O)CCOCCOCCOCCOCCOCCOCCOCCOCCOCCOCCOCCOCCOCCOCCOCCOCCOCCOCCOCCOCCOCCOCCOCCOCCOCCOCCOCCOCCOCCOCCOCCOCCOCCOCCOCCOCCOCCOCCOCCOCCOCCOCCOCCOCCOCCOCCOCCOCCOCCOCCOCCOCCOCCOCCOCCOCCOCCOCCOCCOCCOCCOCCOCCOCCOCCOCCOCCOCCOCCOCCOCCOCCOCCOCCOCCOCCOCCOCCOCCOCCOCCOCCOCCOCCOCCOCCOCCOCCOCCO,98.0,,,0.24,,,50.0,,,-5.2,,,wt/wt,10.0,OTHER_wt_ratio,"synthesis_method: Microfluidic; device_used: microfluidic herringbone mixing devices; total_flow_rate_ml_min: ; flow_rate_ratio: 1:3 (organic:aqueous); aqueous_phase_composition: 10 mM citrate buffer at pH 3; organic_phase_composition: ethanol; mixing_time_sec: ; temperature_condition: ; post_processing: dialyzed against 1X PBS in 20 kDa molecular weight cutoff dialysis cassettes for 2 h and sterile filtered through 0.22 ¥ìm syringe filters; sterilization: 0.22 ¥ìm sterile filtration; storage_buffer: 1X PBS, stored at 4¡ÆC","cell_line: HepG2; animal_model: BALB/cJ female mice (6-8 weeks old); administration_route: IV (lateral tail vein); dose: 0.1 mg/kg (FLuc mRNA), 0.5 mg/kg (Cas9 mRNA); gene_expression_result: no enhancement relative to PBS negative control (FLuc); <2% indels (Cas9); biodistribution_result: poor liver targeting; toxicity_profile: no significant cytotoxicity observed",,,,10.1002/jbm.a.37705,Influence of ionizable lipid tail length on lipid nanoparticle delivery of mRNA of varying length,"['Kaitlin Mrksich', 'Marshall S. Padilla', 'Ryann A. Joseph', 'Emily L. Han', 'Dongyoon Kim', 'Rohan Palanki', 'Junchao Xu', 'Michael J. Mitchell']",Journal of Biomedical Materials Research Part A,2024.0,C15-200,DOPE,cholesterol,C14-PEG2000
582,Custom lipid,DOPE,cholesterol,C14-PEG2000,35:2.5:46.5:16,mRNA,firefly_luciferase,,CCCCCCCC/C=C\CCCCCCCC(=O)OC[C@H](COP(=O)(O)OCCN)OC(=O)CCCCCCC/C=C\CCCCCCCC,C[C@H](CCCC(C)C)[C@H]1CC[C@@H]2[C@@]1(CC[C@H]3[C@H]2CC=C4[C@@]3(CC[C@@H](C4)O)C)C,CCCCCCCCCCCCCCOC(=O)CCOCCOCCOCCOCCOCCOCCOCCOCCOCCOCCOCCOCCOCCOCCOCCOCCOCCOCCOCCOCCOCCOCCOCCOCCOCCOCCOCCOCCOCCOCCOCCOCCOCCOCCOCCOCCOCCOCCOCCOCCOCCOCCOCCOCCOCCOCCOCCOCCOCCOCCOCCOCCOCCOCCOCCOCCOCCOCCOCCOCCOCCOCCOCCOCCOCCOCCOCCOCCOCCOCCOCCOCCOCCOCCOCCOCCOCCOCCOCCOCCOCCOCCOCCOCCOCCOCCOCCOCCOCCO,95.0,,,0.21,,,58.0,,,-6.1,,,wt/wt,10.0,OTHER_wt_ratio,"synthesis_method: Microfluidic; device_used: microfluidic herringbone mixing devices; total_flow_rate_ml_min: ; flow_rate_ratio: 1:3 (organic:aqueous); aqueous_phase_composition: 10 mM citrate buffer at pH 3; organic_phase_composition: ethanol; mixing_time_sec: ; temperature_condition: ; post_processing: dialyzed against 1X PBS in 20 kDa molecular weight cutoff dialysis cassettes for 2 h and sterile filtered through 0.22 ¥ìm syringe filters; sterilization: 0.22 ¥ìm sterile filtration; storage_buffer: 1X PBS, stored at 4¡ÆC","cell_line: HepG2; animal_model: BALB/cJ female mice (6-8 weeks old); administration_route: IV (lateral tail vein); dose: 0.1 mg/kg (FLuc mRNA), 0.5 mg/kg (Cas9 mRNA); gene_expression_result: ~3¡¿10^7 total flux (liver, FLuc); <2% indels (Cas9); biodistribution_result: reduced liver targeting compared to shorter chain ILs; toxicity_profile: no significant cytotoxicity observed",3.0,numeric,0.8125,10.1002/jbm.a.37705,Influence of ionizable lipid tail length on lipid nanoparticle delivery of mRNA of varying length,"['Kaitlin Mrksich', 'Marshall S. Padilla', 'Ryann A. Joseph', 'Emily L. Han', 'Dongyoon Kim', 'Rohan Palanki', 'Junchao Xu', 'Michael J. Mitchell']",Journal of Biomedical Materials Research Part A,2024.0,C16-200,DOPE,cholesterol,C14-PEG2000
607,Custom lipid,DOPE,cholesterol,C14-PEG2000,35:46.5:16:2.5,mRNA,luciferase,,CCCCCCCC/C=C\CCCCCCCC(=O)OC[C@H](COP(=O)(O)OCCN)OC(=O)CCCCCCC/C=C\CCCCCCCC,C[C@H](CCCC(C)C)[C@H]1CC[C@@H]2[C@@]1(CC[C@H]3[C@H]2CC=C4[C@@]3(CC[C@@H](C4)O)C)C,CCCCCCCCCCCCCCOC(=O)CCOCCOCCOCCOCCOCCOCCOCCOCCOCCOCCOCCOCCOCCOCCOCCOCCOCCOCCOCCOCCOCCOCCOCCOCCOCCOCCOCCOCCOCCOCCOCCOCCOCCOCCOCCOCCOCCOCCOCCOCCOCCOCCOCCOCCOCCOCCOCCOCCOCCOCCOCCOCCOCCOCCOCCOCCOCCOCCOCCOCCOCCOCCOCCOCCOCCOCCOCCOCCOCCOCCOCCOCCOCCOCCOCCOCCOCCOCCOCCOCCOCCOCCOCCOCCOCCOCCOCCOCCOCCO,92.3,6.0,,0.3,,censored,88.0,,,,,,concentration,25.0,¥ìg/337.5¥ìL,"synthesis_method: Microfluidic; device_used: Microfluidic device with herringbone features; total_flow_rate_ml_min: ; flow_rate_ratio: ; aqueous_phase_composition: 10 mM citrate buffer (pH 3); organic_phase_composition: ethanol phase with lipid components; mixing_time_sec: ; temperature_condition: ; post_processing: Dialyzed against PBS for 2 hours; sterilization: 0.2 ¥ìm sterile filtration; storage_buffer: PBS, stored at 4¡ÆC","animal_model: E16 mouse fetuses (Balb/c); administration_route: Vitelline vein injection; dose: 5 ¥ìL (38.4 ng/¥ìL mRNA); gene_expression_result: High luciferase expression in fetal liver; biodistribution_result: Primarily liver, some lung and intestines; toxicity_profile: >90% fetal survival; cytokine_response: No significant cytokine elevation",,,,10.1126/sciadv.aba1028,Ionizable lipid nanoparticles for in utero mRNA delivery,"['Rachel S. Riley', 'Meghana V. Kashyap', 'Margaret M. Billingsley', 'Brandon White', 'Mohamad-Gabriel Alameh', 'Sourav K. Bose', 'Philip W. Zoltick', 'Hiaying Li', 'Rui Zhang', 'Andrew Y. Cheng', 'Drew Weissman', 'William H. Peranteau', 'Michael J. Mitchell']",Science Advances,2021.0,Polyamine core 1 + C12 epoxide-terminated alkyl tail,DOPE,cholesterol,C14-PEG2000
608,Custom lipid,DOPE,cholesterol,C14-PEG2000,35:46.5:16:2.5,mRNA,luciferase,,CCCCCCCC/C=C\CCCCCCCC(=O)OC[C@H](COP(=O)(O)OCCN)OC(=O)CCCCCCC/C=C\CCCCCCCC,C[C@H](CCCC(C)C)[C@H]1CC[C@@H]2[C@@]1(CC[C@H]3[C@H]2CC=C4[C@@]3(CC[C@@H](C4)O)C)C,CCCCCCCCCCCCCCOC(=O)CCOCCOCCOCCOCCOCCOCCOCCOCCOCCOCCOCCOCCOCCOCCOCCOCCOCCOCCOCCOCCOCCOCCOCCOCCOCCOCCOCCOCCOCCOCCOCCOCCOCCOCCOCCOCCOCCOCCOCCOCCOCCOCCOCCOCCOCCOCCOCCOCCOCCOCCOCCOCCOCCOCCOCCOCCOCCOCCOCCOCCOCCOCCOCCOCCOCCOCCOCCOCCOCCOCCOCCOCCOCCOCCOCCOCCOCCOCCOCCOCCOCCOCCOCCOCCOCCOCCOCCOCCOCCO,64.6,3.2,,0.3,,censored,96.7,,,,,,concentration,25.0,¥ìg/337.5¥ìL,"synthesis_method: Microfluidic; device_used: Microfluidic device with herringbone features; total_flow_rate_ml_min: ; flow_rate_ratio: ; aqueous_phase_composition: 10 mM citrate buffer (pH 3); organic_phase_composition: ethanol phase with lipid components; mixing_time_sec: ; temperature_condition: ; post_processing: Dialyzed against PBS for 2 hours; sterilization: 0.2 ¥ìm sterile filtration; storage_buffer: PBS, stored at 4¡ÆC",animal_model: E16 mouse fetuses (Balb/c); administration_route: Vitelline vein injection; dose: 5 ¥ìL (38.4 ng/¥ìL mRNA); gene_expression_result: Moderate luciferase expression; biodistribution_result: Primarily liver; toxicity_profile: >90% fetal survival; cytokine_response: No significant cytokine elevation,,,,10.1126/sciadv.aba1028,Ionizable lipid nanoparticles for in utero mRNA delivery,"['Rachel S. Riley', 'Meghana V. Kashyap', 'Margaret M. Billingsley', 'Brandon White', 'Mohamad-Gabriel Alameh', 'Sourav K. Bose', 'Philip W. Zoltick', 'Hiaying Li', 'Rui Zhang', 'Andrew Y. Cheng', 'Drew Weissman', 'William H. Peranteau', 'Michael J. Mitchell']",Science Advances,2021.0,Polyamine core 1 + C14 epoxide-terminated alkyl tail,DOPE,cholesterol,C14-PEG2000
609,Custom lipid,DOPE,cholesterol,C14-PEG2000,35:46.5:16:2.5,mRNA,luciferase,,CCCCCCCC/C=C\CCCCCCCC(=O)OC[C@H](COP(=O)(O)OCCN)OC(=O)CCCCCCC/C=C\CCCCCCCC,C[C@H](CCCC(C)C)[C@H]1CC[C@@H]2[C@@]1(CC[C@H]3[C@H]2CC=C4[C@@]3(CC[C@@H](C4)O)C)C,CCCCCCCCCCCCCCOC(=O)CCOCCOCCOCCOCCOCCOCCOCCOCCOCCOCCOCCOCCOCCOCCOCCOCCOCCOCCOCCOCCOCCOCCOCCOCCOCCOCCOCCOCCOCCOCCOCCOCCOCCOCCOCCOCCOCCOCCOCCOCCOCCOCCOCCOCCOCCOCCOCCOCCOCCOCCOCCOCCOCCOCCOCCOCCOCCOCCOCCOCCOCCOCCOCCOCCOCCOCCOCCOCCOCCOCCOCCOCCOCCOCCOCCOCCOCCOCCOCCOCCOCCOCCOCCOCCOCCOCCOCCOCCOCCO,92.9,1.7,,0.3,,censored,97.5,,,,,,concentration,25.0,¥ìg/337.5¥ìL,"synthesis_method: Microfluidic; device_used: Microfluidic device with herringbone features; total_flow_rate_ml_min: ; flow_rate_ratio: ; aqueous_phase_composition: 10 mM citrate buffer (pH 3); organic_phase_composition: ethanol phase with lipid components; mixing_time_sec: ; temperature_condition: ; post_processing: Dialyzed against PBS for 2 hours; sterilization: 0.2 ¥ìm sterile filtration; storage_buffer: PBS, stored at 4¡ÆC",animal_model: E16 mouse fetuses (Balb/c); administration_route: Vitelline vein injection; dose: 5 ¥ìL (38.4 ng/¥ìL mRNA); gene_expression_result: Low luciferase expression; biodistribution_result: Primarily liver; toxicity_profile: >90% fetal survival; cytokine_response: No significant cytokine elevation,,,,10.1126/sciadv.aba1028,Ionizable lipid nanoparticles for in utero mRNA delivery,"['Rachel S. Riley', 'Meghana V. Kashyap', 'Margaret M. Billingsley', 'Brandon White', 'Mohamad-Gabriel Alameh', 'Sourav K. Bose', 'Philip W. Zoltick', 'Hiaying Li', 'Rui Zhang', 'Andrew Y. Cheng', 'Drew Weissman', 'William H. Peranteau', 'Michael J. Mitchell']",Science Advances,2021.0,Polyamine core 1 + C16 epoxide-terminated alkyl tail,DOPE,cholesterol,C14-PEG2000
610,Custom lipid,DOPE,cholesterol,C14-PEG2000,35:46.5:16:2.5,mRNA,luciferase,,CCCCCCCC/C=C\CCCCCCCC(=O)OC[C@H](COP(=O)(O)OCCN)OC(=O)CCCCCCC/C=C\CCCCCCCC,C[C@H](CCCC(C)C)[C@H]1CC[C@@H]2[C@@]1(CC[C@H]3[C@H]2CC=C4[C@@]3(CC[C@@H](C4)O)C)C,CCCCCCCCCCCCCCOC(=O)CCOCCOCCOCCOCCOCCOCCOCCOCCOCCOCCOCCOCCOCCOCCOCCOCCOCCOCCOCCOCCOCCOCCOCCOCCOCCOCCOCCOCCOCCOCCOCCOCCOCCOCCOCCOCCOCCOCCOCCOCCOCCOCCOCCOCCOCCOCCOCCOCCOCCOCCOCCOCCOCCOCCOCCOCCOCCOCCOCCOCCOCCOCCOCCOCCOCCOCCOCCOCCOCCOCCOCCOCCOCCOCCOCCOCCOCCOCCOCCOCCOCCOCCOCCOCCOCCOCCOCCOCCOCCO,96.5,7.1,,0.3,,censored,84.6,,,,,,concentration,25.0,¥ìg/337.5¥ìL,"synthesis_method: Microfluidic; device_used: Microfluidic device with herringbone features; total_flow_rate_ml_min: ; flow_rate_ratio: ; aqueous_phase_composition: 10 mM citrate buffer (pH 3); organic_phase_composition: ethanol phase with lipid components; mixing_time_sec: ; temperature_condition: ; post_processing: Dialyzed against PBS for 2 hours; sterilization: 0.2 ¥ìm sterile filtration; storage_buffer: PBS, stored at 4¡ÆC",animal_model: E16 mouse fetuses (Balb/c); administration_route: Vitelline vein injection; dose: 5 ¥ìL (38.4 ng/¥ìL mRNA); gene_expression_result: Low luciferase expression; biodistribution_result: Primarily liver; toxicity_profile: >90% fetal survival; cytokine_response: No significant cytokine elevation,,,,10.1126/sciadv.aba1028,Ionizable lipid nanoparticles for in utero mRNA delivery,"['Rachel S. Riley', 'Meghana V. Kashyap', 'Margaret M. Billingsley', 'Brandon White', 'Mohamad-Gabriel Alameh', 'Sourav K. Bose', 'Philip W. Zoltick', 'Hiaying Li', 'Rui Zhang', 'Andrew Y. Cheng', 'Drew Weissman', 'William H. Peranteau', 'Michael J. Mitchell']",Science Advances,2021.0,Polyamine core 2 + C12 epoxide-terminated alkyl tail,DOPE,cholesterol,C14-PEG2000
611,Custom lipid,DOPE,cholesterol,C14-PEG2000,35:46.5:16:2.5,mRNA,luciferase,,CCCCCCCC/C=C\CCCCCCCC(=O)OC[C@H](COP(=O)(O)OCCN)OC(=O)CCCCCCC/C=C\CCCCCCCC,C[C@H](CCCC(C)C)[C@H]1CC[C@@H]2[C@@]1(CC[C@H]3[C@H]2CC=C4[C@@]3(CC[C@@H](C4)O)C)C,CCCCCCCCCCCCCCOC(=O)CCOCCOCCOCCOCCOCCOCCOCCOCCOCCOCCOCCOCCOCCOCCOCCOCCOCCOCCOCCOCCOCCOCCOCCOCCOCCOCCOCCOCCOCCOCCOCCOCCOCCOCCOCCOCCOCCOCCOCCOCCOCCOCCOCCOCCOCCOCCOCCOCCOCCOCCOCCOCCOCCOCCOCCOCCOCCOCCOCCOCCOCCOCCOCCOCCOCCOCCOCCOCCOCCOCCOCCOCCOCCOCCOCCOCCOCCOCCOCCOCCOCCOCCOCCOCCOCCOCCOCCOCCOCCO,135.2,14.6,,0.3,,censored,87.9,,,,,,concentration,25.0,¥ìg/337.5¥ìL,"synthesis_method: Microfluidic; device_used: Microfluidic device with herringbone features; total_flow_rate_ml_min: ; flow_rate_ratio: ; aqueous_phase_composition: 10 mM citrate buffer (pH 3); organic_phase_composition: ethanol phase with lipid components; mixing_time_sec: ; temperature_condition: ; post_processing: Dialyzed against PBS for 2 hours; sterilization: 0.2 ¥ìm sterile filtration; storage_buffer: PBS, stored at 4¡ÆC",animal_model: E16 mouse fetuses (Balb/c); administration_route: Vitelline vein injection; dose: 5 ¥ìL (38.4 ng/¥ìL mRNA); gene_expression_result: Low luciferase expression; biodistribution_result: Primarily liver; toxicity_profile: >90% fetal survival; cytokine_response: No significant cytokine elevation,,,,10.1126/sciadv.aba1028,Ionizable lipid nanoparticles for in utero mRNA delivery,"['Rachel S. Riley', 'Meghana V. Kashyap', 'Margaret M. Billingsley', 'Brandon White', 'Mohamad-Gabriel Alameh', 'Sourav K. Bose', 'Philip W. Zoltick', 'Hiaying Li', 'Rui Zhang', 'Andrew Y. Cheng', 'Drew Weissman', 'William H. Peranteau', 'Michael J. Mitchell']",Science Advances,2021.0,Polyamine core 2 + C14 epoxide-terminated alkyl tail,DOPE,cholesterol,C14-PEG2000
612,Custom lipid,DOPE,cholesterol,C14-PEG2000,35:46.5:16:2.5,mRNA,luciferase,,CCCCCCCC/C=C\CCCCCCCC(=O)OC[C@H](COP(=O)(O)OCCN)OC(=O)CCCCCCC/C=C\CCCCCCCC,C[C@H](CCCC(C)C)[C@H]1CC[C@@H]2[C@@]1(CC[C@H]3[C@H]2CC=C4[C@@]3(CC[C@@H](C4)O)C)C,CCCCCCCCCCCCCCOC(=O)CCOCCOCCOCCOCCOCCOCCOCCOCCOCCOCCOCCOCCOCCOCCOCCOCCOCCOCCOCCOCCOCCOCCOCCOCCOCCOCCOCCOCCOCCOCCOCCOCCOCCOCCOCCOCCOCCOCCOCCOCCOCCOCCOCCOCCOCCOCCOCCOCCOCCOCCOCCOCCOCCOCCOCCOCCOCCOCCOCCOCCOCCOCCOCCOCCOCCOCCOCCOCCOCCOCCOCCOCCOCCOCCOCCOCCOCCOCCOCCOCCOCCOCCOCCOCCOCCOCCOCCOCCOCCO,102.8,11.0,,0.3,,censored,89.8,,,,,,concentration,25.0,¥ìg/337.5¥ìL,"synthesis_method: Microfluidic; device_used: Microfluidic device with herringbone features; total_flow_rate_ml_min: ; flow_rate_ratio: ; aqueous_phase_composition: 10 mM citrate buffer (pH 3); organic_phase_composition: ethanol phase with lipid components; mixing_time_sec: ; temperature_condition: ; post_processing: Dialyzed against PBS for 2 hours; sterilization: 0.2 ¥ìm sterile filtration; storage_buffer: PBS, stored at 4¡ÆC",animal_model: E16 mouse fetuses (Balb/c); administration_route: Vitelline vein injection; dose: 5 ¥ìL (38.4 ng/¥ìL mRNA); gene_expression_result: Low luciferase expression; biodistribution_result: Primarily liver; toxicity_profile: >90% fetal survival; cytokine_response: No significant cytokine elevation,,,,10.1126/sciadv.aba1028,Ionizable lipid nanoparticles for in utero mRNA delivery,"['Rachel S. Riley', 'Meghana V. Kashyap', 'Margaret M. Billingsley', 'Brandon White', 'Mohamad-Gabriel Alameh', 'Sourav K. Bose', 'Philip W. Zoltick', 'Hiaying Li', 'Rui Zhang', 'Andrew Y. Cheng', 'Drew Weissman', 'William H. Peranteau', 'Michael J. Mitchell']",Science Advances,2021.0,Polyamine core 2 + C16 epoxide-terminated alkyl tail,DOPE,cholesterol,C14-PEG2000
613,Custom lipid,DOPE,cholesterol,C14-PEG2000,35:46.5:16:2.5,mRNA,"luciferase, epo, gfp",,CCCCCCCC/C=C\CCCCCCCC(=O)OC[C@H](COP(=O)(O)OCCN)OC(=O)CCCCCCC/C=C\CCCCCCCC,C[C@H](CCCC(C)C)[C@H]1CC[C@@H]2[C@@]1(CC[C@H]3[C@H]2CC=C4[C@@]3(CC[C@@H](C4)O)C)C,CCCCCCCCCCCCCCOC(=O)CCOCCOCCOCCOCCOCCOCCOCCOCCOCCOCCOCCOCCOCCOCCOCCOCCOCCOCCOCCOCCOCCOCCOCCOCCOCCOCCOCCOCCOCCOCCOCCOCCOCCOCCOCCOCCOCCOCCOCCOCCOCCOCCOCCOCCOCCOCCOCCOCCOCCOCCOCCOCCOCCOCCOCCOCCOCCOCCOCCOCCOCCOCCOCCOCCOCCOCCOCCOCCOCCOCCOCCOCCOCCOCCOCCOCCOCCOCCOCCOCCOCCOCCOCCOCCOCCOCCOCCOCCOCCO,116.0,5.3,,0.3,,censored,81.3,,,,,,concentration,25.0,¥ìg/337.5¥ìL,"synthesis_method: Microfluidic; device_used: Microfluidic device with herringbone features; total_flow_rate_ml_min: ; flow_rate_ratio: ; aqueous_phase_composition: 10 mM citrate buffer (pH 3); organic_phase_composition: ethanol phase with lipid components; mixing_time_sec: ; temperature_condition: ; post_processing: Dialyzed against PBS for 2 hours; sterilization: 0.2 ¥ìm sterile filtration; storage_buffer: PBS, stored at 4¡ÆC","animal_model: E16 mouse fetuses (Balb/c); administration_route: Vitelline vein injection; dose: 5 ¥ìL (38.4 ng/¥ìL mRNA) or 190-760 ng EPO mRNA; gene_expression_result: Highest luciferase expression; 1.1% GFP+ liver cells; ~100 mIU/mL EPO; biodistribution_result: Liver, lungs, intestines; toxicity_profile: >90% fetal survival; cytokine_response: No significant cytokine elevation",,,,10.1126/sciadv.aba1028,Ionizable lipid nanoparticles for in utero mRNA delivery,"['Rachel S. Riley', 'Meghana V. Kashyap', 'Margaret M. Billingsley', 'Brandon White', 'Mohamad-Gabriel Alameh', 'Sourav K. Bose', 'Philip W. Zoltick', 'Hiaying Li', 'Rui Zhang', 'Andrew Y. Cheng', 'Drew Weissman', 'William H. Peranteau', 'Michael J. Mitchell']",Science Advances,2021.0,Polyamine core 3 + C12 epoxide-terminated alkyl tail,DOPE,cholesterol,C14-PEG2000
614,Custom lipid,DOPE,cholesterol,C14-PEG2000,35:46.5:16:2.5,mRNA,luciferase,,CCCCCCCC/C=C\CCCCCCCC(=O)OC[C@H](COP(=O)(O)OCCN)OC(=O)CCCCCCC/C=C\CCCCCCCC,C[C@H](CCCC(C)C)[C@H]1CC[C@@H]2[C@@]1(CC[C@H]3[C@H]2CC=C4[C@@]3(CC[C@@H](C4)O)C)C,CCCCCCCCCCCCCCOC(=O)CCOCCOCCOCCOCCOCCOCCOCCOCCOCCOCCOCCOCCOCCOCCOCCOCCOCCOCCOCCOCCOCCOCCOCCOCCOCCOCCOCCOCCOCCOCCOCCOCCOCCOCCOCCOCCOCCOCCOCCOCCOCCOCCOCCOCCOCCOCCOCCOCCOCCOCCOCCOCCOCCOCCOCCOCCOCCOCCOCCOCCOCCOCCOCCOCCOCCOCCOCCOCCOCCOCCOCCOCCOCCOCCOCCOCCOCCOCCOCCOCCOCCOCCOCCOCCOCCOCCOCCOCCOCCO,115.5,0.8,,0.3,,censored,86.3,,,,,,concentration,25.0,¥ìg/337.5¥ìL,"synthesis_method: Microfluidic; device_used: Microfluidic device with herringbone features; total_flow_rate_ml_min: ; flow_rate_ratio: ; aqueous_phase_composition: 10 mM citrate buffer (pH 3); organic_phase_composition: ethanol phase with lipid components; mixing_time_sec: ; temperature_condition: ; post_processing: Dialyzed against PBS for 2 hours; sterilization: 0.2 ¥ìm sterile filtration; storage_buffer: PBS, stored at 4¡ÆC","animal_model: E16 mouse fetuses (Balb/c); administration_route: Vitelline vein injection; dose: 5 ¥ìL (38.4 ng/¥ìL mRNA); gene_expression_result: High luciferase expression; biodistribution_result: Liver, lungs, intestines; toxicity_profile: >90% fetal survival; cytokine_response: No significant cytokine elevation",,,,10.1126/sciadv.aba1028,Ionizable lipid nanoparticles for in utero mRNA delivery,"['Rachel S. Riley', 'Meghana V. Kashyap', 'Margaret M. Billingsley', 'Brandon White', 'Mohamad-Gabriel Alameh', 'Sourav K. Bose', 'Philip W. Zoltick', 'Hiaying Li', 'Rui Zhang', 'Andrew Y. Cheng', 'Drew Weissman', 'William H. Peranteau', 'Michael J. Mitchell']",Science Advances,2021.0,Polyamine core 3 + C14 epoxide-terminated alkyl tail,DOPE,cholesterol,C14-PEG2000
615,Custom lipid,DOPE,cholesterol,C14-PEG2000,35:46.5:16:2.5,mRNA,luciferase,,CCCCCCCC/C=C\CCCCCCCC(=O)OC[C@H](COP(=O)(O)OCCN)OC(=O)CCCCCCC/C=C\CCCCCCCC,C[C@H](CCCC(C)C)[C@H]1CC[C@@H]2[C@@]1(CC[C@H]3[C@H]2CC=C4[C@@]3(CC[C@@H](C4)O)C)C,CCCCCCCCCCCCCCOC(=O)CCOCCOCCOCCOCCOCCOCCOCCOCCOCCOCCOCCOCCOCCOCCOCCOCCOCCOCCOCCOCCOCCOCCOCCOCCOCCOCCOCCOCCOCCOCCOCCOCCOCCOCCOCCOCCOCCOCCOCCOCCOCCOCCOCCOCCOCCOCCOCCOCCOCCOCCOCCOCCOCCOCCOCCOCCOCCOCCOCCOCCOCCOCCOCCOCCOCCOCCOCCOCCOCCOCCOCCOCCOCCOCCOCCOCCOCCOCCOCCOCCOCCOCCOCCOCCOCCOCCOCCOCCOCCO,82.5,10.1,,0.3,,censored,86.2,,,,,,concentration,25.0,¥ìg/337.5¥ìL,"synthesis_method: Microfluidic; device_used: Microfluidic device with herringbone features; total_flow_rate_ml_min: ; flow_rate_ratio: ; aqueous_phase_composition: 10 mM citrate buffer (pH 3); organic_phase_composition: ethanol phase with lipid components; mixing_time_sec: ; temperature_condition: ; post_processing: Dialyzed against PBS for 2 hours; sterilization: 0.2 ¥ìm sterile filtration; storage_buffer: PBS, stored at 4¡ÆC",animal_model: E16 mouse fetuses (Balb/c); administration_route: Vitelline vein injection; dose: 5 ¥ìL (38.4 ng/¥ìL mRNA); gene_expression_result: Low luciferase expression; biodistribution_result: Primarily liver; toxicity_profile: >90% fetal survival; cytokine_response: No significant cytokine elevation,,,,10.1126/sciadv.aba1028,Ionizable lipid nanoparticles for in utero mRNA delivery,"['Rachel S. Riley', 'Meghana V. Kashyap', 'Margaret M. Billingsley', 'Brandon White', 'Mohamad-Gabriel Alameh', 'Sourav K. Bose', 'Philip W. Zoltick', 'Hiaying Li', 'Rui Zhang', 'Andrew Y. Cheng', 'Drew Weissman', 'William H. Peranteau', 'Michael J. Mitchell']",Science Advances,2021.0,Polyamine core 3 + C16 epoxide-terminated alkyl tail,DOPE,cholesterol,C14-PEG2000
616,Custom lipid,DOPE,cholesterol,C14-PEG2000,35:46.5:16:2.5,mRNA,luciferase,,CCCCCCCC/C=C\CCCCCCCC(=O)OC[C@H](COP(=O)(O)OCCN)OC(=O)CCCCCCC/C=C\CCCCCCCC,C[C@H](CCCC(C)C)[C@H]1CC[C@@H]2[C@@]1(CC[C@H]3[C@H]2CC=C4[C@@]3(CC[C@@H](C4)O)C)C,CCCCCCCCCCCCCCOC(=O)CCOCCOCCOCCOCCOCCOCCOCCOCCOCCOCCOCCOCCOCCOCCOCCOCCOCCOCCOCCOCCOCCOCCOCCOCCOCCOCCOCCOCCOCCOCCOCCOCCOCCOCCOCCOCCOCCOCCOCCOCCOCCOCCOCCOCCOCCOCCOCCOCCOCCOCCOCCOCCOCCOCCOCCOCCOCCOCCOCCOCCOCCOCCOCCOCCOCCOCCOCCOCCOCCOCCOCCOCCOCCOCCOCCOCCOCCOCCOCCOCCOCCOCCOCCOCCOCCOCCOCCOCCOCCO,85.8,6.2,,0.3,,censored,96.0,,,,,,concentration,25.0,¥ìg/337.5¥ìL,"synthesis_method: Microfluidic; device_used: Microfluidic device with herringbone features; total_flow_rate_ml_min: ; flow_rate_ratio: ; aqueous_phase_composition: 10 mM citrate buffer (pH 3); organic_phase_composition: ethanol phase with lipid components; mixing_time_sec: ; temperature_condition: ; post_processing: Dialyzed against PBS for 2 hours; sterilization: 0.2 ¥ìm sterile filtration; storage_buffer: PBS, stored at 4¡ÆC",animal_model: E16 mouse fetuses (Balb/c); administration_route: Vitelline vein injection; dose: 5 ¥ìL (38.4 ng/¥ìL mRNA); gene_expression_result: Moderate luciferase expression; biodistribution_result: Primarily liver; toxicity_profile: >90% fetal survival; cytokine_response: No significant cytokine elevation,,,,10.1126/sciadv.aba1028,Ionizable lipid nanoparticles for in utero mRNA delivery,"['Rachel S. Riley', 'Meghana V. Kashyap', 'Margaret M. Billingsley', 'Brandon White', 'Mohamad-Gabriel Alameh', 'Sourav K. Bose', 'Philip W. Zoltick', 'Hiaying Li', 'Rui Zhang', 'Andrew Y. Cheng', 'Drew Weissman', 'William H. Peranteau', 'Michael J. Mitchell']",Science Advances,2021.0,Polyamine core 4 + C12 epoxide-terminated alkyl tail,DOPE,cholesterol,C14-PEG2000
617,Custom lipid,DOPE,cholesterol,C14-PEG2000,35:46.5:16:2.5,mRNA,"luciferase, epo, gfp",,CCCCCCCC/C=C\CCCCCCCC(=O)OC[C@H](COP(=O)(O)OCCN)OC(=O)CCCCCCC/C=C\CCCCCCCC,C[C@H](CCCC(C)C)[C@H]1CC[C@@H]2[C@@]1(CC[C@H]3[C@H]2CC=C4[C@@]3(CC[C@@H](C4)O)C)C,CCCCCCCCCCCCCCOC(=O)CCOCCOCCOCCOCCOCCOCCOCCOCCOCCOCCOCCOCCOCCOCCOCCOCCOCCOCCOCCOCCOCCOCCOCCOCCOCCOCCOCCOCCOCCOCCOCCOCCOCCOCCOCCOCCOCCOCCOCCOCCOCCOCCOCCOCCOCCOCCOCCOCCOCCOCCOCCOCCOCCOCCOCCOCCOCCOCCOCCOCCOCCOCCOCCOCCOCCOCCOCCOCCOCCOCCOCCOCCOCCOCCOCCOCCOCCOCCOCCOCCOCCOCCOCCOCCOCCOCCOCCOCCOCCO,94.1,12.7,,0.3,,censored,95.0,,,,,,concentration,25.0,¥ìg/337.5¥ìL,"synthesis_method: Microfluidic; device_used: Microfluidic device with herringbone features; total_flow_rate_ml_min: ; flow_rate_ratio: ; aqueous_phase_composition: 10 mM citrate buffer (pH 3); organic_phase_composition: ethanol phase with lipid components; mixing_time_sec: ; temperature_condition: ; post_processing: Dialyzed against PBS for 2 hours; sterilization: 0.2 ¥ìm sterile filtration; storage_buffer: PBS, stored at 4¡ÆC","animal_model: E16 mouse fetuses (Balb/c); administration_route: Vitelline vein injection; dose: 5 ¥ìL (38.4 ng/¥ìL mRNA) or 190-760 ng EPO mRNA; gene_expression_result: High luciferase expression; 0.17% GFP+ liver cells; ~50 mIU/mL EPO; biodistribution_result: Liver, lungs, intestines; toxicity_profile: >90% fetal survival; cytokine_response: Elevated KC and MIP-2 in Balb/c mice",,,,10.1126/sciadv.aba1028,Ionizable lipid nanoparticles for in utero mRNA delivery,"['Rachel S. Riley', 'Meghana V. Kashyap', 'Margaret M. Billingsley', 'Brandon White', 'Mohamad-Gabriel Alameh', 'Sourav K. Bose', 'Philip W. Zoltick', 'Hiaying Li', 'Rui Zhang', 'Andrew Y. Cheng', 'Drew Weissman', 'William H. Peranteau', 'Michael J. Mitchell']",Science Advances,2021.0,Polyamine core 4 + C14 epoxide-terminated alkyl tail,DOPE,cholesterol,C14-PEG2000
618,Custom lipid,DOPE,cholesterol,C14-PEG2000,35:46.5:16:2.5,mRNA,luciferase,,CCCCCCCC/C=C\CCCCCCCC(=O)OC[C@H](COP(=O)(O)OCCN)OC(=O)CCCCCCC/C=C\CCCCCCCC,C[C@H](CCCC(C)C)[C@H]1CC[C@@H]2[C@@]1(CC[C@H]3[C@H]2CC=C4[C@@]3(CC[C@@H](C4)O)C)C,CCCCCCCCCCCCCCOC(=O)CCOCCOCCOCCOCCOCCOCCOCCOCCOCCOCCOCCOCCOCCOCCOCCOCCOCCOCCOCCOCCOCCOCCOCCOCCOCCOCCOCCOCCOCCOCCOCCOCCOCCOCCOCCOCCOCCOCCOCCOCCOCCOCCOCCOCCOCCOCCOCCOCCOCCOCCOCCOCCOCCOCCOCCOCCOCCOCCOCCOCCOCCOCCOCCOCCOCCOCCOCCOCCOCCOCCOCCOCCOCCOCCOCCOCCOCCOCCOCCOCCOCCOCCOCCOCCOCCOCCOCCOCCOCCO,118.6,6.9,,0.3,,censored,96.1,,,,,,concentration,25.0,¥ìg/337.5¥ìL,"synthesis_method: Microfluidic; device_used: Microfluidic device with herringbone features; total_flow_rate_ml_min: ; flow_rate_ratio: ; aqueous_phase_composition: 10 mM citrate buffer (pH 3); organic_phase_composition: ethanol phase with lipid components; mixing_time_sec: ; temperature_condition: ; post_processing: Dialyzed against PBS for 2 hours; sterilization: 0.2 ¥ìm sterile filtration; storage_buffer: PBS, stored at 4¡ÆC",animal_model: E16 mouse fetuses (Balb/c); administration_route: Vitelline vein injection; dose: 5 ¥ìL (38.4 ng/¥ìL mRNA); gene_expression_result: Low luciferase expression; biodistribution_result: Primarily liver; toxicity_profile: >90% fetal survival; cytokine_response: No significant cytokine elevation,,,,10.1126/sciadv.aba1028,Ionizable lipid nanoparticles for in utero mRNA delivery,"['Rachel S. Riley', 'Meghana V. Kashyap', 'Margaret M. Billingsley', 'Brandon White', 'Mohamad-Gabriel Alameh', 'Sourav K. Bose', 'Philip W. Zoltick', 'Hiaying Li', 'Rui Zhang', 'Andrew Y. Cheng', 'Drew Weissman', 'William H. Peranteau', 'Michael J. Mitchell']",Science Advances,2021.0,Polyamine core 4 + C16 epoxide-terminated alkyl tail,DOPE,cholesterol,C14-PEG2000
619,Custom lipid,DOPE,cholesterol,C14-PEG2000,35:46.5:16:2.5,mRNA,luciferase,,CCCCCCCC/C=C\CCCCCCCC(=O)OC[C@H](COP(=O)(O)OCCN)OC(=O)CCCCCCC/C=C\CCCCCCCC,C[C@H](CCCC(C)C)[C@H]1CC[C@@H]2[C@@]1(CC[C@H]3[C@H]2CC=C4[C@@]3(CC[C@@H](C4)O)C)C,CCCCCCCCCCCCCCOC(=O)CCOCCOCCOCCOCCOCCOCCOCCOCCOCCOCCOCCOCCOCCOCCOCCOCCOCCOCCOCCOCCOCCOCCOCCOCCOCCOCCOCCOCCOCCOCCOCCOCCOCCOCCOCCOCCOCCOCCOCCOCCOCCOCCOCCOCCOCCOCCOCCOCCOCCOCCOCCOCCOCCOCCOCCOCCOCCOCCOCCOCCOCCOCCOCCOCCOCCOCCOCCOCCOCCOCCOCCOCCOCCOCCOCCOCCOCCOCCOCCOCCOCCOCCOCCOCCOCCOCCOCCOCCOCCO,105.4,7.2,,0.3,,censored,74.0,,,,,,concentration,25.0,¥ìg/337.5¥ìL,"synthesis_method: Microfluidic; device_used: Microfluidic device with herringbone features; total_flow_rate_ml_min: ; flow_rate_ratio: ; aqueous_phase_composition: 10 mM citrate buffer (pH 3); organic_phase_composition: ethanol phase with lipid components; mixing_time_sec: ; temperature_condition: ; post_processing: Dialyzed against PBS for 2 hours; sterilization: 0.2 ¥ìm sterile filtration; storage_buffer: PBS, stored at 4¡ÆC",animal_model: E16 mouse fetuses (Balb/c); administration_route: Vitelline vein injection; dose: 5 ¥ìL (38.4 ng/¥ìL mRNA); gene_expression_result: Low luciferase expression; biodistribution_result: Primarily liver; toxicity_profile: >90% fetal survival; cytokine_response: No significant cytokine elevation,,,,10.1126/sciadv.aba1028,Ionizable lipid nanoparticles for in utero mRNA delivery,"['Rachel S. Riley', 'Meghana V. Kashyap', 'Margaret M. Billingsley', 'Brandon White', 'Mohamad-Gabriel Alameh', 'Sourav K. Bose', 'Philip W. Zoltick', 'Hiaying Li', 'Rui Zhang', 'Andrew Y. Cheng', 'Drew Weissman', 'William H. Peranteau', 'Michael J. Mitchell']",Science Advances,2021.0,Polyamine core 5 + C12 epoxide-terminated alkyl tail,DOPE,cholesterol,C14-PEG2000
620,Custom lipid,DOPE,cholesterol,C14-PEG2000,35:46.5:16:2.5,mRNA,luciferase,,CCCCCCCC/C=C\CCCCCCCC(=O)OC[C@H](COP(=O)(O)OCCN)OC(=O)CCCCCCC/C=C\CCCCCCCC,C[C@H](CCCC(C)C)[C@H]1CC[C@@H]2[C@@]1(CC[C@H]3[C@H]2CC=C4[C@@]3(CC[C@@H](C4)O)C)C,CCCCCCCCCCCCCCOC(=O)CCOCCOCCOCCOCCOCCOCCOCCOCCOCCOCCOCCOCCOCCOCCOCCOCCOCCOCCOCCOCCOCCOCCOCCOCCOCCOCCOCCOCCOCCOCCOCCOCCOCCOCCOCCOCCOCCOCCOCCOCCOCCOCCOCCOCCOCCOCCOCCOCCOCCOCCOCCOCCOCCOCCOCCOCCOCCOCCOCCOCCOCCOCCOCCOCCOCCOCCOCCOCCOCCOCCOCCOCCOCCOCCOCCOCCOCCOCCOCCOCCOCCOCCOCCOCCOCCOCCOCCOCCOCCO,102.3,4.8,,0.3,,censored,92.6,,,,,,concentration,25.0,¥ìg/337.5¥ìL,"synthesis_method: Microfluidic; device_used: Microfluidic device with herringbone features; total_flow_rate_ml_min: ; flow_rate_ratio: ; aqueous_phase_composition: 10 mM citrate buffer (pH 3); organic_phase_composition: ethanol phase with lipid components; mixing_time_sec: ; temperature_condition: ; post_processing: Dialyzed against PBS for 2 hours; sterilization: 0.2 ¥ìm sterile filtration; storage_buffer: PBS, stored at 4¡ÆC",animal_model: E16 mouse fetuses (Balb/c); administration_route: Vitelline vein injection; dose: 5 ¥ìL (38.4 ng/¥ìL mRNA); gene_expression_result: Low luciferase expression; biodistribution_result: Primarily liver; toxicity_profile: >90% fetal survival; cytokine_response: No significant cytokine elevation,,,,10.1126/sciadv.aba1028,Ionizable lipid nanoparticles for in utero mRNA delivery,"['Rachel S. Riley', 'Meghana V. Kashyap', 'Margaret M. Billingsley', 'Brandon White', 'Mohamad-Gabriel Alameh', 'Sourav K. Bose', 'Philip W. Zoltick', 'Hiaying Li', 'Rui Zhang', 'Andrew Y. Cheng', 'Drew Weissman', 'William H. Peranteau', 'Michael J. Mitchell']",Science Advances,2021.0,Polyamine core 5 + C14 epoxide-terminated alkyl tail,DOPE,cholesterol,C14-PEG2000
621,DLin-MC3-DMA,DOPE,cholesterol,C14-PEG2000,35:46.5:16:2.5,mRNA,luciferase,CCCCC/C=C\C/C=C\CCCCCCCCC(OC(=O)CCCN(C)C)CCCCCCCC/C=C\C/C=C\CCCCC,CCCCCCCC/C=C\CCCCCCCC(=O)OC[C@H](COP(=O)(O)OCCN)OC(=O)CCCCCCC/C=C\CCCCCCCC,C[C@H](CCCC(C)C)[C@H]1CC[C@@H]2[C@@]1(CC[C@H]3[C@H]2CC=C4[C@@]3(CC[C@@H](C4)O)C)C,CCCCCCCCCCCCCCOC(=O)CCOCCOCCOCCOCCOCCOCCOCCOCCOCCOCCOCCOCCOCCOCCOCCOCCOCCOCCOCCOCCOCCOCCOCCOCCOCCOCCOCCOCCOCCOCCOCCOCCOCCOCCOCCOCCOCCOCCOCCOCCOCCOCCOCCOCCOCCOCCOCCOCCOCCOCCOCCOCCOCCOCCOCCOCCOCCOCCOCCOCCOCCOCCOCCOCCOCCOCCOCCOCCOCCOCCOCCOCCOCCOCCOCCOCCOCCOCCOCCOCCOCCOCCOCCOCCOCCOCCOCCOCCOCCO,,,,,,,,,,,,,concentration,25.0,¥ìg/337.5¥ìL,"synthesis_method: Microfluidic; device_used: Microfluidic device with herringbone features; total_flow_rate_ml_min: ; flow_rate_ratio: ; aqueous_phase_composition: 10 mM citrate buffer (pH 3); organic_phase_composition: ethanol phase with lipid components; mixing_time_sec: ; temperature_condition: ; post_processing: Dialyzed against PBS for 2 hours; sterilization: 0.2 ¥ìm sterile filtration; storage_buffer: PBS, stored at 4¡ÆC","animal_model: E16 mouse fetuses (Balb/c); administration_route: Vitelline vein injection; dose: 5 ¥ìL (38.4 ng/¥ìL mRNA); gene_expression_result: Moderate luciferase expression (3.5-fold lower than LNP A-3); biodistribution_result: Primarily liver, minimal lung/intestine delivery; toxicity_profile: 72.4% fetal survival; cytokine_response: Elevated KC and IL-6 in maternal plasma",3.5,numeric,,10.1126/sciadv.aba1028,Ionizable lipid nanoparticles for in utero mRNA delivery,"['Rachel S. Riley', 'Meghana V. Kashyap', 'Margaret M. Billingsley', 'Brandon White', 'Mohamad-Gabriel Alameh', 'Sourav K. Bose', 'Philip W. Zoltick', 'Hiaying Li', 'Rui Zhang', 'Andrew Y. Cheng', 'Drew Weissman', 'William H. Peranteau', 'Michael J. Mitchell']",Science Advances,2021.0,DLin-MC3-DMA,DOPE,cholesterol,C14-PEG2000
622,Custom lipid,DOPE,cholesterol,C14-PEG2000,35:16:46.5:2.5,mRNA,"luciferase, mcherry, vegf",,CCCCCCCC/C=C\CCCCCCCC(=O)OC[C@H](COP(=O)(O)OCCN)OC(=O)CCCCCCC/C=C\CCCCCCCC,C[C@H](CCCC(C)C)[C@H]1CC[C@@H]2[C@@]1(CC[C@H]3[C@H]2CC=C4[C@@]3(CC[C@@H](C4)O)C)C,CCCCCCCCCCCCCCOC(=O)CCOCCOCCOCCOCCOCCOCCOCCOCCOCCOCCOCCOCCOCCOCCOCCOCCOCCOCCOCCOCCOCCOCCOCCOCCOCCOCCOCCOCCOCCOCCOCCOCCOCCOCCOCCOCCOCCOCCOCCOCCOCCOCCOCCOCCOCCOCCOCCOCCOCCOCCOCCOCCOCCOCCOCCOCCOCCOCCOCCOCCOCCOCCOCCOCCOCCOCCOCCOCCOCCOCCOCCOCCOCCOCCOCCOCCOCCOCCOCCOCCOCCOCCOCCOCCOCCOCCOCCOCCOCCO,106.97,1.69,,0.1,0.02,,94.84,3.48,,,,,wt/wt,10.0,OTHER_wt_ratio,synthesis_method: Microfluidic; device_used: Microfluidic device with herringbone features; total_flow_rate_ml_min: ; flow_rate_ratio: ; aqueous_phase_composition: 25 ¥ìg luciferase mRNA in 10 mM citrate buffer (pH = 3); organic_phase_composition: Ethanol phase with lipids; mixing_time_sec: ; temperature_condition: ; post_processing: Dialyzed against 1X PBS with 20 kDa MWCO for 2 h; sterilization: 0.22 ¥ìm filter; storage_buffer: Stored at 4¡ÆC,"cell_line: JEG-3 choriocarcinoma cells; animal_model: Non-pregnant and pregnant mice (E16); administration_route: IV (tail vein injection); dose: 0.6 mg mRNA/kg body mass (luciferase), 1 mg mRNA/kg (mCherry, VEGF); gene_expression_result: Normalized luciferase expression in JEG-3 cells; biodistribution_result: Primarily liver and spleen delivery; toxicity_profile: No significant decrease in cell viability vs Lipofectamine",3.0,numeric,0.5555555555555556,10.1021/jacs.2c12893,Ionizable Lipid Nanoparticles for In Vivo mRNA Delivery to the Placenta during Pregnancy,"['Kelsey L. Swingle', 'Hannah C. Safford', 'Hannah C. Geisler', 'Alex G. Hamilton', 'Ajay S. Thatte', 'Margaret M. Billingsley', 'Ryann A. Joseph', 'Kaitlin Mrksich', 'Marshall S. Padilla', 'Aditi A. Ghalsasi', 'Mohamad-Gabriel Alameh', 'Drew Weissman', 'Michael J. Mitchell']",Journal of the American Chemical Society,2023.0,A1 (C12 epoxide + polyamine core 1),DOPE,cholesterol,C14-PEG2000
623,Custom lipid,DOPE,cholesterol,C14-PEG2000,35:16:46.5:2.5,mRNA,luciferase,,CCCCCCCC/C=C\CCCCCCCC(=O)OC[C@H](COP(=O)(O)OCCN)OC(=O)CCCCCCC/C=C\CCCCCCCC,C[C@H](CCCC(C)C)[C@H]1CC[C@@H]2[C@@]1(CC[C@H]3[C@H]2CC=C4[C@@]3(CC[C@@H](C4)O)C)C,CCCCCCCCCCCCCCOC(=O)CCOCCOCCOCCOCCOCCOCCOCCOCCOCCOCCOCCOCCOCCOCCOCCOCCOCCOCCOCCOCCOCCOCCOCCOCCOCCOCCOCCOCCOCCOCCOCCOCCOCCOCCOCCOCCOCCOCCOCCOCCOCCOCCOCCOCCOCCOCCOCCOCCOCCOCCOCCOCCOCCOCCOCCOCCOCCOCCOCCOCCOCCOCCOCCOCCOCCOCCOCCOCCOCCOCCOCCOCCOCCOCCOCCOCCOCCOCCOCCOCCOCCOCCOCCOCCOCCOCCOCCOCCOCCO,100.77,1.75,,0.13,0.01,,89.74,2.62,,,,,wt/wt,10.0,OTHER_wt_ratio,synthesis_method: Microfluidic; device_used: Microfluidic device with herringbone features; total_flow_rate_ml_min: ; flow_rate_ratio: ; aqueous_phase_composition: 25 ¥ìg luciferase mRNA in 10 mM citrate buffer (pH = 3); organic_phase_composition: Ethanol phase with lipids; mixing_time_sec: ; temperature_condition: ; post_processing: Dialyzed against 1X PBS with 20 kDa MWCO for 2 h; sterilization: 0.22 ¥ìm filter; storage_buffer: Stored at 4¡ÆC,"cell_line: JEG-3 choriocarcinoma cells; dose: 50 ng mRNA per 25,000 cells; gene_expression_result: Normalized luciferase expression in JEG-3 cells; toxicity_profile: No significant decrease in cell viability vs Lipofectamine",3.0,numeric,0.5555555555555556,10.1021/jacs.2c12893,Ionizable Lipid Nanoparticles for In Vivo mRNA Delivery to the Placenta during Pregnancy,"['Kelsey L. Swingle', 'Hannah C. Safford', 'Hannah C. Geisler', 'Alex G. Hamilton', 'Ajay S. Thatte', 'Margaret M. Billingsley', 'Ryann A. Joseph', 'Kaitlin Mrksich', 'Marshall S. Padilla', 'Aditi A. Ghalsasi', 'Mohamad-Gabriel Alameh', 'Drew Weissman', 'Michael J. Mitchell']",Journal of the American Chemical Society,2023.0,A2 (C12 epoxide + polyamine core 2),DOPE,cholesterol,C14-PEG2000
624,Custom lipid,DOPE,cholesterol,C14-PEG2000,35:16:46.5:2.5,mRNA,luciferase,,CCCCCCCC/C=C\CCCCCCCC(=O)OC[C@H](COP(=O)(O)OCCN)OC(=O)CCCCCCC/C=C\CCCCCCCC,C[C@H](CCCC(C)C)[C@H]1CC[C@@H]2[C@@]1(CC[C@H]3[C@H]2CC=C4[C@@]3(CC[C@@H](C4)O)C)C,CCCCCCCCCCCCCCOC(=O)CCOCCOCCOCCOCCOCCOCCOCCOCCOCCOCCOCCOCCOCCOCCOCCOCCOCCOCCOCCOCCOCCOCCOCCOCCOCCOCCOCCOCCOCCOCCOCCOCCOCCOCCOCCOCCOCCOCCOCCOCCOCCOCCOCCOCCOCCOCCOCCOCCOCCOCCOCCOCCOCCOCCOCCOCCOCCOCCOCCOCCOCCOCCOCCOCCOCCOCCOCCOCCOCCOCCOCCOCCOCCOCCOCCOCCOCCOCCOCCOCCOCCOCCOCCOCCOCCOCCOCCOCCOCCO,97.96,0.78,,0.11,0.01,,88.11,2.93,,,,,wt/wt,10.0,OTHER_wt_ratio,synthesis_method: Microfluidic; device_used: Microfluidic device with herringbone features; total_flow_rate_ml_min: ; flow_rate_ratio: ; aqueous_phase_composition: 25 ¥ìg luciferase mRNA in 10 mM citrate buffer (pH = 3); organic_phase_composition: Ethanol phase with lipids; mixing_time_sec: ; temperature_condition: ; post_processing: Dialyzed against 1X PBS with 20 kDa MWCO for 2 h; sterilization: 0.22 ¥ìm filter; storage_buffer: Stored at 4¡ÆC,"cell_line: JEG-3 choriocarcinoma cells; dose: 50 ng mRNA per 25,000 cells; gene_expression_result: Normalized luciferase expression in JEG-3 cells; toxicity_profile: No significant decrease in cell viability vs Lipofectamine",3.0,numeric,0.5555555555555556,10.1021/jacs.2c12893,Ionizable Lipid Nanoparticles for In Vivo mRNA Delivery to the Placenta during Pregnancy,"['Kelsey L. Swingle', 'Hannah C. Safford', 'Hannah C. Geisler', 'Alex G. Hamilton', 'Ajay S. Thatte', 'Margaret M. Billingsley', 'Ryann A. Joseph', 'Kaitlin Mrksich', 'Marshall S. Padilla', 'Aditi A. Ghalsasi', 'Mohamad-Gabriel Alameh', 'Drew Weissman', 'Michael J. Mitchell']",Journal of the American Chemical Society,2023.0,A3 (C12 epoxide + polyamine core 3),DOPE,cholesterol,C14-PEG2000
625,Custom lipid,DOPE,cholesterol,C14-PEG2000,35:16:46.5:2.5,mRNA,"luciferase, mcherry, vegf",,CCCCCCCC/C=C\CCCCCCCC(=O)OC[C@H](COP(=O)(O)OCCN)OC(=O)CCCCCCC/C=C\CCCCCCCC,C[C@H](CCCC(C)C)[C@H]1CC[C@@H]2[C@@]1(CC[C@H]3[C@H]2CC=C4[C@@]3(CC[C@@H](C4)O)C)C,CCCCCCCCCCCCCCOC(=O)CCOCCOCCOCCOCCOCCOCCOCCOCCOCCOCCOCCOCCOCCOCCOCCOCCOCCOCCOCCOCCOCCOCCOCCOCCOCCOCCOCCOCCOCCOCCOCCOCCOCCOCCOCCOCCOCCOCCOCCOCCOCCOCCOCCOCCOCCOCCOCCOCCOCCOCCOCCOCCOCCOCCOCCOCCOCCOCCOCCOCCOCCOCCOCCOCCOCCOCCOCCOCCOCCOCCOCCOCCOCCOCCOCCOCCOCCOCCOCCOCCOCCOCCOCCOCCOCCOCCOCCOCCOCCO,93.44,1.18,,0.16,0.01,,94.86,1.59,,,,,wt/wt,10.0,OTHER_wt_ratio,synthesis_method: Microfluidic; device_used: Microfluidic device with herringbone features; total_flow_rate_ml_min: ; flow_rate_ratio: ; aqueous_phase_composition: 25 ¥ìg luciferase mRNA in 10 mM citrate buffer (pH = 3); organic_phase_composition: Ethanol phase with lipids; mixing_time_sec: ; temperature_condition: ; post_processing: Dialyzed against 1X PBS with 20 kDa MWCO for 2 h; sterilization: 0.22 ¥ìm filter; storage_buffer: Stored at 4¡ÆC,"cell_line: JEG-3 choriocarcinoma cells; animal_model: Non-pregnant and pregnant mice (E16); administration_route: IV (tail vein injection); dose: 0.6 mg mRNA/kg body mass (luciferase), 1 mg mRNA/kg (mCherry, VEGF); gene_expression_result: Highest luciferase expression in JEG-3 cells, 4.58% mCherry+ trophoblasts; biodistribution_result: 81% of total luminescent flux from placental delivery, extrahepatic delivery to spleen; toxicity_profile: No significant liver toxicity (ALT/AST levels), minimal placental inflammation; cytokine_response: Elevated cytokines at 6h, resolved by 48h",4.58,percent,1.0,10.1021/jacs.2c12893,Ionizable Lipid Nanoparticles for In Vivo mRNA Delivery to the Placenta during Pregnancy,"['Kelsey L. Swingle', 'Hannah C. Safford', 'Hannah C. Geisler', 'Alex G. Hamilton', 'Ajay S. Thatte', 'Margaret M. Billingsley', 'Ryann A. Joseph', 'Kaitlin Mrksich', 'Marshall S. Padilla', 'Aditi A. Ghalsasi', 'Mohamad-Gabriel Alameh', 'Drew Weissman', 'Michael J. Mitchell']",Journal of the American Chemical Society,2023.0,A4 (C12 epoxide + polyamine core 4),DOPE,cholesterol,C14-PEG2000
626,Custom lipid,DOPE,cholesterol,C14-PEG2000,35:16:46.5:2.5,mRNA,luciferase,,CCCCCCCC/C=C\CCCCCCCC(=O)OC[C@H](COP(=O)(O)OCCN)OC(=O)CCCCCCC/C=C\CCCCCCCC,C[C@H](CCCC(C)C)[C@H]1CC[C@@H]2[C@@]1(CC[C@H]3[C@H]2CC=C4[C@@]3(CC[C@@H](C4)O)C)C,CCCCCCCCCCCCCCOC(=O)CCOCCOCCOCCOCCOCCOCCOCCOCCOCCOCCOCCOCCOCCOCCOCCOCCOCCOCCOCCOCCOCCOCCOCCOCCOCCOCCOCCOCCOCCOCCOCCOCCOCCOCCOCCOCCOCCOCCOCCOCCOCCOCCOCCOCCOCCOCCOCCOCCOCCOCCOCCOCCOCCOCCOCCOCCOCCOCCOCCOCCOCCOCCOCCOCCOCCOCCOCCOCCOCCOCCOCCOCCOCCOCCOCCOCCOCCOCCOCCOCCOCCOCCOCCOCCOCCOCCOCCOCCOCCO,116.6,1.77,,0.19,0.02,,93.77,2.41,,,,,wt/wt,10.0,OTHER_wt_ratio,synthesis_method: Microfluidic; device_used: Microfluidic device with herringbone features; total_flow_rate_ml_min: ; flow_rate_ratio: ; aqueous_phase_composition: 25 ¥ìg luciferase mRNA in 10 mM citrate buffer (pH = 3); organic_phase_composition: Ethanol phase with lipids; mixing_time_sec: ; temperature_condition: ; post_processing: Dialyzed against 1X PBS with 20 kDa MWCO for 2 h; sterilization: 0.22 ¥ìm filter; storage_buffer: Stored at 4¡ÆC,"cell_line: JEG-3 choriocarcinoma cells; dose: 50 ng mRNA per 25,000 cells; gene_expression_result: Normalized luciferase expression in JEG-3 cells; toxicity_profile: No significant decrease in cell viability vs Lipofectamine",3.0,numeric,0.5555555555555556,10.1021/jacs.2c12893,Ionizable Lipid Nanoparticles for In Vivo mRNA Delivery to the Placenta during Pregnancy,"['Kelsey L. Swingle', 'Hannah C. Safford', 'Hannah C. Geisler', 'Alex G. Hamilton', 'Ajay S. Thatte', 'Margaret M. Billingsley', 'Ryann A. Joseph', 'Kaitlin Mrksich', 'Marshall S. Padilla', 'Aditi A. Ghalsasi', 'Mohamad-Gabriel Alameh', 'Drew Weissman', 'Michael J. Mitchell']",Journal of the American Chemical Society,2023.0,A5 (C12 epoxide + polyamine core 5),DOPE,cholesterol,C14-PEG2000
627,Custom lipid,DOPE,cholesterol,C14-PEG2000,35:16:46.5:2.5,mRNA,luciferase,,CCCCCCCC/C=C\CCCCCCCC(=O)OC[C@H](COP(=O)(O)OCCN)OC(=O)CCCCCCC/C=C\CCCCCCCC,C[C@H](CCCC(C)C)[C@H]1CC[C@@H]2[C@@]1(CC[C@H]3[C@H]2CC=C4[C@@]3(CC[C@@H](C4)O)C)C,CCCCCCCCCCCCCCOC(=O)CCOCCOCCOCCOCCOCCOCCOCCOCCOCCOCCOCCOCCOCCOCCOCCOCCOCCOCCOCCOCCOCCOCCOCCOCCOCCOCCOCCOCCOCCOCCOCCOCCOCCOCCOCCOCCOCCOCCOCCOCCOCCOCCOCCOCCOCCOCCOCCOCCOCCOCCOCCOCCOCCOCCOCCOCCOCCOCCOCCOCCOCCOCCOCCOCCOCCOCCOCCOCCOCCOCCOCCOCCOCCOCCOCCOCCOCCOCCOCCOCCOCCOCCOCCOCCOCCOCCOCCOCCOCCO,114.57,2.88,,0.13,0.01,,75.34,7.0,,,,,wt/wt,10.0,OTHER_wt_ratio,synthesis_method: Microfluidic; device_used: Microfluidic device with herringbone features; total_flow_rate_ml_min: ; flow_rate_ratio: ; aqueous_phase_composition: 25 ¥ìg luciferase mRNA in 10 mM citrate buffer (pH = 3); organic_phase_composition: Ethanol phase with lipids; mixing_time_sec: ; temperature_condition: ; post_processing: Dialyzed against 1X PBS with 20 kDa MWCO for 2 h; sterilization: 0.22 ¥ìm filter; storage_buffer: Stored at 4¡ÆC,"cell_line: JEG-3 choriocarcinoma cells; dose: 50 ng mRNA per 25,000 cells; gene_expression_result: Normalized luciferase expression in JEG-3 cells; toxicity_profile: No significant decrease in cell viability vs Lipofectamine",3.0,numeric,0.5555555555555556,10.1021/jacs.2c12893,Ionizable Lipid Nanoparticles for In Vivo mRNA Delivery to the Placenta during Pregnancy,"['Kelsey L. Swingle', 'Hannah C. Safford', 'Hannah C. Geisler', 'Alex G. Hamilton', 'Ajay S. Thatte', 'Margaret M. Billingsley', 'Ryann A. Joseph', 'Kaitlin Mrksich', 'Marshall S. Padilla', 'Aditi A. Ghalsasi', 'Mohamad-Gabriel Alameh', 'Drew Weissman', 'Michael J. Mitchell']",Journal of the American Chemical Society,2023.0,B1 (C14 epoxide + polyamine core 1),DOPE,cholesterol,C14-PEG2000
628,Custom lipid,DOPE,cholesterol,C14-PEG2000,35:16:46.5:2.5,mRNA,luciferase,,CCCCCCCC/C=C\CCCCCCCC(=O)OC[C@H](COP(=O)(O)OCCN)OC(=O)CCCCCCC/C=C\CCCCCCCC,C[C@H](CCCC(C)C)[C@H]1CC[C@@H]2[C@@]1(CC[C@H]3[C@H]2CC=C4[C@@]3(CC[C@@H](C4)O)C)C,CCCCCCCCCCCCCCOC(=O)CCOCCOCCOCCOCCOCCOCCOCCOCCOCCOCCOCCOCCOCCOCCOCCOCCOCCOCCOCCOCCOCCOCCOCCOCCOCCOCCOCCOCCOCCOCCOCCOCCOCCOCCOCCOCCOCCOCCOCCOCCOCCOCCOCCOCCOCCOCCOCCOCCOCCOCCOCCOCCOCCOCCOCCOCCOCCOCCOCCOCCOCCOCCOCCOCCOCCOCCOCCOCCOCCOCCOCCOCCOCCOCCOCCOCCOCCOCCOCCOCCOCCOCCOCCOCCOCCOCCOCCOCCOCCO,96.88,0.59,,0.12,0.01,,86.34,4.47,,,,,wt/wt,10.0,OTHER_wt_ratio,synthesis_method: Microfluidic; device_used: Microfluidic device with herringbone features; total_flow_rate_ml_min: ; flow_rate_ratio: ; aqueous_phase_composition: 25 ¥ìg luciferase mRNA in 10 mM citrate buffer (pH = 3); organic_phase_composition: Ethanol phase with lipids; mixing_time_sec: ; temperature_condition: ; post_processing: Dialyzed against 1X PBS with 20 kDa MWCO for 2 h; sterilization: 0.22 ¥ìm filter; storage_buffer: Stored at 4¡ÆC,"cell_line: JEG-3 choriocarcinoma cells; dose: 50 ng mRNA per 25,000 cells; gene_expression_result: Significantly higher luciferase expression than Lipofectamine; toxicity_profile: No significant decrease in cell viability vs Lipofectamine",,,,10.1021/jacs.2c12893,Ionizable Lipid Nanoparticles for In Vivo mRNA Delivery to the Placenta during Pregnancy,"['Kelsey L. Swingle', 'Hannah C. Safford', 'Hannah C. Geisler', 'Alex G. Hamilton', 'Ajay S. Thatte', 'Margaret M. Billingsley', 'Ryann A. Joseph', 'Kaitlin Mrksich', 'Marshall S. Padilla', 'Aditi A. Ghalsasi', 'Mohamad-Gabriel Alameh', 'Drew Weissman', 'Michael J. Mitchell']",Journal of the American Chemical Society,2023.0,B2 (C14 epoxide + polyamine core 2),DOPE,cholesterol,C14-PEG2000
629,Custom lipid,DOPE,cholesterol,C14-PEG2000,35:16:46.5:2.5,mRNA,luciferase,,CCCCCCCC/C=C\CCCCCCCC(=O)OC[C@H](COP(=O)(O)OCCN)OC(=O)CCCCCCC/C=C\CCCCCCCC,C[C@H](CCCC(C)C)[C@H]1CC[C@@H]2[C@@]1(CC[C@H]3[C@H]2CC=C4[C@@]3(CC[C@@H](C4)O)C)C,CCCCCCCCCCCCCCOC(=O)CCOCCOCCOCCOCCOCCOCCOCCOCCOCCOCCOCCOCCOCCOCCOCCOCCOCCOCCOCCOCCOCCOCCOCCOCCOCCOCCOCCOCCOCCOCCOCCOCCOCCOCCOCCOCCOCCOCCOCCOCCOCCOCCOCCOCCOCCOCCOCCOCCOCCOCCOCCOCCOCCOCCOCCOCCOCCOCCOCCOCCOCCOCCOCCOCCOCCOCCOCCOCCOCCOCCOCCOCCOCCOCCOCCOCCOCCOCCOCCOCCOCCOCCOCCOCCOCCOCCOCCOCCOCCO,94.61,0.75,,0.12,0.01,,84.45,3.16,,,,,wt/wt,10.0,OTHER_wt_ratio,synthesis_method: Microfluidic; device_used: Microfluidic device with herringbone features; total_flow_rate_ml_min: ; flow_rate_ratio: ; aqueous_phase_composition: 25 ¥ìg luciferase mRNA in 10 mM citrate buffer (pH = 3); organic_phase_composition: Ethanol phase with lipids; mixing_time_sec: ; temperature_condition: ; post_processing: Dialyzed against 1X PBS with 20 kDa MWCO for 2 h; sterilization: 0.22 ¥ìm filter; storage_buffer: Stored at 4¡ÆC,"cell_line: JEG-3 choriocarcinoma cells; dose: 50 ng mRNA per 25,000 cells; gene_expression_result: Normalized luciferase expression in JEG-3 cells; toxicity_profile: No significant decrease in cell viability vs Lipofectamine",3.0,numeric,0.5555555555555556,10.1021/jacs.2c12893,Ionizable Lipid Nanoparticles for In Vivo mRNA Delivery to the Placenta during Pregnancy,"['Kelsey L. Swingle', 'Hannah C. Safford', 'Hannah C. Geisler', 'Alex G. Hamilton', 'Ajay S. Thatte', 'Margaret M. Billingsley', 'Ryann A. Joseph', 'Kaitlin Mrksich', 'Marshall S. Padilla', 'Aditi A. Ghalsasi', 'Mohamad-Gabriel Alameh', 'Drew Weissman', 'Michael J. Mitchell']",Journal of the American Chemical Society,2023.0,B3 (C14 epoxide + polyamine core 3),DOPE,cholesterol,C14-PEG2000
630,Custom lipid,DOPE,cholesterol,C14-PEG2000,35:16:46.5:2.5,mRNA,luciferase,,CCCCCCCC/C=C\CCCCCCCC(=O)OC[C@H](COP(=O)(O)OCCN)OC(=O)CCCCCCC/C=C\CCCCCCCC,C[C@H](CCCC(C)C)[C@H]1CC[C@@H]2[C@@]1(CC[C@H]3[C@H]2CC=C4[C@@]3(CC[C@@H](C4)O)C)C,CCCCCCCCCCCCCCOC(=O)CCOCCOCCOCCOCCOCCOCCOCCOCCOCCOCCOCCOCCOCCOCCOCCOCCOCCOCCOCCOCCOCCOCCOCCOCCOCCOCCOCCOCCOCCOCCOCCOCCOCCOCCOCCOCCOCCOCCOCCOCCOCCOCCOCCOCCOCCOCCOCCOCCOCCOCCOCCOCCOCCOCCOCCOCCOCCOCCOCCOCCOCCOCCOCCOCCOCCOCCOCCOCCOCCOCCOCCOCCOCCOCCOCCOCCOCCOCCOCCOCCOCCOCCOCCOCCOCCOCCOCCOCCOCCO,101.1,1.71,,0.14,0.01,,77.28,4.41,,,,,wt/wt,10.0,OTHER_wt_ratio,synthesis_method: Microfluidic; device_used: Microfluidic device with herringbone features; total_flow_rate_ml_min: ; flow_rate_ratio: ; aqueous_phase_composition: 25 ¥ìg luciferase mRNA in 10 mM citrate buffer (pH = 3); organic_phase_composition: Ethanol phase with lipids; mixing_time_sec: ; temperature_condition: ; post_processing: Dialyzed against 1X PBS with 20 kDa MWCO for 2 h; sterilization: 0.22 ¥ìm filter; storage_buffer: Stored at 4¡ÆC,"cell_line: JEG-3 choriocarcinoma cells; dose: 50 ng mRNA per 25,000 cells; gene_expression_result: Normalized luciferase expression in JEG-3 cells; toxicity_profile: No significant decrease in cell viability vs Lipofectamine",3.0,numeric,0.5555555555555556,10.1021/jacs.2c12893,Ionizable Lipid Nanoparticles for In Vivo mRNA Delivery to the Placenta during Pregnancy,"['Kelsey L. Swingle', 'Hannah C. Safford', 'Hannah C. Geisler', 'Alex G. Hamilton', 'Ajay S. Thatte', 'Margaret M. Billingsley', 'Ryann A. Joseph', 'Kaitlin Mrksich', 'Marshall S. Padilla', 'Aditi A. Ghalsasi', 'Mohamad-Gabriel Alameh', 'Drew Weissman', 'Michael J. Mitchell']",Journal of the American Chemical Society,2023.0,B4 (C14 epoxide + polyamine core 4),DOPE,cholesterol,C14-PEG2000
631,Custom lipid,DOPE,cholesterol,C14-PEG2000,35:16:46.5:2.5,mRNA,"luciferase, mcherry",,CCCCCCCC/C=C\CCCCCCCC(=O)OC[C@H](COP(=O)(O)OCCN)OC(=O)CCCCCCC/C=C\CCCCCCCC,C[C@H](CCCC(C)C)[C@H]1CC[C@@H]2[C@@]1(CC[C@H]3[C@H]2CC=C4[C@@]3(CC[C@@H](C4)O)C)C,CCCCCCCCCCCCCCOC(=O)CCOCCOCCOCCOCCOCCOCCOCCOCCOCCOCCOCCOCCOCCOCCOCCOCCOCCOCCOCCOCCOCCOCCOCCOCCOCCOCCOCCOCCOCCOCCOCCOCCOCCOCCOCCOCCOCCOCCOCCOCCOCCOCCOCCOCCOCCOCCOCCOCCOCCOCCOCCOCCOCCOCCOCCOCCOCCOCCOCCOCCOCCOCCOCCOCCOCCOCCOCCOCCOCCOCCOCCOCCOCCOCCOCCOCCOCCOCCOCCOCCOCCOCCOCCOCCOCCOCCOCCOCCOCCO,120.03,2.67,,0.2,0.02,,93.77,1.79,,,,,wt/wt,10.0,OTHER_wt_ratio,synthesis_method: Microfluidic; device_used: Microfluidic device with herringbone features; total_flow_rate_ml_min: ; flow_rate_ratio: ; aqueous_phase_composition: 25 ¥ìg luciferase mRNA in 10 mM citrate buffer (pH = 3); organic_phase_composition: Ethanol phase with lipids; mixing_time_sec: ; temperature_condition: ; post_processing: Dialyzed against 1X PBS with 20 kDa MWCO for 2 h; sterilization: 0.22 ¥ìm filter; storage_buffer: Stored at 4¡ÆC,"cell_line: JEG-3 choriocarcinoma cells; animal_model: Non-pregnant and pregnant mice (E16); administration_route: IV (tail vein injection); dose: 0.6 mg mRNA/kg body mass (luciferase), 1 mg mRNA/kg (mCherry); gene_expression_result: Significantly higher luciferase expression than Lipofectamine; biodistribution_result: 79% of total luminescent flux from placental delivery, extrahepatic delivery to spleen; toxicity_profile: No significant decrease in cell viability vs Lipofectamine",,,,10.1021/jacs.2c12893,Ionizable Lipid Nanoparticles for In Vivo mRNA Delivery to the Placenta during Pregnancy,"['Kelsey L. Swingle', 'Hannah C. Safford', 'Hannah C. Geisler', 'Alex G. Hamilton', 'Ajay S. Thatte', 'Margaret M. Billingsley', 'Ryann A. Joseph', 'Kaitlin Mrksich', 'Marshall S. Padilla', 'Aditi A. Ghalsasi', 'Mohamad-Gabriel Alameh', 'Drew Weissman', 'Michael J. Mitchell']",Journal of the American Chemical Society,2023.0,B5 (C14 epoxide + polyamine core 5),DOPE,cholesterol,C14-PEG2000
632,Custom lipid,DOPE,cholesterol,C14-PEG2000,35:16:46.5:2.5,mRNA,luciferase,,CCCCCCCC/C=C\CCCCCCCC(=O)OC[C@H](COP(=O)(O)OCCN)OC(=O)CCCCCCC/C=C\CCCCCCCC,C[C@H](CCCC(C)C)[C@H]1CC[C@@H]2[C@@]1(CC[C@H]3[C@H]2CC=C4[C@@]3(CC[C@@H](C4)O)C)C,CCCCCCCCCCCCCCOC(=O)CCOCCOCCOCCOCCOCCOCCOCCOCCOCCOCCOCCOCCOCCOCCOCCOCCOCCOCCOCCOCCOCCOCCOCCOCCOCCOCCOCCOCCOCCOCCOCCOCCOCCOCCOCCOCCOCCOCCOCCOCCOCCOCCOCCOCCOCCOCCOCCOCCOCCOCCOCCOCCOCCOCCOCCOCCOCCOCCOCCOCCOCCOCCOCCOCCOCCOCCOCCOCCOCCOCCOCCOCCOCCOCCOCCOCCOCCOCCOCCOCCOCCOCCOCCOCCOCCOCCOCCOCCOCCO,101.8,1.41,,0.14,0.01,,74.39,5.74,,,,,wt/wt,10.0,OTHER_wt_ratio,synthesis_method: Microfluidic; device_used: Microfluidic device with herringbone features; total_flow_rate_ml_min: ; flow_rate_ratio: ; aqueous_phase_composition: 25 ¥ìg luciferase mRNA in 10 mM citrate buffer (pH = 3); organic_phase_composition: Ethanol phase with lipids; mixing_time_sec: ; temperature_condition: ; post_processing: Dialyzed against 1X PBS with 20 kDa MWCO for 2 h; sterilization: 0.22 ¥ìm filter; storage_buffer: Stored at 4¡ÆC,"cell_line: JEG-3 choriocarcinoma cells; dose: 50 ng mRNA per 25,000 cells; gene_expression_result: Significantly higher luciferase expression than Lipofectamine; toxicity_profile: No significant decrease in cell viability vs Lipofectamine",,,,10.1021/jacs.2c12893,Ionizable Lipid Nanoparticles for In Vivo mRNA Delivery to the Placenta during Pregnancy,"['Kelsey L. Swingle', 'Hannah C. Safford', 'Hannah C. Geisler', 'Alex G. Hamilton', 'Ajay S. Thatte', 'Margaret M. Billingsley', 'Ryann A. Joseph', 'Kaitlin Mrksich', 'Marshall S. Padilla', 'Aditi A. Ghalsasi', 'Mohamad-Gabriel Alameh', 'Drew Weissman', 'Michael J. Mitchell']",Journal of the American Chemical Society,2023.0,C2 (C16 epoxide + polyamine core 2),DOPE,cholesterol,C14-PEG2000
633,Custom lipid,DOPE,cholesterol,C14-PEG2000,35:16:46.5:2.5,mRNA,luciferase,,CCCCCCCC/C=C\CCCCCCCC(=O)OC[C@H](COP(=O)(O)OCCN)OC(=O)CCCCCCC/C=C\CCCCCCCC,C[C@H](CCCC(C)C)[C@H]1CC[C@@H]2[C@@]1(CC[C@H]3[C@H]2CC=C4[C@@]3(CC[C@@H](C4)O)C)C,CCCCCCCCCCCCCCOC(=O)CCOCCOCCOCCOCCOCCOCCOCCOCCOCCOCCOCCOCCOCCOCCOCCOCCOCCOCCOCCOCCOCCOCCOCCOCCOCCOCCOCCOCCOCCOCCOCCOCCOCCOCCOCCOCCOCCOCCOCCOCCOCCOCCOCCOCCOCCOCCOCCOCCOCCOCCOCCOCCOCCOCCOCCOCCOCCOCCOCCOCCOCCOCCOCCOCCOCCOCCOCCOCCOCCOCCOCCOCCOCCOCCOCCOCCOCCOCCOCCOCCOCCOCCOCCOCCOCCOCCOCCOCCOCCO,102.97,2.21,,0.13,0.01,,73.75,4.41,,,,,wt/wt,10.0,OTHER_wt_ratio,synthesis_method: Microfluidic; device_used: Microfluidic device with herringbone features; total_flow_rate_ml_min: ; flow_rate_ratio: ; aqueous_phase_composition: 25 ¥ìg luciferase mRNA in 10 mM citrate buffer (pH = 3); organic_phase_composition: Ethanol phase with lipids; mixing_time_sec: ; temperature_condition: ; post_processing: Dialyzed against 1X PBS with 20 kDa MWCO for 2 h; sterilization: 0.22 ¥ìm filter; storage_buffer: Stored at 4¡ÆC,"cell_line: JEG-3 choriocarcinoma cells; dose: 50 ng mRNA per 25,000 cells; gene_expression_result: Normalized luciferase expression in JEG-3 cells; toxicity_profile: No significant decrease in cell viability vs Lipofectamine",3.0,numeric,0.5555555555555556,10.1021/jacs.2c12893,Ionizable Lipid Nanoparticles for In Vivo mRNA Delivery to the Placenta during Pregnancy,"['Kelsey L. Swingle', 'Hannah C. Safford', 'Hannah C. Geisler', 'Alex G. Hamilton', 'Ajay S. Thatte', 'Margaret M. Billingsley', 'Ryann A. Joseph', 'Kaitlin Mrksich', 'Marshall S. Padilla', 'Aditi A. Ghalsasi', 'Mohamad-Gabriel Alameh', 'Drew Weissman', 'Michael J. Mitchell']",Journal of the American Chemical Society,2023.0,C3 (C16 epoxide + polyamine core 3),DOPE,cholesterol,C14-PEG2000
634,Custom lipid,DOPE,cholesterol,C14-PEG2000,35:16:46.5:2.5,mRNA,luciferase,,CCCCCCCC/C=C\CCCCCCCC(=O)OC[C@H](COP(=O)(O)OCCN)OC(=O)CCCCCCC/C=C\CCCCCCCC,C[C@H](CCCC(C)C)[C@H]1CC[C@@H]2[C@@]1(CC[C@H]3[C@H]2CC=C4[C@@]3(CC[C@@H](C4)O)C)C,CCCCCCCCCCCCCCOC(=O)CCOCCOCCOCCOCCOCCOCCOCCOCCOCCOCCOCCOCCOCCOCCOCCOCCOCCOCCOCCOCCOCCOCCOCCOCCOCCOCCOCCOCCOCCOCCOCCOCCOCCOCCOCCOCCOCCOCCOCCOCCOCCOCCOCCOCCOCCOCCOCCOCCOCCOCCOCCOCCOCCOCCOCCOCCOCCOCCOCCOCCOCCOCCOCCOCCOCCOCCOCCOCCOCCOCCOCCOCCOCCOCCOCCOCCOCCOCCOCCOCCOCCOCCOCCOCCOCCOCCOCCOCCOCCO,129.77,4.22,,0.24,0.02,,71.51,6.32,,,,,wt/wt,10.0,OTHER_wt_ratio,synthesis_method: Microfluidic; device_used: Microfluidic device with herringbone features; total_flow_rate_ml_min: ; flow_rate_ratio: ; aqueous_phase_composition: 25 ¥ìg luciferase mRNA in 10 mM citrate buffer (pH = 3); organic_phase_composition: Ethanol phase with lipids; mixing_time_sec: ; temperature_condition: ; post_processing: Dialyzed against 1X PBS with 20 kDa MWCO for 2 h; sterilization: 0.22 ¥ìm filter; storage_buffer: Stored at 4¡ÆC,"cell_line: JEG-3 choriocarcinoma cells; dose: 50 ng mRNA per 25,000 cells; gene_expression_result: Normalized luciferase expression in JEG-3 cells; toxicity_profile: No significant decrease in cell viability vs Lipofectamine",3.0,numeric,0.5555555555555556,10.1021/jacs.2c12893,Ionizable Lipid Nanoparticles for In Vivo mRNA Delivery to the Placenta during Pregnancy,"['Kelsey L. Swingle', 'Hannah C. Safford', 'Hannah C. Geisler', 'Alex G. Hamilton', 'Ajay S. Thatte', 'Margaret M. Billingsley', 'Ryann A. Joseph', 'Kaitlin Mrksich', 'Marshall S. Padilla', 'Aditi A. Ghalsasi', 'Mohamad-Gabriel Alameh', 'Drew Weissman', 'Michael J. Mitchell']",Journal of the American Chemical Society,2023.0,C5 (C16 epoxide + polyamine core 5),DOPE,cholesterol,C14-PEG2000
635,C12-200,DOPE,cholesterol,C14-PEG2000,35:16:46.5:2.5,mRNA,"luciferase, mcherry, vegf",NCCN1CCN(CCN(CC(O)CCCCCCCCCCCC)CC(O)CCCCCCCCCCCC)CC1CN(CC(O)CCCCCCCCCCCC)CN(CC(O)CCCCCCCCCCCC)CC(O)CCCCCCCCCCCC,CCCCCCCC/C=C\CCCCCCCC(=O)OC[C@H](COP(=O)(O)OCCN)OC(=O)CCCCCCC/C=C\CCCCCCCC,C[C@H](CCCC(C)C)[C@H]1CC[C@@H]2[C@@]1(CC[C@H]3[C@H]2CC=C4[C@@]3(CC[C@@H](C4)O)C)C,CCCCCCCCCCCCCCOC(=O)CCOCCOCCOCCOCCOCCOCCOCCOCCOCCOCCOCCOCCOCCOCCOCCOCCOCCOCCOCCOCCOCCOCCOCCOCCOCCOCCOCCOCCOCCOCCOCCOCCOCCOCCOCCOCCOCCOCCOCCOCCOCCOCCOCCOCCOCCOCCOCCOCCOCCOCCOCCOCCOCCOCCOCCOCCOCCOCCOCCOCCOCCOCCOCCOCCOCCOCCOCCOCCOCCOCCOCCOCCOCCOCCOCCOCCOCCOCCOCCOCCOCCOCCOCCOCCOCCOCCOCCOCCOCCO,82.11,3.28,,0.11,0.01,,88.31,2.47,,,,,wt/wt,10.0,OTHER_wt_ratio,synthesis_method: Microfluidic; device_used: Microfluidic device with herringbone features; total_flow_rate_ml_min: ; flow_rate_ratio: ; aqueous_phase_composition: 25 ¥ìg luciferase mRNA in 10 mM citrate buffer (pH = 3); organic_phase_composition: Ethanol phase with lipids; mixing_time_sec: ; temperature_condition: ; post_processing: Dialyzed against 1X PBS with 20 kDa MWCO for 2 h; sterilization: 0.22 ¥ìm filter; storage_buffer: Stored at 4¡ÆC,"cell_line: JEG-3 choriocarcinoma cells; animal_model: Non-pregnant and pregnant mice (E16); administration_route: IV (tail vein injection); dose: 0.6 mg mRNA/kg body mass (luciferase), 1 mg mRNA/kg (mCherry, VEGF); gene_expression_result: Lower than A4 and B5 in JEG-3 cells, 2.44% mCherry+ endothelial cells; biodistribution_result: Primarily liver delivery (44-51% of total flux), 23% placental delivery; toxicity_profile: Significant AST elevation (3.5-fold vs PBS), hepatic toxicity; cytokine_response: Elevated cytokines at 6h, resolved by 48h",2.44,percent,0.5,10.1021/jacs.2c12893,Ionizable Lipid Nanoparticles for In Vivo mRNA Delivery to the Placenta during Pregnancy,"['Kelsey L. Swingle', 'Hannah C. Safford', 'Hannah C. Geisler', 'Alex G. Hamilton', 'Ajay S. Thatte', 'Margaret M. Billingsley', 'Ryann A. Joseph', 'Kaitlin Mrksich', 'Marshall S. Padilla', 'Aditi A. Ghalsasi', 'Mohamad-Gabriel Alameh', 'Drew Weissman', 'Michael J. Mitchell']",Journal of the American Chemical Society,2023.0,C12-200,DOPE,cholesterol,C14-PEG2000
636,DLin-MC3-DMA,DSPC,cholesterol,DMG-PEG2000,50:10:38.5:1.5,mRNA,luciferase,CCCCC/C=C\C/C=C\CCCCCCCCC(OC(=O)CCCN(C)C)CCCCCCCC/C=C\C/C=C\CCCCC,CCCCCCCCCCCCCCCCCC(=O)OC[C@H](COP(=O)([O-])OCC[N+](C)(C)C)OC(=O)CCCCCCCCCCCCCCCCC,C[C@H](CCCC(C)C)[C@H]1CC[C@@H]2[C@@]1(CC[C@H]3[C@H]2CC=C4[C@@]3(CC[C@@H](C4)O)C)C,CCCCCCCCCCCCCC(=O)OCC(COP(=O)([O-])OCCOCCOCCOCCOCCOCCOCCOCCOCCOCCOCCOCCOCCOCCOCCOCCOCCOCCOCCOCCOCCOCCOCCOCCOCCOCCOCCOCCOCCOCCOCCOCCOCCOCCOCCOCCOCCOCCOCCOCCOCCOCCOCCOCCOCCOCCOCCOCCOCCOCCOCCOCCOCCOCCOCCOCCOCCOCCOCCOCCOCCOCCOCCOCCOCCOCCOCCOCCOCCOCCOCCOCCOCCOCCOCCOCCOCCOCCOCCOCCOCCOCCOCCOCCOCCOCCOCCOCCOCCOCCO)OC(=O)CCCCCCCCCCCCC,92.32,2.42,,0.09,0.01,,89.45,2.47,,,,,wt/wt,10.0,OTHER_wt_ratio,synthesis_method: Microfluidic; device_used: Microfluidic device with herringbone features; total_flow_rate_ml_min: ; flow_rate_ratio: ; aqueous_phase_composition: 25 ¥ìg luciferase mRNA in 10 mM citrate buffer (pH = 3); organic_phase_composition: Ethanol phase with lipids; mixing_time_sec: ; temperature_condition: ; post_processing: Dialyzed against 1X PBS with 20 kDa MWCO for 2 h; sterilization: 0.22 ¥ìm filter; storage_buffer: Stored at 4¡ÆC,"cell_line: JEG-3 choriocarcinoma cells; dose: 50 ng mRNA per 25,000 cells; gene_expression_result: Lower luciferase expression compared to top performers; toxicity_profile: No significant decrease in cell viability vs Lipofectamine",,,,10.1021/jacs.2c12893,Ionizable Lipid Nanoparticles for In Vivo mRNA Delivery to the Placenta during Pregnancy,"['Kelsey L. Swingle', 'Hannah C. Safford', 'Hannah C. Geisler', 'Alex G. Hamilton', 'Ajay S. Thatte', 'Margaret M. Billingsley', 'Ryann A. Joseph', 'Kaitlin Mrksich', 'Marshall S. Padilla', 'Aditi A. Ghalsasi', 'Mohamad-Gabriel Alameh', 'Drew Weissman', 'Michael J. Mitchell']",Journal of the American Chemical Society,2023.0,DLin-MC3-DMA,DSPC,cholesterol,DMG-PEG
637,C12-200,DOPE,cholesterol,C14-PEG2000,35:16:46.5:2.5,mRNA,"firefly_luciferase, epo, cre_recombinase",NCCN1CCN(CCN(CC(O)CCCCCCCCCCCC)CC(O)CCCCCCCCCCCC)CC1CN(CC(O)CCCCCCCCCCCC)CN(CC(O)CCCCCCCCCCCC)CC(O)CCCCCCCCCCCC,CCCCCCCC/C=C\CCCCCCCC(=O)OC[C@H](COP(=O)(O)OCCN)OC(=O)CCCCCCC/C=C\CCCCCCCC,C[C@H](CCCC(C)C)[C@H]1CC[C@@H]2[C@@]1(CC[C@H]3[C@H]2CC=C4[C@@]3(CC[C@@H](C4)O)C)C,CCCCCCCCCCCCCCOC(=O)CCOCCOCCOCCOCCOCCOCCOCCOCCOCCOCCOCCOCCOCCOCCOCCOCCOCCOCCOCCOCCOCCOCCOCCOCCOCCOCCOCCOCCOCCOCCOCCOCCOCCOCCOCCOCCOCCOCCOCCOCCOCCOCCOCCOCCOCCOCCOCCOCCOCCOCCOCCOCCOCCOCCOCCOCCOCCOCCOCCOCCOCCOCCOCCOCCOCCOCCOCCOCCOCCOCCOCCOCCOCCOCCOCCOCCOCCOCCOCCOCCOCCOCCOCCOCCOCCOCCOCCOCCOCCO,,,,,,,,,,,,,wt/wt,10.0,lipid:mRNA,synthesis_method: Microfluidic; device_used: Precision Nanosystems microfluidic device; total_flow_rate_ml_min: 12; flow_rate_ratio: 1:3 (ethanol:aqueous phase); aqueous_phase_composition: 10 mM sodium citrate buffer (pH 3); organic_phase_composition: 100% ethanol; mixing_time_sec: ; temperature_condition: ; post_processing: dialyzed against PBS for 1 h; sterilization: ; storage_buffer: PBS,"cell_line: RAW Blue cells; animal_model: C57BL/6 mice, Ai9 mice; administration_route: IV (tail vein); dose: 0.75 mg/kg mRNA; gene_expression_result: 6-fold increase in overall Luc expression with m1¥÷ modification, 54-fold increase in spleen; biodistribution_result: predominantly liver (>60%), spleen, kidneys, lungs; cytokine_response: 30% reduction in SEAP levels with m1¥÷ modification",6.0,numeric,0.3333333333333333,https://doi.org/10.1016/j.jconrel.2021.11.022,Lipid nanoparticle chemistry determines how nucleoside base modifications alter mRNA delivery,"['Jilian R. Melamed', 'Khalid A. Hajj', 'Namit Chaudhary', 'Daria Strelkova', 'Mariah L. Arral', 'Norbert Pardi', 'Mohamad-Gabriel Alameh', 'Jason B. Miller', 'Lukas Farbiak', 'Daniel J. Siegwart', 'Drew Weissman', 'Kathryn A. Whitehead']",Journal of Controlled Release,2022.0,C12-200,DOPE,cholesterol,C14-PEG2000
638,cKK-E12,DOPE,cholesterol,C14-PEG2000,35:16:46.5:2.5,mRNA,"firefly_luciferase, epo, cre_recombinase",CCCCCCCCCCCC(O)CN1CCCCC(C(=O)NC2CCCCCNC(=O)C3N(CC(O)CCCCCCCCCCCC)CCC(CC3)N(CC(O)CCCCCCCCCCCC)CC(O)CCCCCCCCCCCC)C1,CCCCCCCC/C=C\CCCCCCCC(=O)OC[C@H](COP(=O)(O)OCCN)OC(=O)CCCCCCC/C=C\CCCCCCCC,C[C@H](CCCC(C)C)[C@H]1CC[C@@H]2[C@@]1(CC[C@H]3[C@H]2CC=C4[C@@]3(CC[C@@H](C4)O)C)C,CCCCCCCCCCCCCCOC(=O)CCOCCOCCOCCOCCOCCOCCOCCOCCOCCOCCOCCOCCOCCOCCOCCOCCOCCOCCOCCOCCOCCOCCOCCOCCOCCOCCOCCOCCOCCOCCOCCOCCOCCOCCOCCOCCOCCOCCOCCOCCOCCOCCOCCOCCOCCOCCOCCOCCOCCOCCOCCOCCOCCOCCOCCOCCOCCOCCOCCOCCOCCOCCOCCOCCOCCOCCOCCOCCOCCOCCOCCOCCOCCOCCOCCOCCOCCOCCOCCOCCOCCOCCOCCOCCOCCOCCOCCOCCOCCO,,,,,,,,,,,,,wt/wt,10.0,lipid:mRNA,synthesis_method: Microfluidic; device_used: Precision Nanosystems microfluidic device; total_flow_rate_ml_min: 4; flow_rate_ratio: 1:3 (ethanol:aqueous phase); aqueous_phase_composition: 10 mM sodium citrate buffer (pH 3); organic_phase_composition: 100% ethanol; mixing_time_sec: ; temperature_condition: ; post_processing: dialyzed against PBS for 1 h; sterilization: ; storage_buffer: PBS,"cell_line: RAW Blue cells; animal_model: C57BL/6 mice, Ai9 mice; administration_route: IV (tail vein); dose: 0.75 mg/kg mRNA; gene_expression_result: no statistically significant increase with modifications, but 8-fold increase in spleen with m1¥÷; biodistribution_result: predominantly liver (>60%), spleen, kidneys, lungs; cytokine_response: no significant reduction in SEAP levels with modifications",8.0,numeric,0.6666666666666666,https://doi.org/10.1016/j.jconrel.2021.11.022,Lipid nanoparticle chemistry determines how nucleoside base modifications alter mRNA delivery,"['Jilian R. Melamed', 'Khalid A. Hajj', 'Namit Chaudhary', 'Daria Strelkova', 'Mariah L. Arral', 'Norbert Pardi', 'Mohamad-Gabriel Alameh', 'Jason B. Miller', 'Lukas Farbiak', 'Daniel J. Siegwart', 'Drew Weissman', 'Kathryn A. Whitehead']",Journal of Controlled Release,2022.0,cKK-E12 (MD-1),DOPE,cholesterol,C14-PEG2000
639,Custom lipid,DOPE,cholesterol,C14-PEG2000,35:16:46.5:2.5,mRNA,"firefly_luciferase, epo, cre_recombinase",CCCCCCCC(C)COC(=O)CCN1CCN(CCNCCN(CCC(=O)OCC(C)CCCCCCCC)CCC(=O)OCC(C)CCCCCCCC)CC1,CCCCCCCC/C=C\CCCCCCCC(=O)OC[C@H](COP(=O)(O)OCCN)OC(=O)CCCCCCC/C=C\CCCCCCCC,C[C@H](CCCC(C)C)[C@H]1CC[C@@H]2[C@@]1(CC[C@H]3[C@H]2CC=C4[C@@]3(CC[C@@H](C4)O)C)C,CCCCCCCCCCCCCCOC(=O)CCOCCOCCOCCOCCOCCOCCOCCOCCOCCOCCOCCOCCOCCOCCOCCOCCOCCOCCOCCOCCOCCOCCOCCOCCOCCOCCOCCOCCOCCOCCOCCOCCOCCOCCOCCOCCOCCOCCOCCOCCOCCOCCOCCOCCOCCOCCOCCOCCOCCOCCOCCOCCOCCOCCOCCOCCOCCOCCOCCOCCOCCOCCOCCOCCOCCOCCOCCOCCOCCOCCOCCOCCOCCOCCOCCOCCOCCOCCOCCOCCOCCOCCOCCOCCOCCOCCOCCOCCOCCO,,,,,,,,,,,,,wt/wt,10.0,lipid:mRNA,synthesis_method: Rapid mixing; device_used: pulse vortexing; total_flow_rate_ml_min: ; flow_rate_ratio: 1:1 volume ratio; aqueous_phase_composition: 10 mM sodium citrate buffer (pH 3); organic_phase_composition: 100% ethanol; mixing_time_sec: ; temperature_condition: ; post_processing: dialyzed against PBS for 1 h; sterilization: ; storage_buffer: PBS,"cell_line: RAW Blue cells; animal_model: C57BL/6 mice, Ai9 mice; administration_route: IV (tail vein); dose: 0.75 mg/kg mRNA; gene_expression_result: 11-fold increase in overall Luc expression with m1¥÷ modification, 37-fold increase in spleen; biodistribution_result: liver (64%), spleen (21%), lungs (13%); cytokine_response: 40% reduction in SEAP levels with m1¥÷ modification",11.0,numeric,1.0,https://doi.org/10.1016/j.jconrel.2021.11.022,Lipid nanoparticle chemistry determines how nucleoside base modifications alter mRNA delivery,"['Jilian R. Melamed', 'Khalid A. Hajj', 'Namit Chaudhary', 'Daria Strelkova', 'Mariah L. Arral', 'Norbert Pardi', 'Mohamad-Gabriel Alameh', 'Jason B. Miller', 'Lukas Farbiak', 'Daniel J. Siegwart', 'Drew Weissman', 'Kathryn A. Whitehead']",Journal of Controlled Release,2022.0,200Oi10,DOPE,cholesterol,C14-PEG2000
641,DOTAP,DOPE,cholesterol,DSG-PEG2000,46.3:9.4:41.8:2.5,mRNA,nanoluciferase,CCCCCCCC/C=C\CCCCCCCC(=O)OCC(C[N+](C)(C)C)OC(=O)CCCCCCC/C=C\CCCCCCCC,CCCCCCCC/C=C\CCCCCCCC(=O)OC[C@H](COP(=O)(O)OCCN)OC(=O)CCCCCCC/C=C\CCCCCCCC,C[C@H](CCCC(C)C)[C@H]1CC[C@@H]2[C@@]1(CC[C@H]3[C@H]2CC=C4[C@@]3(CC[C@@H](C4)O)C)C,CCCCCCCCCCCCCCCCCC(=O)OCC(COC(=O)CCCCCCCCCCCCCCCCC)OP(=O)([O-])OCCOCCOCCOCCOCCOCCOCCOCCOCCOCCOCCOCCOCCOCCOCCOCCOCCOCCOCCOCCOCCOCCOCCOCCOCCOCCOCCOCCOCCOCCOCCOCCOCCOCCOCCOCCOCCOCCOCCOCCOCCOCCOCCOCCOCCOCCOCCOCCOCCOCCOCCOCCOCCOCCOCCOCCOCCOCCOCCOCCOCCOCCOCCOCCOCCOCCOCCOCCOCCOCCOCCOCCOCCOCCOCCOCCOCCOCCOCCOCCOCCOCCOCCOCCOCCOCCOCCOCCOCCOCCO,66.55,,,0.12,,,93.176,,,1.34,,,N:P,10.0,,"synthesis_method: Microfluidic; device_used: NanoAssemblr Benchtop; total_flow_rate_ml_min: 15; flow_rate_ratio: 4:1; aqueous_phase_composition: 100 mM citrate buffer (pH 4.5); organic_phase_composition: ethanol (>99.5%); mixing_time_sec: ; temperature_condition: 25¡ÆC; post_processing: dialysis against 10 mM Tris buffer (pH 7.4) for 24 h, concentrated using centrifuge at 5000 g for 30 min, filtered with PALL capsule (MWCO 300 kD); sterilization: glassware sterilized at 300¡ÆC for 12 h, equipment treated with RNaseZap; storage_buffer: 10 mM Tris buffer (pH 7.4)",,,,,https://doi.org/10.1016/j.jpha.2024.100996,Machine learning-driven optimization of mRNA-lipid nanoparticle vaccine quality with XGBoost/Bayesian method and ensemble model approaches,"['Ravi Maharjan', 'Ki Hyun Kim', 'Kyeong Lee', 'Hyo-Kyung Han', 'Seong Hoon Jeong']",Journal of Pharmaceutical Analysis,2024.0,DOTAP,DOPE,cholesterol,DSG
642,DOTAP,DSPE,cholesterol,DMG,46.3:9.4:42.7:1.6,mRNA,nanoluciferase,CCCCCCCC/C=C\CCCCCCCC(=O)OCC(C[N+](C)(C)C)OC(=O)CCCCCCC/C=C\CCCCCCCC,CCCCCCCCCCCCCCCCCC(=O)OCC(COP(=O)(O)OCCN)OC(=O)CCCCCCCCCCCCCCCCC,C[C@H](CCCC(C)C)[C@H]1CC[C@@H]2[C@@]1(CC[C@H]3[C@H]2CC=C4[C@@]3(CC[C@@H](C4)O)C)C,,78.57,,,0.107,,,92.391,,,1.97,,,N:P,8.0,,"synthesis_method: Microfluidic; device_used: NanoAssemblr Benchtop; total_flow_rate_ml_min: 12; flow_rate_ratio: 5:1; aqueous_phase_composition: 100 mM citrate buffer (pH 4.5); organic_phase_composition: ethanol (>99.5%); mixing_time_sec: ; temperature_condition: 25¡ÆC; post_processing: dialysis against 10 mM Tris buffer (pH 7.4) for 24 h, concentrated using centrifuge at 5000 g for 30 min, filtered with PALL capsule (MWCO 300 kD); sterilization: glassware sterilized at 300¡ÆC for 12 h, equipment treated with RNaseZap; storage_buffer: 10 mM Tris buffer (pH 7.4)",,,,,https://doi.org/10.1016/j.jpha.2024.100996,Machine learning-driven optimization of mRNA-lipid nanoparticle vaccine quality with XGBoost/Bayesian method and ensemble model approaches,"['Ravi Maharjan', 'Ki Hyun Kim', 'Kyeong Lee', 'Hyo-Kyung Han', 'Seong Hoon Jeong']",Journal of Pharmaceutical Analysis,2024.0,DOTAP,DSPE,cholesterol,DMG
643,DOTAP,DMPC,cholesterol,DPPE-PEG2000,50:10:38.4:1.6,mRNA,nanoluciferase,CCCCCCCC/C=C\CCCCCCCC(=O)OCC(C[N+](C)(C)C)OC(=O)CCCCCCC/C=C\CCCCCCCC,,C[C@H](CCCC(C)C)[C@H]1CC[C@@H]2[C@@]1(CC[C@H]3[C@H]2CC=C4[C@@]3(CC[C@@H](C4)O)C)C,CCCCCCCCCCCCCCCC(=O)OCC(COP(=O)([O-])OCCN[C@@H](CO)C(=O)NCCOCCOCCOCCOCCOCCOCCOCCOCCOCCOCCOCCOCCOCCOCCOCCOCCOCCOCCOCCOCCOCCOCCOCCOCCOCCOCCOCCOCCOCCOCCOCCOCCOCCOCCOCCOCCOCCOCCOCCOCCOCCOCCOCCOCCOCCOCCOCCOCCOCCOCCOCCOCCOCCOCCOCCOCCOCCOCCOCCOCCOCCOCCOCCOCCOCCOCCOCCOCCOCCOCCOCCOCCOCCOCCOCCOCCOCCOCCOCCOCCOCCOCCOCCOCCOCCOCCOCCOCCOCCO)OC(=O)CCCCCCCCCCCCCCC,96.95,,,0.071,,,96.439,,,2.33,,,N:P,10.0,,"synthesis_method: Microfluidic; device_used: NanoAssemblr Benchtop; total_flow_rate_ml_min: 15; flow_rate_ratio: 3:1; aqueous_phase_composition: 100 mM citrate buffer (pH 4.5); organic_phase_composition: ethanol (>99.5%); mixing_time_sec: ; temperature_condition: 25¡ÆC; post_processing: dialysis against 10 mM Tris buffer (pH 7.4) for 24 h, concentrated using centrifuge at 5000 g for 30 min, filtered with PALL capsule (MWCO 300 kD); sterilization: glassware sterilized at 300¡ÆC for 12 h, equipment treated with RNaseZap; storage_buffer: 10 mM Tris buffer (pH 7.4)",,,,,https://doi.org/10.1016/j.jpha.2024.100996,Machine learning-driven optimization of mRNA-lipid nanoparticle vaccine quality with XGBoost/Bayesian method and ensemble model approaches,"['Ravi Maharjan', 'Ki Hyun Kim', 'Kyeong Lee', 'Hyo-Kyung Han', 'Seong Hoon Jeong']",Journal of Pharmaceutical Analysis,2024.0,DOTAP,DMPC,cholesterol,DPPE
644,DOTAP,DOPC,cholesterol,C16-Ceramide-PEG2000,50:10:38.5:1.5,mRNA,nanoluciferase,CCCCCCCC/C=C\CCCCCCCC(=O)OCC(C[N+](C)(C)C)OC(=O)CCCCCCC/C=C\CCCCCCCC,CCCCCCCC/C=C\CCCCCCCC(=O)OC[C@H](COP(=O)([O-])OCC[N+](C)(C)C)OC(=O)CCCCCCC/C=C\CCCCCCCC,C[C@H](CCCC(C)C)[C@H]1CC[C@@H]2[C@@]1(CC[C@H]3[C@H]2CC=C4[C@@]3(CC[C@@H](C4)O)C)C,CCCCCCCCCCCCCCCC(=O)NC(COP(=O)([O-])OCCOCCOCCOCCOCCOCCOCCOCCOCCOCCOCCOCCOCCOCCOCCOCCOCCOCCOCCOCCOCCOCCOCCOCCOCCOCCOCCOCCOCCOCCOCCOCCOCCOCCOCCOCCOCCOCCOCCOCCOCCOCCOCCOCCOCCOCCOCCOCCOCCOCCOCCOCCOCCOCCOCCOCCOCCOCCOCCOCCOCCOCCOCCOCCOCCOCCOCCOCCOCCOCCOCCOCCOCCOCCOCCOCCOCCOCCOCCOCCOCCOCCOCCOCCOCCOCCOCCOCCOCCOCCO)C(O)C=CCCCCCCCCCCCC,94.42,,,0.069,,,95.558,,,3.09,,,N:P,6.0,,"synthesis_method: Microfluidic; device_used: NanoAssemblr Benchtop; total_flow_rate_ml_min: 12; flow_rate_ratio: 3:1; aqueous_phase_composition: 100 mM citrate buffer (pH 4.5); organic_phase_composition: ethanol (>99.5%); mixing_time_sec: ; temperature_condition: 25¡ÆC; post_processing: dialysis against 10 mM Tris buffer (pH 7.4) for 24 h, concentrated using centrifuge at 5000 g for 30 min, filtered with PALL capsule (MWCO 300 kD); sterilization: glassware sterilized at 300¡ÆC for 12 h, equipment treated with RNaseZap; storage_buffer: 10 mM Tris buffer (pH 7.4)",,,,,https://doi.org/10.1016/j.jpha.2024.100996,Machine learning-driven optimization of mRNA-lipid nanoparticle vaccine quality with XGBoost/Bayesian method and ensemble model approaches,"['Ravi Maharjan', 'Ki Hyun Kim', 'Kyeong Lee', 'Hyo-Kyung Han', 'Seong Hoon Jeong']",Journal of Pharmaceutical Analysis,2024.0,DOTAP,DOPC,cholesterol,Ceramide
645,DOTAP,DSPC,cholesterol,C16-Ceramide-PEG2000,50:10:38.4:1.6,mRNA,nanoluciferase,CCCCCCCC/C=C\CCCCCCCC(=O)OCC(C[N+](C)(C)C)OC(=O)CCCCCCC/C=C\CCCCCCCC,CCCCCCCCCCCCCCCCCC(=O)OC[C@H](COP(=O)([O-])OCC[N+](C)(C)C)OC(=O)CCCCCCCCCCCCCCCCC,C[C@H](CCCC(C)C)[C@H]1CC[C@@H]2[C@@]1(CC[C@H]3[C@H]2CC=C4[C@@]3(CC[C@@H](C4)O)C)C,CCCCCCCCCCCCCCCC(=O)NC(COP(=O)([O-])OCCOCCOCCOCCOCCOCCOCCOCCOCCOCCOCCOCCOCCOCCOCCOCCOCCOCCOCCOCCOCCOCCOCCOCCOCCOCCOCCOCCOCCOCCOCCOCCOCCOCCOCCOCCOCCOCCOCCOCCOCCOCCOCCOCCOCCOCCOCCOCCOCCOCCOCCOCCOCCOCCOCCOCCOCCOCCOCCOCCOCCOCCOCCOCCOCCOCCOCCOCCOCCOCCOCCOCCOCCOCCOCCOCCOCCOCCOCCOCCOCCOCCOCCOCCOCCOCCOCCOCCOCCOCCO)C(O)C=CCCCCCCCCCCCC,92.45,,,0.099,,,91.141,,,3.26,,,N:P,6.0,,"synthesis_method: Microfluidic; device_used: NanoAssemblr Benchtop; total_flow_rate_ml_min: 20; flow_rate_ratio: 5:1; aqueous_phase_composition: 100 mM citrate buffer (pH 4.5); organic_phase_composition: ethanol (>99.5%); mixing_time_sec: ; temperature_condition: 25¡ÆC; post_processing: dialysis against 10 mM Tris buffer (pH 7.4) for 24 h, concentrated using centrifuge at 5000 g for 30 min, filtered with PALL capsule (MWCO 300 kD); sterilization: glassware sterilized at 300¡ÆC for 12 h, equipment treated with RNaseZap; storage_buffer: 10 mM Tris buffer (pH 7.4)",,,,,https://doi.org/10.1016/j.jpha.2024.100996,Machine learning-driven optimization of mRNA-lipid nanoparticle vaccine quality with XGBoost/Bayesian method and ensemble model approaches,"['Ravi Maharjan', 'Ki Hyun Kim', 'Kyeong Lee', 'Hyo-Kyung Han', 'Seong Hoon Jeong']",Journal of Pharmaceutical Analysis,2024.0,DOTAP,DSPC,cholesterol,Ceramide
646,DOTMA,DLPE,cholesterol,DMG,50:10:38.4:1.6,mRNA,nanoluciferase,CCCCCCCC/C=C\CCCCCCCCOCC(C[N+](C)(C)C)OCCCCCCCC/C=C\CCCCCCCC.[Cl-],CCCCCCCCCCCC(=O)OCC(COP(=O)([O-])OCCN)OC(=O)CCCCCCCCCCC,C[C@H](CCCC(C)C)[C@H]1CC[C@@H]2[C@@]1(CC[C@H]3[C@H]2CC=C4[C@@]3(CC[C@@H](C4)O)C)C,,75.26,,,0.212,,,93.162,,,0.43,,,N:P,10.0,,"synthesis_method: Microfluidic; device_used: NanoAssemblr Benchtop; total_flow_rate_ml_min: 20; flow_rate_ratio: 4:1; aqueous_phase_composition: 100 mM citrate buffer (pH 4.5); organic_phase_composition: ethanol (>99.5%); mixing_time_sec: ; temperature_condition: 25¡ÆC; post_processing: dialysis against 10 mM Tris buffer (pH 7.4) for 24 h, concentrated using centrifuge at 5000 g for 30 min, filtered with PALL capsule (MWCO 300 kD); sterilization: glassware sterilized at 300¡ÆC for 12 h, equipment treated with RNaseZap; storage_buffer: 10 mM Tris buffer (pH 7.4)",,,,,https://doi.org/10.1016/j.jpha.2024.100996,Machine learning-driven optimization of mRNA-lipid nanoparticle vaccine quality with XGBoost/Bayesian method and ensemble model approaches,"['Ravi Maharjan', 'Ki Hyun Kim', 'Kyeong Lee', 'Hyo-Kyung Han', 'Seong Hoon Jeong']",Journal of Pharmaceutical Analysis,2024.0,DOTMA,DLPE,cholesterol,DMG
647,DOTMA,DOPE,cholesterol,DPPE-PEG2000,50:10:38.5:1.5,mRNA,nanoluciferase,CCCCCCCC/C=C\CCCCCCCCOCC(C[N+](C)(C)C)OCCCCCCCC/C=C\CCCCCCCC.[Cl-],CCCCCCCC/C=C\CCCCCCCC(=O)OC[C@H](COP(=O)(O)OCCN)OC(=O)CCCCCCC/C=C\CCCCCCCC,C[C@H](CCCC(C)C)[C@H]1CC[C@@H]2[C@@]1(CC[C@H]3[C@H]2CC=C4[C@@]3(CC[C@@H](C4)O)C)C,CCCCCCCCCCCCCCCC(=O)OCC(COP(=O)([O-])OCCN[C@@H](CO)C(=O)NCCOCCOCCOCCOCCOCCOCCOCCOCCOCCOCCOCCOCCOCCOCCOCCOCCOCCOCCOCCOCCOCCOCCOCCOCCOCCOCCOCCOCCOCCOCCOCCOCCOCCOCCOCCOCCOCCOCCOCCOCCOCCOCCOCCOCCOCCOCCOCCOCCOCCOCCOCCOCCOCCOCCOCCOCCOCCOCCOCCOCCOCCOCCOCCOCCOCCOCCOCCOCCOCCOCCOCCOCCOCCOCCOCCOCCOCCOCCOCCOCCOCCOCCOCCOCCOCCOCCOCCOCCOCCO)OC(=O)CCCCCCCCCCCCCCC,77.76,,,0.208,,,91.161,,,0.87,,,N:P,8.0,,"synthesis_method: Microfluidic; device_used: NanoAssemblr Benchtop; total_flow_rate_ml_min: 20; flow_rate_ratio: 5:1; aqueous_phase_composition: 100 mM citrate buffer (pH 4.5); organic_phase_composition: ethanol (>99.5%); mixing_time_sec: ; temperature_condition: 25¡ÆC; post_processing: dialysis against 10 mM Tris buffer (pH 7.4) for 24 h, concentrated using centrifuge at 5000 g for 30 min, filtered with PALL capsule (MWCO 300 kD); sterilization: glassware sterilized at 300¡ÆC for 12 h, equipment treated with RNaseZap; storage_buffer: 10 mM Tris buffer (pH 7.4)",,,,,https://doi.org/10.1016/j.jpha.2024.100996,Machine learning-driven optimization of mRNA-lipid nanoparticle vaccine quality with XGBoost/Bayesian method and ensemble model approaches,"['Ravi Maharjan', 'Ki Hyun Kim', 'Kyeong Lee', 'Hyo-Kyung Han', 'Seong Hoon Jeong']",Journal of Pharmaceutical Analysis,2024.0,DOTMA,DOPE,cholesterol,DPPE
648,DOTMA,DSPE,cholesterol,DPPE-PEG2000,50:10:38.4:1.6,mRNA,nanoluciferase,CCCCCCCC/C=C\CCCCCCCCOCC(C[N+](C)(C)C)OCCCCCCCC/C=C\CCCCCCCC.[Cl-],CCCCCCCCCCCCCCCCCC(=O)OCC(COP(=O)(O)OCCN)OC(=O)CCCCCCCCCCCCCCCCC,C[C@H](CCCC(C)C)[C@H]1CC[C@@H]2[C@@]1(CC[C@H]3[C@H]2CC=C4[C@@]3(CC[C@@H](C4)O)C)C,CCCCCCCCCCCCCCCC(=O)OCC(COP(=O)([O-])OCCN[C@@H](CO)C(=O)NCCOCCOCCOCCOCCOCCOCCOCCOCCOCCOCCOCCOCCOCCOCCOCCOCCOCCOCCOCCOCCOCCOCCOCCOCCOCCOCCOCCOCCOCCOCCOCCOCCOCCOCCOCCOCCOCCOCCOCCOCCOCCOCCOCCOCCOCCOCCOCCOCCOCCOCCOCCOCCOCCOCCOCCOCCOCCOCCOCCOCCOCCOCCOCCOCCOCCOCCOCCOCCOCCOCCOCCOCCOCCOCCOCCOCCOCCOCCOCCOCCOCCOCCOCCOCCOCCOCCOCCOCCOCCO)OC(=O)CCCCCCCCCCCCCCC,78.82,,,0.178,,,92.526,,,0.96,,,N:P,6.0,,"synthesis_method: Microfluidic; device_used: NanoAssemblr Benchtop; total_flow_rate_ml_min: 15; flow_rate_ratio: 4:1; aqueous_phase_composition: 100 mM citrate buffer (pH 4.5); organic_phase_composition: ethanol (>99.5%); mixing_time_sec: ; temperature_condition: 25¡ÆC; post_processing: dialysis against 10 mM Tris buffer (pH 7.4) for 24 h, concentrated using centrifuge at 5000 g for 30 min, filtered with PALL capsule (MWCO 300 kD); sterilization: glassware sterilized at 300¡ÆC for 12 h, equipment treated with RNaseZap; storage_buffer: 10 mM Tris buffer (pH 7.4)",,,,,https://doi.org/10.1016/j.jpha.2024.100996,Machine learning-driven optimization of mRNA-lipid nanoparticle vaccine quality with XGBoost/Bayesian method and ensemble model approaches,"['Ravi Maharjan', 'Ki Hyun Kim', 'Kyeong Lee', 'Hyo-Kyung Han', 'Seong Hoon Jeong']",Journal of Pharmaceutical Analysis,2024.0,DOTMA,DSPE,cholesterol,DPPE
649,DOTMA,DMPC,cholesterol,DSG-PEG2000,50:10:38.5:1.5,mRNA,nanoluciferase,CCCCCCCC/C=C\CCCCCCCCOCC(C[N+](C)(C)C)OCCCCCCCC/C=C\CCCCCCCC.[Cl-],,C[C@H](CCCC(C)C)[C@H]1CC[C@@H]2[C@@]1(CC[C@H]3[C@H]2CC=C4[C@@]3(CC[C@@H](C4)O)C)C,CCCCCCCCCCCCCCCCCC(=O)OCC(COC(=O)CCCCCCCCCCCCCCCCC)OP(=O)([O-])OCCOCCOCCOCCOCCOCCOCCOCCOCCOCCOCCOCCOCCOCCOCCOCCOCCOCCOCCOCCOCCOCCOCCOCCOCCOCCOCCOCCOCCOCCOCCOCCOCCOCCOCCOCCOCCOCCOCCOCCOCCOCCOCCOCCOCCOCCOCCOCCOCCOCCOCCOCCOCCOCCOCCOCCOCCOCCOCCOCCOCCOCCOCCOCCOCCOCCOCCOCCOCCOCCOCCOCCOCCOCCOCCOCCOCCOCCOCCOCCOCCOCCOCCOCCOCCOCCOCCOCCOCCOCCO,82.88,,,0.258,,,92.043,,,2.09,,,N:P,6.0,,"synthesis_method: Microfluidic; device_used: NanoAssemblr Benchtop; total_flow_rate_ml_min: 12; flow_rate_ratio: 3:1; aqueous_phase_composition: 100 mM citrate buffer (pH 4.5); organic_phase_composition: ethanol (>99.5%); mixing_time_sec: ; temperature_condition: 25¡ÆC; post_processing: dialysis against 10 mM Tris buffer (pH 7.4) for 24 h, concentrated using centrifuge at 5000 g for 30 min, filtered with PALL capsule (MWCO 300 kD); sterilization: glassware sterilized at 300¡ÆC for 12 h, equipment treated with RNaseZap; storage_buffer: 10 mM Tris buffer (pH 7.4)",,,,,https://doi.org/10.1016/j.jpha.2024.100996,Machine learning-driven optimization of mRNA-lipid nanoparticle vaccine quality with XGBoost/Bayesian method and ensemble model approaches,"['Ravi Maharjan', 'Ki Hyun Kim', 'Kyeong Lee', 'Hyo-Kyung Han', 'Seong Hoon Jeong']",Journal of Pharmaceutical Analysis,2024.0,DOTMA,DMPC,cholesterol,DSG
650,DOTMA,DOPC,cholesterol,DSG-PEG2000,46.3:9.4:42.7:1.6,mRNA,nanoluciferase,CCCCCCCC/C=C\CCCCCCCCOCC(C[N+](C)(C)C)OCCCCCCCC/C=C\CCCCCCCC.[Cl-],CCCCCCCC/C=C\CCCCCCCC(=O)OC[C@H](COP(=O)([O-])OCC[N+](C)(C)C)OC(=O)CCCCCCC/C=C\CCCCCCCC,C[C@H](CCCC(C)C)[C@H]1CC[C@@H]2[C@@]1(CC[C@H]3[C@H]2CC=C4[C@@]3(CC[C@@H](C4)O)C)C,CCCCCCCCCCCCCCCCCC(=O)OCC(COC(=O)CCCCCCCCCCCCCCCCC)OP(=O)([O-])OCCOCCOCCOCCOCCOCCOCCOCCOCCOCCOCCOCCOCCOCCOCCOCCOCCOCCOCCOCCOCCOCCOCCOCCOCCOCCOCCOCCOCCOCCOCCOCCOCCOCCOCCOCCOCCOCCOCCOCCOCCOCCOCCOCCOCCOCCOCCOCCOCCOCCOCCOCCOCCOCCOCCOCCOCCOCCOCCOCCOCCOCCOCCOCCOCCOCCOCCOCCOCCOCCOCCOCCOCCOCCOCCOCCOCCOCCOCCOCCOCCOCCOCCOCCOCCOCCOCCOCCOCCOCCO,69.44,,,0.222,,,90.146,,,0.8,,,N:P,10.0,,"synthesis_method: Microfluidic; device_used: NanoAssemblr Benchtop; total_flow_rate_ml_min: 15; flow_rate_ratio: 5:1; aqueous_phase_composition: 100 mM citrate buffer (pH 4.5); organic_phase_composition: ethanol (>99.5%); mixing_time_sec: ; temperature_condition: 25¡ÆC; post_processing: dialysis against 10 mM Tris buffer (pH 7.4) for 24 h, concentrated using centrifuge at 5000 g for 30 min, filtered with PALL capsule (MWCO 300 kD); sterilization: glassware sterilized at 300¡ÆC for 12 h, equipment treated with RNaseZap; storage_buffer: 10 mM Tris buffer (pH 7.4)",,,,,https://doi.org/10.1016/j.jpha.2024.100996,Machine learning-driven optimization of mRNA-lipid nanoparticle vaccine quality with XGBoost/Bayesian method and ensemble model approaches,"['Ravi Maharjan', 'Ki Hyun Kim', 'Kyeong Lee', 'Hyo-Kyung Han', 'Seong Hoon Jeong']",Journal of Pharmaceutical Analysis,2024.0,DOTMA,DOPC,cholesterol,DSG
651,DOTMA,DSPC,cholesterol,C16-Ceramide-PEG2000,50:10:37.5:2.5,mRNA,nanoluciferase,CCCCCCCC/C=C\CCCCCCCCOCC(C[N+](C)(C)C)OCCCCCCCC/C=C\CCCCCCCC.[Cl-],CCCCCCCCCCCCCCCCCC(=O)OC[C@H](COP(=O)([O-])OCC[N+](C)(C)C)OC(=O)CCCCCCCCCCCCCCCCC,C[C@H](CCCC(C)C)[C@H]1CC[C@@H]2[C@@]1(CC[C@H]3[C@H]2CC=C4[C@@]3(CC[C@@H](C4)O)C)C,CCCCCCCCCCCCCCCC(=O)NC(COP(=O)([O-])OCCOCCOCCOCCOCCOCCOCCOCCOCCOCCOCCOCCOCCOCCOCCOCCOCCOCCOCCOCCOCCOCCOCCOCCOCCOCCOCCOCCOCCOCCOCCOCCOCCOCCOCCOCCOCCOCCOCCOCCOCCOCCOCCOCCOCCOCCOCCOCCOCCOCCOCCOCCOCCOCCOCCOCCOCCOCCOCCOCCOCCOCCOCCOCCOCCOCCOCCOCCOCCOCCOCCOCCOCCOCCOCCOCCOCCOCCOCCOCCOCCOCCOCCOCCOCCOCCOCCOCCOCCOCCO)C(O)C=CCCCCCCCCCCCC,82.11,,,0.233,,,92.571,,,1.74,,,N:P,8.0,,"synthesis_method: Microfluidic; device_used: NanoAssemblr Benchtop; total_flow_rate_ml_min: 15; flow_rate_ratio: 3:1; aqueous_phase_composition: 100 mM citrate buffer (pH 4.5); organic_phase_composition: ethanol (>99.5%); mixing_time_sec: ; temperature_condition: 25¡ÆC; post_processing: dialysis against 10 mM Tris buffer (pH 7.4) for 24 h, concentrated using centrifuge at 5000 g for 30 min, filtered with PALL capsule (MWCO 300 kD); sterilization: glassware sterilized at 300¡ÆC for 12 h, equipment treated with RNaseZap; storage_buffer: 10 mM Tris buffer (pH 7.4)",,,,,https://doi.org/10.1016/j.jpha.2024.100996,Machine learning-driven optimization of mRNA-lipid nanoparticle vaccine quality with XGBoost/Bayesian method and ensemble model approaches,"['Ravi Maharjan', 'Ki Hyun Kim', 'Kyeong Lee', 'Hyo-Kyung Han', 'Seong Hoon Jeong']",Journal of Pharmaceutical Analysis,2024.0,DOTMA,DSPC,cholesterol,Ceramide
652,DODAP,DLPE,cholesterol,DPPE-PEG2000,46.3:9.4:41.8:2.5,mRNA,nanoluciferase,CCCCCCCC/C=C\CCCCCCCC(=O)OCC(COC(=O)CCCCCCC/C=C\CCCCCCCC)CN(C)C,CCCCCCCCCCCC(=O)OCC(COP(=O)([O-])OCCN)OC(=O)CCCCCCCCCCC,C[C@H](CCCC(C)C)[C@H]1CC[C@@H]2[C@@]1(CC[C@H]3[C@H]2CC=C4[C@@]3(CC[C@@H](C4)O)C)C,CCCCCCCCCCCCCCCC(=O)OCC(COP(=O)([O-])OCCN[C@@H](CO)C(=O)NCCOCCOCCOCCOCCOCCOCCOCCOCCOCCOCCOCCOCCOCCOCCOCCOCCOCCOCCOCCOCCOCCOCCOCCOCCOCCOCCOCCOCCOCCOCCOCCOCCOCCOCCOCCOCCOCCOCCOCCOCCOCCOCCOCCOCCOCCOCCOCCOCCOCCOCCOCCOCCOCCOCCOCCOCCOCCOCCOCCOCCOCCOCCOCCOCCOCCOCCOCCOCCOCCOCCOCCOCCOCCOCCOCCOCCOCCOCCOCCOCCOCCOCCOCCOCCOCCOCCOCCOCCOCCO)OC(=O)CCCCCCCCCCCCCCC,51.13,,,0.087,,,91.816,,,0.47,,,N:P,6.0,,"synthesis_method: Microfluidic; device_used: NanoAssemblr Benchtop; total_flow_rate_ml_min: 12; flow_rate_ratio: 5:1; aqueous_phase_composition: 100 mM citrate buffer (pH 4.5); organic_phase_composition: ethanol (>99.5%); mixing_time_sec: ; temperature_condition: 25¡ÆC; post_processing: dialysis against 10 mM Tris buffer (pH 7.4) for 24 h, concentrated using centrifuge at 5000 g for 30 min, filtered with PALL capsule (MWCO 300 kD); sterilization: glassware sterilized at 300¡ÆC for 12 h, equipment treated with RNaseZap; storage_buffer: 10 mM Tris buffer (pH 7.4)",,,,,https://doi.org/10.1016/j.jpha.2024.100996,Machine learning-driven optimization of mRNA-lipid nanoparticle vaccine quality with XGBoost/Bayesian method and ensemble model approaches,"['Ravi Maharjan', 'Ki Hyun Kim', 'Kyeong Lee', 'Hyo-Kyung Han', 'Seong Hoon Jeong']",Journal of Pharmaceutical Analysis,2024.0,DODAP,DLPE,cholesterol,DPPE
653,DODAP,DOPE,cholesterol,DMG,46.3:9.4:42.7:1.6,mRNA,nanoluciferase,CCCCCCCC/C=C\CCCCCCCC(=O)OCC(COC(=O)CCCCCCC/C=C\CCCCCCCC)CN(C)C,CCCCCCCC/C=C\CCCCCCCC(=O)OC[C@H](COP(=O)(O)OCCN)OC(=O)CCCCCCC/C=C\CCCCCCCC,C[C@H](CCCC(C)C)[C@H]1CC[C@@H]2[C@@]1(CC[C@H]3[C@H]2CC=C4[C@@]3(CC[C@@H](C4)O)C)C,,50.99,,,0.073,,,93.363,,,0.97,,,N:P,6.0,,"synthesis_method: Microfluidic; device_used: NanoAssemblr Benchtop; total_flow_rate_ml_min: 15; flow_rate_ratio: 3:1; aqueous_phase_composition: 100 mM citrate buffer (pH 4.5); organic_phase_composition: ethanol (>99.5%); mixing_time_sec: ; temperature_condition: 25¡ÆC; post_processing: dialysis against 10 mM Tris buffer (pH 7.4) for 24 h, concentrated using centrifuge at 5000 g for 30 min, filtered with PALL capsule (MWCO 300 kD); sterilization: glassware sterilized at 300¡ÆC for 12 h, equipment treated with RNaseZap; storage_buffer: 10 mM Tris buffer (pH 7.4)",,,,,https://doi.org/10.1016/j.jpha.2024.100996,Machine learning-driven optimization of mRNA-lipid nanoparticle vaccine quality with XGBoost/Bayesian method and ensemble model approaches,"['Ravi Maharjan', 'Ki Hyun Kim', 'Kyeong Lee', 'Hyo-Kyung Han', 'Seong Hoon Jeong']",Journal of Pharmaceutical Analysis,2024.0,DODAP,DOPE,cholesterol,DMG
654,DODAP,DSPE,cholesterol,C16-Ceramide-PEG2000,50:10:38.5:1.5,mRNA,nanoluciferase,CCCCCCCC/C=C\CCCCCCCC(=O)OCC(COC(=O)CCCCCCC/C=C\CCCCCCCC)CN(C)C,CCCCCCCCCCCCCCCCCC(=O)OCC(COP(=O)(O)OCCN)OC(=O)CCCCCCCCCCCCCCCCC,C[C@H](CCCC(C)C)[C@H]1CC[C@@H]2[C@@]1(CC[C@H]3[C@H]2CC=C4[C@@]3(CC[C@@H](C4)O)C)C,CCCCCCCCCCCCCCCC(=O)NC(COP(=O)([O-])OCCOCCOCCOCCOCCOCCOCCOCCOCCOCCOCCOCCOCCOCCOCCOCCOCCOCCOCCOCCOCCOCCOCCOCCOCCOCCOCCOCCOCCOCCOCCOCCOCCOCCOCCOCCOCCOCCOCCOCCOCCOCCOCCOCCOCCOCCOCCOCCOCCOCCOCCOCCOCCOCCOCCOCCOCCOCCOCCOCCOCCOCCOCCOCCOCCOCCOCCOCCOCCOCCOCCOCCOCCOCCOCCOCCOCCOCCOCCOCCOCCOCCOCCOCCOCCOCCOCCOCCOCCOCCO)C(O)C=CCCCCCCCCCCCC,51.89,,,0.067,,,91.361,,,0.64,,,N:P,10.0,,"synthesis_method: Microfluidic; device_used: NanoAssemblr Benchtop; total_flow_rate_ml_min: 15; flow_rate_ratio: 5:1; aqueous_phase_composition: 100 mM citrate buffer (pH 4.5); organic_phase_composition: ethanol (>99.5%); mixing_time_sec: ; temperature_condition: 25¡ÆC; post_processing: dialysis against 10 mM Tris buffer (pH 7.4) for 24 h, concentrated using centrifuge at 5000 g for 30 min, filtered with PALL capsule (MWCO 300 kD); sterilization: glassware sterilized at 300¡ÆC for 12 h, equipment treated with RNaseZap; storage_buffer: 10 mM Tris buffer (pH 7.4)",,,,,https://doi.org/10.1016/j.jpha.2024.100996,Machine learning-driven optimization of mRNA-lipid nanoparticle vaccine quality with XGBoost/Bayesian method and ensemble model approaches,"['Ravi Maharjan', 'Ki Hyun Kim', 'Kyeong Lee', 'Hyo-Kyung Han', 'Seong Hoon Jeong']",Journal of Pharmaceutical Analysis,2024.0,DODAP,DSPE,cholesterol,Ceramide
655,DODAP,DMPC,cholesterol,DMG,50:10:37.5:2.5,mRNA,nanoluciferase,CCCCCCCC/C=C\CCCCCCCC(=O)OCC(COC(=O)CCCCCCC/C=C\CCCCCCCC)CN(C)C,,C[C@H](CCCC(C)C)[C@H]1CC[C@@H]2[C@@]1(CC[C@H]3[C@H]2CC=C4[C@@]3(CC[C@@H](C4)O)C)C,,57.25,,,0.203,,,90.261,,,0.61,,,N:P,8.0,,"synthesis_method: Microfluidic; device_used: NanoAssemblr Benchtop; total_flow_rate_ml_min: 15; flow_rate_ratio: 5:1; aqueous_phase_composition: 100 mM citrate buffer (pH 4.5); organic_phase_composition: ethanol (>99.5%); mixing_time_sec: ; temperature_condition: 25¡ÆC; post_processing: dialysis against 10 mM Tris buffer (pH 7.4) for 24 h, concentrated using centrifuge at 5000 g for 30 min, filtered with PALL capsule (MWCO 300 kD); sterilization: glassware sterilized at 300¡ÆC for 12 h, equipment treated with RNaseZap; storage_buffer: 10 mM Tris buffer (pH 7.4)",,,,,https://doi.org/10.1016/j.jpha.2024.100996,Machine learning-driven optimization of mRNA-lipid nanoparticle vaccine quality with XGBoost/Bayesian method and ensemble model approaches,"['Ravi Maharjan', 'Ki Hyun Kim', 'Kyeong Lee', 'Hyo-Kyung Han', 'Seong Hoon Jeong']",Journal of Pharmaceutical Analysis,2024.0,DODAP,DMPC,cholesterol,DMG
656,DODAP,DOPC,cholesterol,DMG,50:10:37.5:2.5,mRNA,nanoluciferase,CCCCCCCC/C=C\CCCCCCCC(=O)OCC(COC(=O)CCCCCCC/C=C\CCCCCCCC)CN(C)C,CCCCCCCC/C=C\CCCCCCCC(=O)OC[C@H](COP(=O)([O-])OCC[N+](C)(C)C)OC(=O)CCCCCCC/C=C\CCCCCCCC,C[C@H](CCCC(C)C)[C@H]1CC[C@@H]2[C@@]1(CC[C@H]3[C@H]2CC=C4[C@@]3(CC[C@@H](C4)O)C)C,,57.0,,,0.211,,,93.491,,,0.59,,,N:P,10.0,,"synthesis_method: Microfluidic; device_used: NanoAssemblr Benchtop; total_flow_rate_ml_min: 20; flow_rate_ratio: 3:1; aqueous_phase_composition: 100 mM citrate buffer (pH 4.5); organic_phase_composition: ethanol (>99.5%); mixing_time_sec: ; temperature_condition: 25¡ÆC; post_processing: dialysis against 10 mM Tris buffer (pH 7.4) for 24 h, concentrated using centrifuge at 5000 g for 30 min, filtered with PALL capsule (MWCO 300 kD); sterilization: glassware sterilized at 300¡ÆC for 12 h, equipment treated with RNaseZap; storage_buffer: 10 mM Tris buffer (pH 7.4)",,,,,https://doi.org/10.1016/j.jpha.2024.100996,Machine learning-driven optimization of mRNA-lipid nanoparticle vaccine quality with XGBoost/Bayesian method and ensemble model approaches,"['Ravi Maharjan', 'Ki Hyun Kim', 'Kyeong Lee', 'Hyo-Kyung Han', 'Seong Hoon Jeong']",Journal of Pharmaceutical Analysis,2024.0,DODAP,DOPC,cholesterol,DMG
657,DODAP,DSPC,cholesterol,DSG-PEG2000,50:10:38.4:1.6,mRNA,nanoluciferase,CCCCCCCC/C=C\CCCCCCCC(=O)OCC(COC(=O)CCCCCCC/C=C\CCCCCCCC)CN(C)C,CCCCCCCCCCCCCCCCCC(=O)OC[C@H](COP(=O)([O-])OCC[N+](C)(C)C)OC(=O)CCCCCCCCCCCCCCCCC,C[C@H](CCCC(C)C)[C@H]1CC[C@@H]2[C@@]1(CC[C@H]3[C@H]2CC=C4[C@@]3(CC[C@@H](C4)O)C)C,CCCCCCCCCCCCCCCCCC(=O)OCC(COC(=O)CCCCCCCCCCCCCCCCC)OP(=O)([O-])OCCOCCOCCOCCOCCOCCOCCOCCOCCOCCOCCOCCOCCOCCOCCOCCOCCOCCOCCOCCOCCOCCOCCOCCOCCOCCOCCOCCOCCOCCOCCOCCOCCOCCOCCOCCOCCOCCOCCOCCOCCOCCOCCOCCOCCOCCOCCOCCOCCOCCOCCOCCOCCOCCOCCOCCOCCOCCOCCOCCOCCOCCOCCOCCOCCOCCOCCOCCOCCOCCOCCOCCOCCOCCOCCOCCOCCOCCOCCOCCOCCOCCOCCOCCOCCOCCOCCOCCOCCOCCO,57.13,,,0.198,,,90.138,,,1.0,,,N:P,8.0,,"synthesis_method: Microfluidic; device_used: NanoAssemblr Benchtop; total_flow_rate_ml_min: 12; flow_rate_ratio: 4:1; aqueous_phase_composition: 100 mM citrate buffer (pH 4.5); organic_phase_composition: ethanol (>99.5%); mixing_time_sec: ; temperature_condition: 25¡ÆC; post_processing: dialysis against 10 mM Tris buffer (pH 7.4) for 24 h, concentrated using centrifuge at 5000 g for 30 min, filtered with PALL capsule (MWCO 300 kD); sterilization: glassware sterilized at 300¡ÆC for 12 h, equipment treated with RNaseZap; storage_buffer: 10 mM Tris buffer (pH 7.4)",,,,,https://doi.org/10.1016/j.jpha.2024.100996,Machine learning-driven optimization of mRNA-lipid nanoparticle vaccine quality with XGBoost/Bayesian method and ensemble model approaches,"['Ravi Maharjan', 'Ki Hyun Kim', 'Kyeong Lee', 'Hyo-Kyung Han', 'Seong Hoon Jeong']",Journal of Pharmaceutical Analysis,2024.0,DODAP,DSPC,cholesterol,DSG
658,DLin-MC3-DMA,DLPE,cholesterol,DSG-PEG2000,50:10:38.4:1.6,mRNA,nanoluciferase,CCCCC/C=C\C/C=C\CCCCCCCCC(OC(=O)CCCN(C)C)CCCCCCCC/C=C\C/C=C\CCCCC,CCCCCCCCCCCC(=O)OCC(COP(=O)([O-])OCCN)OC(=O)CCCCCCCCCCC,C[C@H](CCCC(C)C)[C@H]1CC[C@@H]2[C@@]1(CC[C@H]3[C@H]2CC=C4[C@@]3(CC[C@@H](C4)O)C)C,CCCCCCCCCCCCCCCCCC(=O)OCC(COC(=O)CCCCCCCCCCCCCCCCC)OP(=O)([O-])OCCOCCOCCOCCOCCOCCOCCOCCOCCOCCOCCOCCOCCOCCOCCOCCOCCOCCOCCOCCOCCOCCOCCOCCOCCOCCOCCOCCOCCOCCOCCOCCOCCOCCOCCOCCOCCOCCOCCOCCOCCOCCOCCOCCOCCOCCOCCOCCOCCOCCOCCOCCOCCOCCOCCOCCOCCOCCOCCOCCOCCOCCOCCOCCOCCOCCOCCOCCOCCOCCOCCOCCOCCOCCOCCOCCOCCOCCOCCOCCOCCOCCOCCOCCOCCOCCOCCOCCOCCOCCO,55.88,,,0.32,,,79.216,,,0.84,,,N:P,8.0,,"synthesis_method: Microfluidic; device_used: NanoAssemblr Benchtop; total_flow_rate_ml_min: 15; flow_rate_ratio: 3:1; aqueous_phase_composition: 100 mM citrate buffer (pH 4.5); organic_phase_composition: ethanol (>99.5%); mixing_time_sec: ; temperature_condition: 25¡ÆC; post_processing: dialysis against 10 mM Tris buffer (pH 7.4) for 24 h, concentrated using centrifuge at 5000 g for 30 min, filtered with PALL capsule (MWCO 300 kD); sterilization: glassware sterilized at 300¡ÆC for 12 h, equipment treated with RNaseZap; storage_buffer: 10 mM Tris buffer (pH 7.4)",,,,,https://doi.org/10.1016/j.jpha.2024.100996,Machine learning-driven optimization of mRNA-lipid nanoparticle vaccine quality with XGBoost/Bayesian method and ensemble model approaches,"['Ravi Maharjan', 'Ki Hyun Kim', 'Kyeong Lee', 'Hyo-Kyung Han', 'Seong Hoon Jeong']",Journal of Pharmaceutical Analysis,2024.0,MC3,DLPE,cholesterol,DSG
659,DLin-MC3-DMA,DOPE,cholesterol,C16-Ceramide-PEG2000,50:10:37.5:2.5,mRNA,nanoluciferase,CCCCC/C=C\C/C=C\CCCCCCCCC(OC(=O)CCCN(C)C)CCCCCCCC/C=C\C/C=C\CCCCC,CCCCCCCC/C=C\CCCCCCCC(=O)OC[C@H](COP(=O)(O)OCCN)OC(=O)CCCCCCC/C=C\CCCCCCCC,C[C@H](CCCC(C)C)[C@H]1CC[C@@H]2[C@@]1(CC[C@H]3[C@H]2CC=C4[C@@]3(CC[C@@H](C4)O)C)C,CCCCCCCCCCCCCCCC(=O)NC(COP(=O)([O-])OCCOCCOCCOCCOCCOCCOCCOCCOCCOCCOCCOCCOCCOCCOCCOCCOCCOCCOCCOCCOCCOCCOCCOCCOCCOCCOCCOCCOCCOCCOCCOCCOCCOCCOCCOCCOCCOCCOCCOCCOCCOCCOCCOCCOCCOCCOCCOCCOCCOCCOCCOCCOCCOCCOCCOCCOCCOCCOCCOCCOCCOCCOCCOCCOCCOCCOCCOCCOCCOCCOCCOCCOCCOCCOCCOCCOCCOCCOCCOCCOCCOCCOCCOCCOCCOCCOCCOCCOCCOCCO)C(O)C=CCCCCCCCCCCCC,57.44,,,0.374,,,74.532,,,0.16,,,N:P,10.0,,"synthesis_method: Microfluidic; device_used: NanoAssemblr Benchtop; total_flow_rate_ml_min: 12; flow_rate_ratio: 5:1; aqueous_phase_composition: 100 mM citrate buffer (pH 4.5); organic_phase_composition: ethanol (>99.5%); mixing_time_sec: ; temperature_condition: 25¡ÆC; post_processing: dialysis against 10 mM Tris buffer (pH 7.4) for 24 h, concentrated using centrifuge at 5000 g for 30 min, filtered with PALL capsule (MWCO 300 kD); sterilization: glassware sterilized at 300¡ÆC for 12 h, equipment treated with RNaseZap; storage_buffer: 10 mM Tris buffer (pH 7.4)",,,,,https://doi.org/10.1016/j.jpha.2024.100996,Machine learning-driven optimization of mRNA-lipid nanoparticle vaccine quality with XGBoost/Bayesian method and ensemble model approaches,"['Ravi Maharjan', 'Ki Hyun Kim', 'Kyeong Lee', 'Hyo-Kyung Han', 'Seong Hoon Jeong']",Journal of Pharmaceutical Analysis,2024.0,MC3,DOPE,cholesterol,Ceramide
660,DLin-MC3-DMA,DSPE,cholesterol,DSG-PEG2000,50:10:37.5:2.5,mRNA,nanoluciferase,CCCCC/C=C\C/C=C\CCCCCCCCC(OC(=O)CCCN(C)C)CCCCCCCC/C=C\C/C=C\CCCCC,CCCCCCCCCCCCCCCCCC(=O)OCC(COP(=O)(O)OCCN)OC(=O)CCCCCCCCCCCCCCCCC,C[C@H](CCCC(C)C)[C@H]1CC[C@@H]2[C@@]1(CC[C@H]3[C@H]2CC=C4[C@@]3(CC[C@@H](C4)O)C)C,CCCCCCCCCCCCCCCCCC(=O)OCC(COC(=O)CCCCCCCCCCCCCCCCC)OP(=O)([O-])OCCOCCOCCOCCOCCOCCOCCOCCOCCOCCOCCOCCOCCOCCOCCOCCOCCOCCOCCOCCOCCOCCOCCOCCOCCOCCOCCOCCOCCOCCOCCOCCOCCOCCOCCOCCOCCOCCOCCOCCOCCOCCOCCOCCOCCOCCOCCOCCOCCOCCOCCOCCOCCOCCOCCOCCOCCOCCOCCOCCOCCOCCOCCOCCOCCOCCOCCOCCOCCOCCOCCOCCOCCOCCOCCOCCOCCOCCOCCOCCOCCOCCOCCOCCOCCOCCOCCOCCOCCOCCO,56.43,,,0.331,,,84.168,,,1.12,,,N:P,6.0,,"synthesis_method: Microfluidic; device_used: NanoAssemblr Benchtop; total_flow_rate_ml_min: 20; flow_rate_ratio: 3:1; aqueous_phase_composition: 100 mM citrate buffer (pH 4.5); organic_phase_composition: ethanol (>99.5%); mixing_time_sec: ; temperature_condition: 25¡ÆC; post_processing: dialysis against 10 mM Tris buffer (pH 7.4) for 24 h, concentrated using centrifuge at 5000 g for 30 min, filtered with PALL capsule (MWCO 300 kD); sterilization: glassware sterilized at 300¡ÆC for 12 h, equipment treated with RNaseZap; storage_buffer: 10 mM Tris buffer (pH 7.4)",,,,,https://doi.org/10.1016/j.jpha.2024.100996,Machine learning-driven optimization of mRNA-lipid nanoparticle vaccine quality with XGBoost/Bayesian method and ensemble model approaches,"['Ravi Maharjan', 'Ki Hyun Kim', 'Kyeong Lee', 'Hyo-Kyung Han', 'Seong Hoon Jeong']",Journal of Pharmaceutical Analysis,2024.0,MC3,DSPE,cholesterol,DSG
661,DLin-MC3-DMA,DMPC,cholesterol,C16-Ceramide-PEG2000,46.3:9.4:42.7:1.6,mRNA,nanoluciferase,CCCCC/C=C\C/C=C\CCCCCCCCC(OC(=O)CCCN(C)C)CCCCCCCC/C=C\C/C=C\CCCCC,,C[C@H](CCCC(C)C)[C@H]1CC[C@@H]2[C@@]1(CC[C@H]3[C@H]2CC=C4[C@@]3(CC[C@@H](C4)O)C)C,CCCCCCCCCCCCCCCC(=O)NC(COP(=O)([O-])OCCOCCOCCOCCOCCOCCOCCOCCOCCOCCOCCOCCOCCOCCOCCOCCOCCOCCOCCOCCOCCOCCOCCOCCOCCOCCOCCOCCOCCOCCOCCOCCOCCOCCOCCOCCOCCOCCOCCOCCOCCOCCOCCOCCOCCOCCOCCOCCOCCOCCOCCOCCOCCOCCOCCOCCOCCOCCOCCOCCOCCOCCOCCOCCOCCOCCOCCOCCOCCOCCOCCOCCOCCOCCOCCOCCOCCOCCOCCOCCOCCOCCOCCOCCOCCOCCOCCOCCOCCOCCO)C(O)C=CCCCCCCCCCCCC,51.82,,,0.149,,,75.923,,,0.86,,,N:P,8.0,,"synthesis_method: Microfluidic; device_used: NanoAssemblr Benchtop; total_flow_rate_ml_min: 20; flow_rate_ratio: 4:1; aqueous_phase_composition: 100 mM citrate buffer (pH 4.5); organic_phase_composition: ethanol (>99.5%); mixing_time_sec: ; temperature_condition: 25¡ÆC; post_processing: dialysis against 10 mM Tris buffer (pH 7.4) for 24 h, concentrated using centrifuge at 5000 g for 30 min, filtered with PALL capsule (MWCO 300 kD); sterilization: glassware sterilized at 300¡ÆC for 12 h, equipment treated with RNaseZap; storage_buffer: 10 mM Tris buffer (pH 7.4)",,,,,https://doi.org/10.1016/j.jpha.2024.100996,Machine learning-driven optimization of mRNA-lipid nanoparticle vaccine quality with XGBoost/Bayesian method and ensemble model approaches,"['Ravi Maharjan', 'Ki Hyun Kim', 'Kyeong Lee', 'Hyo-Kyung Han', 'Seong Hoon Jeong']",Journal of Pharmaceutical Analysis,2024.0,MC3,DMPC,cholesterol,Ceramide
662,DLin-MC3-DMA,DOPC,cholesterol,DPPE-PEG2000,50:10:38.4:1.6,mRNA,nanoluciferase,CCCCC/C=C\C/C=C\CCCCCCCCC(OC(=O)CCCN(C)C)CCCCCCCC/C=C\C/C=C\CCCCC,CCCCCCCC/C=C\CCCCCCCC(=O)OC[C@H](COP(=O)([O-])OCC[N+](C)(C)C)OC(=O)CCCCCCC/C=C\CCCCCCCC,C[C@H](CCCC(C)C)[C@H]1CC[C@@H]2[C@@]1(CC[C@H]3[C@H]2CC=C4[C@@]3(CC[C@@H](C4)O)C)C,CCCCCCCCCCCCCCCC(=O)OCC(COP(=O)([O-])OCCN[C@@H](CO)C(=O)NCCOCCOCCOCCOCCOCCOCCOCCOCCOCCOCCOCCOCCOCCOCCOCCOCCOCCOCCOCCOCCOCCOCCOCCOCCOCCOCCOCCOCCOCCOCCOCCOCCOCCOCCOCCOCCOCCOCCOCCOCCOCCOCCOCCOCCOCCOCCOCCOCCOCCOCCOCCOCCOCCOCCOCCOCCOCCOCCOCCOCCOCCOCCOCCOCCOCCOCCOCCOCCOCCOCCOCCOCCOCCOCCOCCOCCOCCOCCOCCOCCOCCOCCOCCOCCOCCOCCOCCOCCOCCO)OC(=O)CCCCCCCCCCCCCCC,56.13,,,0.156,,,80.542,,,0.84,,,N:P,8.0,,"synthesis_method: Microfluidic; device_used: NanoAssemblr Benchtop; total_flow_rate_ml_min: 15; flow_rate_ratio: 4:1; aqueous_phase_composition: 100 mM citrate buffer (pH 4.5); organic_phase_composition: ethanol (>99.5%); mixing_time_sec: ; temperature_condition: 25¡ÆC; post_processing: dialysis against 10 mM Tris buffer (pH 7.4) for 24 h, concentrated using centrifuge at 5000 g for 30 min, filtered with PALL capsule (MWCO 300 kD); sterilization: glassware sterilized at 300¡ÆC for 12 h, equipment treated with RNaseZap; storage_buffer: 10 mM Tris buffer (pH 7.4)",,,,,https://doi.org/10.1016/j.jpha.2024.100996,Machine learning-driven optimization of mRNA-lipid nanoparticle vaccine quality with XGBoost/Bayesian method and ensemble model approaches,"['Ravi Maharjan', 'Ki Hyun Kim', 'Kyeong Lee', 'Hyo-Kyung Han', 'Seong Hoon Jeong']",Journal of Pharmaceutical Analysis,2024.0,MC3,DOPC,cholesterol,DPPE
663,DLin-MC3-DMA,DSPC,cholesterol,DPPE-PEG2000,46.3:8.4:42.8:2.5,mRNA,nanoluciferase,CCCCC/C=C\C/C=C\CCCCCCCCC(OC(=O)CCCN(C)C)CCCCCCCC/C=C\C/C=C\CCCCC,CCCCCCCCCCCCCCCCCC(=O)OC[C@H](COP(=O)([O-])OCC[N+](C)(C)C)OC(=O)CCCCCCCCCCCCCCCCC,C[C@H](CCCC(C)C)[C@H]1CC[C@@H]2[C@@]1(CC[C@H]3[C@H]2CC=C4[C@@]3(CC[C@@H](C4)O)C)C,CCCCCCCCCCCCCCCC(=O)OCC(COP(=O)([O-])OCCN[C@@H](CO)C(=O)NCCOCCOCCOCCOCCOCCOCCOCCOCCOCCOCCOCCOCCOCCOCCOCCOCCOCCOCCOCCOCCOCCOCCOCCOCCOCCOCCOCCOCCOCCOCCOCCOCCOCCOCCOCCOCCOCCOCCOCCOCCOCCOCCOCCOCCOCCOCCOCCOCCOCCOCCOCCOCCOCCOCCOCCOCCOCCOCCOCCOCCOCCOCCOCCOCCOCCOCCOCCOCCOCCOCCOCCOCCOCCOCCOCCOCCOCCOCCOCCOCCOCCOCCOCCOCCOCCOCCOCCOCCOCCO)OC(=O)CCCCCCCCCCCCCCC,51.08,,,0.146,,,77.349,,,0.16,,,N:P,10.0,,"synthesis_method: Microfluidic; device_used: NanoAssemblr Benchtop; total_flow_rate_ml_min: 12; flow_rate_ratio: 3:1; aqueous_phase_composition: 100 mM citrate buffer (pH 4.5); organic_phase_composition: ethanol (>99.5%); mixing_time_sec: ; temperature_condition: 25¡ÆC; post_processing: dialysis against 10 mM Tris buffer (pH 7.4) for 24 h, concentrated using centrifuge at 5000 g for 30 min, filtered with PALL capsule (MWCO 300 kD); sterilization: glassware sterilized at 300¡ÆC for 12 h, equipment treated with RNaseZap; storage_buffer: 10 mM Tris buffer (pH 7.4)",,,,,https://doi.org/10.1016/j.jpha.2024.100996,Machine learning-driven optimization of mRNA-lipid nanoparticle vaccine quality with XGBoost/Bayesian method and ensemble model approaches,"['Ravi Maharjan', 'Ki Hyun Kim', 'Kyeong Lee', 'Hyo-Kyung Han', 'Seong Hoon Jeong']",Journal of Pharmaceutical Analysis,2024.0,MC3,DSPC,cholesterol,DPPE
664,DLin-MC3-DMA,DSPC,cholesterol,DMG,50:10:38.5:1.5,mRNA,nanoluciferase,CCCCC/C=C\C/C=C\CCCCCCCCC(OC(=O)CCCN(C)C)CCCCCCCC/C=C\C/C=C\CCCCC,CCCCCCCCCCCCCCCCCC(=O)OC[C@H](COP(=O)([O-])OCC[N+](C)(C)C)OC(=O)CCCCCCCCCCCCCCCCC,C[C@H](CCCC(C)C)[C@H]1CC[C@@H]2[C@@]1(CC[C@H]3[C@H]2CC=C4[C@@]3(CC[C@@H](C4)O)C)C,,54.7,,,0.09,,,85.416,,,1.12,,,N:P,6.0,,"synthesis_method: Microfluidic; device_used: NanoAssemblr Benchtop; total_flow_rate_ml_min: 15; flow_rate_ratio: 5:1; aqueous_phase_composition: 100 mM citrate buffer (pH 4.5); organic_phase_composition: ethanol (>99.5%); mixing_time_sec: ; temperature_condition: 25¡ÆC; post_processing: dialysis against 10 mM Tris buffer (pH 7.4) for 24 h, concentrated using centrifuge at 5000 g for 30 min, filtered with PALL capsule (MWCO 300 kD); sterilization: glassware sterilized at 300¡ÆC for 12 h, equipment treated with RNaseZap; storage_buffer: 10 mM Tris buffer (pH 7.4)",,,,,https://doi.org/10.1016/j.jpha.2024.100996,Machine learning-driven optimization of mRNA-lipid nanoparticle vaccine quality with XGBoost/Bayesian method and ensemble model approaches,"['Ravi Maharjan', 'Ki Hyun Kim', 'Kyeong Lee', 'Hyo-Kyung Han', 'Seong Hoon Jeong']",Journal of Pharmaceutical Analysis,2024.0,MC3,DSPC,cholesterol,DMG
665,9A1P9,MDOA,cholesterol,DMG-PEG2000,25:1:30:30,mRNA,firefly_luciferase,CCCCCCCCCOP(=O)(O)OCCN(CCCCCCCC)CCCCCCCC,,C[C@H](CCCC(C)C)[C@H]1CC[C@@H]2[C@@]1(CC[C@H]3[C@H]2CC=C4[C@@]3(CC[C@@H](C4)O)C)C,CCCCCCCCCCCCCC(=O)OCC(COP(=O)([O-])OCCOCCOCCOCCOCCOCCOCCOCCOCCOCCOCCOCCOCCOCCOCCOCCOCCOCCOCCOCCOCCOCCOCCOCCOCCOCCOCCOCCOCCOCCOCCOCCOCCOCCOCCOCCOCCOCCOCCOCCOCCOCCOCCOCCOCCOCCOCCOCCOCCOCCOCCOCCOCCOCCOCCOCCOCCOCCOCCOCCOCCOCCOCCOCCOCCOCCOCCOCCOCCOCCOCCOCCOCCOCCOCCOCCOCCOCCOCCOCCOCCOCCOCCOCCOCCOCCOCCOCCOCCOCCO)OC(=O)CCCCCCCCCCCCC,150.0,,approx,0.2,,approx,,,,-5.0,,approx,wt/wt,11622.0,OTHER_wt_ratio,"synthesis_method: Ethanol dilution; device_used: Manual pipette mixing; total_flow_rate_ml_min: ; flow_rate_ratio: 3:1 (aqueous:ethanol); aqueous_phase_composition: 10 mM citric acid/sodium citrate buffer, pH 4.4; organic_phase_composition: Ethanol with lipid mixture; mixing_time_sec: Rapid mixing by pipette, 15 min incubation; temperature_condition: ; post_processing: Diluted 3-fold with 1¡¿ PBS buffer; sterilization: ; storage_buffer: 1¡¿ PBS buffer","cell_line: IGROV1; animal_model: C57BL/6 mice; administration_route: IV; dose: 0.1-0.25 mg/kg mRNA; gene_expression_result: High luciferase expression in liver; biodistribution_result: Liver-selective delivery; toxicity_profile: Negligible cytotoxicity, well tolerated",,,,https://doi.org/10.1038/s41563-020-00886-0,Membrane-destabilizing ionizable phospholipids for organ-selective mRNA delivery and CRISPR?Cas gene editing,"['Shuai Liu', 'Qiang Cheng', 'Tuo Wei', 'Xueliang Yu', 'Lindsay T. Johnson', 'Lukas Farbiak', 'Daniel J. Siegwart']",Nature Materials,2021.0,9A1P9,MDOA,cholesterol,DMG-PEG2000
668,Custom lipid,MDOA,cholesterol,DMG-PEG2000,25:1:30:30,mRNA,firefly_luciferase,CCCCCCCCC[N+](CCCC)(CCO[P-](=O)OCCCCCCCCCCCCCCCC)CCO[P-](=O)OCCCCCCCCCCCCCCCC,,C[C@H](CCCC(C)C)[C@H]1CC[C@@H]2[C@@]1(CC[C@H]3[C@H]2CC=C4[C@@]3(CC[C@@H](C4)O)C)C,CCCCCCCCCCCCCC(=O)OCC(COP(=O)([O-])OCCOCCOCCOCCOCCOCCOCCOCCOCCOCCOCCOCCOCCOCCOCCOCCOCCOCCOCCOCCOCCOCCOCCOCCOCCOCCOCCOCCOCCOCCOCCOCCOCCOCCOCCOCCOCCOCCOCCOCCOCCOCCOCCOCCOCCOCCOCCOCCOCCOCCOCCOCCOCCOCCOCCOCCOCCOCCOCCOCCOCCOCCOCCOCCOCCOCCOCCOCCOCCOCCOCCOCCOCCOCCOCCOCCOCCOCCOCCOCCOCCOCCOCCOCCOCCOCCOCCOCCOCCOCCO)OC(=O)CCCCCCCCCCCCC,200.0,,approx,,,,,,,-5.0,,approx,wt/wt,11.5,10A1P16:mRNA,"synthesis_method: Ethanol dilution; device_used: Manual pipette mixing; total_flow_rate_ml_min: ; flow_rate_ratio: 3:1 (aqueous:ethanol); aqueous_phase_composition: 10 mM citric acid/sodium citrate buffer, pH 4.4; organic_phase_composition: Ethanol with lipid mixture; mixing_time_sec: Rapid mixing by pipette, 15 min incubation; temperature_condition: ; post_processing: Dialyzed against 1¡¿ PBS in Pur-A-Lyzer midi dialysis chambers; sterilization: ; storage_buffer: 1¡¿ PBS buffer","cell_line: IGROV1; animal_model: C57BL/6 mice; administration_route: IV; dose: 0.25 mg/kg mRNA; gene_expression_result: High luciferase expression in spleen; biodistribution_result: Spleen-selective delivery; toxicity_profile: Well tolerated, no significant toxicity",,,,https://doi.org/10.1038/s41563-020-00886-0,Membrane-destabilizing ionizable phospholipids for organ-selective mRNA delivery and CRISPR?Cas gene editing,"['Shuai Liu', 'Qiang Cheng', 'Tuo Wei', 'Xueliang Yu', 'Lindsay T. Johnson', 'Lukas Farbiak', 'Daniel J. Siegwart']",Nature Materials,2021.0,10A1P16,MDOA,cholesterol,DMG-PEG2000
669,9A1P9,DOPE,cholesterol,DMG-PEG2000,55:0.2:45:30,mRNA,firefly_luciferase,CCCCCCCCCOP(=O)(O)OCCN(CCCCCCCC)CCCCCCCC,CCCCCCCC/C=C\CCCCCCCC(=O)OC[C@H](COP(=O)(O)OCCN)OC(=O)CCCCCCC/C=C\CCCCCCCC,C[C@H](CCCC(C)C)[C@H]1CC[C@@H]2[C@@]1(CC[C@H]3[C@H]2CC=C4[C@@]3(CC[C@@H](C4)O)C)C,CCCCCCCCCCCCCC(=O)OCC(COP(=O)([O-])OCCOCCOCCOCCOCCOCCOCCOCCOCCOCCOCCOCCOCCOCCOCCOCCOCCOCCOCCOCCOCCOCCOCCOCCOCCOCCOCCOCCOCCOCCOCCOCCOCCOCCOCCOCCOCCOCCOCCOCCOCCOCCOCCOCCOCCOCCOCCOCCOCCOCCOCCOCCOCCOCCOCCOCCOCCOCCOCCOCCOCCOCCOCCOCCOCCOCCOCCOCCOCCOCCOCCOCCOCCOCCOCCOCCOCCOCCOCCOCCOCCOCCOCCOCCOCCOCCOCCOCCOCCOCCO)OC(=O)CCCCCCCCCCCCC,150.0,,approx,0.2,,approx,,,,-5.0,,approx,wt/wt,18.0,9A1P9:mRNA,"synthesis_method: Ethanol dilution; device_used: Manual pipette mixing; total_flow_rate_ml_min: ; flow_rate_ratio: 3:1 (aqueous:ethanol); aqueous_phase_composition: 10 mM citric acid/sodium citrate buffer, pH 4.4; organic_phase_composition: Ethanol with lipid mixture; mixing_time_sec: Rapid mixing by pipette, 15 min incubation; temperature_condition: ; post_processing: Dialyzed against 1¡¿ PBS in Pur-A-Lyzer midi dialysis chambers; sterilization: ; storage_buffer: 1¡¿ PBS buffer",cell_line: IGROV1; animal_model: C57BL/6 mice; administration_route: IV; dose: 0.25 mg/kg mRNA; gene_expression_result: Moderate luciferase expression in spleen; biodistribution_result: Spleen-selective delivery; toxicity_profile: Well tolerated,,,,https://doi.org/10.1038/s41563-020-00886-0,Membrane-destabilizing ionizable phospholipids for organ-selective mRNA delivery and CRISPR?Cas gene editing,"['Shuai Liu', 'Qiang Cheng', 'Tuo Wei', 'Xueliang Yu', 'Lindsay T. Johnson', 'Lukas Farbiak', 'Daniel J. Siegwart']",Nature Materials,2021.0,9A1P9,DOPE,cholesterol,DMG-PEG2000
675,9A1P9,MDOA,cholesterol,DMG-PEG2000,25:30:30:1,mRNA,firefly_luciferase,CCCCCCCCCOP(=O)(O)OCCN(CCCCCCCC)CCCCCCCC,,C[C@H](CCCC(C)C)[C@H]1CC[C@@H]2[C@@]1(CC[C@H]3[C@H]2CC=C4[C@@]3(CC[C@@H](C4)O)C)C,CCCCCCCCCCCCCC(=O)OCC(COP(=O)([O-])OCCOCCOCCOCCOCCOCCOCCOCCOCCOCCOCCOCCOCCOCCOCCOCCOCCOCCOCCOCCOCCOCCOCCOCCOCCOCCOCCOCCOCCOCCOCCOCCOCCOCCOCCOCCOCCOCCOCCOCCOCCOCCOCCOCCOCCOCCOCCOCCOCCOCCOCCOCCOCCOCCOCCOCCOCCOCCOCCOCCOCCOCCOCCOCCOCCOCCOCCOCCOCCOCCOCCOCCOCCOCCOCCOCCOCCOCCOCCOCCOCCOCCOCCOCCOCCOCCOCCOCCOCCOCCO)OC(=O)CCCCCCCCCCCCC,150.0,,approx,0.2,,approx,,,,-5.0,,approx,unparsed,,OTHER:iPhos:mRNA molar ratio 11622:1,synthesis_method: Ethanol dilution; device_used: Manual pipetting; total_flow_rate_ml_min: ; flow_rate_ratio: 3:1 (aqueous:ethanol); aqueous_phase_composition: 10 mM citric acid/sodium citrate buffer (pH 4.4); organic_phase_composition: 100% ethanol; mixing_time_sec: 15 min incubation; temperature_condition: Room temperature; post_processing: 3-fold dilution with 1x PBS; sterilization: ; storage_buffer: 1x PBS,cell_line: IGROV1; animal_model: C57BL/6 mice; administration_route: IV; dose: 0.1 mg/kg mRNA; gene_expression_result: High luciferase expression in liver; biodistribution_result: Liver-specific delivery; toxicity_profile: Negligible cytotoxicity,,,,https://doi.org/10.1038/s41563-020-00886-0,Membrane-destabilizing ionizable phospholipids for organ-selective mRNA delivery and CRISPR?Cas gene editing,"['Shuai Liu', 'Qiang Cheng', 'Tuo Wei', 'Xueliang Yu', 'Lindsay T. Johnson', 'Lukas Farbiak', 'Daniel J. Siegwart']",Nature Materials,2021.0,9A1P9,MDOA,cholesterol,DMG-PEG2000
678,9A1P9,DOPE,cholesterol,DMG-PEG2000,55:30:45:0.2,mRNA,firefly_luciferase,CCCCCCCCCOP(=O)(O)OCCN(CCCCCCCC)CCCCCCCC,CCCCCCCC/C=C\CCCCCCCC(=O)OC[C@H](COP(=O)(O)OCCN)OC(=O)CCCCCCC/C=C\CCCCCCCC,C[C@H](CCCC(C)C)[C@H]1CC[C@@H]2[C@@]1(CC[C@H]3[C@H]2CC=C4[C@@]3(CC[C@@H](C4)O)C)C,CCCCCCCCCCCCCC(=O)OCC(COP(=O)([O-])OCCOCCOCCOCCOCCOCCOCCOCCOCCOCCOCCOCCOCCOCCOCCOCCOCCOCCOCCOCCOCCOCCOCCOCCOCCOCCOCCOCCOCCOCCOCCOCCOCCOCCOCCOCCOCCOCCOCCOCCOCCOCCOCCOCCOCCOCCOCCOCCOCCOCCOCCOCCOCCOCCOCCOCCOCCOCCOCCOCCOCCOCCOCCOCCOCCOCCOCCOCCOCCOCCOCCOCCOCCOCCOCCOCCOCCOCCOCCOCCOCCOCCOCCOCCOCCOCCOCCOCCOCCOCCO)OC(=O)CCCCCCCCCCCCC,150.0,,approx,,,,,,,-5.0,,approx,wt/wt,18.0,9A1P9:mRNA,synthesis_method: Ethanol dilution; device_used: Manual pipetting; total_flow_rate_ml_min: ; flow_rate_ratio: 3:1 (aqueous:ethanol); aqueous_phase_composition: 10 mM citric acid/sodium citrate buffer (pH 3.2); organic_phase_composition: 100% ethanol; mixing_time_sec: 15 min incubation; temperature_condition: Room temperature; post_processing: Dialysis against 1x PBS using Pur-A-Lyzer midi dialysis chambers; sterilization: ; storage_buffer: 1x PBS,cell_line: IGROV1; animal_model: C57BL/6 mice; administration_route: IV; dose: 0.25 mg/kg mRNA; gene_expression_result: mRNA expression in spleen; biodistribution_result: Spleen-selective delivery,,,,https://doi.org/10.1038/s41563-020-00886-0,Membrane-destabilizing ionizable phospholipids for organ-selective mRNA delivery and CRISPR?Cas gene editing,"['Shuai Liu', 'Qiang Cheng', 'Tuo Wei', 'Xueliang Yu', 'Lindsay T. Johnson', 'Lukas Farbiak', 'Daniel J. Siegwart']",Nature Materials,2021.0,9A1P9,DOPE,cholesterol,DMG-PEG2000
679,Custom lipid,MDOA,cholesterol,DMG-PEG2000,25:30:30:1,mRNA,firefly_luciferase,CCCCCCCCC[N+](CCCC)(CCO[P-](=O)OCCCCCCCCCCCCCCCC)CCO[P-](=O)OCCCCCCCCCCCCCCCC,,C[C@H](CCCC(C)C)[C@H]1CC[C@@H]2[C@@]1(CC[C@H]3[C@H]2CC=C4[C@@]3(CC[C@@H](C4)O)C)C,CCCCCCCCCCCCCC(=O)OCC(COP(=O)([O-])OCCOCCOCCOCCOCCOCCOCCOCCOCCOCCOCCOCCOCCOCCOCCOCCOCCOCCOCCOCCOCCOCCOCCOCCOCCOCCOCCOCCOCCOCCOCCOCCOCCOCCOCCOCCOCCOCCOCCOCCOCCOCCOCCOCCOCCOCCOCCOCCOCCOCCOCCOCCOCCOCCOCCOCCOCCOCCOCCOCCOCCOCCOCCOCCOCCOCCOCCOCCOCCOCCOCCOCCOCCOCCOCCOCCOCCOCCOCCOCCOCCOCCOCCOCCOCCOCCOCCOCCOCCOCCO)OC(=O)CCCCCCCCCCCCC,200.0,,approx,,,,,,,,,,wt/wt,11.5,10A1P16:mRNA,synthesis_method: Ethanol dilution; device_used: Manual pipetting; total_flow_rate_ml_min: ; flow_rate_ratio: 3:1 (aqueous:ethanol); aqueous_phase_composition: 10 mM citric acid/sodium citrate buffer (pH 3.2); organic_phase_composition: 100% ethanol; mixing_time_sec: 15 min incubation; temperature_condition: Room temperature; post_processing: Dialysis against 1x PBS using Pur-A-Lyzer midi dialysis chambers; sterilization: ; storage_buffer: 1x PBS,"cell_line: IGROV1; animal_model: C57BL/6 mice; administration_route: IV; dose: 0.25 mg/kg mRNA; gene_expression_result: High mRNA expression in spleen; biodistribution_result: Spleen-selective delivery; toxicity_profile: Well tolerated, no significant difference from PBS control",,,,https://doi.org/10.1038/s41563-020-00886-0,Membrane-destabilizing ionizable phospholipids for organ-selective mRNA delivery and CRISPR?Cas gene editing,"['Shuai Liu', 'Qiang Cheng', 'Tuo Wei', 'Xueliang Yu', 'Lindsay T. Johnson', 'Lukas Farbiak', 'Daniel J. Siegwart']",Nature Materials,2021.0,10A1P16,MDOA,cholesterol,DMG-PEG2000
680,9A1P9,DODAP,cholesterol,DMG-PEG2000,25:30:30:1,mRNA,firefly_luciferase,CCCCCCCCCOP(=O)(O)OCCN(CCCCCCCC)CCCCCCCC,CCCCCCCC/C=C\CCCCCCCC(=O)OCC(COC(=O)CCCCCCC/C=C\CCCCCCCC)CN(C)C,C[C@H](CCCC(C)C)[C@H]1CC[C@@H]2[C@@]1(CC[C@H]3[C@H]2CC=C4[C@@]3(CC[C@@H](C4)O)C)C,CCCCCCCCCCCCCC(=O)OCC(COP(=O)([O-])OCCOCCOCCOCCOCCOCCOCCOCCOCCOCCOCCOCCOCCOCCOCCOCCOCCOCCOCCOCCOCCOCCOCCOCCOCCOCCOCCOCCOCCOCCOCCOCCOCCOCCOCCOCCOCCOCCOCCOCCOCCOCCOCCOCCOCCOCCOCCOCCOCCOCCOCCOCCOCCOCCOCCOCCOCCOCCOCCOCCOCCOCCOCCOCCOCCOCCOCCOCCOCCOCCOCCOCCOCCOCCOCCOCCOCCOCCOCCOCCOCCOCCOCCOCCOCCOCCOCCOCCOCCOCCO)OC(=O)CCCCCCCCCCCCC,150.0,,approx,,,,,,,-5.0,,approx,wt/wt,18.0,9A1P9:mRNA,synthesis_method: Ethanol dilution; device_used: Manual pipetting; total_flow_rate_ml_min: ; flow_rate_ratio: 3:1 (aqueous:ethanol); aqueous_phase_composition: 10 mM citric acid/sodium citrate buffer (pH 3.2); organic_phase_composition: 100% ethanol; mixing_time_sec: 15 min incubation; temperature_condition: Room temperature; post_processing: Dialysis against 1x PBS using Pur-A-Lyzer midi dialysis chambers; sterilization: ; storage_buffer: 1x PBS,cell_line: IGROV1; animal_model: C57BL/6 mice; administration_route: IV; dose: 0.25 mg/kg mRNA; gene_expression_result: mRNA expression in liver; biodistribution_result: Liver-selective delivery,,,,https://doi.org/10.1038/s41563-020-00886-0,Membrane-destabilizing ionizable phospholipids for organ-selective mRNA delivery and CRISPR?Cas gene editing,"['Shuai Liu', 'Qiang Cheng', 'Tuo Wei', 'Xueliang Yu', 'Lindsay T. Johnson', 'Lukas Farbiak', 'Daniel J. Siegwart']",Nature Materials,2021.0,9A1P9,DODAP,cholesterol,DMG-PEG2000
686,Custom lipid,MDOA,cholesterol,DMG-PEG2000,25:30:30:1,mRNA,firefly_luciferase,CCCCCCCCC[N+](CCCC)(CCO[P-](=O)OCCCCCCCCCCCCCCCC)CCO[P-](=O)OCCCCCCCCCCCCCCCC,,C[C@H](CCCC(C)C)[C@H]1CC[C@@H]2[C@@]1(CC[C@H]3[C@H]2CC=C4[C@@]3(CC[C@@H](C4)O)C)C,CCCCCCCCCCCCCC(=O)OCC(COP(=O)([O-])OCCOCCOCCOCCOCCOCCOCCOCCOCCOCCOCCOCCOCCOCCOCCOCCOCCOCCOCCOCCOCCOCCOCCOCCOCCOCCOCCOCCOCCOCCOCCOCCOCCOCCOCCOCCOCCOCCOCCOCCOCCOCCOCCOCCOCCOCCOCCOCCOCCOCCOCCOCCOCCOCCOCCOCCOCCOCCOCCOCCOCCOCCOCCOCCOCCOCCOCCOCCOCCOCCOCCOCCOCCOCCOCCOCCOCCOCCOCCOCCOCCOCCOCCOCCOCCOCCOCCOCCOCCOCCO)OC(=O)CCCCCCCCCCCCC,96.1,,,,,,,,,,,,,,,synthesis_method: Microfluidic; device_used: NanoAssemblr microfluidic mixing system; total_flow_rate_ml_min: 9; flow_rate_ratio: 3:1 (aqueous:ethanol); aqueous_phase_composition: 10 mM citric acid/sodium citrate buffer (pH 3.2); organic_phase_composition: 100% ethanol; mixing_time_sec: 15 min incubation post-mixing; temperature_condition: Room temperature; post_processing: Dialysis against 1x PBS using Pur-A-Lyzer midi dialysis chambers; sterilization: ; storage_buffer: 1x PBS,"animal_model: C57BL/6 mice; administration_route: IV; dose: 0.25 mg/kg mRNA; gene_expression_result: High efficacy retained, spleen-specific; biodistribution_result: Spleen-selective delivery maintained",,,,https://doi.org/10.1038/s41563-020-00886-0,Membrane-destabilizing ionizable phospholipids for organ-selective mRNA delivery and CRISPR?Cas gene editing,"['Shuai Liu', 'Qiang Cheng', 'Tuo Wei', 'Xueliang Yu', 'Lindsay T. Johnson', 'Lukas Farbiak', 'Daniel J. Siegwart']",Nature Materials,2021.0,10A1P16,MDOA,cholesterol,DMG-PEG2000
687,DLin-MC3-DMA,DSPC,cholesterol,DMG-PEG2000,50:10:38.5:1.5,mRNA,firefly_luciferase,CCCCC/C=C\C/C=C\CCCCCCCCC(OC(=O)CCCN(C)C)CCCCCCCC/C=C\C/C=C\CCCCC,CCCCCCCCCCCCCCCCCC(=O)OC[C@H](COP(=O)([O-])OCC[N+](C)(C)C)OC(=O)CCCCCCCCCCCCCCCCC,C[C@H](CCCC(C)C)[C@H]1CC[C@@H]2[C@@]1(CC[C@H]3[C@H]2CC=C4[C@@]3(CC[C@@H](C4)O)C)C,CCCCCCCCCCCCCC(=O)OCC(COP(=O)([O-])OCCOCCOCCOCCOCCOCCOCCOCCOCCOCCOCCOCCOCCOCCOCCOCCOCCOCCOCCOCCOCCOCCOCCOCCOCCOCCOCCOCCOCCOCCOCCOCCOCCOCCOCCOCCOCCOCCOCCOCCOCCOCCOCCOCCOCCOCCOCCOCCOCCOCCOCCOCCOCCOCCOCCOCCOCCOCCOCCOCCOCCOCCOCCOCCOCCOCCOCCOCCOCCOCCOCCOCCOCCOCCOCCOCCOCCOCCOCCOCCOCCOCCOCCOCCOCCOCCOCCOCCOCCOCCO)OC(=O)CCCCCCCCCCCCC,,,,,,,,,,,,,,,,synthesis_method: Standard LNP formulation; device_used: ; total_flow_rate_ml_min: ; flow_rate_ratio: ; aqueous_phase_composition: ; organic_phase_composition: ; mixing_time_sec: ; temperature_condition: ; post_processing: ; sterilization: ; storage_buffer: ,animal_model: C57BL/6 mice; administration_route: IV; dose: 0.05 mg/kg mRNA; gene_expression_result: 13-fold lower efficacy compared to 9A1P9-5A2-SC8 iPLNPs; biodistribution_result: Liver delivery,13.0,numeric,,https://doi.org/10.1038/s41563-020-00886-0,Membrane-destabilizing ionizable phospholipids for organ-selective mRNA delivery and CRISPR?Cas gene editing,"['Shuai Liu', 'Qiang Cheng', 'Tuo Wei', 'Xueliang Yu', 'Lindsay T. Johnson', 'Lukas Farbiak', 'Daniel J. Siegwart']",Nature Materials,2021.0,DLin-MC3-DMA,DSPC,cholesterol,DMG-PEG2000
716,DLin-KC2-DMA,DSPC,cholesterol,PEG-c-DMA,50:1:37.5:11.5,mRNA,firefly_luciferase,CCCCC/C=C\C/C=C\CCCCCCCCC1(OC(CO1)CCN(C)C)CCCCCCCC/C=C\C/C=C\CCCCC,CCCCCCCCCCCCCCCCCC(=O)OC[C@H](COP(=O)([O-])OCC[N+](C)(C)C)OC(=O)CCCCCCCCCCCCCCCCC,C[C@H](CCCC(C)C)[C@H]1CC[C@@H]2[C@@]1(CC[C@H]3[C@H]2CC=C4[C@@]3(CC[C@@H](C4)O)C)C,CN(C)CCC(O)COCCOCCOCCOCCOCCOCCOCCOCCOCCOCCOCCOCCOCCOCCOCCOCCOCCOCCOCCOCCOCCOCCOCCOCCOCCOCCOCCOCCOCCOCCOCCOCCOCCOCCOCCOCCOCCOCCOCCOCCOCCOCCOCCOCCOCCOCCOCCOCCOCCOCCOCCOCCOCCOCCOCCOCCOCCOCCOCCOCCOCCOCCOCCOCCOCCOCCOCCOCCOCCOCCOCCOCCOCCOCCOCCOCCOCCOCCOCCOCCOCCOCCOCCOCCOCCOCCOCCOCCOCCOCCO,180.0,,,,,,95.0,,,,,,unparsed,,CR:0.25(charge)[mRNA:lipid],"synthesis_method: Microfluidic; device_used: staggered herringbone micromixer; total_flow_rate_ml_min: 2; flow_rate_ratio: 1:3 (organic:aqueous); aqueous_phase_composition: 25 mM sodium acetate buffer, pH 4.0; organic_phase_composition: ethanol; mixing_time_sec: ; temperature_condition: ; post_processing: dialysis for 4h against 50 mM MES/50 mM sodium citrate buffer (pH 6.7), then overnight against 1x PBS; sterilization: ; storage_buffer: 1x PBS, pH 7.4",,,,,10.1021/acs.jpcb.5b02891,Microfluidic Mixing: A General Method for Encapsulating Macromolecules in Lipid Nanoparticle Systems,"['Alex K. K. Leung', 'Yuen Yi C. Tam', 'Sam Chen', 'Ismail M. Hafez', 'Pieter R. Cullis']",The Journal of Physical Chemistry B,2015.0,DLin-KC2-DMA,DSPC,cholesterol,PEG-c-DMA
717,DLin-KC2-DMA,DOPE,cholesterol,PEG-c-DMA,50:1:37.5:11.5,mRNA,firefly_luciferase,CCCCC/C=C\C/C=C\CCCCCCCCC1(OC(CO1)CCN(C)C)CCCCCCCC/C=C\C/C=C\CCCCC,CCCCCCCC/C=C\CCCCCCCC(=O)OC[C@H](COP(=O)(O)OCCN)OC(=O)CCCCCCC/C=C\CCCCCCCC,C[C@H](CCCC(C)C)[C@H]1CC[C@@H]2[C@@]1(CC[C@H]3[C@H]2CC=C4[C@@]3(CC[C@@H](C4)O)C)C,CN(C)CCC(O)COCCOCCOCCOCCOCCOCCOCCOCCOCCOCCOCCOCCOCCOCCOCCOCCOCCOCCOCCOCCOCCOCCOCCOCCOCCOCCOCCOCCOCCOCCOCCOCCOCCOCCOCCOCCOCCOCCOCCOCCOCCOCCOCCOCCOCCOCCOCCOCCOCCOCCOCCOCCOCCOCCOCCOCCOCCOCCOCCOCCOCCOCCOCCOCCOCCOCCOCCOCCOCCOCCOCCOCCOCCOCCOCCOCCOCCOCCOCCOCCOCCOCCOCCOCCOCCOCCOCCOCCOCCOCCO,160.0,,,,,,97.0,,,,,,unparsed,,CR:0.25(charge)[mRNA:lipid],"synthesis_method: Microfluidic; device_used: staggered herringbone micromixer; total_flow_rate_ml_min: 2; flow_rate_ratio: 1:3 (organic:aqueous); aqueous_phase_composition: 25 mM sodium acetate buffer, pH 4.0; organic_phase_composition: ethanol; mixing_time_sec: ; temperature_condition: ; post_processing: dialysis for 4h against 50 mM MES/50 mM sodium citrate buffer (pH 6.7), then overnight against 1x PBS; sterilization: ; storage_buffer: 1x PBS, pH 7.4",,,,,10.1021/acs.jpcb.5b02891,Microfluidic Mixing: A General Method for Encapsulating Macromolecules in Lipid Nanoparticle Systems,"['Alex K. K. Leung', 'Yuen Yi C. Tam', 'Sam Chen', 'Ismail M. Hafez', 'Pieter R. Cullis']",The Journal of Physical Chemistry B,2015.0,DLin-KC2-DMA,DOPE,cholesterol,PEG-c-DMA
718,DLin-KC2-DMA,DSPC,cholesterol,PEG-c-DMA,80:1:7.5:11.5,mRNA,firefly_luciferase,CCCCC/C=C\C/C=C\CCCCCCCCC1(OC(CO1)CCN(C)C)CCCCCCCC/C=C\C/C=C\CCCCC,CCCCCCCCCCCCCCCCCC(=O)OC[C@H](COP(=O)([O-])OCC[N+](C)(C)C)OC(=O)CCCCCCCCCCCCCCCCC,C[C@H](CCCC(C)C)[C@H]1CC[C@@H]2[C@@]1(CC[C@H]3[C@H]2CC=C4[C@@]3(CC[C@@H](C4)O)C)C,CN(C)CCC(O)COCCOCCOCCOCCOCCOCCOCCOCCOCCOCCOCCOCCOCCOCCOCCOCCOCCOCCOCCOCCOCCOCCOCCOCCOCCOCCOCCOCCOCCOCCOCCOCCOCCOCCOCCOCCOCCOCCOCCOCCOCCOCCOCCOCCOCCOCCOCCOCCOCCOCCOCCOCCOCCOCCOCCOCCOCCOCCOCCOCCOCCOCCOCCOCCOCCOCCOCCOCCOCCOCCOCCOCCOCCOCCOCCOCCOCCOCCOCCOCCOCCOCCOCCOCCOCCOCCOCCOCCOCCOCCO,180.0,,,,,,47.0,,,,,,unparsed,,CR:0.25(charge)[mRNA:lipid],"synthesis_method: Microfluidic; device_used: staggered herringbone micromixer; total_flow_rate_ml_min: 2; flow_rate_ratio: 1:3 (organic:aqueous); aqueous_phase_composition: 25 mM sodium acetate buffer, pH 4.0; organic_phase_composition: ethanol; mixing_time_sec: ; temperature_condition: ; post_processing: dialysis for 4h against 50 mM MES/50 mM sodium citrate buffer (pH 6.7), then overnight against 1x PBS; sterilization: ; storage_buffer: 1x PBS, pH 7.4",,,,,10.1021/acs.jpcb.5b02891,Microfluidic Mixing: A General Method for Encapsulating Macromolecules in Lipid Nanoparticle Systems,"['Alex K. K. Leung', 'Yuen Yi C. Tam', 'Sam Chen', 'Ismail M. Hafez', 'Pieter R. Cullis']",The Journal of Physical Chemistry B,2015.0,DLin-KC2-DMA,DSPC,cholesterol,PEG-c-DMA
719,DLin-KC2-DMA,DOPE,cholesterol,PEG-c-DMA,80:1:7.5:11.5,mRNA,firefly_luciferase,CCCCC/C=C\C/C=C\CCCCCCCCC1(OC(CO1)CCN(C)C)CCCCCCCC/C=C\C/C=C\CCCCC,CCCCCCCC/C=C\CCCCCCCC(=O)OC[C@H](COP(=O)(O)OCCN)OC(=O)CCCCCCC/C=C\CCCCCCCC,C[C@H](CCCC(C)C)[C@H]1CC[C@@H]2[C@@]1(CC[C@H]3[C@H]2CC=C4[C@@]3(CC[C@@H](C4)O)C)C,CN(C)CCC(O)COCCOCCOCCOCCOCCOCCOCCOCCOCCOCCOCCOCCOCCOCCOCCOCCOCCOCCOCCOCCOCCOCCOCCOCCOCCOCCOCCOCCOCCOCCOCCOCCOCCOCCOCCOCCOCCOCCOCCOCCOCCOCCOCCOCCOCCOCCOCCOCCOCCOCCOCCOCCOCCOCCOCCOCCOCCOCCOCCOCCOCCOCCOCCOCCOCCOCCOCCOCCOCCOCCOCCOCCOCCOCCOCCOCCOCCOCCOCCOCCOCCOCCOCCOCCOCCOCCOCCOCCOCCOCCO,160.0,,,,,,52.0,,,,,,unparsed,,CR:0.25(charge)[mRNA:lipid],"synthesis_method: Microfluidic; device_used: staggered herringbone micromixer; total_flow_rate_ml_min: 2; flow_rate_ratio: 1:3 (organic:aqueous); aqueous_phase_composition: 25 mM sodium acetate buffer, pH 4.0; organic_phase_composition: ethanol; mixing_time_sec: ; temperature_condition: ; post_processing: dialysis for 4h against 50 mM MES/50 mM sodium citrate buffer (pH 6.7), then overnight against 1x PBS; sterilization: ; storage_buffer: 1x PBS, pH 7.4",,,,,10.1021/acs.jpcb.5b02891,Microfluidic Mixing: A General Method for Encapsulating Macromolecules in Lipid Nanoparticle Systems,"['Alex K. K. Leung', 'Yuen Yi C. Tam', 'Sam Chen', 'Ismail M. Hafez', 'Pieter R. Cullis']",The Journal of Physical Chemistry B,2015.0,DLin-KC2-DMA,DOPE,cholesterol,PEG-c-DMA
736,DLin-KC2-DMA,DSPC,cholesterol,PEG-c-DMA,50:1:37.5:11.5,mRNA,firefly_luciferase,CCCCC/C=C\C/C=C\CCCCCCCCC1(OC(CO1)CCN(C)C)CCCCCCCC/C=C\C/C=C\CCCCC,CCCCCCCCCCCCCCCCCC(=O)OC[C@H](COP(=O)([O-])OCC[N+](C)(C)C)OC(=O)CCCCCCCCCCCCCCCCC,C[C@H](CCCC(C)C)[C@H]1CC[C@@H]2[C@@]1(CC[C@H]3[C@H]2CC=C4[C@@]3(CC[C@@H](C4)O)C)C,CN(C)CCC(O)COCCOCCOCCOCCOCCOCCOCCOCCOCCOCCOCCOCCOCCOCCOCCOCCOCCOCCOCCOCCOCCOCCOCCOCCOCCOCCOCCOCCOCCOCCOCCOCCOCCOCCOCCOCCOCCOCCOCCOCCOCCOCCOCCOCCOCCOCCOCCOCCOCCOCCOCCOCCOCCOCCOCCOCCOCCOCCOCCOCCOCCOCCOCCOCCOCCOCCOCCOCCOCCOCCOCCOCCOCCOCCOCCOCCOCCOCCOCCOCCOCCOCCOCCOCCOCCOCCOCCOCCOCCOCCO,50.0,,approx,,,,95.0,,approx,,,,unparsed,,CR:0.25(charge)[mRNA:lipid],"synthesis_method: Microfluidic mixing; device_used: staggered herringbone micromixer; total_flow_rate_ml_min: 2.0; flow_rate_ratio: 1:3 (lipid/ethanol:mRNA/aqueous); aqueous_phase_composition: 25 mM sodium acetate buffer, pH 4.0; organic_phase_composition: 100% ethanol (effectively 25% after mixing); mixing_time_sec: ; temperature_condition: ; post_processing: dialysis 4h against 50 mM MES/50 mM sodium citrate buffer (pH 6.7), then overnight against 1x PBS pH 7.4; sterilization: ; storage_buffer: 1x phosphate buffered saline, pH 7.4",,,,,10.1021/acs.jpcb.5b02891,Microfluidic Mixing: A General Method for Encapsulating Macromolecules in Lipid Nanoparticle Systems,"['Alex K. K. Leung', 'Yuen Yi C. Tam', 'Sam Chen', 'Ismail M. Hafez', 'Pieter R. Cullis']",The Journal of Physical Chemistry B,2015.0,DLin-KC2-DMA,DSPC,cholesterol,PEG-c-DMA
737,DLin-KC2-DMA,DSPC,cholesterol,PEG-c-DMA,80:1:7.5:11.5,mRNA,firefly_luciferase,CCCCC/C=C\C/C=C\CCCCCCCCC1(OC(CO1)CCN(C)C)CCCCCCCC/C=C\C/C=C\CCCCC,CCCCCCCCCCCCCCCCCC(=O)OC[C@H](COP(=O)([O-])OCC[N+](C)(C)C)OC(=O)CCCCCCCCCCCCCCCCC,C[C@H](CCCC(C)C)[C@H]1CC[C@@H]2[C@@]1(CC[C@H]3[C@H]2CC=C4[C@@]3(CC[C@@H](C4)O)C)C,CN(C)CCC(O)COCCOCCOCCOCCOCCOCCOCCOCCOCCOCCOCCOCCOCCOCCOCCOCCOCCOCCOCCOCCOCCOCCOCCOCCOCCOCCOCCOCCOCCOCCOCCOCCOCCOCCOCCOCCOCCOCCOCCOCCOCCOCCOCCOCCOCCOCCOCCOCCOCCOCCOCCOCCOCCOCCOCCOCCOCCOCCOCCOCCOCCOCCOCCOCCOCCOCCOCCOCCOCCOCCOCCOCCOCCOCCOCCOCCOCCOCCOCCOCCOCCOCCOCCOCCOCCOCCOCCOCCOCCOCCO,65.0,,approx,,,,45.0,,approx,,,,unparsed,,CR:0.25(charge)[mRNA:lipid],"synthesis_method: Microfluidic mixing; device_used: staggered herringbone micromixer; total_flow_rate_ml_min: 2.0; flow_rate_ratio: 1:3 (lipid/ethanol:mRNA/aqueous); aqueous_phase_composition: 25 mM sodium acetate buffer, pH 4.0; organic_phase_composition: 100% ethanol (effectively 25% after mixing); mixing_time_sec: ; temperature_condition: ; post_processing: dialysis 4h against 50 mM MES/50 mM sodium citrate buffer (pH 6.7), then overnight against 1x PBS pH 7.4; sterilization: ; storage_buffer: 1x phosphate buffered saline, pH 7.4",,,,,10.1021/acs.jpcb.5b02891,Microfluidic Mixing: A General Method for Encapsulating Macromolecules in Lipid Nanoparticle Systems,"['Alex K. K. Leung', 'Yuen Yi C. Tam', 'Sam Chen', 'Ismail M. Hafez', 'Pieter R. Cullis']",The Journal of Physical Chemistry B,2015.0,DLin-KC2-DMA,DSPC,cholesterol,PEG-c-DMA
738,DLin-KC2-DMA,DOPE,cholesterol,PEG-c-DMA,50:1:37.5:11.5,mRNA,firefly_luciferase,CCCCC/C=C\C/C=C\CCCCCCCCC1(OC(CO1)CCN(C)C)CCCCCCCC/C=C\C/C=C\CCCCC,CCCCCCCC/C=C\CCCCCCCC(=O)OC[C@H](COP(=O)(O)OCCN)OC(=O)CCCCCCC/C=C\CCCCCCCC,C[C@H](CCCC(C)C)[C@H]1CC[C@@H]2[C@@]1(CC[C@H]3[C@H]2CC=C4[C@@]3(CC[C@@H](C4)O)C)C,CN(C)CCC(O)COCCOCCOCCOCCOCCOCCOCCOCCOCCOCCOCCOCCOCCOCCOCCOCCOCCOCCOCCOCCOCCOCCOCCOCCOCCOCCOCCOCCOCCOCCOCCOCCOCCOCCOCCOCCOCCOCCOCCOCCOCCOCCOCCOCCOCCOCCOCCOCCOCCOCCOCCOCCOCCOCCOCCOCCOCCOCCOCCOCCOCCOCCOCCOCCOCCOCCOCCOCCOCCOCCOCCOCCOCCOCCOCCOCCOCCOCCOCCOCCOCCOCCOCCOCCOCCOCCOCCOCCOCCOCCO,95.0,,approx,,,,95.0,,approx,,,,unparsed,,CR:0.25(charge)[mRNA:lipid],"synthesis_method: Microfluidic mixing; device_used: staggered herringbone micromixer; total_flow_rate_ml_min: 2.0; flow_rate_ratio: 1:3 (lipid/ethanol:mRNA/aqueous); aqueous_phase_composition: 25 mM sodium acetate buffer, pH 4.0; organic_phase_composition: 100% ethanol (effectively 25% after mixing); mixing_time_sec: ; temperature_condition: ; post_processing: dialysis 4h against 50 mM MES/50 mM sodium citrate buffer (pH 6.7), then overnight against 1x PBS pH 7.4; sterilization: ; storage_buffer: 1x phosphate buffered saline, pH 7.4",,,,,10.1021/acs.jpcb.5b02891,Microfluidic Mixing: A General Method for Encapsulating Macromolecules in Lipid Nanoparticle Systems,"['Alex K. K. Leung', 'Yuen Yi C. Tam', 'Sam Chen', 'Ismail M. Hafez', 'Pieter R. Cullis']",The Journal of Physical Chemistry B,2015.0,DLin-KC2-DMA,DOPE,cholesterol,PEG-c-DMA
739,DLin-KC2-DMA,DOPE,cholesterol,PEG-c-DMA,80:1:7.5:11.5,mRNA,firefly_luciferase,CCCCC/C=C\C/C=C\CCCCCCCCC1(OC(CO1)CCN(C)C)CCCCCCCC/C=C\C/C=C\CCCCC,CCCCCCCC/C=C\CCCCCCCC(=O)OC[C@H](COP(=O)(O)OCCN)OC(=O)CCCCCCC/C=C\CCCCCCCC,C[C@H](CCCC(C)C)[C@H]1CC[C@@H]2[C@@]1(CC[C@H]3[C@H]2CC=C4[C@@]3(CC[C@@H](C4)O)C)C,CN(C)CCC(O)COCCOCCOCCOCCOCCOCCOCCOCCOCCOCCOCCOCCOCCOCCOCCOCCOCCOCCOCCOCCOCCOCCOCCOCCOCCOCCOCCOCCOCCOCCOCCOCCOCCOCCOCCOCCOCCOCCOCCOCCOCCOCCOCCOCCOCCOCCOCCOCCOCCOCCOCCOCCOCCOCCOCCOCCOCCOCCOCCOCCOCCOCCOCCOCCOCCOCCOCCOCCOCCOCCOCCOCCOCCOCCOCCOCCOCCOCCOCCOCCOCCOCCOCCOCCOCCOCCOCCOCCOCCOCCO,40.0,,approx,,,,50.0,,approx,,,,unparsed,,CR:0.25(charge)[mRNA:lipid],"synthesis_method: Microfluidic mixing; device_used: staggered herringbone micromixer; total_flow_rate_ml_min: 2.0; flow_rate_ratio: 1:3 (lipid/ethanol:mRNA/aqueous); aqueous_phase_composition: 25 mM sodium acetate buffer, pH 4.0; organic_phase_composition: 100% ethanol (effectively 25% after mixing); mixing_time_sec: ; temperature_condition: ; post_processing: dialysis 4h against 50 mM MES/50 mM sodium citrate buffer (pH 6.7), then overnight against 1x PBS pH 7.4; sterilization: ; storage_buffer: 1x phosphate buffered saline, pH 7.4",,,,,10.1021/acs.jpcb.5b02891,Microfluidic Mixing: A General Method for Encapsulating Macromolecules in Lipid Nanoparticle Systems,"['Alex K. K. Leung', 'Yuen Yi C. Tam', 'Sam Chen', 'Ismail M. Hafez', 'Pieter R. Cullis']",The Journal of Physical Chemistry B,2015.0,DLin-KC2-DMA,DOPE,cholesterol,PEG-c-DMA
756,AX4,DSPC,cholesterol,DMG-PEG2000,50:10:38.5:1.5,mRNA,firefly_luciferase,O=C(CCN(CCCN(CCCN(CCC(OCCCCOC(C(CCCCCC)CCCC)=O)=O)CCC(OCCCCOC(C(CCCCCC)CCCC)=O)=O)C)CCC(OCCCCOC(C(CCCCCC)CCCC)=O)=O)OCCCCOC(C(CCCCCC)CCCC)=O,CCCCCCCCCCCCCCCCCC(=O)OC[C@H](COP(=O)([O-])OCC[N+](C)(C)C)OC(=O)CCCCCCCCCCCCCCCCC,C[C@H](CCCC(C)C)[C@H]1CC[C@@H]2[C@@]1(CC[C@H]3[C@H]2CC=C4[C@@]3(CC[C@@H](C4)O)C)C,CCCCCCCCCCCCCC(=O)OCC(COP(=O)([O-])OCCOCCOCCOCCOCCOCCOCCOCCOCCOCCOCCOCCOCCOCCOCCOCCOCCOCCOCCOCCOCCOCCOCCOCCOCCOCCOCCOCCOCCOCCOCCOCCOCCOCCOCCOCCOCCOCCOCCOCCOCCOCCOCCOCCOCCOCCOCCOCCOCCOCCOCCOCCOCCOCCOCCOCCOCCOCCOCCOCCOCCOCCOCCOCCOCCOCCOCCOCCOCCOCCOCCOCCOCCOCCOCCOCCOCCOCCOCCOCCOCCOCCOCCOCCOCCOCCOCCOCCOCCOCCO)OC(=O)CCCCCCCCCCCCC,107.0,,,0.02,,,96.0,,,-3.3,,,,,,"synthesis_method: Microfluidic mixing; device_used: INano L, Micro&Nano Technology Inc, China; total_flow_rate_ml_min: ; flow_rate_ratio: 3:1 (water:oil); aqueous_phase_composition: 10 mM citrate buffer (pH 4.0); organic_phase_composition: 100% ethanol; mixing_time_sec: ; temperature_condition: ; post_processing: dialysis with 150 mM PBS (pH 7.4) through 100 kDa MWCO; sterilization: ; storage_buffer: 150 mM PBS (pH 7.4)","animal_model: BALB/c mice (6-8 weeks old, female); administration_route: I.M. and I.T.; dose: 20 ¥ìg mRNA per mouse; gene_expression_result: Luciferase expression measured by IVIS imaging; biodistribution_result: Accumulation in liver, spleen, lungs",,,,https://doi.org/10.1016/j.ijpharm.2023.123050,Optimization of formulation and atomization of lipid nanoparticles for the inhalation of mRNA,"['Hao Miao', 'Ke Huang', 'Yingwen Li', 'Renjie Li', 'Xudong Zhou', 'Jingyu Shi', 'Zhenbo Tong', 'Zhenhua Sun', 'Aibing Yu']",International Journal of Pharmaceutics,2023.0,AX4,DSPC,cholesterol,DMG-PEG2K
757,AX4,DSPC,cholesterol,DMG-PEG2000,50:10:38.5:3,mRNA,firefly_luciferase,O=C(CCN(CCCN(CCCN(CCC(OCCCCOC(C(CCCCCC)CCCC)=O)=O)CCC(OCCCCOC(C(CCCCCC)CCCC)=O)=O)C)CCC(OCCCCOC(C(CCCCCC)CCCC)=O)=O)OCCCCOC(C(CCCCCC)CCCC)=O,CCCCCCCCCCCCCCCCCC(=O)OC[C@H](COP(=O)([O-])OCC[N+](C)(C)C)OC(=O)CCCCCCCCCCCCCCCCC,C[C@H](CCCC(C)C)[C@H]1CC[C@@H]2[C@@]1(CC[C@H]3[C@H]2CC=C4[C@@]3(CC[C@@H](C4)O)C)C,CCCCCCCCCCCCCC(=O)OCC(COP(=O)([O-])OCCOCCOCCOCCOCCOCCOCCOCCOCCOCCOCCOCCOCCOCCOCCOCCOCCOCCOCCOCCOCCOCCOCCOCCOCCOCCOCCOCCOCCOCCOCCOCCOCCOCCOCCOCCOCCOCCOCCOCCOCCOCCOCCOCCOCCOCCOCCOCCOCCOCCOCCOCCOCCOCCOCCOCCOCCOCCOCCOCCOCCOCCOCCOCCOCCOCCOCCOCCOCCOCCOCCOCCOCCOCCOCCOCCOCCOCCOCCOCCOCCOCCOCCOCCOCCOCCOCCOCCOCCOCCO)OC(=O)CCCCCCCCCCCCC,97.0,,,0.004,,,96.0,,,-4.2,,,,,,"synthesis_method: Microfluidic mixing; device_used: INano L, Micro&Nano Technology Inc, China; total_flow_rate_ml_min: ; flow_rate_ratio: 3:1 (water:oil); aqueous_phase_composition: 10 mM citrate buffer (pH 4.0); organic_phase_composition: 100% ethanol; mixing_time_sec: ; temperature_condition: ; post_processing: dialysis with 150 mM PBS (pH 7.4) through 100 kDa MWCO; sterilization: ; storage_buffer: 150 mM PBS (pH 7.4)","animal_model: BALB/c mice; administration_route: I.M. and I.T.; dose: 20 ¥ìg mRNA per mouse; gene_expression_result: Luciferase expression measured by IVIS imaging; biodistribution_result: Accumulation in liver, spleen, lungs",,,,https://doi.org/10.1016/j.ijpharm.2023.123050,Optimization of formulation and atomization of lipid nanoparticles for the inhalation of mRNA,"['Hao Miao', 'Ke Huang', 'Yingwen Li', 'Renjie Li', 'Xudong Zhou', 'Jingyu Shi', 'Zhenbo Tong', 'Zhenhua Sun', 'Aibing Yu']",International Journal of Pharmaceutics,2023.0,AX4,DSPC,cholesterol,DMG-PEG2K
758,AX4,DSPC,cholesterol,DMG-PEG2000,50:10:38.5:5,mRNA,firefly_luciferase,O=C(CCN(CCCN(CCCN(CCC(OCCCCOC(C(CCCCCC)CCCC)=O)=O)CCC(OCCCCOC(C(CCCCCC)CCCC)=O)=O)C)CCC(OCCCCOC(C(CCCCCC)CCCC)=O)=O)OCCCCOC(C(CCCCCC)CCCC)=O,CCCCCCCCCCCCCCCCCC(=O)OC[C@H](COP(=O)([O-])OCC[N+](C)(C)C)OC(=O)CCCCCCCCCCCCCCCCC,C[C@H](CCCC(C)C)[C@H]1CC[C@@H]2[C@@]1(CC[C@H]3[C@H]2CC=C4[C@@]3(CC[C@@H](C4)O)C)C,CCCCCCCCCCCCCC(=O)OCC(COP(=O)([O-])OCCOCCOCCOCCOCCOCCOCCOCCOCCOCCOCCOCCOCCOCCOCCOCCOCCOCCOCCOCCOCCOCCOCCOCCOCCOCCOCCOCCOCCOCCOCCOCCOCCOCCOCCOCCOCCOCCOCCOCCOCCOCCOCCOCCOCCOCCOCCOCCOCCOCCOCCOCCOCCOCCOCCOCCOCCOCCOCCOCCOCCOCCOCCOCCOCCOCCOCCOCCOCCOCCOCCOCCOCCOCCOCCOCCOCCOCCOCCOCCOCCOCCOCCOCCOCCOCCOCCOCCOCCOCCO)OC(=O)CCCCCCCCCCCCC,83.0,,,0.03,,,76.0,,,-8.8,,,,,,"synthesis_method: Microfluidic mixing; device_used: INano L, Micro&Nano Technology Inc, China; total_flow_rate_ml_min: ; flow_rate_ratio: 3:1 (water:oil); aqueous_phase_composition: 10 mM citrate buffer (pH 4.0); organic_phase_composition: 100% ethanol; mixing_time_sec: ; temperature_condition: ; post_processing: dialysis with 150 mM PBS (pH 7.4) through 100 kDa MWCO; sterilization: ; storage_buffer: 150 mM PBS (pH 7.4)","animal_model: BALB/c mice; administration_route: I.M. and I.T.; dose: 20 ¥ìg mRNA per mouse; gene_expression_result: Luciferase expression measured by IVIS imaging; biodistribution_result: Accumulation in liver, spleen, lungs",,,,https://doi.org/10.1016/j.ijpharm.2023.123050,Optimization of formulation and atomization of lipid nanoparticles for the inhalation of mRNA,"['Hao Miao', 'Ke Huang', 'Yingwen Li', 'Renjie Li', 'Xudong Zhou', 'Jingyu Shi', 'Zhenbo Tong', 'Zhenhua Sun', 'Aibing Yu']",International Journal of Pharmaceutics,2023.0,AX4,DSPC,cholesterol,DMG-PEG2K
759,AX4,DSPC,cholesterol,DMG-PEG2000,50:10:38.5:10,mRNA,firefly_luciferase,O=C(CCN(CCCN(CCCN(CCC(OCCCCOC(C(CCCCCC)CCCC)=O)=O)CCC(OCCCCOC(C(CCCCCC)CCCC)=O)=O)C)CCC(OCCCCOC(C(CCCCCC)CCCC)=O)=O)OCCCCOC(C(CCCCCC)CCCC)=O,CCCCCCCCCCCCCCCCCC(=O)OC[C@H](COP(=O)([O-])OCC[N+](C)(C)C)OC(=O)CCCCCCCCCCCCCCCCC,C[C@H](CCCC(C)C)[C@H]1CC[C@@H]2[C@@]1(CC[C@H]3[C@H]2CC=C4[C@@]3(CC[C@@H](C4)O)C)C,CCCCCCCCCCCCCC(=O)OCC(COP(=O)([O-])OCCOCCOCCOCCOCCOCCOCCOCCOCCOCCOCCOCCOCCOCCOCCOCCOCCOCCOCCOCCOCCOCCOCCOCCOCCOCCOCCOCCOCCOCCOCCOCCOCCOCCOCCOCCOCCOCCOCCOCCOCCOCCOCCOCCOCCOCCOCCOCCOCCOCCOCCOCCOCCOCCOCCOCCOCCOCCOCCOCCOCCOCCOCCOCCOCCOCCOCCOCCOCCOCCOCCOCCOCCOCCOCCOCCOCCOCCOCCOCCOCCOCCOCCOCCOCCOCCOCCOCCOCCOCCO)OC(=O)CCCCCCCCCCCCC,78.0,,,0.05,,,42.0,,,-3.1,,,,,,"synthesis_method: Microfluidic mixing; device_used: INano L, Micro&Nano Technology Inc, China; total_flow_rate_ml_min: ; flow_rate_ratio: 3:1 (water:oil); aqueous_phase_composition: 10 mM citrate buffer (pH 4.0); organic_phase_composition: 100% ethanol; mixing_time_sec: ; temperature_condition: ; post_processing: dialysis with 150 mM PBS (pH 7.4) through 100 kDa MWCO; sterilization: ; storage_buffer: 150 mM PBS (pH 7.4)","animal_model: BALB/c mice; administration_route: I.M. and I.T.; dose: 20 ¥ìg mRNA per mouse; gene_expression_result: Luciferase expression measured by IVIS imaging; biodistribution_result: Accumulation in liver, spleen, lungs",,,,https://doi.org/10.1016/j.ijpharm.2023.123050,Optimization of formulation and atomization of lipid nanoparticles for the inhalation of mRNA,"['Hao Miao', 'Ke Huang', 'Yingwen Li', 'Renjie Li', 'Xudong Zhou', 'Jingyu Shi', 'Zhenbo Tong', 'Zhenhua Sun', 'Aibing Yu']",International Journal of Pharmaceutics,2023.0,AX4,DSPC,cholesterol,DMG-PEG2K
760,AX4,DSPC,cholesterol,DMG-PEG2000,50:10:38.5:15,mRNA,firefly_luciferase,O=C(CCN(CCCN(CCCN(CCC(OCCCCOC(C(CCCCCC)CCCC)=O)=O)CCC(OCCCCOC(C(CCCCCC)CCCC)=O)=O)C)CCC(OCCCCOC(C(CCCCCC)CCCC)=O)=O)OCCCCOC(C(CCCCCC)CCCC)=O,CCCCCCCCCCCCCCCCCC(=O)OC[C@H](COP(=O)([O-])OCC[N+](C)(C)C)OC(=O)CCCCCCCCCCCCCCCCC,C[C@H](CCCC(C)C)[C@H]1CC[C@@H]2[C@@]1(CC[C@H]3[C@H]2CC=C4[C@@]3(CC[C@@H](C4)O)C)C,CCCCCCCCCCCCCC(=O)OCC(COP(=O)([O-])OCCOCCOCCOCCOCCOCCOCCOCCOCCOCCOCCOCCOCCOCCOCCOCCOCCOCCOCCOCCOCCOCCOCCOCCOCCOCCOCCOCCOCCOCCOCCOCCOCCOCCOCCOCCOCCOCCOCCOCCOCCOCCOCCOCCOCCOCCOCCOCCOCCOCCOCCOCCOCCOCCOCCOCCOCCOCCOCCOCCOCCOCCOCCOCCOCCOCCOCCOCCOCCOCCOCCOCCOCCOCCOCCOCCOCCOCCOCCOCCOCCOCCOCCOCCOCCOCCOCCOCCOCCOCCO)OC(=O)CCCCCCCCCCCCC,77.0,,,0.09,,,26.0,,,-3.8,,,,,,"synthesis_method: Microfluidic mixing; device_used: INano L, Micro&Nano Technology Inc, China; total_flow_rate_ml_min: ; flow_rate_ratio: 3:1 (water:oil); aqueous_phase_composition: 10 mM citrate buffer (pH 4.0); organic_phase_composition: 100% ethanol; mixing_time_sec: ; temperature_condition: ; post_processing: dialysis with 150 mM PBS (pH 7.4) through 100 kDa MWCO; sterilization: ; storage_buffer: 150 mM PBS (pH 7.4)","animal_model: BALB/c mice; administration_route: I.M. and I.T.; dose: 20 ¥ìg mRNA per mouse; gene_expression_result: Luciferase expression measured by IVIS imaging; biodistribution_result: Accumulation in liver, spleen, lungs",,,,https://doi.org/10.1016/j.ijpharm.2023.123050,Optimization of formulation and atomization of lipid nanoparticles for the inhalation of mRNA,"['Hao Miao', 'Ke Huang', 'Yingwen Li', 'Renjie Li', 'Xudong Zhou', 'Jingyu Shi', 'Zhenbo Tong', 'Zhenhua Sun', 'Aibing Yu']",International Journal of Pharmaceutics,2023.0,AX4,DSPC,cholesterol,DMG-PEG2K
761,AX4,DSPC,cholesterol,DMG-PEG2000,50:10:38.5:25,mRNA,firefly_luciferase,O=C(CCN(CCCN(CCCN(CCC(OCCCCOC(C(CCCCCC)CCCC)=O)=O)CCC(OCCCCOC(C(CCCCCC)CCCC)=O)=O)C)CCC(OCCCCOC(C(CCCCCC)CCCC)=O)=O)OCCCCOC(C(CCCCCC)CCCC)=O,CCCCCCCCCCCCCCCCCC(=O)OC[C@H](COP(=O)([O-])OCC[N+](C)(C)C)OC(=O)CCCCCCCCCCCCCCCCC,C[C@H](CCCC(C)C)[C@H]1CC[C@@H]2[C@@]1(CC[C@H]3[C@H]2CC=C4[C@@]3(CC[C@@H](C4)O)C)C,CCCCCCCCCCCCCC(=O)OCC(COP(=O)([O-])OCCOCCOCCOCCOCCOCCOCCOCCOCCOCCOCCOCCOCCOCCOCCOCCOCCOCCOCCOCCOCCOCCOCCOCCOCCOCCOCCOCCOCCOCCOCCOCCOCCOCCOCCOCCOCCOCCOCCOCCOCCOCCOCCOCCOCCOCCOCCOCCOCCOCCOCCOCCOCCOCCOCCOCCOCCOCCOCCOCCOCCOCCOCCOCCOCCOCCOCCOCCOCCOCCOCCOCCOCCOCCOCCOCCOCCOCCOCCOCCOCCOCCOCCOCCOCCOCCOCCOCCOCCOCCO)OC(=O)CCCCCCCCCCCCC,75.0,,,0.11,,,18.0,,,-2.5,,,,,,"synthesis_method: Microfluidic mixing; device_used: INano L, Micro&Nano Technology Inc, China; total_flow_rate_ml_min: ; flow_rate_ratio: 3:1 (water:oil); aqueous_phase_composition: 10 mM citrate buffer (pH 4.0); organic_phase_composition: 100% ethanol; mixing_time_sec: ; temperature_condition: ; post_processing: dialysis with 150 mM PBS (pH 7.4) through 100 kDa MWCO; sterilization: ; storage_buffer: 150 mM PBS (pH 7.4)","animal_model: BALB/c mice; administration_route: I.M. and I.T.; dose: 20 ¥ìg mRNA per mouse; gene_expression_result: Luciferase expression measured by IVIS imaging; biodistribution_result: Accumulation in liver, spleen, lungs",,,,https://doi.org/10.1016/j.ijpharm.2023.123050,Optimization of formulation and atomization of lipid nanoparticles for the inhalation of mRNA,"['Hao Miao', 'Ke Huang', 'Yingwen Li', 'Renjie Li', 'Xudong Zhou', 'Jingyu Shi', 'Zhenbo Tong', 'Zhenhua Sun', 'Aibing Yu']",International Journal of Pharmaceutics,2023.0,AX4,DSPC,cholesterol,DMG-PEG2K
762,AX4,DSPC,cholesterol,DMG-PEG2000,50:10:38.5:50,mRNA,firefly_luciferase,O=C(CCN(CCCN(CCCN(CCC(OCCCCOC(C(CCCCCC)CCCC)=O)=O)CCC(OCCCCOC(C(CCCCCC)CCCC)=O)=O)C)CCC(OCCCCOC(C(CCCCCC)CCCC)=O)=O)OCCCCOC(C(CCCCCC)CCCC)=O,CCCCCCCCCCCCCCCCCC(=O)OC[C@H](COP(=O)([O-])OCC[N+](C)(C)C)OC(=O)CCCCCCCCCCCCCCCCC,C[C@H](CCCC(C)C)[C@H]1CC[C@@H]2[C@@]1(CC[C@H]3[C@H]2CC=C4[C@@]3(CC[C@@H](C4)O)C)C,CCCCCCCCCCCCCC(=O)OCC(COP(=O)([O-])OCCOCCOCCOCCOCCOCCOCCOCCOCCOCCOCCOCCOCCOCCOCCOCCOCCOCCOCCOCCOCCOCCOCCOCCOCCOCCOCCOCCOCCOCCOCCOCCOCCOCCOCCOCCOCCOCCOCCOCCOCCOCCOCCOCCOCCOCCOCCOCCOCCOCCOCCOCCOCCOCCOCCOCCOCCOCCOCCOCCOCCOCCOCCOCCOCCOCCOCCOCCOCCOCCOCCOCCOCCOCCOCCOCCOCCOCCOCCOCCOCCOCCOCCOCCOCCOCCOCCOCCOCCOCCO)OC(=O)CCCCCCCCCCCCC,69.0,,,0.15,,,10.0,,,-0.7,,,,,,"synthesis_method: Microfluidic mixing; device_used: INano L, Micro&Nano Technology Inc, China; total_flow_rate_ml_min: ; flow_rate_ratio: 3:1 (water:oil); aqueous_phase_composition: 10 mM citrate buffer (pH 4.0); organic_phase_composition: 100% ethanol; mixing_time_sec: ; temperature_condition: ; post_processing: dialysis with 150 mM PBS (pH 7.4) through 100 kDa MWCO; sterilization: ; storage_buffer: 150 mM PBS (pH 7.4)","animal_model: BALB/c mice; administration_route: I.M. and I.T.; dose: 20 ¥ìg mRNA per mouse; gene_expression_result: Luciferase expression measured by IVIS imaging; biodistribution_result: Accumulation in liver, spleen, lungs",,,,https://doi.org/10.1016/j.ijpharm.2023.123050,Optimization of formulation and atomization of lipid nanoparticles for the inhalation of mRNA,"['Hao Miao', 'Ke Huang', 'Yingwen Li', 'Renjie Li', 'Xudong Zhou', 'Jingyu Shi', 'Zhenbo Tong', 'Zhenhua Sun', 'Aibing Yu']",International Journal of Pharmaceutics,2023.0,AX4,DSPC,cholesterol,DMG-PEG2K
763,AX4,DOPE,cholesterol,DMG-PEG2000,50:10:38.5:1.5,mRNA,firefly_luciferase,O=C(CCN(CCCN(CCCN(CCC(OCCCCOC(C(CCCCCC)CCCC)=O)=O)CCC(OCCCCOC(C(CCCCCC)CCCC)=O)=O)C)CCC(OCCCCOC(C(CCCCCC)CCCC)=O)=O)OCCCCOC(C(CCCCCC)CCCC)=O,CCCCCCCC/C=C\CCCCCCCC(=O)OC[C@H](COP(=O)(O)OCCN)OC(=O)CCCCCCC/C=C\CCCCCCCC,C[C@H](CCCC(C)C)[C@H]1CC[C@@H]2[C@@]1(CC[C@H]3[C@H]2CC=C4[C@@]3(CC[C@@H](C4)O)C)C,CCCCCCCCCCCCCC(=O)OCC(COP(=O)([O-])OCCOCCOCCOCCOCCOCCOCCOCCOCCOCCOCCOCCOCCOCCOCCOCCOCCOCCOCCOCCOCCOCCOCCOCCOCCOCCOCCOCCOCCOCCOCCOCCOCCOCCOCCOCCOCCOCCOCCOCCOCCOCCOCCOCCOCCOCCOCCOCCOCCOCCOCCOCCOCCOCCOCCOCCOCCOCCOCCOCCOCCOCCOCCOCCOCCOCCOCCOCCOCCOCCOCCOCCOCCOCCOCCOCCOCCOCCOCCOCCOCCOCCOCCOCCOCCOCCOCCOCCOCCOCCO)OC(=O)CCCCCCCCCCCCC,145.0,,,0.1,,,94.0,,,-4.3,,,,,,"synthesis_method: Microfluidic mixing; device_used: INano L, Micro&Nano Technology Inc, China; total_flow_rate_ml_min: ; flow_rate_ratio: 3:1 (water:oil); aqueous_phase_composition: 10 mM citrate buffer (pH 4.0); organic_phase_composition: 100% ethanol; mixing_time_sec: ; temperature_condition: ; post_processing: dialysis with 150 mM PBS (pH 7.4) through 100 kDa MWCO; sterilization: ; storage_buffer: 150 mM PBS (pH 7.4)","animal_model: BALB/c mice; administration_route: I.M. and I.T.; dose: 20 ¥ìg mRNA per mouse; gene_expression_result: Luciferase expression measured by IVIS imaging; biodistribution_result: Accumulation in liver, spleen, lungs",,,,https://doi.org/10.1016/j.ijpharm.2023.123050,Optimization of formulation and atomization of lipid nanoparticles for the inhalation of mRNA,"['Hao Miao', 'Ke Huang', 'Yingwen Li', 'Renjie Li', 'Xudong Zhou', 'Jingyu Shi', 'Zhenbo Tong', 'Zhenhua Sun', 'Aibing Yu']",International Journal of Pharmaceutics,2023.0,AX4,DOPE,cholesterol,DMG-PEG2K
764,AX4,DOPE,cholesterol,DMG-PEG2000,50:10:38.5:3,mRNA,firefly_luciferase,O=C(CCN(CCCN(CCCN(CCC(OCCCCOC(C(CCCCCC)CCCC)=O)=O)CCC(OCCCCOC(C(CCCCCC)CCCC)=O)=O)C)CCC(OCCCCOC(C(CCCCCC)CCCC)=O)=O)OCCCCOC(C(CCCCCC)CCCC)=O,CCCCCCCC/C=C\CCCCCCCC(=O)OC[C@H](COP(=O)(O)OCCN)OC(=O)CCCCCCC/C=C\CCCCCCCC,C[C@H](CCCC(C)C)[C@H]1CC[C@@H]2[C@@]1(CC[C@H]3[C@H]2CC=C4[C@@]3(CC[C@@H](C4)O)C)C,CCCCCCCCCCCCCC(=O)OCC(COP(=O)([O-])OCCOCCOCCOCCOCCOCCOCCOCCOCCOCCOCCOCCOCCOCCOCCOCCOCCOCCOCCOCCOCCOCCOCCOCCOCCOCCOCCOCCOCCOCCOCCOCCOCCOCCOCCOCCOCCOCCOCCOCCOCCOCCOCCOCCOCCOCCOCCOCCOCCOCCOCCOCCOCCOCCOCCOCCOCCOCCOCCOCCOCCOCCOCCOCCOCCOCCOCCOCCOCCOCCOCCOCCOCCOCCOCCOCCOCCOCCOCCOCCOCCOCCOCCOCCOCCOCCOCCOCCOCCOCCO)OC(=O)CCCCCCCCCCCCC,113.0,,,0.11,,,92.0,,,-3.7,,,,,,"synthesis_method: Microfluidic mixing; device_used: INano L, Micro&Nano Technology Inc, China; total_flow_rate_ml_min: ; flow_rate_ratio: 3:1 (water:oil); aqueous_phase_composition: 10 mM citrate buffer (pH 4.0); organic_phase_composition: 100% ethanol; mixing_time_sec: ; temperature_condition: ; post_processing: dialysis with 150 mM PBS (pH 7.4) through 100 kDa MWCO; sterilization: ; storage_buffer: 150 mM PBS (pH 7.4)","animal_model: BALB/c mice; administration_route: I.M. and I.T.; dose: 20 ¥ìg mRNA per mouse; gene_expression_result: Luciferase expression measured by IVIS imaging; biodistribution_result: Accumulation in liver, spleen, lungs",,,,https://doi.org/10.1016/j.ijpharm.2023.123050,Optimization of formulation and atomization of lipid nanoparticles for the inhalation of mRNA,"['Hao Miao', 'Ke Huang', 'Yingwen Li', 'Renjie Li', 'Xudong Zhou', 'Jingyu Shi', 'Zhenbo Tong', 'Zhenhua Sun', 'Aibing Yu']",International Journal of Pharmaceutics,2023.0,AX4,DOPE,cholesterol,DMG-PEG2K
765,AX4,DOPE,cholesterol,DMG-PEG2000,50:10:38.5:5,mRNA,firefly_luciferase,O=C(CCN(CCCN(CCCN(CCC(OCCCCOC(C(CCCCCC)CCCC)=O)=O)CCC(OCCCCOC(C(CCCCCC)CCCC)=O)=O)C)CCC(OCCCCOC(C(CCCCCC)CCCC)=O)=O)OCCCCOC(C(CCCCCC)CCCC)=O,CCCCCCCC/C=C\CCCCCCCC(=O)OC[C@H](COP(=O)(O)OCCN)OC(=O)CCCCCCC/C=C\CCCCCCCC,C[C@H](CCCC(C)C)[C@H]1CC[C@@H]2[C@@]1(CC[C@H]3[C@H]2CC=C4[C@@]3(CC[C@@H](C4)O)C)C,CCCCCCCCCCCCCC(=O)OCC(COP(=O)([O-])OCCOCCOCCOCCOCCOCCOCCOCCOCCOCCOCCOCCOCCOCCOCCOCCOCCOCCOCCOCCOCCOCCOCCOCCOCCOCCOCCOCCOCCOCCOCCOCCOCCOCCOCCOCCOCCOCCOCCOCCOCCOCCOCCOCCOCCOCCOCCOCCOCCOCCOCCOCCOCCOCCOCCOCCOCCOCCOCCOCCOCCOCCOCCOCCOCCOCCOCCOCCOCCOCCOCCOCCOCCOCCOCCOCCOCCOCCOCCOCCOCCOCCOCCOCCOCCOCCOCCOCCOCCOCCO)OC(=O)CCCCCCCCCCCCC,98.0,,,0.04,,,82.0,,,-4.0,,,,,,"synthesis_method: Microfluidic mixing; device_used: INano L, Micro&Nano Technology Inc, China; total_flow_rate_ml_min: ; flow_rate_ratio: 3:1 (water:oil); aqueous_phase_composition: 10 mM citrate buffer (pH 4.0); organic_phase_composition: 100% ethanol; mixing_time_sec: ; temperature_condition: ; post_processing: dialysis with 150 mM PBS (pH 7.4) through 100 kDa MWCO; sterilization: ; storage_buffer: 150 mM PBS (pH 7.4)","animal_model: BALB/c mice; administration_route: I.M. and I.T.; dose: 20 ¥ìg mRNA per mouse; gene_expression_result: Luciferase expression measured by IVIS imaging; biodistribution_result: Accumulation in liver, spleen, lungs",,,,https://doi.org/10.1016/j.ijpharm.2023.123050,Optimization of formulation and atomization of lipid nanoparticles for the inhalation of mRNA,"['Hao Miao', 'Ke Huang', 'Yingwen Li', 'Renjie Li', 'Xudong Zhou', 'Jingyu Shi', 'Zhenbo Tong', 'Zhenhua Sun', 'Aibing Yu']",International Journal of Pharmaceutics,2023.0,AX4,DOPE,cholesterol,DMG-PEG2K
766,AX4,DOPE,cholesterol,DMG-PEG2000,50:10:38.5:10,mRNA,firefly_luciferase,O=C(CCN(CCCN(CCCN(CCC(OCCCCOC(C(CCCCCC)CCCC)=O)=O)CCC(OCCCCOC(C(CCCCCC)CCCC)=O)=O)C)CCC(OCCCCOC(C(CCCCCC)CCCC)=O)=O)OCCCCOC(C(CCCCCC)CCCC)=O,CCCCCCCC/C=C\CCCCCCCC(=O)OC[C@H](COP(=O)(O)OCCN)OC(=O)CCCCCCC/C=C\CCCCCCCC,C[C@H](CCCC(C)C)[C@H]1CC[C@@H]2[C@@]1(CC[C@H]3[C@H]2CC=C4[C@@]3(CC[C@@H](C4)O)C)C,CCCCCCCCCCCCCC(=O)OCC(COP(=O)([O-])OCCOCCOCCOCCOCCOCCOCCOCCOCCOCCOCCOCCOCCOCCOCCOCCOCCOCCOCCOCCOCCOCCOCCOCCOCCOCCOCCOCCOCCOCCOCCOCCOCCOCCOCCOCCOCCOCCOCCOCCOCCOCCOCCOCCOCCOCCOCCOCCOCCOCCOCCOCCOCCOCCOCCOCCOCCOCCOCCOCCOCCOCCOCCOCCOCCOCCOCCOCCOCCOCCOCCOCCOCCOCCOCCOCCOCCOCCOCCOCCOCCOCCOCCOCCOCCOCCOCCOCCOCCOCCO)OC(=O)CCCCCCCCCCCCC,78.0,,,0.07,,,45.0,,,-4.6,,,,,,"synthesis_method: Microfluidic mixing; device_used: INano L, Micro&Nano Technology Inc, China; total_flow_rate_ml_min: ; flow_rate_ratio: 3:1 (water:oil); aqueous_phase_composition: 10 mM citrate buffer (pH 4.0); organic_phase_composition: 100% ethanol; mixing_time_sec: ; temperature_condition: ; post_processing: dialysis with 150 mM PBS (pH 7.4) through 100 kDa MWCO; sterilization: ; storage_buffer: 150 mM PBS (pH 7.4)","animal_model: BALB/c mice; administration_route: I.M. and I.T.; dose: 20 ¥ìg mRNA per mouse; gene_expression_result: Luciferase expression measured by IVIS imaging; biodistribution_result: Accumulation in liver, spleen, lungs",,,,https://doi.org/10.1016/j.ijpharm.2023.123050,Optimization of formulation and atomization of lipid nanoparticles for the inhalation of mRNA,"['Hao Miao', 'Ke Huang', 'Yingwen Li', 'Renjie Li', 'Xudong Zhou', 'Jingyu Shi', 'Zhenbo Tong', 'Zhenhua Sun', 'Aibing Yu']",International Journal of Pharmaceutics,2023.0,AX4,DOPE,cholesterol,DMG-PEG2K
767,AX4,DOPE,cholesterol,DMG-PEG2000,50:10:38.5:15,mRNA,firefly_luciferase,O=C(CCN(CCCN(CCCN(CCC(OCCCCOC(C(CCCCCC)CCCC)=O)=O)CCC(OCCCCOC(C(CCCCCC)CCCC)=O)=O)C)CCC(OCCCCOC(C(CCCCCC)CCCC)=O)=O)OCCCCOC(C(CCCCCC)CCCC)=O,CCCCCCCC/C=C\CCCCCCCC(=O)OC[C@H](COP(=O)(O)OCCN)OC(=O)CCCCCCC/C=C\CCCCCCCC,C[C@H](CCCC(C)C)[C@H]1CC[C@@H]2[C@@]1(CC[C@H]3[C@H]2CC=C4[C@@]3(CC[C@@H](C4)O)C)C,CCCCCCCCCCCCCC(=O)OCC(COP(=O)([O-])OCCOCCOCCOCCOCCOCCOCCOCCOCCOCCOCCOCCOCCOCCOCCOCCOCCOCCOCCOCCOCCOCCOCCOCCOCCOCCOCCOCCOCCOCCOCCOCCOCCOCCOCCOCCOCCOCCOCCOCCOCCOCCOCCOCCOCCOCCOCCOCCOCCOCCOCCOCCOCCOCCOCCOCCOCCOCCOCCOCCOCCOCCOCCOCCOCCOCCOCCOCCOCCOCCOCCOCCOCCOCCOCCOCCOCCOCCOCCOCCOCCOCCOCCOCCOCCOCCOCCOCCOCCOCCO)OC(=O)CCCCCCCCCCCCC,71.0,,,0.12,,,29.0,,,-5.0,,,,,,"synthesis_method: Microfluidic mixing; device_used: INano L, Micro&Nano Technology Inc, China; total_flow_rate_ml_min: ; flow_rate_ratio: 3:1 (water:oil); aqueous_phase_composition: 10 mM citrate buffer (pH 4.0); organic_phase_composition: 100% ethanol; mixing_time_sec: ; temperature_condition: ; post_processing: dialysis with 150 mM PBS (pH 7.4) through 100 kDa MWCO; sterilization: ; storage_buffer: 150 mM PBS (pH 7.4)","animal_model: BALB/c mice; administration_route: I.M. and I.T.; dose: 20 ¥ìg mRNA per mouse; gene_expression_result: Luciferase expression measured by IVIS imaging; biodistribution_result: Accumulation in liver, spleen, lungs",,,,https://doi.org/10.1016/j.ijpharm.2023.123050,Optimization of formulation and atomization of lipid nanoparticles for the inhalation of mRNA,"['Hao Miao', 'Ke Huang', 'Yingwen Li', 'Renjie Li', 'Xudong Zhou', 'Jingyu Shi', 'Zhenbo Tong', 'Zhenhua Sun', 'Aibing Yu']",International Journal of Pharmaceutics,2023.0,AX4,DOPE,cholesterol,DMG-PEG2K
768,AX4,DOPE,cholesterol,DMG-PEG2000,50:10:38.5:25,mRNA,firefly_luciferase,O=C(CCN(CCCN(CCCN(CCC(OCCCCOC(C(CCCCCC)CCCC)=O)=O)CCC(OCCCCOC(C(CCCCCC)CCCC)=O)=O)C)CCC(OCCCCOC(C(CCCCCC)CCCC)=O)=O)OCCCCOC(C(CCCCCC)CCCC)=O,CCCCCCCC/C=C\CCCCCCCC(=O)OC[C@H](COP(=O)(O)OCCN)OC(=O)CCCCCCC/C=C\CCCCCCCC,C[C@H](CCCC(C)C)[C@H]1CC[C@@H]2[C@@]1(CC[C@H]3[C@H]2CC=C4[C@@]3(CC[C@@H](C4)O)C)C,CCCCCCCCCCCCCC(=O)OCC(COP(=O)([O-])OCCOCCOCCOCCOCCOCCOCCOCCOCCOCCOCCOCCOCCOCCOCCOCCOCCOCCOCCOCCOCCOCCOCCOCCOCCOCCOCCOCCOCCOCCOCCOCCOCCOCCOCCOCCOCCOCCOCCOCCOCCOCCOCCOCCOCCOCCOCCOCCOCCOCCOCCOCCOCCOCCOCCOCCOCCOCCOCCOCCOCCOCCOCCOCCOCCOCCOCCOCCOCCOCCOCCOCCOCCOCCOCCOCCOCCOCCOCCOCCOCCOCCOCCOCCOCCOCCOCCOCCOCCOCCO)OC(=O)CCCCCCCCCCCCC,67.0,,,0.14,,,19.0,,,-0.9,,,,,,"synthesis_method: Microfluidic mixing; device_used: INano L, Micro&Nano Technology Inc, China; total_flow_rate_ml_min: ; flow_rate_ratio: 3:1 (water:oil); aqueous_phase_composition: 10 mM citrate buffer (pH 4.0); organic_phase_composition: 100% ethanol; mixing_time_sec: ; temperature_condition: ; post_processing: dialysis with 150 mM PBS (pH 7.4) through 100 kDa MWCO; sterilization: ; storage_buffer: 150 mM PBS (pH 7.4)","animal_model: BALB/c mice; administration_route: I.M. and I.T.; dose: 20 ¥ìg mRNA per mouse; gene_expression_result: Luciferase expression measured by IVIS imaging; biodistribution_result: Accumulation in liver, spleen, lungs",,,,https://doi.org/10.1016/j.ijpharm.2023.123050,Optimization of formulation and atomization of lipid nanoparticles for the inhalation of mRNA,"['Hao Miao', 'Ke Huang', 'Yingwen Li', 'Renjie Li', 'Xudong Zhou', 'Jingyu Shi', 'Zhenbo Tong', 'Zhenhua Sun', 'Aibing Yu']",International Journal of Pharmaceutics,2023.0,AX4,DOPE,cholesterol,DMG-PEG2K
769,AX4,DOPE,cholesterol,DMG-PEG2000,50:10:38.5:50,mRNA,firefly_luciferase,O=C(CCN(CCCN(CCCN(CCC(OCCCCOC(C(CCCCCC)CCCC)=O)=O)CCC(OCCCCOC(C(CCCCCC)CCCC)=O)=O)C)CCC(OCCCCOC(C(CCCCCC)CCCC)=O)=O)OCCCCOC(C(CCCCCC)CCCC)=O,CCCCCCCC/C=C\CCCCCCCC(=O)OC[C@H](COP(=O)(O)OCCN)OC(=O)CCCCCCC/C=C\CCCCCCCC,C[C@H](CCCC(C)C)[C@H]1CC[C@@H]2[C@@]1(CC[C@H]3[C@H]2CC=C4[C@@]3(CC[C@@H](C4)O)C)C,CCCCCCCCCCCCCC(=O)OCC(COP(=O)([O-])OCCOCCOCCOCCOCCOCCOCCOCCOCCOCCOCCOCCOCCOCCOCCOCCOCCOCCOCCOCCOCCOCCOCCOCCOCCOCCOCCOCCOCCOCCOCCOCCOCCOCCOCCOCCOCCOCCOCCOCCOCCOCCOCCOCCOCCOCCOCCOCCOCCOCCOCCOCCOCCOCCOCCOCCOCCOCCOCCOCCOCCOCCOCCOCCOCCOCCOCCOCCOCCOCCOCCOCCOCCOCCOCCOCCOCCOCCOCCOCCOCCOCCOCCOCCOCCOCCOCCOCCOCCOCCO)OC(=O)CCCCCCCCCCCCC,63.0,,,0.09,,,10.0,,,-2.3,,,,,,"synthesis_method: Microfluidic mixing; device_used: INano L, Micro&Nano Technology Inc, China; total_flow_rate_ml_min: ; flow_rate_ratio: 3:1 (water:oil); aqueous_phase_composition: 10 mM citrate buffer (pH 4.0); organic_phase_composition: 100% ethanol; mixing_time_sec: ; temperature_condition: ; post_processing: dialysis with 150 mM PBS (pH 7.4) through 100 kDa MWCO; sterilization: ; storage_buffer: 150 mM PBS (pH 7.4)","animal_model: BALB/c mice; administration_route: I.M. and I.T.; dose: 20 ¥ìg mRNA per mouse; gene_expression_result: Luciferase expression measured by IVIS imaging; biodistribution_result: Accumulation in liver, spleen, lungs",,,,https://doi.org/10.1016/j.ijpharm.2023.123050,Optimization of formulation and atomization of lipid nanoparticles for the inhalation of mRNA,"['Hao Miao', 'Ke Huang', 'Yingwen Li', 'Renjie Li', 'Xudong Zhou', 'Jingyu Shi', 'Zhenbo Tong', 'Zhenhua Sun', 'Aibing Yu']",International Journal of Pharmaceutics,2023.0,AX4,DOPE,cholesterol,DMG-PEG2K
770,AX4,DSPC,cholesterol,DMG-PEG2000,50:10:5:5,mRNA,firefly_luciferase,O=C(CCN(CCCN(CCCN(CCC(OCCCCOC(C(CCCCCC)CCCC)=O)=O)CCC(OCCCCOC(C(CCCCCC)CCCC)=O)=O)C)CCC(OCCCCOC(C(CCCCCC)CCCC)=O)=O)OCCCCOC(C(CCCCCC)CCCC)=O,CCCCCCCCCCCCCCCCCC(=O)OC[C@H](COP(=O)([O-])OCC[N+](C)(C)C)OC(=O)CCCCCCCCCCCCCCCCC,C[C@H](CCCC(C)C)[C@H]1CC[C@@H]2[C@@]1(CC[C@H]3[C@H]2CC=C4[C@@]3(CC[C@@H](C4)O)C)C,CCCCCCCCCCCCCC(=O)OCC(COP(=O)([O-])OCCOCCOCCOCCOCCOCCOCCOCCOCCOCCOCCOCCOCCOCCOCCOCCOCCOCCOCCOCCOCCOCCOCCOCCOCCOCCOCCOCCOCCOCCOCCOCCOCCOCCOCCOCCOCCOCCOCCOCCOCCOCCOCCOCCOCCOCCOCCOCCOCCOCCOCCOCCOCCOCCOCCOCCOCCOCCOCCOCCOCCOCCOCCOCCOCCOCCOCCOCCOCCOCCOCCOCCOCCOCCOCCOCCOCCOCCOCCOCCOCCOCCOCCOCCOCCOCCOCCOCCOCCOCCO)OC(=O)CCCCCCCCCCCCC,147.0,,,0.12,,,19.0,,,-16.6,,,N:P,9.0,,"synthesis_method: Microfluidic mixing; device_used: INano L, Micro&Nano Technology Inc, China; total_flow_rate_ml_min: ; flow_rate_ratio: 3:1 (water:oil); aqueous_phase_composition: 10 mM citrate buffer (pH 4.0); organic_phase_composition: 100% ethanol; mixing_time_sec: ; temperature_condition: ; post_processing: dialysis with 150 mM PBS (pH 7.4) through 100 kDa MWCO; sterilization: ; storage_buffer: 150 mM PBS (pH 7.4)","animal_model: BALB/c mice; administration_route: I.M. and I.T.; dose: 20 ¥ìg mRNA per mouse; gene_expression_result: Luciferase expression measured by IVIS imaging; biodistribution_result: Accumulation in liver, spleen, lungs",,,,https://doi.org/10.1016/j.ijpharm.2023.123050,Optimization of formulation and atomization of lipid nanoparticles for the inhalation of mRNA,"['Hao Miao', 'Ke Huang', 'Yingwen Li', 'Renjie Li', 'Xudong Zhou', 'Jingyu Shi', 'Zhenbo Tong', 'Zhenhua Sun', 'Aibing Yu']",International Journal of Pharmaceutics,2023.0,AX4,DSPC,cholesterol,DMG-PEG2K
771,AX4,DSPC,cholesterol,DMG-PEG2000,50:10:100:5,mRNA,firefly_luciferase,O=C(CCN(CCCN(CCCN(CCC(OCCCCOC(C(CCCCCC)CCCC)=O)=O)CCC(OCCCCOC(C(CCCCCC)CCCC)=O)=O)C)CCC(OCCCCOC(C(CCCCCC)CCCC)=O)=O)OCCCCOC(C(CCCCCC)CCCC)=O,CCCCCCCCCCCCCCCCCC(=O)OC[C@H](COP(=O)([O-])OCC[N+](C)(C)C)OC(=O)CCCCCCCCCCCCCCCCC,C[C@H](CCCC(C)C)[C@H]1CC[C@@H]2[C@@]1(CC[C@H]3[C@H]2CC=C4[C@@]3(CC[C@@H](C4)O)C)C,CCCCCCCCCCCCCC(=O)OCC(COP(=O)([O-])OCCOCCOCCOCCOCCOCCOCCOCCOCCOCCOCCOCCOCCOCCOCCOCCOCCOCCOCCOCCOCCOCCOCCOCCOCCOCCOCCOCCOCCOCCOCCOCCOCCOCCOCCOCCOCCOCCOCCOCCOCCOCCOCCOCCOCCOCCOCCOCCOCCOCCOCCOCCOCCOCCOCCOCCOCCOCCOCCOCCOCCOCCOCCOCCOCCOCCOCCOCCOCCOCCOCCOCCOCCOCCOCCOCCOCCOCCOCCOCCOCCOCCOCCOCCOCCOCCOCCOCCOCCOCCO)OC(=O)CCCCCCCCCCCCC,70.0,,,0.13,,,95.0,,,-7.4,,,,,,"synthesis_method: Microfluidic mixing; device_used: INano L, Micro&Nano Technology Inc, China; total_flow_rate_ml_min: ; flow_rate_ratio: 3:1 (water:oil); aqueous_phase_composition: 10 mM citrate buffer (pH 4.0); organic_phase_composition: 100% ethanol; mixing_time_sec: ; temperature_condition: ; post_processing: dialysis with 150 mM PBS (pH 7.4) through 100 kDa MWCO; sterilization: ; storage_buffer: 150 mM PBS (pH 7.4)","animal_model: BALB/c mice; administration_route: I.M. and I.T.; dose: 20 ¥ìg mRNA per mouse; gene_expression_result: Luciferase expression measured by IVIS imaging; biodistribution_result: Accumulation in liver, spleen, lungs",,,,https://doi.org/10.1016/j.ijpharm.2023.123050,Optimization of formulation and atomization of lipid nanoparticles for the inhalation of mRNA,"['Hao Miao', 'Ke Huang', 'Yingwen Li', 'Renjie Li', 'Xudong Zhou', 'Jingyu Shi', 'Zhenbo Tong', 'Zhenhua Sun', 'Aibing Yu']",International Journal of Pharmaceutics,2023.0,AX4,DSPC,cholesterol,DMG-PEG2K
772,AX4,DSPC,cholesterol,DMG-PEG2000,20:10:100:5,mRNA,firefly_luciferase,O=C(CCN(CCCN(CCCN(CCC(OCCCCOC(C(CCCCCC)CCCC)=O)=O)CCC(OCCCCOC(C(CCCCCC)CCCC)=O)=O)C)CCC(OCCCCOC(C(CCCCCC)CCCC)=O)=O)OCCCCOC(C(CCCCCC)CCCC)=O,CCCCCCCCCCCCCCCCCC(=O)OC[C@H](COP(=O)([O-])OCC[N+](C)(C)C)OC(=O)CCCCCCCCCCCCCCCCC,C[C@H](CCCC(C)C)[C@H]1CC[C@@H]2[C@@]1(CC[C@H]3[C@H]2CC=C4[C@@]3(CC[C@@H](C4)O)C)C,CCCCCCCCCCCCCC(=O)OCC(COP(=O)([O-])OCCOCCOCCOCCOCCOCCOCCOCCOCCOCCOCCOCCOCCOCCOCCOCCOCCOCCOCCOCCOCCOCCOCCOCCOCCOCCOCCOCCOCCOCCOCCOCCOCCOCCOCCOCCOCCOCCOCCOCCOCCOCCOCCOCCOCCOCCOCCOCCOCCOCCOCCOCCOCCOCCOCCOCCOCCOCCOCCOCCOCCOCCOCCOCCOCCOCCOCCOCCOCCOCCOCCOCCOCCOCCOCCOCCOCCOCCOCCOCCOCCOCCOCCOCCOCCOCCOCCOCCOCCOCCO)OC(=O)CCCCCCCCCCCCC,61.0,,,0.23,,,95.0,,,-3.8,,,,,,"synthesis_method: Microfluidic mixing; device_used: INano L, Micro&Nano Technology Inc, China; total_flow_rate_ml_min: ; flow_rate_ratio: 3:1 (water:oil); aqueous_phase_composition: 10 mM citrate buffer (pH 4.0); organic_phase_composition: 100% ethanol; mixing_time_sec: ; temperature_condition: ; post_processing: dialysis with 150 mM PBS (pH 7.4) through 100 kDa MWCO; sterilization: ; storage_buffer: 150 mM PBS (pH 7.4)","animal_model: BALB/c mice; administration_route: I.M. and I.T.; dose: 20 ¥ìg mRNA per mouse; gene_expression_result: Luciferase expression measured by IVIS imaging; biodistribution_result: Accumulation in liver, spleen, lungs",,,,https://doi.org/10.1016/j.ijpharm.2023.123050,Optimization of formulation and atomization of lipid nanoparticles for the inhalation of mRNA,"['Hao Miao', 'Ke Huang', 'Yingwen Li', 'Renjie Li', 'Xudong Zhou', 'Jingyu Shi', 'Zhenbo Tong', 'Zhenhua Sun', 'Aibing Yu']",International Journal of Pharmaceutics,2023.0,AX4,DSPC,cholesterol,DMG-PEG2K
773,AX4,DSPC,cholesterol,DMG-PEG2000,35:16:46.5:2.5,mRNA,firefly_luciferase,O=C(CCN(CCCN(CCCN(CCC(OCCCCOC(C(CCCCCC)CCCC)=O)=O)CCC(OCCCCOC(C(CCCCCC)CCCC)=O)=O)C)CCC(OCCCCOC(C(CCCCCC)CCCC)=O)=O)OCCCCOC(C(CCCCCC)CCCC)=O,CCCCCCCCCCCCCCCCCC(=O)OC[C@H](COP(=O)([O-])OCC[N+](C)(C)C)OC(=O)CCCCCCCCCCCCCCCCC,C[C@H](CCCC(C)C)[C@H]1CC[C@@H]2[C@@]1(CC[C@H]3[C@H]2CC=C4[C@@]3(CC[C@@H](C4)O)C)C,CCCCCCCCCCCCCC(=O)OCC(COP(=O)([O-])OCCOCCOCCOCCOCCOCCOCCOCCOCCOCCOCCOCCOCCOCCOCCOCCOCCOCCOCCOCCOCCOCCOCCOCCOCCOCCOCCOCCOCCOCCOCCOCCOCCOCCOCCOCCOCCOCCOCCOCCOCCOCCOCCOCCOCCOCCOCCOCCOCCOCCOCCOCCOCCOCCOCCOCCOCCOCCOCCOCCOCCOCCOCCOCCOCCOCCOCCOCCOCCOCCOCCOCCOCCOCCOCCOCCOCCOCCOCCOCCOCCOCCOCCOCCOCCOCCOCCOCCOCCOCCO)OC(=O)CCCCCCCCCCCCC,71.0,,,0.05,,,96.0,,,-1.6,,,,,,"synthesis_method: Microfluidic mixing; device_used: INano L, Micro&Nano Technology Inc, China; total_flow_rate_ml_min: ; flow_rate_ratio: 3:1 (water:oil); aqueous_phase_composition: 10 mM citrate buffer (pH 4.0); organic_phase_composition: 100% ethanol; mixing_time_sec: ; temperature_condition: ; post_processing: dialysis with 150 mM PBS (pH 7.4) through 100 kDa MWCO; sterilization: ; storage_buffer: 150 mM PBS (pH 7.4) or 20 mM Tris-HCl (pH 7.4) with trehalose","animal_model: BALB/c mice; administration_route: I.M. and I.T.; dose: 20 ¥ìg mRNA per mouse; gene_expression_result: Superior luciferase expression after SMI atomization compared to vibrating mesh nebulizer; biodistribution_result: Lung targeting after I.T., liver accumulation after I.M.",,,,https://doi.org/10.1016/j.ijpharm.2023.123050,Optimization of formulation and atomization of lipid nanoparticles for the inhalation of mRNA,"['Hao Miao', 'Ke Huang', 'Yingwen Li', 'Renjie Li', 'Xudong Zhou', 'Jingyu Shi', 'Zhenbo Tong', 'Zhenhua Sun', 'Aibing Yu']",International Journal of Pharmaceutics,2023.0,AX4,DSPC,cholesterol,DMG-PEG2K
774,AX4,DSPC,cholesterol,DMG-PEG2000,35:16:46.5:5,mRNA,firefly_luciferase,O=C(CCN(CCCN(CCCN(CCC(OCCCCOC(C(CCCCCC)CCCC)=O)=O)CCC(OCCCCOC(C(CCCCCC)CCCC)=O)=O)C)CCC(OCCCCOC(C(CCCCCC)CCCC)=O)=O)OCCCCOC(C(CCCCCC)CCCC)=O,CCCCCCCCCCCCCCCCCC(=O)OC[C@H](COP(=O)([O-])OCC[N+](C)(C)C)OC(=O)CCCCCCCCCCCCCCCCC,C[C@H](CCCC(C)C)[C@H]1CC[C@@H]2[C@@]1(CC[C@H]3[C@H]2CC=C4[C@@]3(CC[C@@H](C4)O)C)C,CCCCCCCCCCCCCC(=O)OCC(COP(=O)([O-])OCCOCCOCCOCCOCCOCCOCCOCCOCCOCCOCCOCCOCCOCCOCCOCCOCCOCCOCCOCCOCCOCCOCCOCCOCCOCCOCCOCCOCCOCCOCCOCCOCCOCCOCCOCCOCCOCCOCCOCCOCCOCCOCCOCCOCCOCCOCCOCCOCCOCCOCCOCCOCCOCCOCCOCCOCCOCCOCCOCCOCCOCCOCCOCCOCCOCCOCCOCCOCCOCCOCCOCCOCCOCCOCCOCCOCCOCCOCCOCCOCCOCCOCCOCCOCCOCCOCCOCCOCCOCCO)OC(=O)CCCCCCCCCCCCC,62.0,,,0.11,,,95.0,,,-4.2,,,N:P,9.0,,"synthesis_method: Microfluidic mixing; device_used: INano L, Micro&Nano Technology Inc, China; total_flow_rate_ml_min: ; flow_rate_ratio: 3:1 (water:oil); aqueous_phase_composition: 10 mM citrate buffer (pH 4.0); organic_phase_composition: 100% ethanol; mixing_time_sec: ; temperature_condition: ; post_processing: dialysis with 150 mM PBS (pH 7.4) through 100 kDa MWCO; sterilization: ; storage_buffer: 150 mM PBS (pH 7.4)","animal_model: BALB/c mice; administration_route: I.M. and I.T.; dose: 20 ¥ìg mRNA per mouse; gene_expression_result: Luciferase expression measured by IVIS imaging; biodistribution_result: Accumulation in liver, spleen, lungs",,,,https://doi.org/10.1016/j.ijpharm.2023.123050,Optimization of formulation and atomization of lipid nanoparticles for the inhalation of mRNA,"['Hao Miao', 'Ke Huang', 'Yingwen Li', 'Renjie Li', 'Xudong Zhou', 'Jingyu Shi', 'Zhenbo Tong', 'Zhenhua Sun', 'Aibing Yu']",International Journal of Pharmaceutics,2023.0,AX4,DSPC,cholesterol,DMG-PEG2K
775,AX4,DSPC,cholesterol,DMG-PEG2000,35:16:46.5:5,mRNA,firefly_luciferase,O=C(CCN(CCCN(CCCN(CCC(OCCCCOC(C(CCCCCC)CCCC)=O)=O)CCC(OCCCCOC(C(CCCCCC)CCCC)=O)=O)C)CCC(OCCCCOC(C(CCCCCC)CCCC)=O)=O)OCCCCOC(C(CCCCCC)CCCC)=O,CCCCCCCCCCCCCCCCCC(=O)OC[C@H](COP(=O)([O-])OCC[N+](C)(C)C)OC(=O)CCCCCCCCCCCCCCCCC,C[C@H](CCCC(C)C)[C@H]1CC[C@@H]2[C@@]1(CC[C@H]3[C@H]2CC=C4[C@@]3(CC[C@@H](C4)O)C)C,CCCCCCCCCCCCCC(=O)OCC(COP(=O)([O-])OCCOCCOCCOCCOCCOCCOCCOCCOCCOCCOCCOCCOCCOCCOCCOCCOCCOCCOCCOCCOCCOCCOCCOCCOCCOCCOCCOCCOCCOCCOCCOCCOCCOCCOCCOCCOCCOCCOCCOCCOCCOCCOCCOCCOCCOCCOCCOCCOCCOCCOCCOCCOCCOCCOCCOCCOCCOCCOCCOCCOCCOCCOCCOCCOCCOCCOCCOCCOCCOCCOCCOCCOCCOCCOCCOCCOCCOCCOCCOCCOCCOCCOCCOCCOCCOCCOCCOCCOCCOCCO)OC(=O)CCCCCCCCCCCCC,61.0,,,0.15,,,95.0,,,-3.4,,,N:P,18.0,,"synthesis_method: Microfluidic mixing; device_used: INano L, Micro&Nano Technology Inc, China; total_flow_rate_ml_min: ; flow_rate_ratio: 3:1 (water:oil); aqueous_phase_composition: 10 mM citrate buffer (pH 4.0); organic_phase_composition: 100% ethanol; mixing_time_sec: ; temperature_condition: ; post_processing: dialysis with 150 mM PBS (pH 7.4) through 100 kDa MWCO; sterilization: ; storage_buffer: 150 mM PBS (pH 7.4)","animal_model: BALB/c mice; administration_route: I.M. and I.T.; dose: 20 ¥ìg mRNA per mouse; gene_expression_result: Luciferase expression measured by IVIS imaging; biodistribution_result: Accumulation in liver, spleen, lungs",,,,https://doi.org/10.1016/j.ijpharm.2023.123050,Optimization of formulation and atomization of lipid nanoparticles for the inhalation of mRNA,"['Hao Miao', 'Ke Huang', 'Yingwen Li', 'Renjie Li', 'Xudong Zhou', 'Jingyu Shi', 'Zhenbo Tong', 'Zhenhua Sun', 'Aibing Yu']",International Journal of Pharmaceutics,2023.0,AX4,DSPC,cholesterol,DMG-PEG2K
776,AX4,DSPC,cholesterol,DMG-PEG2000,35:16:46.5:5,mRNA,firefly_luciferase,O=C(CCN(CCCN(CCCN(CCC(OCCCCOC(C(CCCCCC)CCCC)=O)=O)CCC(OCCCCOC(C(CCCCCC)CCCC)=O)=O)C)CCC(OCCCCOC(C(CCCCCC)CCCC)=O)=O)OCCCCOC(C(CCCCCC)CCCC)=O,CCCCCCCCCCCCCCCCCC(=O)OC[C@H](COP(=O)([O-])OCC[N+](C)(C)C)OC(=O)CCCCCCCCCCCCCCCCC,C[C@H](CCCC(C)C)[C@H]1CC[C@@H]2[C@@]1(CC[C@H]3[C@H]2CC=C4[C@@]3(CC[C@@H](C4)O)C)C,CCCCCCCCCCCCCC(=O)OCC(COP(=O)([O-])OCCOCCOCCOCCOCCOCCOCCOCCOCCOCCOCCOCCOCCOCCOCCOCCOCCOCCOCCOCCOCCOCCOCCOCCOCCOCCOCCOCCOCCOCCOCCOCCOCCOCCOCCOCCOCCOCCOCCOCCOCCOCCOCCOCCOCCOCCOCCOCCOCCOCCOCCOCCOCCOCCOCCOCCOCCOCCOCCOCCOCCOCCOCCOCCOCCOCCOCCOCCOCCOCCOCCOCCOCCOCCOCCOCCOCCOCCOCCOCCOCCOCCOCCOCCOCCOCCOCCOCCOCCOCCO)OC(=O)CCCCCCCCCCCCC,54.0,,,0.07,,,94.0,,,-5.7,,,N:P,27.0,,"synthesis_method: Microfluidic mixing; device_used: INano L, Micro&Nano Technology Inc, China; total_flow_rate_ml_min: ; flow_rate_ratio: 3:1 (water:oil); aqueous_phase_composition: 10 mM citrate buffer (pH 4.0); organic_phase_composition: 100% ethanol; mixing_time_sec: ; temperature_condition: ; post_processing: dialysis with 150 mM PBS (pH 7.4) through 100 kDa MWCO; sterilization: ; storage_buffer: 150 mM PBS (pH 7.4)","animal_model: BALB/c mice; administration_route: I.M. and I.T.; dose: 20 ¥ìg mRNA per mouse; gene_expression_result: Luciferase expression measured by IVIS imaging; biodistribution_result: Accumulation in liver, spleen, lungs",,,,https://doi.org/10.1016/j.ijpharm.2023.123050,Optimization of formulation and atomization of lipid nanoparticles for the inhalation of mRNA,"['Hao Miao', 'Ke Huang', 'Yingwen Li', 'Renjie Li', 'Xudong Zhou', 'Jingyu Shi', 'Zhenbo Tong', 'Zhenhua Sun', 'Aibing Yu']",International Journal of Pharmaceutics,2023.0,AX4,DSPC,cholesterol,DMG-PEG2K
777,DLin-MC3-DMA,DSPC,cholesterol,DMG-PEG2000,50:10:38.5:1.5,mRNA,"firefly_luciferase, rbd",CCCCC/C=C\C/C=C\CCCCCCCCC(OC(=O)CCCN(C)C)CCCCCCCC/C=C\C/C=C\CCCCC,CCCCCCCCCCCCCCCCCC(=O)OC[C@H](COP(=O)([O-])OCC[N+](C)(C)C)OC(=O)CCCCCCCCCCCCCCCCC,C[C@H](CCCC(C)C)[C@H]1CC[C@@H]2[C@@]1(CC[C@H]3[C@H]2CC=C4[C@@]3(CC[C@@H](C4)O)C)C,CCCCCCCCCCCCCC(=O)OCC(COP(=O)([O-])OCCOCCOCCOCCOCCOCCOCCOCCOCCOCCOCCOCCOCCOCCOCCOCCOCCOCCOCCOCCOCCOCCOCCOCCOCCOCCOCCOCCOCCOCCOCCOCCOCCOCCOCCOCCOCCOCCOCCOCCOCCOCCOCCOCCOCCOCCOCCOCCOCCOCCOCCOCCOCCOCCOCCOCCOCCOCCOCCOCCOCCOCCOCCOCCOCCOCCOCCOCCOCCOCCOCCOCCOCCOCCOCCOCCOCCOCCOCCOCCOCCOCCOCCOCCOCCOCCOCCOCCOCCOCCO)OC(=O)CCCCCCCCCCCCC,,,,,,,,,,,,,,,,"synthesis_method: Microfluidic mixing; device_used: INano L, Micro&Nano Technology Inc, China; total_flow_rate_ml_min: ; flow_rate_ratio: 3:1 (water:oil); aqueous_phase_composition: 10 mM citrate buffer (pH 4.0); organic_phase_composition: 100% ethanol; mixing_time_sec: ; temperature_condition: ; post_processing: dialysis with 150 mM PBS (pH 7.4) through 100 kDa MWCO; sterilization: ; storage_buffer: 150 mM PBS (pH 7.4)",animal_model: BALB/c mice; administration_route: I.M. and I.T.; dose: 20 ¥ìg mRNA per mouse; gene_expression_result: Compared with AX4-based LNPs for atomization studies; biodistribution_result: Standard reference for comparison,4.0,numeric,,https://doi.org/10.1016/j.ijpharm.2023.123050,Optimization of formulation and atomization of lipid nanoparticles for the inhalation of mRNA,"['Hao Miao', 'Ke Huang', 'Yingwen Li', 'Renjie Li', 'Xudong Zhou', 'Jingyu Shi', 'Zhenbo Tong', 'Zhenhua Sun', 'Aibing Yu']",International Journal of Pharmaceutics,2023.0,MC3 (Dlin-MC3-DMA),DSPC,cholesterol,DMG-PEG2K
778,DLin-MC3-DMA,DPPC,cholesterol,DMPE-PEG2000,60:20:19:1,mRNA,nanoluciferase,CCCCC/C=C\C/C=C\CCCCCCCCC(OC(=O)CCCN(C)C)CCCCCCCC/C=C\C/C=C\CCCCC,CCCCCCCCCCCCCCCC(=O)OC[C@H](COP(=O)([O-])OCC[N+](C)(C)C)OC(=O)CCCCCCCCCCCCCCC,C[C@H](CCCC(C)C)[C@H]1CC[C@@H]2[C@@]1(CC[C@H]3[C@H]2CC=C4[C@@]3(CC[C@@H](C4)O)C)C,CCCCCCCCCCCCCC(=O)OCC(COP(=O)([O-])OCCN[C@@H](CO)C(=O)NCCOCCOCCOCCOCCOCCOCCOCCOCCOCCOCCOCCOCCOCCOCCOCCOCCOCCOCCOCCOCCOCCOCCOCCOCCOCCOCCOCCOCCOCCOCCOCCOCCOCCOCCOCCOCCOCCOCCOCCOCCOCCOCCOCCOCCOCCOCCOCCOCCOCCOCCOCCOCCOCCOCCOCCOCCOCCOCCOCCOCCOCCOCCOCCOCCOCCOCCOCCOCCOCCOCCOCCOCCOCCOCCOCCOCCOCCOCCOCCOCCOCCOCCOCCOCCOCCOCCOCCOCCOCCO)OC(=O)CCCCCCCCCCCCC,118.9,,,0.168,,,91.5,,,5.5,,,N:P,5.67,,"synthesis_method: Microfluidic; device_used: NanoAssemblr microfluidic mixer (Precision Nanosystems); total_flow_rate_ml_min: 9; flow_rate_ratio: 3:1 (organic:aqueous); aqueous_phase_composition: 50 mM sodium citrate buffer (pH 3.0); organic_phase_composition: 100% ethanol with lipids at 10 mg/mL; mixing_time_sec: ; temperature_condition: ; post_processing: Dialyzed against 1¡¿ PBS pH 7.4 overnight using 10-kDa MWCO Slide-A-Lyzer G2 Dialysis Cassettes; sterilization: ; storage_buffer: 1¡¿ PBS, stored at 4¡ÆC","cell_line: ALI Calu-3 cells; animal_model: BALB/c mice (female, 6-8 weeks); administration_route: Intratracheal (after aerosolization); dose: 1000 ng NLuc mRNA (ALI), 750 ng NLuc mRNA (in vivo); gene_expression_result: ~30,000 RLU (ALI), 4.8¡¿10^5 photons/sec/cm©÷/sr (in vivo); biodistribution_result: Distributed across all lung lobes",30.0,numeric,0.16666666666666666,10.1002/btm2.10580,Optimization of ionizable lipids for aerosolizable mRNA lipid nanoparticles,"['Mae M. Lewis', 'Melissa R. Soto', 'Esther Y. Maier', 'Steven D. Wulfe', 'Sandy Bakheet', 'Hannah Obregon', 'Debadyuti Ghosh']",Bioengineering & Translational Medicine,2023.0,MC3,DPPC,cholesterol,DMPE-PEG 2000
779,DLin-MC3-DMA,DPPC,cholesterol,DMPE-PEG2000,45:20:34:1,mRNA,nanoluciferase,CCCCC/C=C\C/C=C\CCCCCCCCC(OC(=O)CCCN(C)C)CCCCCCCC/C=C\C/C=C\CCCCC,CCCCCCCCCCCCCCCC(=O)OC[C@H](COP(=O)([O-])OCC[N+](C)(C)C)OC(=O)CCCCCCCCCCCCCCC,C[C@H](CCCC(C)C)[C@H]1CC[C@@H]2[C@@]1(CC[C@H]3[C@H]2CC=C4[C@@]3(CC[C@@H](C4)O)C)C,CCCCCCCCCCCCCC(=O)OCC(COP(=O)([O-])OCCN[C@@H](CO)C(=O)NCCOCCOCCOCCOCCOCCOCCOCCOCCOCCOCCOCCOCCOCCOCCOCCOCCOCCOCCOCCOCCOCCOCCOCCOCCOCCOCCOCCOCCOCCOCCOCCOCCOCCOCCOCCOCCOCCOCCOCCOCCOCCOCCOCCOCCOCCOCCOCCOCCOCCOCCOCCOCCOCCOCCOCCOCCOCCOCCOCCOCCOCCOCCOCCOCCOCCOCCOCCOCCOCCOCCOCCOCCOCCOCCOCCOCCOCCOCCOCCOCCOCCOCCOCCOCCOCCOCCOCCOCCOCCO)OC(=O)CCCCCCCCCCCCC,109.9,,,0.154,,,92.8,,,7.0,,,N:P,5.67,,"synthesis_method: Microfluidic; device_used: NanoAssemblr microfluidic mixer (Precision Nanosystems); total_flow_rate_ml_min: 9; flow_rate_ratio: 3:1 (organic:aqueous); aqueous_phase_composition: 50 mM sodium citrate buffer (pH 3.0); organic_phase_composition: 100% ethanol with lipids at 10 mg/mL; mixing_time_sec: ; temperature_condition: ; post_processing: Dialyzed against 1¡¿ PBS pH 7.4 overnight using 10-kDa MWCO Slide-A-Lyzer G2 Dialysis Cassettes; sterilization: ; storage_buffer: 1¡¿ PBS, stored at 4¡ÆC","cell_line: ALI Calu-3 cells; animal_model: BALB/c mice (female, 6-8 weeks); administration_route: Intratracheal (after aerosolization); dose: 1000 ng NLuc mRNA (ALI), 750 ng NLuc mRNA (in vivo); gene_expression_result: ~120,000 RLU (ALI), 1.4¡¿10^6 photons/sec/cm©÷/sr (in vivo); biodistribution_result: Distributed across all lung lobes",120.0,numeric,0.6666666666666666,10.1002/btm2.10580,Optimization of ionizable lipids for aerosolizable mRNA lipid nanoparticles,"['Mae M. Lewis', 'Melissa R. Soto', 'Esther Y. Maier', 'Steven D. Wulfe', 'Sandy Bakheet', 'Hannah Obregon', 'Debadyuti Ghosh']",Bioengineering & Translational Medicine,2023.0,MC3,DPPC,cholesterol,DMPE-PEG 2000
780,DLin-MC3-DMA,DPPC,cholesterol,DMPE-PEG2000,45:5:49:1,mRNA,nanoluciferase,CCCCC/C=C\C/C=C\CCCCCCCCC(OC(=O)CCCN(C)C)CCCCCCCC/C=C\C/C=C\CCCCC,CCCCCCCCCCCCCCCC(=O)OC[C@H](COP(=O)([O-])OCC[N+](C)(C)C)OC(=O)CCCCCCCCCCCCCCC,C[C@H](CCCC(C)C)[C@H]1CC[C@@H]2[C@@]1(CC[C@H]3[C@H]2CC=C4[C@@]3(CC[C@@H](C4)O)C)C,CCCCCCCCCCCCCC(=O)OCC(COP(=O)([O-])OCCN[C@@H](CO)C(=O)NCCOCCOCCOCCOCCOCCOCCOCCOCCOCCOCCOCCOCCOCCOCCOCCOCCOCCOCCOCCOCCOCCOCCOCCOCCOCCOCCOCCOCCOCCOCCOCCOCCOCCOCCOCCOCCOCCOCCOCCOCCOCCOCCOCCOCCOCCOCCOCCOCCOCCOCCOCCOCCOCCOCCOCCOCCOCCOCCOCCOCCOCCOCCOCCOCCOCCOCCOCCOCCOCCOCCOCCOCCOCCOCCOCCOCCOCCOCCOCCOCCOCCOCCOCCOCCOCCOCCOCCOCCOCCO)OC(=O)CCCCCCCCCCCCC,112.9,,,0.152,,,93.4,,,6.7,,,N:P,5.67,,"synthesis_method: Microfluidic; device_used: NanoAssemblr microfluidic mixer (Precision Nanosystems); total_flow_rate_ml_min: 9; flow_rate_ratio: 3:1 (organic:aqueous); aqueous_phase_composition: 50 mM sodium citrate buffer (pH 3.0); organic_phase_composition: 100% ethanol with lipids at 10 mg/mL; mixing_time_sec: ; temperature_condition: ; post_processing: Dialyzed against 1¡¿ PBS pH 7.4 overnight using 10-kDa MWCO Slide-A-Lyzer G2 Dialysis Cassettes; sterilization: ; storage_buffer: 1¡¿ PBS, stored at 4¡ÆC","cell_line: ALI Calu-3 cells; administration_route: Intratracheal (after aerosolization); dose: 1000 ng NLuc mRNA (ALI); gene_expression_result: ~80,000 RLU (ALI)",80.0,numeric,0.5,10.1002/btm2.10580,Optimization of ionizable lipids for aerosolizable mRNA lipid nanoparticles,"['Mae M. Lewis', 'Melissa R. Soto', 'Esther Y. Maier', 'Steven D. Wulfe', 'Sandy Bakheet', 'Hannah Obregon', 'Debadyuti Ghosh']",Bioengineering & Translational Medicine,2023.0,MC3,DPPC,cholesterol,DMPE-PEG 2000
781,DLin-MC3-DMA,DSPC,cholesterol,DMG-PEG2000,50:10:38.5:1.5,mRNA,nanoluciferase,CCCCC/C=C\C/C=C\CCCCCCCCC(OC(=O)CCCN(C)C)CCCCCCCC/C=C\C/C=C\CCCCC,CCCCCCCCCCCCCCCCCC(=O)OC[C@H](COP(=O)([O-])OCC[N+](C)(C)C)OC(=O)CCCCCCCCCCCCCCCCC,C[C@H](CCCC(C)C)[C@H]1CC[C@@H]2[C@@]1(CC[C@H]3[C@H]2CC=C4[C@@]3(CC[C@@H](C4)O)C)C,CCCCCCCCCCCCCC(=O)OCC(COP(=O)([O-])OCCOCCOCCOCCOCCOCCOCCOCCOCCOCCOCCOCCOCCOCCOCCOCCOCCOCCOCCOCCOCCOCCOCCOCCOCCOCCOCCOCCOCCOCCOCCOCCOCCOCCOCCOCCOCCOCCOCCOCCOCCOCCOCCOCCOCCOCCOCCOCCOCCOCCOCCOCCOCCOCCOCCOCCOCCOCCOCCOCCOCCOCCOCCOCCOCCOCCOCCOCCOCCOCCOCCOCCOCCOCCOCCOCCOCCOCCOCCOCCOCCOCCOCCOCCOCCOCCOCCOCCOCCOCCO)OC(=O)CCCCCCCCCCCCC,123.3,,,0.153,,,87.2,,,1.7,,,N:P,5.67,,"synthesis_method: Microfluidic; device_used: NanoAssemblr microfluidic mixer (Precision Nanosystems); total_flow_rate_ml_min: 9; flow_rate_ratio: 3:1 (organic:aqueous); aqueous_phase_composition: 50 mM sodium citrate buffer (pH 3.0); organic_phase_composition: 100% ethanol with lipids at 10 mg/mL; mixing_time_sec: ; temperature_condition: ; post_processing: Dialyzed against 1¡¿ PBS pH 7.4 overnight using 10-kDa MWCO Slide-A-Lyzer G2 Dialysis Cassettes; sterilization: ; storage_buffer: 1¡¿ PBS, stored at 4¡ÆC","cell_line: ALI Calu-3 cells; animal_model: BALB/c mice (female, 6-8 weeks); administration_route: Intratracheal (after aerosolization); dose: 1000 ng NLuc mRNA (ALI), 750 ng NLuc mRNA (in vivo); gene_expression_result: ~90,000 RLU (ALI), 1.2¡¿10^6 photons/sec/cm©÷/sr (in vivo); biodistribution_result: Distributed across all lung lobes",90.0,numeric,0.5833333333333334,10.1002/btm2.10580,Optimization of ionizable lipids for aerosolizable mRNA lipid nanoparticles,"['Mae M. Lewis', 'Melissa R. Soto', 'Esther Y. Maier', 'Steven D. Wulfe', 'Sandy Bakheet', 'Hannah Obregon', 'Debadyuti Ghosh']",Bioengineering & Translational Medicine,2023.0,MC3,DSPC,cholesterol,DMG-PEG 2000
782,SM-102,DPPC,cholesterol,DMPE-PEG2000,45:20:34:1,mRNA,"nanoluciferase, cre_recombinase",CCCCCCCCCCCOC(=O)CCCCCN(CCCCCCCC(=O)OC(CCCCCCCC)CCCCCCCC)CCO  ,CCCCCCCCCCCCCCCC(=O)OC[C@H](COP(=O)([O-])OCC[N+](C)(C)C)OC(=O)CCCCCCCCCCCCCCC,C[C@H](CCCC(C)C)[C@H]1CC[C@@H]2[C@@]1(CC[C@H]3[C@H]2CC=C4[C@@]3(CC[C@@H](C4)O)C)C,CCCCCCCCCCCCCC(=O)OCC(COP(=O)([O-])OCCN[C@@H](CO)C(=O)NCCOCCOCCOCCOCCOCCOCCOCCOCCOCCOCCOCCOCCOCCOCCOCCOCCOCCOCCOCCOCCOCCOCCOCCOCCOCCOCCOCCOCCOCCOCCOCCOCCOCCOCCOCCOCCOCCOCCOCCOCCOCCOCCOCCOCCOCCOCCOCCOCCOCCOCCOCCOCCOCCOCCOCCOCCOCCOCCOCCOCCOCCOCCOCCOCCOCCOCCOCCOCCOCCOCCOCCOCCOCCOCCOCCOCCOCCOCCOCCOCCOCCOCCOCCOCCOCCOCCOCCOCCOCCO)OC(=O)CCCCCCCCCCCCC,109.8,,,0.162,,,93.9,,,10.3,,,N:P,5.67,,"synthesis_method: Microfluidic; device_used: NanoAssemblr microfluidic mixer (Precision Nanosystems); total_flow_rate_ml_min: 9; flow_rate_ratio: 3:1 (organic:aqueous); aqueous_phase_composition: 50 mM sodium citrate buffer (pH 3.0); organic_phase_composition: 100% ethanol with lipids at 10 mg/mL; mixing_time_sec: ; temperature_condition: ; post_processing: Dialyzed against 1¡¿ PBS pH 7.4 overnight using 10-kDa MWCO Slide-A-Lyzer G2 Dialysis Cassettes; sterilization: ; storage_buffer: 1¡¿ PBS, stored at 4¡ÆC","cell_line: ALI Calu-3 cells; animal_model: BALB/c mice (female, 6-8 weeks), Ai9 mice (female, 6-8 weeks); administration_route: Intratracheal (after aerosolization); dose: 1000 ng NLuc mRNA (ALI), 750 ng NLuc mRNA (in vivo), 0.5 mg/kg Cre mRNA; gene_expression_result: ~150,000 RLU (ALI), 8.1¡¿10^6 photons/sec/cm©÷/sr (in vivo); biodistribution_result: Distributed across all lung lobes with highest expression",150.0,numeric,0.75,10.1002/btm2.10580,Optimization of ionizable lipids for aerosolizable mRNA lipid nanoparticles,"['Mae M. Lewis', 'Melissa R. Soto', 'Esther Y. Maier', 'Steven D. Wulfe', 'Sandy Bakheet', 'Hannah Obregon', 'Debadyuti Ghosh']",Bioengineering & Translational Medicine,2023.0,SM-102,DPPC,cholesterol,DMPE-PEG 2000
783,SM-102,DSPC,cholesterol,DMG-PEG2000,50:10:38.5:1.5,mRNA,nanoluciferase,CCCCCCCCCCCOC(=O)CCCCCN(CCCCCCCC(=O)OC(CCCCCCCC)CCCCCCCC)CCO  ,CCCCCCCCCCCCCCCCCC(=O)OC[C@H](COP(=O)([O-])OCC[N+](C)(C)C)OC(=O)CCCCCCCCCCCCCCCCC,C[C@H](CCCC(C)C)[C@H]1CC[C@@H]2[C@@]1(CC[C@H]3[C@H]2CC=C4[C@@]3(CC[C@@H](C4)O)C)C,CCCCCCCCCCCCCC(=O)OCC(COP(=O)([O-])OCCOCCOCCOCCOCCOCCOCCOCCOCCOCCOCCOCCOCCOCCOCCOCCOCCOCCOCCOCCOCCOCCOCCOCCOCCOCCOCCOCCOCCOCCOCCOCCOCCOCCOCCOCCOCCOCCOCCOCCOCCOCCOCCOCCOCCOCCOCCOCCOCCOCCOCCOCCOCCOCCOCCOCCOCCOCCOCCOCCOCCOCCOCCOCCOCCOCCOCCOCCOCCOCCOCCOCCOCCOCCOCCOCCOCCOCCOCCOCCOCCOCCOCCOCCOCCOCCOCCOCCOCCOCCO)OC(=O)CCCCCCCCCCCCC,111.2,,,0.172,,,89.8,,,3.8,,,N:P,5.67,,"synthesis_method: Microfluidic; device_used: NanoAssemblr microfluidic mixer (Precision Nanosystems); total_flow_rate_ml_min: 9; flow_rate_ratio: 3:1 (organic:aqueous); aqueous_phase_composition: 50 mM sodium citrate buffer (pH 3.0); organic_phase_composition: 100% ethanol with lipids at 10 mg/mL; mixing_time_sec: ; temperature_condition: ; post_processing: Dialyzed against 1¡¿ PBS pH 7.4 overnight using 10-kDa MWCO Slide-A-Lyzer G2 Dialysis Cassettes; sterilization: ; storage_buffer: 1¡¿ PBS, stored at 4¡ÆC","cell_line: ALI Calu-3 cells; administration_route: Intratracheal (after aerosolization); dose: 1000 ng NLuc mRNA (ALI); gene_expression_result: ~50,000 RLU (ALI)",50.0,numeric,0.3333333333333333,10.1002/btm2.10580,Optimization of ionizable lipids for aerosolizable mRNA lipid nanoparticles,"['Mae M. Lewis', 'Melissa R. Soto', 'Esther Y. Maier', 'Steven D. Wulfe', 'Sandy Bakheet', 'Hannah Obregon', 'Debadyuti Ghosh']",Bioengineering & Translational Medicine,2023.0,SM-102,DSPC,cholesterol,DMG-PEG 2000
784,ALC-0315,DPPC,cholesterol,DMPE-PEG2000,45:20:34:1,mRNA,nanoluciferase,CCCCCCCCC(CCCCCC)C(=O)OCCCCCCN(CCCCCCOC(=O)C(CCCCCC)CCCCCCCC)CCCCO,CCCCCCCCCCCCCCCC(=O)OC[C@H](COP(=O)([O-])OCC[N+](C)(C)C)OC(=O)CCCCCCCCCCCCCCC,C[C@H](CCCC(C)C)[C@H]1CC[C@@H]2[C@@]1(CC[C@H]3[C@H]2CC=C4[C@@]3(CC[C@@H](C4)O)C)C,CCCCCCCCCCCCCC(=O)OCC(COP(=O)([O-])OCCN[C@@H](CO)C(=O)NCCOCCOCCOCCOCCOCCOCCOCCOCCOCCOCCOCCOCCOCCOCCOCCOCCOCCOCCOCCOCCOCCOCCOCCOCCOCCOCCOCCOCCOCCOCCOCCOCCOCCOCCOCCOCCOCCOCCOCCOCCOCCOCCOCCOCCOCCOCCOCCOCCOCCOCCOCCOCCOCCOCCOCCOCCOCCOCCOCCOCCOCCOCCOCCOCCOCCOCCOCCOCCOCCOCCOCCOCCOCCOCCOCCOCCOCCOCCOCCOCCOCCOCCOCCOCCOCCOCCOCCOCCOCCO)OC(=O)CCCCCCCCCCCCC,108.1,,,0.166,,,91.2,,,8.7,,,N:P,5.67,,"synthesis_method: Microfluidic; device_used: NanoAssemblr microfluidic mixer (Precision Nanosystems); total_flow_rate_ml_min: 9; flow_rate_ratio: 3:1 (organic:aqueous); aqueous_phase_composition: 50 mM sodium citrate buffer (pH 3.0); organic_phase_composition: 100% ethanol with lipids at 10 mg/mL; mixing_time_sec: ; temperature_condition: ; post_processing: Dialyzed against 1¡¿ PBS pH 7.4 overnight using 10-kDa MWCO Slide-A-Lyzer G2 Dialysis Cassettes; sterilization: ; storage_buffer: 1¡¿ PBS, stored at 4¡ÆC","cell_line: ALI Calu-3 cells; administration_route: Intratracheal (after aerosolization); dose: 1000 ng NLuc mRNA (ALI); gene_expression_result: ~40,000 RLU (ALI)",40.0,numeric,0.25,10.1002/btm2.10580,Optimization of ionizable lipids for aerosolizable mRNA lipid nanoparticles,"['Mae M. Lewis', 'Melissa R. Soto', 'Esther Y. Maier', 'Steven D. Wulfe', 'Sandy Bakheet', 'Hannah Obregon', 'Debadyuti Ghosh']",Bioengineering & Translational Medicine,2023.0,ALC-0315,DPPC,cholesterol,DMPE-PEG 2000
785,ALC-0315,DSPC,cholesterol,ALC-0159,46.3:9.4:42.7:1.6,mRNA,nanoluciferase,CCCCCCCCC(CCCCCC)C(=O)OCCCCCCN(CCCCCCOC(=O)C(CCCCCC)CCCCCCCC)CCCCO,CCCCCCCCCCCCCCCCCC(=O)OC[C@H](COP(=O)([O-])OCC[N+](C)(C)C)OC(=O)CCCCCCCCCCCCCCCCC,C[C@H](CCCC(C)C)[C@H]1CC[C@@H]2[C@@]1(CC[C@H]3[C@H]2CC=C4[C@@]3(CC[C@@H](C4)O)C)C,CCCCCCCCCCCCCCCCCCCCCCCCCCCCCCCCCCCCCCCCCCCCCCCCCCCCCCCCCCN(CCCCCCCCCC(=O)OC)CC(O)COC(=O)CCCCCCCCC,113.9,,,0.174,,,88.7,,,4.2,,,N:P,5.67,,"synthesis_method: Microfluidic; device_used: NanoAssemblr microfluidic mixer (Precision Nanosystems); total_flow_rate_ml_min: 9; flow_rate_ratio: 3:1 (organic:aqueous); aqueous_phase_composition: 50 mM sodium citrate buffer (pH 3.0); organic_phase_composition: 100% ethanol with lipids at 10 mg/mL; mixing_time_sec: ; temperature_condition: ; post_processing: Dialyzed against 1¡¿ PBS pH 7.4 overnight using 10-kDa MWCO Slide-A-Lyzer G2 Dialysis Cassettes; sterilization: ; storage_buffer: 1¡¿ PBS, stored at 4¡ÆC","cell_line: ALI Calu-3 cells; administration_route: Intratracheal (after aerosolization); dose: 1000 ng NLuc mRNA (ALI); gene_expression_result: ~25,000 RLU (ALI)",25.0,numeric,0.08333333333333333,10.1002/btm2.10580,Optimization of ionizable lipids for aerosolizable mRNA lipid nanoparticles,"['Mae M. Lewis', 'Melissa R. Soto', 'Esther Y. Maier', 'Steven D. Wulfe', 'Sandy Bakheet', 'Hannah Obregon', 'Debadyuti Ghosh']",Bioengineering & Translational Medicine,2023.0,ALC-0315,DSPC,cholesterol,ALC-0159
786,Custom lipid,DPPC,cholesterol,DMPE-PEG2000,45:20:34:1,mRNA,nanoluciferase,CCCCCCCCCCCOC(=O)CCCCCN(CCCCCCCC(=O)OC(CCCCCCCC)CCCCCCCC)CCO  ,CCCCCCCCCCCCCCCC(=O)OC[C@H](COP(=O)([O-])OCC[N+](C)(C)C)OC(=O)CCCCCCCCCCCCCCC,C[C@H](CCCC(C)C)[C@H]1CC[C@@H]2[C@@]1(CC[C@H]3[C@H]2CC=C4[C@@]3(CC[C@@H](C4)O)C)C,CCCCCCCCCCCCCC(=O)OCC(COP(=O)([O-])OCCN[C@@H](CO)C(=O)NCCOCCOCCOCCOCCOCCOCCOCCOCCOCCOCCOCCOCCOCCOCCOCCOCCOCCOCCOCCOCCOCCOCCOCCOCCOCCOCCOCCOCCOCCOCCOCCOCCOCCOCCOCCOCCOCCOCCOCCOCCOCCOCCOCCOCCOCCOCCOCCOCCOCCOCCOCCOCCOCCOCCOCCOCCOCCOCCOCCOCCOCCOCCOCCOCCOCCOCCOCCOCCOCCOCCOCCOCCOCCOCCOCCOCCOCCOCCOCCOCCOCCOCCOCCOCCOCCOCCOCCOCCOCCO)OC(=O)CCCCCCCCCCCCC,,,,,,,,,,,,,N:P,5.67,,"synthesis_method: Microfluidic; device_used: NanoAssemblr microfluidic mixer (Precision Nanosystems); total_flow_rate_ml_min: 9; flow_rate_ratio: 3:1 (organic:aqueous); aqueous_phase_composition: 50 mM sodium citrate buffer (pH 3.0); organic_phase_composition: 100% ethanol with lipids at 10 mg/mL; mixing_time_sec: ; temperature_condition: ; post_processing: Dialyzed against 1¡¿ PBS pH 7.4 overnight using 10-kDa MWCO Slide-A-Lyzer G2 Dialysis Cassettes; sterilization: ; storage_buffer: 1¡¿ PBS, stored at 4¡ÆC","cell_line: ALI Calu-3 cells; administration_route: Intratracheal (after aerosolization); dose: 1000 ng NLuc mRNA (ALI); gene_expression_result: ~300,000 RLU (ALI), 2.0-fold increase vs B-1",300.0,numeric,1.0,10.1002/btm2.10580,Optimization of ionizable lipids for aerosolizable mRNA lipid nanoparticles,"['Mae M. Lewis', 'Melissa R. Soto', 'Esther Y. Maier', 'Steven D. Wulfe', 'Sandy Bakheet', 'Hannah Obregon', 'Debadyuti Ghosh']",Bioengineering & Translational Medicine,2023.0,"SM-102 analog (BP-26399, 3-carbon head)",DPPC,cholesterol,DMPE-PEG 2000
787,Custom lipid,DPPC,cholesterol,DMPE-PEG2000,45:20:34:1,mRNA,nanoluciferase,CCCCCCCCCCCOC(=O)CCCCCN(CCCCCCCC(=O)OC(CCCCCCCC)CCCCCCCC)CCO  ,CCCCCCCCCCCCCCCC(=O)OC[C@H](COP(=O)([O-])OCC[N+](C)(C)C)OC(=O)CCCCCCCCCCCCCCC,C[C@H](CCCC(C)C)[C@H]1CC[C@@H]2[C@@]1(CC[C@H]3[C@H]2CC=C4[C@@]3(CC[C@@H](C4)O)C)C,CCCCCCCCCCCCCC(=O)OCC(COP(=O)([O-])OCCN[C@@H](CO)C(=O)NCCOCCOCCOCCOCCOCCOCCOCCOCCOCCOCCOCCOCCOCCOCCOCCOCCOCCOCCOCCOCCOCCOCCOCCOCCOCCOCCOCCOCCOCCOCCOCCOCCOCCOCCOCCOCCOCCOCCOCCOCCOCCOCCOCCOCCOCCOCCOCCOCCOCCOCCOCCOCCOCCOCCOCCOCCOCCOCCOCCOCCOCCOCCOCCOCCOCCOCCOCCOCCOCCOCCOCCOCCOCCOCCOCCOCCOCCOCCOCCOCCOCCOCCOCCOCCOCCOCCOCCOCCOCCO)OC(=O)CCCCCCCCCCCCC,,,,,,,,,,,,,N:P,5.67,,"synthesis_method: Microfluidic; device_used: NanoAssemblr microfluidic mixer (Precision Nanosystems); total_flow_rate_ml_min: 9; flow_rate_ratio: 3:1 (organic:aqueous); aqueous_phase_composition: 50 mM sodium citrate buffer (pH 3.0); organic_phase_composition: 100% ethanol with lipids at 10 mg/mL; mixing_time_sec: ; temperature_condition: ; post_processing: Dialyzed against 1¡¿ PBS pH 7.4 overnight using 10-kDa MWCO Slide-A-Lyzer G2 Dialysis Cassettes; sterilization: ; storage_buffer: 1¡¿ PBS, stored at 4¡ÆC","cell_line: ALI Calu-3 cells; administration_route: Intratracheal (after aerosolization); dose: 1000 ng NLuc mRNA (ALI); gene_expression_result: ~200,000 RLU (ALI), 1.3-fold increase vs B-1",200.0,numeric,0.875,10.1002/btm2.10580,Optimization of ionizable lipids for aerosolizable mRNA lipid nanoparticles,"['Mae M. Lewis', 'Melissa R. Soto', 'Esther Y. Maier', 'Steven D. Wulfe', 'Sandy Bakheet', 'Hannah Obregon', 'Debadyuti Ghosh']",Bioengineering & Translational Medicine,2023.0,"SM-102 analog (BP-26367, modified ester position)",DPPC,cholesterol,DMPE-PEG 2000
788,Custom lipid,DPPC,cholesterol,DMPE-PEG2000,45:20:34:1,mRNA,nanoluciferase,CCCCCCCCCCCOC(=O)CCCCCN(CCCCCCCC(=O)OC(CCCCCCCC)CCCCCCCC)CCO  ,CCCCCCCCCCCCCCCC(=O)OC[C@H](COP(=O)([O-])OCC[N+](C)(C)C)OC(=O)CCCCCCCCCCCCCCC,C[C@H](CCCC(C)C)[C@H]1CC[C@@H]2[C@@]1(CC[C@H]3[C@H]2CC=C4[C@@]3(CC[C@@H](C4)O)C)C,CCCCCCCCCCCCCC(=O)OCC(COP(=O)([O-])OCCN[C@@H](CO)C(=O)NCCOCCOCCOCCOCCOCCOCCOCCOCCOCCOCCOCCOCCOCCOCCOCCOCCOCCOCCOCCOCCOCCOCCOCCOCCOCCOCCOCCOCCOCCOCCOCCOCCOCCOCCOCCOCCOCCOCCOCCOCCOCCOCCOCCOCCOCCOCCOCCOCCOCCOCCOCCOCCOCCOCCOCCOCCOCCOCCOCCOCCOCCOCCOCCOCCOCCOCCOCCOCCOCCOCCOCCOCCOCCOCCOCCOCCOCCOCCOCCOCCOCCOCCOCCOCCOCCOCCOCCOCCOCCO)OC(=O)CCCCCCCCCCCCC,,,,,,,,,,,,,N:P,5.67,,"synthesis_method: Microfluidic; device_used: NanoAssemblr microfluidic mixer (Precision Nanosystems); total_flow_rate_ml_min: 9; flow_rate_ratio: 3:1 (organic:aqueous); aqueous_phase_composition: 50 mM sodium citrate buffer (pH 3.0); organic_phase_composition: 100% ethanol with lipids at 10 mg/mL; mixing_time_sec: ; temperature_condition: ; post_processing: Dialyzed against 1¡¿ PBS pH 7.4 overnight using 10-kDa MWCO Slide-A-Lyzer G2 Dialysis Cassettes; sterilization: ; storage_buffer: 1¡¿ PBS, stored at 4¡ÆC","cell_line: ALI Calu-3 cells; administration_route: Intratracheal (after aerosolization); dose: 1000 ng NLuc mRNA (ALI); gene_expression_result: ~200,000 RLU (ALI), 1.3-fold increase vs B-1",200.0,numeric,0.875,10.1002/btm2.10580,Optimization of ionizable lipids for aerosolizable mRNA lipid nanoparticles,"['Mae M. Lewis', 'Melissa R. Soto', 'Esther Y. Maier', 'Steven D. Wulfe', 'Sandy Bakheet', 'Hannah Obregon', 'Debadyuti Ghosh']",Bioengineering & Translational Medicine,2023.0,"SM-102 analog (BP-26361, modified ester position)",DPPC,cholesterol,DMPE-PEG 2000
789,Custom lipid,DPPC,cholesterol,DMPE-PEG2000,45:20:34:1,mRNA,nanoluciferase,CCCCCCCCCCCOC(=O)CCCCCN(CCCCCCCC(=O)OC(CCCCCCCC)CCCCCCCC)CCO  ,CCCCCCCCCCCCCCCC(=O)OC[C@H](COP(=O)([O-])OCC[N+](C)(C)C)OC(=O)CCCCCCCCCCCCCCC,C[C@H](CCCC(C)C)[C@H]1CC[C@@H]2[C@@]1(CC[C@H]3[C@H]2CC=C4[C@@]3(CC[C@@H](C4)O)C)C,CCCCCCCCCCCCCC(=O)OCC(COP(=O)([O-])OCCN[C@@H](CO)C(=O)NCCOCCOCCOCCOCCOCCOCCOCCOCCOCCOCCOCCOCCOCCOCCOCCOCCOCCOCCOCCOCCOCCOCCOCCOCCOCCOCCOCCOCCOCCOCCOCCOCCOCCOCCOCCOCCOCCOCCOCCOCCOCCOCCOCCOCCOCCOCCOCCOCCOCCOCCOCCOCCOCCOCCOCCOCCOCCOCCOCCOCCOCCOCCOCCOCCOCCOCCOCCOCCOCCOCCOCCOCCOCCOCCOCCOCCOCCOCCOCCOCCOCCOCCOCCOCCOCCOCCOCCOCCOCCO)OC(=O)CCCCCCCCCCCCC,,,,,,,,,,,,,N:P,5.67,,"synthesis_method: Microfluidic; device_used: NanoAssemblr microfluidic mixer (Precision Nanosystems); total_flow_rate_ml_min: 9; flow_rate_ratio: 3:1 (organic:aqueous); aqueous_phase_composition: 50 mM sodium citrate buffer (pH 3.0); organic_phase_composition: 100% ethanol with lipids at 10 mg/mL; mixing_time_sec: ; temperature_condition: ; post_processing: Dialyzed against 1¡¿ PBS pH 7.4 overnight using 10-kDa MWCO Slide-A-Lyzer G2 Dialysis Cassettes; sterilization: ; storage_buffer: 1¡¿ PBS, stored at 4¡ÆC","cell_line: ALI Calu-3 cells; administration_route: Intratracheal (after aerosolization); dose: 1000 ng NLuc mRNA (ALI); gene_expression_result: ~60,000 RLU (ALI), no significant difference vs B-1",60.0,numeric,0.4166666666666667,10.1002/btm2.10580,Optimization of ionizable lipids for aerosolizable mRNA lipid nanoparticles,"['Mae M. Lewis', 'Melissa R. Soto', 'Esther Y. Maier', 'Steven D. Wulfe', 'Sandy Bakheet', 'Hannah Obregon', 'Debadyuti Ghosh']",Bioengineering & Translational Medicine,2023.0,"SM-102 analog (BP-26371, modified alkyl tail)",DPPC,cholesterol,DMPE-PEG 2000
790,4A3-SC8,DOPE,cholesterol,DMG-PEG2000,38.5:1.5:30:30,mRNA,firefly_luciferase,O=C(CCN(CCCN(CCCN(CCC(OCCOC(C(CSCCCCCCCC)C)=O)=O)CCC(OCCOC(C(CSCCCCCCCC)C)=O)=O)C)CCC(OCCOC(C(CSCCCCCCCC)C)=O)=O)OCCOC(C(CSCCCCCCCC)C)=O,CCCCCCCC/C=C\CCCCCCCC(=O)OC[C@H](COP(=O)(O)OCCN)OC(=O)CCCCCCC/C=C\CCCCCCCC,C[C@H](CCCC(C)C)[C@H]1CC[C@@H]2[C@@]1(CC[C@H]3[C@H]2CC=C4[C@@]3(CC[C@@H](C4)O)C)C,CCCCCCCCCCCCCC(=O)OCC(COP(=O)([O-])OCCOCCOCCOCCOCCOCCOCCOCCOCCOCCOCCOCCOCCOCCOCCOCCOCCOCCOCCOCCOCCOCCOCCOCCOCCOCCOCCOCCOCCOCCOCCOCCOCCOCCOCCOCCOCCOCCOCCOCCOCCOCCOCCOCCOCCOCCOCCOCCOCCOCCOCCOCCOCCOCCOCCOCCOCCOCCOCCOCCOCCOCCOCCOCCOCCOCCOCCOCCOCCOCCOCCOCCOCCOCCOCCOCCOCCOCCOCCOCCOCCOCCOCCOCCOCCOCCOCCOCCOCCOCCO)OC(=O)CCCCCCCCCCCCC,95.0,,,0.17,,,93.0,,,-1.7,,,wt/wt,23.0,OTHER_wt_ratio,synthesis_method: Rapid hand mixing; device_used: ; total_flow_rate_ml_min: ; flow_rate_ratio: 3:1 (ethanol:aqueous); aqueous_phase_composition: 100 mM citrate buffer pH 3.0; organic_phase_composition: Ethanol solution; mixing_time_sec: 30; temperature_condition: Room temperature; post_processing: Dialysis in sterile PBS with 3.5 kDa cut-off for 2 hours; sterilization: ; storage_buffer: PBS,"cell_line: HEK293T, HeLa; animal_model: C57BL/6 female mice; administration_route: IV; dose: 0.03 mg/kg; gene_expression_result: High luciferase expression in liver; biodistribution_result: Liver predominant targeting",,,,10.1039/d1bm01454d,Optimization of phospholipid chemistry for improved lipid nanoparticle (LNP) delivery of messenger RNA (mRNA),"['Ester Alvarez-Benedicto', 'Lukas Farbiak', 'Martha Marquez Ramirez', 'Xu Wang', 'Lindsay T. Johnson', 'Osamah Mian', 'Erick D. Guerrero', 'Daniel J. Siegwart']",Biomaterials Science,2022.0,4A3-SC8,DOPE,cholesterol,DMG-PEG2000
791,4A3-SC8,POPE,cholesterol,DMG-PEG2000,38.5:1.5:30:30,mRNA,firefly_luciferase,O=C(CCN(CCCN(CCCN(CCC(OCCOC(C(CSCCCCCCCC)C)=O)=O)CCC(OCCOC(C(CSCCCCCCCC)C)=O)=O)C)CCC(OCCOC(C(CSCCCCCCCC)C)=O)=O)OCCOC(C(CSCCCCCCCC)C)=O,CCCCCCCCCCCCCCCC(=O)OCC(COP(=O)([O-])OCCN)OC(=O)CCCCCCC=CCCCCCCCC,C[C@H](CCCC(C)C)[C@H]1CC[C@@H]2[C@@]1(CC[C@H]3[C@H]2CC=C4[C@@]3(CC[C@@H](C4)O)C)C,CCCCCCCCCCCCCC(=O)OCC(COP(=O)([O-])OCCOCCOCCOCCOCCOCCOCCOCCOCCOCCOCCOCCOCCOCCOCCOCCOCCOCCOCCOCCOCCOCCOCCOCCOCCOCCOCCOCCOCCOCCOCCOCCOCCOCCOCCOCCOCCOCCOCCOCCOCCOCCOCCOCCOCCOCCOCCOCCOCCOCCOCCOCCOCCOCCOCCOCCOCCOCCOCCOCCOCCOCCOCCOCCOCCOCCOCCOCCOCCOCCOCCOCCOCCOCCOCCOCCOCCOCCOCCOCCOCCOCCOCCOCCOCCOCCOCCOCCOCCOCCO)OC(=O)CCCCCCCCCCCCC,102.0,,,0.1,,,65.0,,,-4.5,,,wt/wt,23.0,OTHER_wt_ratio,synthesis_method: Rapid hand mixing; device_used: ; total_flow_rate_ml_min: ; flow_rate_ratio: 3:1 (ethanol:aqueous); aqueous_phase_composition: 100 mM citrate buffer pH 3.0; organic_phase_composition: Ethanol solution; mixing_time_sec: 30; temperature_condition: Room temperature; post_processing: Dialysis in sterile PBS with 3.5 kDa cut-off for 2 hours; sterilization: ; storage_buffer: PBS,"cell_line: HEK293T, HeLa; animal_model: C57BL/6 female mice; administration_route: IV; dose: 0.03 mg/kg; gene_expression_result: High luciferase expression in liver; biodistribution_result: Liver predominant targeting",,,,10.1039/d1bm01454d,Optimization of phospholipid chemistry for improved lipid nanoparticle (LNP) delivery of messenger RNA (mRNA),"['Ester Alvarez-Benedicto', 'Lukas Farbiak', 'Martha Marquez Ramirez', 'Xu Wang', 'Lindsay T. Johnson', 'Osamah Mian', 'Erick D. Guerrero', 'Daniel J. Siegwart']",Biomaterials Science,2022.0,4A3-SC8,POPE,cholesterol,DMG-PEG2000
792,4A3-SC8,BMP,cholesterol,DMG-PEG2000,38.5:1.5:30:30,mRNA,firefly_luciferase,O=C(CCN(CCCN(CCCN(CCC(OCCOC(C(CSCCCCCCCC)C)=O)=O)CCC(OCCOC(C(CSCCCCCCCC)C)=O)=O)C)CCC(OCCOC(C(CSCCCCCCCC)C)=O)=O)OCCOC(C(CSCCCCCCCC)C)=O,,C[C@H](CCCC(C)C)[C@H]1CC[C@@H]2[C@@]1(CC[C@H]3[C@H]2CC=C4[C@@]3(CC[C@@H](C4)O)C)C,CCCCCCCCCCCCCC(=O)OCC(COP(=O)([O-])OCCOCCOCCOCCOCCOCCOCCOCCOCCOCCOCCOCCOCCOCCOCCOCCOCCOCCOCCOCCOCCOCCOCCOCCOCCOCCOCCOCCOCCOCCOCCOCCOCCOCCOCCOCCOCCOCCOCCOCCOCCOCCOCCOCCOCCOCCOCCOCCOCCOCCOCCOCCOCCOCCOCCOCCOCCOCCOCCOCCOCCOCCOCCOCCOCCOCCOCCOCCOCCOCCOCCOCCOCCOCCOCCOCCOCCOCCOCCOCCOCCOCCOCCOCCOCCOCCOCCOCCOCCOCCO)OC(=O)CCCCCCCCCCCCC,133.0,,,0.08,,,88.0,,,-3.5,,,wt/wt,23.0,OTHER_wt_ratio,synthesis_method: Rapid hand mixing; device_used: ; total_flow_rate_ml_min: ; flow_rate_ratio: 3:1 (ethanol:aqueous); aqueous_phase_composition: 100 mM citrate buffer pH 3.0; organic_phase_composition: Ethanol solution; mixing_time_sec: 30; temperature_condition: Room temperature; post_processing: Dialysis in sterile PBS with 3.5 kDa cut-off for 2 hours; sterilization: ; storage_buffer: PBS,"cell_line: HEK293T, HeLa; animal_model: C57BL/6 female mice; administration_route: IV; dose: 0.03 mg/kg; gene_expression_result: Moderate luciferase expression; biodistribution_result: Spleen predominant targeting",,,,10.1039/d1bm01454d,Optimization of phospholipid chemistry for improved lipid nanoparticle (LNP) delivery of messenger RNA (mRNA),"['Ester Alvarez-Benedicto', 'Lukas Farbiak', 'Martha Marquez Ramirez', 'Xu Wang', 'Lindsay T. Johnson', 'Osamah Mian', 'Erick D. Guerrero', 'Daniel J. Siegwart']",Biomaterials Science,2022.0,4A3-SC8,"BMP(S,R)",cholesterol,DMG-PEG2000
793,4A3-SC8,BMP,cholesterol,DMG-PEG2000,38.5:1.5:30:30,mRNA,firefly_luciferase,O=C(CCN(CCCN(CCCN(CCC(OCCOC(C(CSCCCCCCCC)C)=O)=O)CCC(OCCOC(C(CSCCCCCCCC)C)=O)=O)C)CCC(OCCOC(C(CSCCCCCCCC)C)=O)=O)OCCOC(C(CSCCCCCCCC)C)=O,,C[C@H](CCCC(C)C)[C@H]1CC[C@@H]2[C@@]1(CC[C@H]3[C@H]2CC=C4[C@@]3(CC[C@@H](C4)O)C)C,CCCCCCCCCCCCCC(=O)OCC(COP(=O)([O-])OCCOCCOCCOCCOCCOCCOCCOCCOCCOCCOCCOCCOCCOCCOCCOCCOCCOCCOCCOCCOCCOCCOCCOCCOCCOCCOCCOCCOCCOCCOCCOCCOCCOCCOCCOCCOCCOCCOCCOCCOCCOCCOCCOCCOCCOCCOCCOCCOCCOCCOCCOCCOCCOCCOCCOCCOCCOCCOCCOCCOCCOCCOCCOCCOCCOCCOCCOCCOCCOCCOCCOCCOCCOCCOCCOCCOCCOCCOCCOCCOCCOCCOCCOCCOCCOCCOCCOCCOCCOCCO)OC(=O)CCCCCCCCCCCCC,167.0,,,0.07,,,84.0,,,-4.0,,,wt/wt,23.0,OTHER_wt_ratio,synthesis_method: Rapid hand mixing; device_used: ; total_flow_rate_ml_min: ; flow_rate_ratio: 3:1 (ethanol:aqueous); aqueous_phase_composition: 100 mM citrate buffer pH 3.0; organic_phase_composition: Ethanol solution; mixing_time_sec: 30; temperature_condition: Room temperature; post_processing: Dialysis in sterile PBS with 3.5 kDa cut-off for 2 hours; sterilization: ; storage_buffer: PBS,"cell_line: HEK293T, HeLa; animal_model: C57BL/6 female mice; administration_route: IV; dose: 0.03 mg/kg; gene_expression_result: Moderate luciferase expression; biodistribution_result: Mixed targeting",,,,10.1039/d1bm01454d,Optimization of phospholipid chemistry for improved lipid nanoparticle (LNP) delivery of messenger RNA (mRNA),"['Ester Alvarez-Benedicto', 'Lukas Farbiak', 'Martha Marquez Ramirez', 'Xu Wang', 'Lindsay T. Johnson', 'Osamah Mian', 'Erick D. Guerrero', 'Daniel J. Siegwart']",Biomaterials Science,2022.0,4A3-SC8,"BMP(S,S)",cholesterol,DMG-PEG2000
794,4A3-SC8,4ME,cholesterol,DMG-PEG2000,38.5:1.5:30:30,mRNA,firefly_luciferase,O=C(CCN(CCCN(CCCN(CCC(OCCOC(C(CSCCCCCCCC)C)=O)=O)CCC(OCCOC(C(CSCCCCCCCC)C)=O)=O)C)CCC(OCCOC(C(CSCCCCCCCC)C)=O)=O)OCCOC(C(CSCCCCCCCC)C)=O,,C[C@H](CCCC(C)C)[C@H]1CC[C@@H]2[C@@]1(CC[C@H]3[C@H]2CC=C4[C@@]3(CC[C@@H](C4)O)C)C,CCCCCCCCCCCCCC(=O)OCC(COP(=O)([O-])OCCOCCOCCOCCOCCOCCOCCOCCOCCOCCOCCOCCOCCOCCOCCOCCOCCOCCOCCOCCOCCOCCOCCOCCOCCOCCOCCOCCOCCOCCOCCOCCOCCOCCOCCOCCOCCOCCOCCOCCOCCOCCOCCOCCOCCOCCOCCOCCOCCOCCOCCOCCOCCOCCOCCOCCOCCOCCOCCOCCOCCOCCOCCOCCOCCOCCOCCOCCOCCOCCOCCOCCOCCOCCOCCOCCOCCOCCOCCOCCOCCOCCOCCOCCOCCOCCOCCOCCOCCOCCO)OC(=O)CCCCCCCCCCCCC,85.0,,,0.1,,,82.0,,,-3.0,,,wt/wt,23.0,OTHER_wt_ratio,synthesis_method: Rapid hand mixing; device_used: ; total_flow_rate_ml_min: ; flow_rate_ratio: 3:1 (ethanol:aqueous); aqueous_phase_composition: 100 mM citrate buffer pH 3.0; organic_phase_composition: Ethanol solution; mixing_time_sec: 30; temperature_condition: Room temperature; post_processing: Dialysis in sterile PBS with 3.5 kDa cut-off for 2 hours; sterilization: ; storage_buffer: PBS,"cell_line: HEK293T, HeLa; animal_model: C57BL/6 female mice; administration_route: IV; dose: 0.03 mg/kg; gene_expression_result: High luciferase expression in liver; biodistribution_result: Liver predominant targeting",,,,10.1039/d1bm01454d,Optimization of phospholipid chemistry for improved lipid nanoparticle (LNP) delivery of messenger RNA (mRNA),"['Ester Alvarez-Benedicto', 'Lukas Farbiak', 'Martha Marquez Ramirez', 'Xu Wang', 'Lindsay T. Johnson', 'Osamah Mian', 'Erick D. Guerrero', 'Daniel J. Siegwart']",Biomaterials Science,2022.0,4A3-SC8,4ME,cholesterol,DMG-PEG2000
795,4A3-SC8,DSPC,cholesterol,DMG-PEG2000,38.5:1.5:30:30,mRNA,firefly_luciferase,O=C(CCN(CCCN(CCCN(CCC(OCCOC(C(CSCCCCCCCC)C)=O)=O)CCC(OCCOC(C(CSCCCCCCCC)C)=O)=O)C)CCC(OCCOC(C(CSCCCCCCCC)C)=O)=O)OCCOC(C(CSCCCCCCCC)C)=O,CCCCCCCCCCCCCCCCCC(=O)OC[C@H](COP(=O)([O-])OCC[N+](C)(C)C)OC(=O)CCCCCCCCCCCCCCCCC,C[C@H](CCCC(C)C)[C@H]1CC[C@@H]2[C@@]1(CC[C@H]3[C@H]2CC=C4[C@@]3(CC[C@@H](C4)O)C)C,CCCCCCCCCCCCCC(=O)OCC(COP(=O)([O-])OCCOCCOCCOCCOCCOCCOCCOCCOCCOCCOCCOCCOCCOCCOCCOCCOCCOCCOCCOCCOCCOCCOCCOCCOCCOCCOCCOCCOCCOCCOCCOCCOCCOCCOCCOCCOCCOCCOCCOCCOCCOCCOCCOCCOCCOCCOCCOCCOCCOCCOCCOCCOCCOCCOCCOCCOCCOCCOCCOCCOCCOCCOCCOCCOCCOCCOCCOCCOCCOCCOCCOCCOCCOCCOCCOCCOCCOCCOCCOCCOCCOCCOCCOCCOCCOCCOCCOCCOCCOCCO)OC(=O)CCCCCCCCCCCCC,115.0,,,0.13,,,72.0,,,-2.0,,,wt/wt,23.0,OTHER_wt_ratio,synthesis_method: Rapid hand mixing; device_used: ; total_flow_rate_ml_min: ; flow_rate_ratio: 3:1 (ethanol:aqueous); aqueous_phase_composition: 100 mM citrate buffer pH 3.0; organic_phase_composition: Ethanol solution; mixing_time_sec: 30; temperature_condition: Room temperature; post_processing: Dialysis in sterile PBS with 3.5 kDa cut-off for 2 hours; sterilization: ; storage_buffer: PBS,"cell_line: HEK293T, HeLa; animal_model: C57BL/6 female mice; administration_route: IV; dose: 0.03 mg/kg; gene_expression_result: Low luciferase expression; biodistribution_result: Limited targeting",,,,10.1039/d1bm01454d,Optimization of phospholipid chemistry for improved lipid nanoparticle (LNP) delivery of messenger RNA (mRNA),"['Ester Alvarez-Benedicto', 'Lukas Farbiak', 'Martha Marquez Ramirez', 'Xu Wang', 'Lindsay T. Johnson', 'Osamah Mian', 'Erick D. Guerrero', 'Daniel J. Siegwart']",Biomaterials Science,2022.0,4A3-SC8,DSPC,cholesterol,DMG-PEG2000
796,4A3-SC8,CL,cholesterol,DMG-PEG2000,38.5:1.5:30:30,mRNA,firefly_luciferase,O=C(CCN(CCCN(CCCN(CCC(OCCOC(C(CSCCCCCCCC)C)=O)=O)CCC(OCCOC(C(CSCCCCCCCC)C)=O)=O)C)CCC(OCCOC(C(CSCCCCCCCC)C)=O)=O)OCCOC(C(CSCCCCCCCC)C)=O,,C[C@H](CCCC(C)C)[C@H]1CC[C@@H]2[C@@]1(CC[C@H]3[C@H]2CC=C4[C@@]3(CC[C@@H](C4)O)C)C,CCCCCCCCCCCCCC(=O)OCC(COP(=O)([O-])OCCOCCOCCOCCOCCOCCOCCOCCOCCOCCOCCOCCOCCOCCOCCOCCOCCOCCOCCOCCOCCOCCOCCOCCOCCOCCOCCOCCOCCOCCOCCOCCOCCOCCOCCOCCOCCOCCOCCOCCOCCOCCOCCOCCOCCOCCOCCOCCOCCOCCOCCOCCOCCOCCOCCOCCOCCOCCOCCOCCOCCOCCOCCOCCOCCOCCOCCOCCOCCOCCOCCOCCOCCOCCOCCOCCOCCOCCOCCOCCOCCOCCOCCOCCOCCOCCOCCOCCOCCOCCO)OC(=O)CCCCCCCCCCCCC,147.0,,,0.07,,,48.0,,,-4.5,,,wt/wt,23.0,OTHER_wt_ratio,synthesis_method: Rapid hand mixing; device_used: ; total_flow_rate_ml_min: ; flow_rate_ratio: 3:1 (ethanol:aqueous); aqueous_phase_composition: 100 mM citrate buffer pH 3.0; organic_phase_composition: Ethanol solution; mixing_time_sec: 30; temperature_condition: Room temperature; post_processing: Dialysis in sterile PBS with 3.5 kDa cut-off for 2 hours; sterilization: ; storage_buffer: PBS,"cell_line: HEK293T, HeLa; animal_model: C57BL/6 female mice; administration_route: IV; dose: 0.03 mg/kg; gene_expression_result: Low luciferase expression; biodistribution_result: Mixed targeting",,,,10.1039/d1bm01454d,Optimization of phospholipid chemistry for improved lipid nanoparticle (LNP) delivery of messenger RNA (mRNA),"['Ester Alvarez-Benedicto', 'Lukas Farbiak', 'Martha Marquez Ramirez', 'Xu Wang', 'Lindsay T. Johnson', 'Osamah Mian', 'Erick D. Guerrero', 'Daniel J. Siegwart']",Biomaterials Science,2022.0,4A3-SC8,CL,cholesterol,DMG-PEG2000
797,4A3-SC8,SOPE,cholesterol,DMG-PEG2000,38.5:1.5:30:30,mRNA,firefly_luciferase,O=C(CCN(CCCN(CCCN(CCC(OCCOC(C(CSCCCCCCCC)C)=O)=O)CCC(OCCOC(C(CSCCCCCCCC)C)=O)=O)C)CCC(OCCOC(C(CSCCCCCCCC)C)=O)=O)OCCOC(C(CSCCCCCCCC)C)=O,,C[C@H](CCCC(C)C)[C@H]1CC[C@@H]2[C@@]1(CC[C@H]3[C@H]2CC=C4[C@@]3(CC[C@@H](C4)O)C)C,CCCCCCCCCCCCCC(=O)OCC(COP(=O)([O-])OCCOCCOCCOCCOCCOCCOCCOCCOCCOCCOCCOCCOCCOCCOCCOCCOCCOCCOCCOCCOCCOCCOCCOCCOCCOCCOCCOCCOCCOCCOCCOCCOCCOCCOCCOCCOCCOCCOCCOCCOCCOCCOCCOCCOCCOCCOCCOCCOCCOCCOCCOCCOCCOCCOCCOCCOCCOCCOCCOCCOCCOCCOCCOCCOCCOCCOCCOCCOCCOCCOCCOCCOCCOCCOCCOCCOCCOCCOCCOCCOCCOCCOCCOCCOCCOCCOCCOCCOCCOCCO)OC(=O)CCCCCCCCCCCCC,126.0,,,0.13,,,67.0,,,-2.5,,,wt/wt,23.0,OTHER_wt_ratio,synthesis_method: Rapid hand mixing; device_used: ; total_flow_rate_ml_min: ; flow_rate_ratio: 3:1 (ethanol:aqueous); aqueous_phase_composition: 100 mM citrate buffer pH 3.0; organic_phase_composition: Ethanol solution; mixing_time_sec: 30; temperature_condition: Room temperature; post_processing: Dialysis in sterile PBS with 3.5 kDa cut-off for 2 hours; sterilization: ; storage_buffer: PBS,"cell_line: HEK293T, HeLa; animal_model: C57BL/6 female mice; administration_route: IV; dose: 0.03 mg/kg; gene_expression_result: Moderate luciferase expression; biodistribution_result: Moderate targeting",,,,10.1039/d1bm01454d,Optimization of phospholipid chemistry for improved lipid nanoparticle (LNP) delivery of messenger RNA (mRNA),"['Ester Alvarez-Benedicto', 'Lukas Farbiak', 'Martha Marquez Ramirez', 'Xu Wang', 'Lindsay T. Johnson', 'Osamah Mian', 'Erick D. Guerrero', 'Daniel J. Siegwart']",Biomaterials Science,2022.0,4A3-SC8,SOPE,cholesterol,DMG-PEG2000
798,4A3-SC8,DEPE,cholesterol,DMG-PEG2000,38.5:1.5:30:30,mRNA,firefly_luciferase,O=C(CCN(CCCN(CCCN(CCC(OCCOC(C(CSCCCCCCCC)C)=O)=O)CCC(OCCOC(C(CSCCCCCCCC)C)=O)=O)C)CCC(OCCOC(C(CSCCCCCCCC)C)=O)=O)OCCOC(C(CSCCCCCCCC)C)=O,,C[C@H](CCCC(C)C)[C@H]1CC[C@@H]2[C@@]1(CC[C@H]3[C@H]2CC=C4[C@@]3(CC[C@@H](C4)O)C)C,CCCCCCCCCCCCCC(=O)OCC(COP(=O)([O-])OCCOCCOCCOCCOCCOCCOCCOCCOCCOCCOCCOCCOCCOCCOCCOCCOCCOCCOCCOCCOCCOCCOCCOCCOCCOCCOCCOCCOCCOCCOCCOCCOCCOCCOCCOCCOCCOCCOCCOCCOCCOCCOCCOCCOCCOCCOCCOCCOCCOCCOCCOCCOCCOCCOCCOCCOCCOCCOCCOCCOCCOCCOCCOCCOCCOCCOCCOCCOCCOCCOCCOCCOCCOCCOCCOCCOCCOCCOCCOCCOCCOCCOCCOCCOCCOCCOCCOCCOCCOCCO)OC(=O)CCCCCCCCCCCCC,130.0,,,0.17,,,70.0,,,-2.5,,,wt/wt,23.0,OTHER_wt_ratio,synthesis_method: Rapid hand mixing; device_used: ; total_flow_rate_ml_min: ; flow_rate_ratio: 3:1 (ethanol:aqueous); aqueous_phase_composition: 100 mM citrate buffer pH 3.0; organic_phase_composition: Ethanol solution; mixing_time_sec: 30; temperature_condition: Room temperature; post_processing: Dialysis in sterile PBS with 3.5 kDa cut-off for 2 hours; sterilization: ; storage_buffer: PBS,"cell_line: HEK293T, HeLa; animal_model: C57BL/6 female mice; administration_route: IV; dose: 0.03 mg/kg; gene_expression_result: Moderate luciferase expression; biodistribution_result: Moderate targeting",,,,10.1039/d1bm01454d,Optimization of phospholipid chemistry for improved lipid nanoparticle (LNP) delivery of messenger RNA (mRNA),"['Ester Alvarez-Benedicto', 'Lukas Farbiak', 'Martha Marquez Ramirez', 'Xu Wang', 'Lindsay T. Johnson', 'Osamah Mian', 'Erick D. Guerrero', 'Daniel J. Siegwart']",Biomaterials Science,2022.0,4A3-SC8,DEPE,cholesterol,DMG-PEG2000
799,4A3-SC8,DPPE,cholesterol,DMG-PEG2000,38.5:1.5:30:30,mRNA,firefly_luciferase,O=C(CCN(CCCN(CCCN(CCC(OCCOC(C(CSCCCCCCCC)C)=O)=O)CCC(OCCOC(C(CSCCCCCCCC)C)=O)=O)C)CCC(OCCOC(C(CSCCCCCCCC)C)=O)=O)OCCOC(C(CSCCCCCCCC)C)=O,CCCCCCCCCCCCCCCC(=O)OCC(COP(=O)([O-])OCCN)OC(=O)CCCCCCCCCCCCCCC,C[C@H](CCCC(C)C)[C@H]1CC[C@@H]2[C@@]1(CC[C@H]3[C@H]2CC=C4[C@@]3(CC[C@@H](C4)O)C)C,CCCCCCCCCCCCCC(=O)OCC(COP(=O)([O-])OCCOCCOCCOCCOCCOCCOCCOCCOCCOCCOCCOCCOCCOCCOCCOCCOCCOCCOCCOCCOCCOCCOCCOCCOCCOCCOCCOCCOCCOCCOCCOCCOCCOCCOCCOCCOCCOCCOCCOCCOCCOCCOCCOCCOCCOCCOCCOCCOCCOCCOCCOCCOCCOCCOCCOCCOCCOCCOCCOCCOCCOCCOCCOCCOCCOCCOCCOCCOCCOCCOCCOCCOCCOCCOCCOCCOCCOCCOCCOCCOCCOCCOCCOCCOCCOCCOCCOCCOCCOCCO)OC(=O)CCCCCCCCCCCCC,135.0,,,0.13,,,68.0,,,-2.5,,,wt/wt,23.0,OTHER_wt_ratio,synthesis_method: Rapid hand mixing; device_used: ; total_flow_rate_ml_min: ; flow_rate_ratio: 3:1 (ethanol:aqueous); aqueous_phase_composition: 100 mM citrate buffer pH 3.0; organic_phase_composition: Ethanol solution; mixing_time_sec: 30; temperature_condition: Room temperature; post_processing: Dialysis in sterile PBS with 3.5 kDa cut-off for 2 hours; sterilization: ; storage_buffer: PBS,"cell_line: HEK293T, HeLa; animal_model: C57BL/6 female mice; administration_route: IV; dose: 0.03 mg/kg; gene_expression_result: Moderate luciferase expression; biodistribution_result: Moderate targeting",,,,10.1039/d1bm01454d,Optimization of phospholipid chemistry for improved lipid nanoparticle (LNP) delivery of messenger RNA (mRNA),"['Ester Alvarez-Benedicto', 'Lukas Farbiak', 'Martha Marquez Ramirez', 'Xu Wang', 'Lindsay T. Johnson', 'Osamah Mian', 'Erick D. Guerrero', 'Daniel J. Siegwart']",Biomaterials Science,2022.0,4A3-SC8,DPPE,cholesterol,DMG-PEG2000
800,4A3-SC8,C16-18:1 PE,cholesterol,DMG-PEG2000,38.5:1.5:30:30,mRNA,firefly_luciferase,O=C(CCN(CCCN(CCCN(CCC(OCCOC(C(CSCCCCCCCC)C)=O)=O)CCC(OCCOC(C(CSCCCCCCCC)C)=O)=O)C)CCC(OCCOC(C(CSCCCCCCCC)C)=O)=O)OCCOC(C(CSCCCCCCCC)C)=O,,C[C@H](CCCC(C)C)[C@H]1CC[C@@H]2[C@@]1(CC[C@H]3[C@H]2CC=C4[C@@]3(CC[C@@H](C4)O)C)C,CCCCCCCCCCCCCC(=O)OCC(COP(=O)([O-])OCCOCCOCCOCCOCCOCCOCCOCCOCCOCCOCCOCCOCCOCCOCCOCCOCCOCCOCCOCCOCCOCCOCCOCCOCCOCCOCCOCCOCCOCCOCCOCCOCCOCCOCCOCCOCCOCCOCCOCCOCCOCCOCCOCCOCCOCCOCCOCCOCCOCCOCCOCCOCCOCCOCCOCCOCCOCCOCCOCCOCCOCCOCCOCCOCCOCCOCCOCCOCCOCCOCCOCCOCCOCCOCCOCCOCCOCCOCCOCCOCCOCCOCCOCCOCCOCCOCCOCCOCCOCCO)OC(=O)CCCCCCCCCCCCC,122.0,,,0.17,,,69.0,,,-2.5,,,wt/wt,23.0,OTHER_wt_ratio,synthesis_method: Rapid hand mixing; device_used: ; total_flow_rate_ml_min: ; flow_rate_ratio: 3:1 (ethanol:aqueous); aqueous_phase_composition: 100 mM citrate buffer pH 3.0; organic_phase_composition: Ethanol solution; mixing_time_sec: 30; temperature_condition: Room temperature; post_processing: Dialysis in sterile PBS with 3.5 kDa cut-off for 2 hours; sterilization: ; storage_buffer: PBS,"cell_line: HEK293T, HeLa; animal_model: C57BL/6 female mice; administration_route: IV; dose: 0.03 mg/kg; gene_expression_result: Moderate luciferase expression; biodistribution_result: Moderate targeting",,,,10.1039/d1bm01454d,Optimization of phospholipid chemistry for improved lipid nanoparticle (LNP) delivery of messenger RNA (mRNA),"['Ester Alvarez-Benedicto', 'Lukas Farbiak', 'Martha Marquez Ramirez', 'Xu Wang', 'Lindsay T. Johnson', 'Osamah Mian', 'Erick D. Guerrero', 'Daniel J. Siegwart']",Biomaterials Science,2022.0,4A3-SC8,C16-18:1 PE,cholesterol,DMG-PEG2000
801,4A3-SC8,SOPC,cholesterol,DMG-PEG2000,38.5:1.5:30:30,mRNA,firefly_luciferase,O=C(CCN(CCCN(CCCN(CCC(OCCOC(C(CSCCCCCCCC)C)=O)=O)CCC(OCCOC(C(CSCCCCCCCC)C)=O)=O)C)CCC(OCCOC(C(CSCCCCCCCC)C)=O)=O)OCCOC(C(CSCCCCCCCC)C)=O,,C[C@H](CCCC(C)C)[C@H]1CC[C@@H]2[C@@]1(CC[C@H]3[C@H]2CC=C4[C@@]3(CC[C@@H](C4)O)C)C,CCCCCCCCCCCCCC(=O)OCC(COP(=O)([O-])OCCOCCOCCOCCOCCOCCOCCOCCOCCOCCOCCOCCOCCOCCOCCOCCOCCOCCOCCOCCOCCOCCOCCOCCOCCOCCOCCOCCOCCOCCOCCOCCOCCOCCOCCOCCOCCOCCOCCOCCOCCOCCOCCOCCOCCOCCOCCOCCOCCOCCOCCOCCOCCOCCOCCOCCOCCOCCOCCOCCOCCOCCOCCOCCOCCOCCOCCOCCOCCOCCOCCOCCOCCOCCOCCOCCOCCOCCOCCOCCOCCOCCOCCOCCOCCOCCOCCOCCOCCOCCO)OC(=O)CCCCCCCCCCCCC,128.0,,,0.09,,,57.0,,,-0.5,,,wt/wt,23.0,OTHER_wt_ratio,synthesis_method: Rapid hand mixing; device_used: ; total_flow_rate_ml_min: ; flow_rate_ratio: 3:1 (ethanol:aqueous); aqueous_phase_composition: 100 mM citrate buffer pH 3.0; organic_phase_composition: Ethanol solution; mixing_time_sec: 30; temperature_condition: Room temperature; post_processing: Dialysis in sterile PBS with 3.5 kDa cut-off for 2 hours; sterilization: ; storage_buffer: PBS,"cell_line: HEK293T, HeLa; animal_model: C57BL/6 female mice; administration_route: IV; dose: 0.03 mg/kg; gene_expression_result: Low luciferase expression; biodistribution_result: Limited targeting",,,,10.1039/d1bm01454d,Optimization of phospholipid chemistry for improved lipid nanoparticle (LNP) delivery of messenger RNA (mRNA),"['Ester Alvarez-Benedicto', 'Lukas Farbiak', 'Martha Marquez Ramirez', 'Xu Wang', 'Lindsay T. Johnson', 'Osamah Mian', 'Erick D. Guerrero', 'Daniel J. Siegwart']",Biomaterials Science,2022.0,4A3-SC8,SOPC,cholesterol,DMG-PEG2000
802,4A3-SC8,POPC,cholesterol,DMG-PEG2000,38.5:1.5:30:30,mRNA,firefly_luciferase,O=C(CCN(CCCN(CCCN(CCC(OCCOC(C(CSCCCCCCCC)C)=O)=O)CCC(OCCOC(C(CSCCCCCCCC)C)=O)=O)C)CCC(OCCOC(C(CSCCCCCCCC)C)=O)=O)OCCOC(C(CSCCCCCCCC)C)=O,CCCCCCCCCCCCCCCC(=O)OCC(COP(=O)([O-])OCC[N+](C)(C)C)OC(=O)CCCCCCC=CCCCCCCCC,C[C@H](CCCC(C)C)[C@H]1CC[C@@H]2[C@@]1(CC[C@H]3[C@H]2CC=C4[C@@]3(CC[C@@H](C4)O)C)C,CCCCCCCCCCCCCC(=O)OCC(COP(=O)([O-])OCCOCCOCCOCCOCCOCCOCCOCCOCCOCCOCCOCCOCCOCCOCCOCCOCCOCCOCCOCCOCCOCCOCCOCCOCCOCCOCCOCCOCCOCCOCCOCCOCCOCCOCCOCCOCCOCCOCCOCCOCCOCCOCCOCCOCCOCCOCCOCCOCCOCCOCCOCCOCCOCCOCCOCCOCCOCCOCCOCCOCCOCCOCCOCCOCCOCCOCCOCCOCCOCCOCCOCCOCCOCCOCCOCCOCCOCCOCCOCCOCCOCCOCCOCCOCCOCCOCCOCCOCCOCCO)OC(=O)CCCCCCCCCCCCC,232.0,,,0.21,,,78.0,,,-0.5,,,wt/wt,23.0,OTHER_wt_ratio,synthesis_method: Rapid hand mixing; device_used: ; total_flow_rate_ml_min: ; flow_rate_ratio: 3:1 (ethanol:aqueous); aqueous_phase_composition: 100 mM citrate buffer pH 3.0; organic_phase_composition: Ethanol solution; mixing_time_sec: 30; temperature_condition: Room temperature; post_processing: Dialysis in sterile PBS with 3.5 kDa cut-off for 2 hours; sterilization: ; storage_buffer: PBS,"cell_line: HEK293T, HeLa; animal_model: C57BL/6 female mice; administration_route: IV; dose: 0.03 mg/kg; gene_expression_result: Low luciferase expression; biodistribution_result: Limited targeting",,,,10.1039/d1bm01454d,Optimization of phospholipid chemistry for improved lipid nanoparticle (LNP) delivery of messenger RNA (mRNA),"['Ester Alvarez-Benedicto', 'Lukas Farbiak', 'Martha Marquez Ramirez', 'Xu Wang', 'Lindsay T. Johnson', 'Osamah Mian', 'Erick D. Guerrero', 'Daniel J. Siegwart']",Biomaterials Science,2022.0,4A3-SC8,POPC,cholesterol,DMG-PEG2000
803,DLin-MC3-DMA,DSPC,cholesterol,DMG-PEG2000,50:1.5:38.5:10,mRNA,luciferase,CCCCC/C=C\C/C=C\CCCCCCCCC(OC(=O)CCCN(C)C)CCCCCCCC/C=C\C/C=C\CCCCC,CCCCCCCCCCCCCCCCCC(=O)OC[C@H](COP(=O)([O-])OCC[N+](C)(C)C)OC(=O)CCCCCCCCCCCCCCCCC,C[C@H](CCCC(C)C)[C@H]1CC[C@@H]2[C@@]1(CC[C@H]3[C@H]2CC=C4[C@@]3(CC[C@@H](C4)O)C)C,CCCCCCCCCCCCCC(=O)OCC(COP(=O)([O-])OCCOCCOCCOCCOCCOCCOCCOCCOCCOCCOCCOCCOCCOCCOCCOCCOCCOCCOCCOCCOCCOCCOCCOCCOCCOCCOCCOCCOCCOCCOCCOCCOCCOCCOCCOCCOCCOCCOCCOCCOCCOCCOCCOCCOCCOCCOCCOCCOCCOCCOCCOCCOCCOCCOCCOCCOCCOCCOCCOCCOCCOCCOCCOCCOCCOCCOCCOCCOCCOCCOCCOCCOCCOCCOCCOCCOCCOCCOCCOCCOCCOCCOCCOCCOCCOCCOCCOCCOCCOCCO)OC(=O)CCCCCCCCCCCCC,120.5,6.0,,,,,94.2,3.6,,-6.3,1.3,,N:P,6.0,embedded,"synthesis_method: T-junction microfluidic mixing; device_used: T-junction (IDEX Health and Science); total_flow_rate_ml_min: 4.0; flow_rate_ratio: 3:1 (aqueous:organic); aqueous_phase_composition: 25 mM sodium acetate buffer (pH 4.0); organic_phase_composition: pure ethanol; mixing_time_sec: ; temperature_condition: 4¡ÆC during dialysis; post_processing: dialysis against 25 mM sodium acetate buffer (pH 4.0) or PBS (pH 7.4) for 12h using MWCO 3,500; sterilization: ; storage_buffer: PBS (pH 7.4)","animal_model: Balb/cJ mice (female, 8 weeks old); administration_route: intravenous (i.v.); dose: 0.5 mg mRNA/kg; gene_expression_result: luciferase expression measured by IVIS imaging at 12h post-injection; biodistribution_result: primarily liver and spleen distribution",12.0,numeric,,https://doi.org/10.1038/s41467-022-33157-4,Payload distribution and capacity of mRNA lipid nanoparticles,"['Sixuan Li', 'Yizong Hu', 'Andrew Li', 'Jinghan Lin', 'Kuangwen Hsieh', 'Zachary Schneiderman', 'Pengfei Zhang', 'Yining Zhu', 'Chenhu Qiu', 'Efrosini Kokkoli', 'Tza-Huei Wang', 'Hai-Quan Mao']",Nature Communications,2022.0,DLin-MC3-DMA,DSPC (18:0 PC),cholesterol,DMG-PEG2000
804,DLin-MC3-DMA,DSPC + TMR-PC,cholesterol,DMG-PEG2000,50:0.25:38.75:10.5,mRNA,luciferase,CCCCC/C=C\C/C=C\CCCCCCCCC(OC(=O)CCCN(C)C)CCCCCCCC/C=C\C/C=C\CCCCC,CCCCCCCCCCCCCCCCCC(=O)OC[C@H](COP(=O)([O-])OCC[N+](C)(C)C)OC(=O)CCCCCCCCCCCCCCCCC,C[C@H](CCCC(C)C)[C@H]1CC[C@@H]2[C@@]1(CC[C@H]3[C@H]2CC=C4[C@@]3(CC[C@@H](C4)O)C)C,CCCCCCCCCCCCCC(=O)OCC(COP(=O)([O-])OCCOCCOCCOCCOCCOCCOCCOCCOCCOCCOCCOCCOCCOCCOCCOCCOCCOCCOCCOCCOCCOCCOCCOCCOCCOCCOCCOCCOCCOCCOCCOCCOCCOCCOCCOCCOCCOCCOCCOCCOCCOCCOCCOCCOCCOCCOCCOCCOCCOCCOCCOCCOCCOCCOCCOCCOCCOCCOCCOCCOCCOCCOCCOCCOCCOCCOCCOCCOCCOCCOCCOCCOCCOCCOCCOCCOCCOCCOCCOCCOCCOCCOCCOCCOCCOCCOCCOCCOCCOCCO)OC(=O)CCCCCCCCCCCCC,210.0,,,,,,,,,,,,N:P,6.0,embedded,"synthesis_method: T-junction microfluidic mixing; device_used: T-junction (IDEX Health and Science); total_flow_rate_ml_min: 4.0; flow_rate_ratio: 3:1 (aqueous:organic); aqueous_phase_composition: 25 mM sodium acetate buffer (pH 4.0); organic_phase_composition: pure ethanol; mixing_time_sec: ; temperature_condition: 4¡ÆC during dialysis; post_processing: dialysis for 12h using MWCO 3,500; sterilization: ; storage_buffer: PBS (pH 7.4)",,,,,https://doi.org/10.1038/s41467-022-33157-4,Payload distribution and capacity of mRNA lipid nanoparticles,"['Sixuan Li', 'Yizong Hu', 'Andrew Li', 'Jinghan Lin', 'Kuangwen Hsieh', 'Zachary Schneiderman', 'Pengfei Zhang', 'Yining Zhu', 'Chenhu Qiu', 'Efrosini Kokkoli', 'Tza-Huei Wang', 'Hai-Quan Mao']",Nature Communications,2022.0,DLin-MC3-DMA,DSPC + TMR-PC,cholesterol,DMG-PEG2000
805,DLin-MC3-DMA,DSPC + TMR-PC,cholesterol,DMG-PEG2000,50:0.5:38.5:10.5,mRNA,luciferase,CCCCC/C=C\C/C=C\CCCCCCCCC(OC(=O)CCCN(C)C)CCCCCCCC/C=C\C/C=C\CCCCC,CCCCCCCCCCCCCCCCCC(=O)OC[C@H](COP(=O)([O-])OCC[N+](C)(C)C)OC(=O)CCCCCCCCCCCCCCCCC,C[C@H](CCCC(C)C)[C@H]1CC[C@@H]2[C@@]1(CC[C@H]3[C@H]2CC=C4[C@@]3(CC[C@@H](C4)O)C)C,CCCCCCCCCCCCCC(=O)OCC(COP(=O)([O-])OCCOCCOCCOCCOCCOCCOCCOCCOCCOCCOCCOCCOCCOCCOCCOCCOCCOCCOCCOCCOCCOCCOCCOCCOCCOCCOCCOCCOCCOCCOCCOCCOCCOCCOCCOCCOCCOCCOCCOCCOCCOCCOCCOCCOCCOCCOCCOCCOCCOCCOCCOCCOCCOCCOCCOCCOCCOCCOCCOCCOCCOCCOCCOCCOCCOCCOCCOCCOCCOCCOCCOCCOCCOCCOCCOCCOCCOCCOCCOCCOCCOCCOCCOCCOCCOCCOCCOCCOCCOCCO)OC(=O)CCCCCCCCCCCCC,180.0,,,,,,,,,,,,N:P,6.0,embedded,"synthesis_method: T-junction microfluidic mixing; device_used: T-junction (IDEX Health and Science); total_flow_rate_ml_min: 4.0; flow_rate_ratio: 3:1 (aqueous:organic); aqueous_phase_composition: 25 mM sodium acetate buffer (pH 4.0); organic_phase_composition: pure ethanol; mixing_time_sec: ; temperature_condition: 4¡ÆC during dialysis; post_processing: dialysis for 12h using MWCO 3,500; sterilization: ; storage_buffer: PBS (pH 7.4)",,,,,https://doi.org/10.1038/s41467-022-33157-4,Payload distribution and capacity of mRNA lipid nanoparticles,"['Sixuan Li', 'Yizong Hu', 'Andrew Li', 'Jinghan Lin', 'Kuangwen Hsieh', 'Zachary Schneiderman', 'Pengfei Zhang', 'Yining Zhu', 'Chenhu Qiu', 'Efrosini Kokkoli', 'Tza-Huei Wang', 'Hai-Quan Mao']",Nature Communications,2022.0,DLin-MC3-DMA,DSPC + TMR-PC,cholesterol,DMG-PEG2000
806,DLin-MC3-DMA,DSPC + TMR-PC,cholesterol,DMG-PEG2000,50:1.0:38.0:10.5,mRNA,luciferase,CCCCC/C=C\C/C=C\CCCCCCCCC(OC(=O)CCCN(C)C)CCCCCCCC/C=C\C/C=C\CCCCC,CCCCCCCCCCCCCCCCCC(=O)OC[C@H](COP(=O)([O-])OCC[N+](C)(C)C)OC(=O)CCCCCCCCCCCCCCCCC,C[C@H](CCCC(C)C)[C@H]1CC[C@@H]2[C@@]1(CC[C@H]3[C@H]2CC=C4[C@@]3(CC[C@@H](C4)O)C)C,CCCCCCCCCCCCCC(=O)OCC(COP(=O)([O-])OCCOCCOCCOCCOCCOCCOCCOCCOCCOCCOCCOCCOCCOCCOCCOCCOCCOCCOCCOCCOCCOCCOCCOCCOCCOCCOCCOCCOCCOCCOCCOCCOCCOCCOCCOCCOCCOCCOCCOCCOCCOCCOCCOCCOCCOCCOCCOCCOCCOCCOCCOCCOCCOCCOCCOCCOCCOCCOCCOCCOCCOCCOCCOCCOCCOCCOCCOCCOCCOCCOCCOCCOCCOCCOCCOCCOCCOCCOCCOCCOCCOCCOCCOCCOCCOCCOCCOCCOCCOCCO)OC(=O)CCCCCCCCCCCCC,150.0,,,,,,,,,,,,N:P,6.0,embedded,"synthesis_method: T-junction microfluidic mixing; device_used: T-junction (IDEX Health and Science); total_flow_rate_ml_min: 4.0; flow_rate_ratio: 3:1 (aqueous:organic); aqueous_phase_composition: 25 mM sodium acetate buffer (pH 4.0); organic_phase_composition: pure ethanol; mixing_time_sec: ; temperature_condition: 4¡ÆC during dialysis; post_processing: dialysis for 12h using MWCO 3,500; sterilization: ; storage_buffer: PBS (pH 7.4)",,,,,https://doi.org/10.1038/s41467-022-33157-4,Payload distribution and capacity of mRNA lipid nanoparticles,"['Sixuan Li', 'Yizong Hu', 'Andrew Li', 'Jinghan Lin', 'Kuangwen Hsieh', 'Zachary Schneiderman', 'Pengfei Zhang', 'Yining Zhu', 'Chenhu Qiu', 'Efrosini Kokkoli', 'Tza-Huei Wang', 'Hai-Quan Mao']",Nature Communications,2022.0,DLin-MC3-DMA,DSPC + TMR-PC,cholesterol,DMG-PEG2000
807,DLin-MC3-DMA,DSPC + TMR-PC,cholesterol,DMG-PEG2000,50:1.5:38.5:10.5,mRNA,luciferase,CCCCC/C=C\C/C=C\CCCCCCCCC(OC(=O)CCCN(C)C)CCCCCCCC/C=C\C/C=C\CCCCC,CCCCCCCCCCCCCCCCCC(=O)OC[C@H](COP(=O)([O-])OCC[N+](C)(C)C)OC(=O)CCCCCCCCCCCCCCCCC,C[C@H](CCCC(C)C)[C@H]1CC[C@@H]2[C@@]1(CC[C@H]3[C@H]2CC=C4[C@@]3(CC[C@@H](C4)O)C)C,CCCCCCCCCCCCCC(=O)OCC(COP(=O)([O-])OCCOCCOCCOCCOCCOCCOCCOCCOCCOCCOCCOCCOCCOCCOCCOCCOCCOCCOCCOCCOCCOCCOCCOCCOCCOCCOCCOCCOCCOCCOCCOCCOCCOCCOCCOCCOCCOCCOCCOCCOCCOCCOCCOCCOCCOCCOCCOCCOCCOCCOCCOCCOCCOCCOCCOCCOCCOCCOCCOCCOCCOCCOCCOCCOCCOCCOCCOCCOCCOCCOCCOCCOCCOCCOCCOCCOCCOCCOCCOCCOCCOCCOCCOCCOCCOCCOCCOCCOCCOCCO)OC(=O)CCCCCCCCCCCCC,120.5,6.0,,,,,94.2,3.6,,-6.3,1.3,,N:P,6.0,embedded,"synthesis_method: T-junction microfluidic mixing; device_used: T-junction (IDEX Health and Science); total_flow_rate_ml_min: 4.0; flow_rate_ratio: 3:1 (aqueous:organic); aqueous_phase_composition: 25 mM sodium acetate buffer (pH 4.0); organic_phase_composition: pure ethanol; mixing_time_sec: ; temperature_condition: 4¡ÆC during dialysis; post_processing: dialysis for 12h using MWCO 3,500; sterilization: ; storage_buffer: PBS (pH 7.4)",animal_model: Balb/cJ mice; administration_route: intravenous; dose: 0.5 mg mRNA/kg; gene_expression_result: luciferase expression measured; biodistribution_result: liver and spleen distribution,,,,https://doi.org/10.1038/s41467-022-33157-4,Payload distribution and capacity of mRNA lipid nanoparticles,"['Sixuan Li', 'Yizong Hu', 'Andrew Li', 'Jinghan Lin', 'Kuangwen Hsieh', 'Zachary Schneiderman', 'Pengfei Zhang', 'Yining Zhu', 'Chenhu Qiu', 'Efrosini Kokkoli', 'Tza-Huei Wang', 'Hai-Quan Mao']",Nature Communications,2022.0,DLin-MC3-DMA,DSPC + TMR-PC,cholesterol,DMG-PEG2000
808,DLin-MC3-DMA,DSPC + TMR-PC,cholesterol,DMG-PEG2000,50:3.0:35.5:10.5,mRNA,luciferase,CCCCC/C=C\C/C=C\CCCCCCCCC(OC(=O)CCCN(C)C)CCCCCCCC/C=C\C/C=C\CCCCC,CCCCCCCCCCCCCCCCCC(=O)OC[C@H](COP(=O)([O-])OCC[N+](C)(C)C)OC(=O)CCCCCCCCCCCCCCCCC,C[C@H](CCCC(C)C)[C@H]1CC[C@@H]2[C@@]1(CC[C@H]3[C@H]2CC=C4[C@@]3(CC[C@@H](C4)O)C)C,CCCCCCCCCCCCCC(=O)OCC(COP(=O)([O-])OCCOCCOCCOCCOCCOCCOCCOCCOCCOCCOCCOCCOCCOCCOCCOCCOCCOCCOCCOCCOCCOCCOCCOCCOCCOCCOCCOCCOCCOCCOCCOCCOCCOCCOCCOCCOCCOCCOCCOCCOCCOCCOCCOCCOCCOCCOCCOCCOCCOCCOCCOCCOCCOCCOCCOCCOCCOCCOCCOCCOCCOCCOCCOCCOCCOCCOCCOCCOCCOCCOCCOCCOCCOCCOCCOCCOCCOCCOCCOCCOCCOCCOCCOCCOCCOCCOCCOCCOCCOCCO)OC(=O)CCCCCCCCCCCCC,100.0,,,,,,,,,,,,N:P,6.0,embedded,"synthesis_method: T-junction microfluidic mixing; device_used: T-junction (IDEX Health and Science); total_flow_rate_ml_min: 4.0; flow_rate_ratio: 3:1 (aqueous:organic); aqueous_phase_composition: 25 mM sodium acetate buffer (pH 4.0); organic_phase_composition: pure ethanol; mixing_time_sec: ; temperature_condition: 4¡ÆC during dialysis; post_processing: dialysis for 12h using MWCO 3,500; sterilization: ; storage_buffer: PBS (pH 7.4)",,,,,https://doi.org/10.1038/s41467-022-33157-4,Payload distribution and capacity of mRNA lipid nanoparticles,"['Sixuan Li', 'Yizong Hu', 'Andrew Li', 'Jinghan Lin', 'Kuangwen Hsieh', 'Zachary Schneiderman', 'Pengfei Zhang', 'Yining Zhu', 'Chenhu Qiu', 'Efrosini Kokkoli', 'Tza-Huei Wang', 'Hai-Quan Mao']",Nature Communications,2022.0,DLin-MC3-DMA,DSPC + TMR-PC,cholesterol,DMG-PEG2000
809,DLin-MC3-DMA,DSPC + TMR-PC,cholesterol,DMG-PEG2000,variable based on N/P:1.5:38.5:10.5,mRNA,luciferase,CCCCC/C=C\C/C=C\CCCCCCCCC(OC(=O)CCCN(C)C)CCCCCCCC/C=C\C/C=C\CCCCC,CCCCCCCCCCCCCCCCCC(=O)OC[C@H](COP(=O)([O-])OCC[N+](C)(C)C)OC(=O)CCCCCCCCCCCCCCCCC,C[C@H](CCCC(C)C)[C@H]1CC[C@@H]2[C@@]1(CC[C@H]3[C@H]2CC=C4[C@@]3(CC[C@@H](C4)O)C)C,CCCCCCCCCCCCCC(=O)OCC(COP(=O)([O-])OCCOCCOCCOCCOCCOCCOCCOCCOCCOCCOCCOCCOCCOCCOCCOCCOCCOCCOCCOCCOCCOCCOCCOCCOCCOCCOCCOCCOCCOCCOCCOCCOCCOCCOCCOCCOCCOCCOCCOCCOCCOCCOCCOCCOCCOCCOCCOCCOCCOCCOCCOCCOCCOCCOCCOCCOCCOCCOCCOCCOCCOCCOCCOCCOCCOCCOCCOCCOCCOCCOCCOCCOCCOCCOCCOCCOCCOCCOCCOCCOCCOCCOCCOCCOCCOCCOCCOCCOCCOCCO)OC(=O)CCCCCCCCCCCCC,150.0,,range,,,,,,,,,,N:P,1.0,,"synthesis_method: T-junction microfluidic mixing; device_used: T-junction (IDEX Health and Science); total_flow_rate_ml_min: 4.0; flow_rate_ratio: 3:1 (aqueous:organic); aqueous_phase_composition: 25 mM sodium acetate buffer (pH 4.0); organic_phase_composition: pure ethanol; mixing_time_sec: ; temperature_condition: 4¡ÆC during dialysis; post_processing: dialysis for 12h using MWCO 3,500; sterilization: ; storage_buffer: PBS (pH 7.4)",animal_model: Balb/cJ mice; administration_route: intravenous; dose: 0.5 mg mRNA/kg; gene_expression_result: luciferase expression varies with N/P ratio; biodistribution_result: liver and spleen distribution,,,,https://doi.org/10.1038/s41467-022-33157-4,Payload distribution and capacity of mRNA lipid nanoparticles,"['Sixuan Li', 'Yizong Hu', 'Andrew Li', 'Jinghan Lin', 'Kuangwen Hsieh', 'Zachary Schneiderman', 'Pengfei Zhang', 'Yining Zhu', 'Chenhu Qiu', 'Efrosini Kokkoli', 'Tza-Huei Wang', 'Hai-Quan Mao']",Nature Communications,2022.0,DLin-MC3-DMA,DSPC + TMR-PC,cholesterol,DMG-PEG2000
810,DLin-MC3-DMA,DSPC + TMR-PC,cholesterol,DMG-PEG2000,50:1.5:38.5:10.5,mRNA,luciferase,CCCCC/C=C\C/C=C\CCCCCCCCC(OC(=O)CCCN(C)C)CCCCCCCC/C=C\C/C=C\CCCCC,CCCCCCCCCCCCCCCCCC(=O)OC[C@H](COP(=O)([O-])OCC[N+](C)(C)C)OC(=O)CCCCCCCCCCCCCCCCC,C[C@H](CCCC(C)C)[C@H]1CC[C@@H]2[C@@]1(CC[C@H]3[C@H]2CC=C4[C@@]3(CC[C@@H](C4)O)C)C,CCCCCCCCCCCCCC(=O)OCC(COP(=O)([O-])OCCOCCOCCOCCOCCOCCOCCOCCOCCOCCOCCOCCOCCOCCOCCOCCOCCOCCOCCOCCOCCOCCOCCOCCOCCOCCOCCOCCOCCOCCOCCOCCOCCOCCOCCOCCOCCOCCOCCOCCOCCOCCOCCOCCOCCOCCOCCOCCOCCOCCOCCOCCOCCOCCOCCOCCOCCOCCOCCOCCOCCOCCOCCOCCOCCOCCOCCOCCOCCOCCOCCOCCOCCOCCOCCOCCOCCOCCOCCOCCOCCOCCOCCOCCOCCOCCOCCOCCOCCOCCO)OC(=O)CCCCCCCCCCCCC,,,,,,,,,,,,,concentration,5.0,¥ìg/mL,"synthesis_method: T-junction microfluidic mixing; device_used: T-junction (IDEX Health and Science); total_flow_rate_ml_min: 4.0; flow_rate_ratio: 3:1 (aqueous:organic); aqueous_phase_composition: 25 mM sodium acetate buffer (pH 4.0); organic_phase_composition: pure ethanol; mixing_time_sec: ; temperature_condition: 4¡ÆC during dialysis; post_processing: dialysis for 12h using MWCO 3,500; sterilization: ; storage_buffer: PBS (pH 7.4)",,,,,https://doi.org/10.1038/s41467-022-33157-4,Payload distribution and capacity of mRNA lipid nanoparticles,"['Sixuan Li', 'Yizong Hu', 'Andrew Li', 'Jinghan Lin', 'Kuangwen Hsieh', 'Zachary Schneiderman', 'Pengfei Zhang', 'Yining Zhu', 'Chenhu Qiu', 'Efrosini Kokkoli', 'Tza-Huei Wang', 'Hai-Quan Mao']",Nature Communications,2022.0,DLin-MC3-DMA,DSPC + TMR-PC,cholesterol,DMG-PEG2000
811,DLin-MC3-DMA,DSPC + TMR-PC,cholesterol,DMG-PEG2000,50:1.5:38.5:10.5,mRNA,luciferase,CCCCC/C=C\C/C=C\CCCCCCCCC(OC(=O)CCCN(C)C)CCCCCCCC/C=C\C/C=C\CCCCC,CCCCCCCCCCCCCCCCCC(=O)OC[C@H](COP(=O)([O-])OCC[N+](C)(C)C)OC(=O)CCCCCCCCCCCCCCCCC,C[C@H](CCCC(C)C)[C@H]1CC[C@@H]2[C@@]1(CC[C@H]3[C@H]2CC=C4[C@@]3(CC[C@@H](C4)O)C)C,CCCCCCCCCCCCCC(=O)OCC(COP(=O)([O-])OCCOCCOCCOCCOCCOCCOCCOCCOCCOCCOCCOCCOCCOCCOCCOCCOCCOCCOCCOCCOCCOCCOCCOCCOCCOCCOCCOCCOCCOCCOCCOCCOCCOCCOCCOCCOCCOCCOCCOCCOCCOCCOCCOCCOCCOCCOCCOCCOCCOCCOCCOCCOCCOCCOCCOCCOCCOCCOCCOCCOCCOCCOCCOCCOCCOCCOCCOCCOCCOCCOCCOCCOCCOCCOCCOCCOCCOCCOCCOCCOCCOCCOCCOCCOCCOCCOCCOCCOCCOCCO)OC(=O)CCCCCCCCCCCCC,,,,,,,,,,,,,unparsed,,OTHER:doubled_mRNA_copies,"synthesis_method: T-junction microfluidic mixing; device_used: T-junction (IDEX Health and Science); total_flow_rate_ml_min: 4.0; flow_rate_ratio: 3:1 (aqueous:organic); aqueous_phase_composition: 25 mM sodium acetate buffer (pH 4.0); organic_phase_composition: pure ethanol; mixing_time_sec: ; temperature_condition: 4¡ÆC during dialysis; post_processing: dialysis for 12h using MWCO 3,500; sterilization: ; storage_buffer: PBS (pH 7.4)",,,,,https://doi.org/10.1038/s41467-022-33157-4,Payload distribution and capacity of mRNA lipid nanoparticles,"['Sixuan Li', 'Yizong Hu', 'Andrew Li', 'Jinghan Lin', 'Kuangwen Hsieh', 'Zachary Schneiderman', 'Pengfei Zhang', 'Yining Zhu', 'Chenhu Qiu', 'Efrosini Kokkoli', 'Tza-Huei Wang', 'Hai-Quan Mao']",Nature Communications,2022.0,DLin-MC3-DMA,DSPC + TMR-PC,cholesterol,DMG-PEG2000
812,DLin-MC3-DMA,DSPC,cholesterol,DMG-PEG2000,50:1.5:38.5:10,mRNA,luciferase,CCCCC/C=C\C/C=C\CCCCCCCCC(OC(=O)CCCN(C)C)CCCCCCCC/C=C\C/C=C\CCCCC,CCCCCCCCCCCCCCCCCC(=O)OC[C@H](COP(=O)([O-])OCC[N+](C)(C)C)OC(=O)CCCCCCCCCCCCCCCCC,C[C@H](CCCC(C)C)[C@H]1CC[C@@H]2[C@@]1(CC[C@H]3[C@H]2CC=C4[C@@]3(CC[C@@H](C4)O)C)C,CCCCCCCCCCCCCC(=O)OCC(COP(=O)([O-])OCCOCCOCCOCCOCCOCCOCCOCCOCCOCCOCCOCCOCCOCCOCCOCCOCCOCCOCCOCCOCCOCCOCCOCCOCCOCCOCCOCCOCCOCCOCCOCCOCCOCCOCCOCCOCCOCCOCCOCCOCCOCCOCCOCCOCCOCCOCCOCCOCCOCCOCCOCCOCCOCCOCCOCCOCCOCCOCCOCCOCCOCCOCCOCCOCCOCCOCCOCCOCCOCCOCCOCCOCCOCCOCCOCCOCCOCCOCCOCCOCCOCCOCCOCCOCCOCCOCCOCCOCCOCCO)OC(=O)CCCCCCCCCCCCC,113.0,1.4,,,,,95.6,0.6,,-3.2,1.4,,N:P,6.0,,"synthesis_method: T-junction microfluidic mixing; device_used: T-junction (IDEX Health and Science); total_flow_rate_ml_min: 4.0; flow_rate_ratio: 3:1 (aqueous:organic); aqueous_phase_composition: 25 mM sodium acetate buffer (pH 4.0); organic_phase_composition: pure ethanol; mixing_time_sec: ; temperature_condition: 4¡ÆC during dialysis; post_processing: dialysis for 12h using MWCO 3,500; sterilization: ; storage_buffer: PBS (pH 7.4)",,,,,https://doi.org/10.1038/s41467-022-33157-4,Payload distribution and capacity of mRNA lipid nanoparticles,"['Sixuan Li', 'Yizong Hu', 'Andrew Li', 'Jinghan Lin', 'Kuangwen Hsieh', 'Zachary Schneiderman', 'Pengfei Zhang', 'Yining Zhu', 'Chenhu Qiu', 'Efrosini Kokkoli', 'Tza-Huei Wang', 'Hai-Quan Mao']",Nature Communications,2022.0,DLin-MC3-DMA,DSPC (non-fluorescent),cholesterol,DMG-PEG2000
846,Custom lipid,DOPE,cholesterol,DMG-PEG2000,15:2:25:20,mRNA,firefly_luciferase,CCCCCCCCCCCCN(C)C(=O)CCCOC(COC(=O)CCCN(C)CCCCCCCCCCCC)(COC(=O)CCCN(C)CCCCCCCCCCCC)OC(=O)CCCN(C)CCCCCCCCCCCC,CCCCCCCC/C=C\CCCCCCCC(=O)OC[C@H](COP(=O)(O)OCCN)OC(=O)CCCCCCC/C=C\CCCCCCCC,C[C@H](CCCC(C)C)[C@H]1CC[C@@H]2[C@@]1(CC[C@H]3[C@H]2CC=C4[C@@]3(CC[C@@H](C4)O)C)C,CCCCCCCCCCCCCC(=O)OCC(COP(=O)([O-])OCCOCCOCCOCCOCCOCCOCCOCCOCCOCCOCCOCCOCCOCCOCCOCCOCCOCCOCCOCCOCCOCCOCCOCCOCCOCCOCCOCCOCCOCCOCCOCCOCCOCCOCCOCCOCCOCCOCCOCCOCCOCCOCCOCCOCCOCCOCCOCCOCCOCCOCCOCCOCCOCCOCCOCCOCCOCCOCCOCCOCCOCCOCCOCCOCCOCCOCCOCCOCCOCCOCCOCCOCCOCCOCCOCCOCCOCCOCCOCCOCCOCCOCCOCCOCCOCCOCCOCCOCCOCCO)OC(=O)CCCCCCCCCCCCC,80.0,,,0.15,,,,,,-8.5,,,wt/wt,10.0,lipid:mRNA,"synthesis_method: Ethanol dilution; device_used: ; total_flow_rate_ml_min: ; flow_rate_ratio: 1:3 (ethanol:aqueous); aqueous_phase_composition: 10 mM sodium citrate buffer, pH 4.0; organic_phase_composition: 100% ethanol; mixing_time_sec: 900; temperature_condition: room temperature; post_processing: dialysis against 1¡¿ PBS for 2 h; sterilization: ; storage_buffer: 1¡¿ PBS","cell_line: IGROV1; animal_model: C57BL/6 mice; administration_route: i.v.; dose: 0.25 mg/kg mRNA; gene_expression_result: 97.9% liver expression; biodistribution_result: Liver (97.9%), Spleen (1.5%), Lung (0.4%), Heart (0.1%), Kidney (0.1%); toxicity_profile: well tolerated",97.9,percent,,https://doi.org/10.1038/s41467-024-50093-7,Reformulating lipid nanoparticles for organ-targeted mRNA accumulation and translation,"['Kexin Su', 'Lu Shi', 'Tao Sheng', 'Xinxin Yan', 'Lixin Lin', 'Chaoyang Meng', 'Shiqi Wu', 'Yuxuan Chen', 'Yao Zhang', 'Chaorong Wang', 'Zichuan Wang', 'Junjie Qiu', 'Jiahui Zhao', 'Tengfei Xu', 'Yuan Ping', 'Zhen Gu', 'Shuai Liu']",Nature Communications,2024.0,6Ac1-C12,DOPE,cholesterol,DMG-PEG2000
847,Custom lipid,DOPE,cholesterol,DMG-PEG2000,15:2:25:20,mRNA,firefly_luciferase,,CCCCCCCC/C=C\CCCCCCCC(=O)OC[C@H](COP(=O)(O)OCCN)OC(=O)CCCCCCC/C=C\CCCCCCCC,C[C@H](CCCC(C)C)[C@H]1CC[C@@H]2[C@@]1(CC[C@H]3[C@H]2CC=C4[C@@]3(CC[C@@H](C4)O)C)C,CCCCCCCCCCCCCC(=O)OCC(COP(=O)([O-])OCCOCCOCCOCCOCCOCCOCCOCCOCCOCCOCCOCCOCCOCCOCCOCCOCCOCCOCCOCCOCCOCCOCCOCCOCCOCCOCCOCCOCCOCCOCCOCCOCCOCCOCCOCCOCCOCCOCCOCCOCCOCCOCCOCCOCCOCCOCCOCCOCCOCCOCCOCCOCCOCCOCCOCCOCCOCCOCCOCCOCCOCCOCCOCCOCCOCCOCCOCCOCCOCCOCCOCCOCCOCCOCCOCCOCCOCCOCCOCCOCCOCCOCCOCCOCCOCCOCCOCCOCCOCCO)OC(=O)CCCCCCCCCCCCC,85.0,,,0.18,,,,,,-8.0,,,wt/wt,10.0,lipid:mRNA,"synthesis_method: Ethanol dilution; device_used: ; total_flow_rate_ml_min: ; flow_rate_ratio: 1:3 (ethanol:aqueous); aqueous_phase_composition: 10 mM sodium citrate buffer, pH 4.0; organic_phase_composition: 100% ethanol; mixing_time_sec: 900; temperature_condition: room temperature; post_processing: dialysis against 1¡¿ PBS for 2 h; sterilization: ; storage_buffer: 1¡¿ PBS",cell_line: IGROV1; animal_model: C57BL/6 mice; administration_route: i.v.; dose: 0.25 mg/kg mRNA; gene_expression_result: liver-targeted expression; biodistribution_result: primarily liver; toxicity_profile: well tolerated,,,,https://doi.org/10.1038/s41467-024-50093-7,Reformulating lipid nanoparticles for organ-targeted mRNA accumulation and translation,"['Kexin Su', 'Lu Shi', 'Tao Sheng', 'Xinxin Yan', 'Lixin Lin', 'Chaoyang Meng', 'Shiqi Wu', 'Yuxuan Chen', 'Yao Zhang', 'Chaorong Wang', 'Zichuan Wang', 'Junjie Qiu', 'Jiahui Zhao', 'Tengfei Xu', 'Yuan Ping', 'Zhen Gu', 'Shuai Liu']",Nature Communications,2024.0,5Ac1-C12,DOPE,cholesterol,DMG-PEG2000
853,Custom lipid,DOPE,cholesterol,DMG-PEG2000,15:2:25:20,mRNA,firefly_luciferase,,CCCCCCCC/C=C\CCCCCCCC(=O)OC[C@H](COP(=O)(O)OCCN)OC(=O)CCCCCCC/C=C\CCCCCCCC,C[C@H](CCCC(C)C)[C@H]1CC[C@@H]2[C@@]1(CC[C@H]3[C@H]2CC=C4[C@@]3(CC[C@@H](C4)O)C)C,CCCCCCCCCCCCCC(=O)OCC(COP(=O)([O-])OCCOCCOCCOCCOCCOCCOCCOCCOCCOCCOCCOCCOCCOCCOCCOCCOCCOCCOCCOCCOCCOCCOCCOCCOCCOCCOCCOCCOCCOCCOCCOCCOCCOCCOCCOCCOCCOCCOCCOCCOCCOCCOCCOCCOCCOCCOCCOCCOCCOCCOCCOCCOCCOCCOCCOCCOCCOCCOCCOCCOCCOCCOCCOCCOCCOCCOCCOCCOCCOCCOCCOCCOCCOCCOCCOCCOCCOCCOCCOCCOCCOCCOCCOCCOCCOCCOCCOCCOCCOCCO)OC(=O)CCCCCCCCCCCCC,82.0,,,0.16,,,,,,-7.2,,,wt/wt,10.0,lipid:mRNA,"synthesis_method: Ethanol dilution; device_used: ; total_flow_rate_ml_min: ; flow_rate_ratio: 1:3 (ethanol:aqueous); aqueous_phase_composition: 10 mM sodium citrate buffer, pH 4.0; organic_phase_composition: 100% ethanol; mixing_time_sec: 900; temperature_condition: room temperature; post_processing: dialysis against 1¡¿ PBS for 2 h; sterilization: ; storage_buffer: 1¡¿ PBS",cell_line: IGROV1; animal_model: C57BL/6 mice; administration_route: i.v.; dose: 0.25 mg/kg mRNA; gene_expression_result: spleen-specific expression; biodistribution_result: primarily spleen; toxicity_profile: well tolerated,,,,https://doi.org/10.1038/s41467-024-50093-7,Reformulating lipid nanoparticles for organ-targeted mRNA accumulation and translation,"['Kexin Su', 'Lu Shi', 'Tao Sheng', 'Xinxin Yan', 'Lixin Lin', 'Chaoyang Meng', 'Shiqi Wu', 'Yuxuan Chen', 'Yao Zhang', 'Chaorong Wang', 'Zichuan Wang', 'Junjie Qiu', 'Jiahui Zhao', 'Tengfei Xu', 'Yuan Ping', 'Zhen Gu', 'Shuai Liu']",Nature Communications,2024.0,2Ac3-C18,DOPE,cholesterol,DMG-PEG2000
854,SM-102,DSPC,cholesterol,DMG-PEG2000,50:1.5:38.5:10,mRNA,firefly_luciferase,CCCCCCCCCCCOC(=O)CCCCCN(CCCCCCCC(=O)OC(CCCCCCCC)CCCCCCCC)CCO  ,CCCCCCCCCCCCCCCCCC(=O)OC[C@H](COP(=O)([O-])OCC[N+](C)(C)C)OC(=O)CCCCCCCCCCCCCCCCC,C[C@H](CCCC(C)C)[C@H]1CC[C@@H]2[C@@]1(CC[C@H]3[C@H]2CC=C4[C@@]3(CC[C@@H](C4)O)C)C,CCCCCCCCCCCCCC(=O)OCC(COP(=O)([O-])OCCOCCOCCOCCOCCOCCOCCOCCOCCOCCOCCOCCOCCOCCOCCOCCOCCOCCOCCOCCOCCOCCOCCOCCOCCOCCOCCOCCOCCOCCOCCOCCOCCOCCOCCOCCOCCOCCOCCOCCOCCOCCOCCOCCOCCOCCOCCOCCOCCOCCOCCOCCOCCOCCOCCOCCOCCOCCOCCOCCOCCOCCOCCOCCOCCOCCOCCOCCOCCOCCOCCOCCOCCOCCOCCOCCOCCOCCOCCOCCOCCOCCOCCOCCOCCOCCOCCOCCOCCOCCO)OC(=O)CCCCCCCCCCCCC,85.0,,,0.14,,,,,,-6.8,,,,,,"synthesis_method: Ethanol dilution; device_used: ; total_flow_rate_ml_min: ; flow_rate_ratio: 1:3 (ethanol:aqueous); aqueous_phase_composition: 10 mM sodium citrate buffer, pH 4.0; organic_phase_composition: 100% ethanol; mixing_time_sec: 900; temperature_condition: room temperature; post_processing: dialysis against 1¡¿ PBS for 2 h; sterilization: ; storage_buffer: 1¡¿ PBS","cell_line: IGROV1; animal_model: C57BL/6 mice; administration_route: i.v. and i.m.; dose: 0.25 mg/kg mRNA; gene_expression_result: liver expression (i.v.), muscle expression (i.m.); biodistribution_result: primarily liver (i.v.); toxicity_profile: well tolerated",,,,https://doi.org/10.1038/s41467-024-50093-7,Reformulating lipid nanoparticles for organ-targeted mRNA accumulation and translation,"['Kexin Su', 'Lu Shi', 'Tao Sheng', 'Xinxin Yan', 'Lixin Lin', 'Chaoyang Meng', 'Shiqi Wu', 'Yuxuan Chen', 'Yao Zhang', 'Chaorong Wang', 'Zichuan Wang', 'Junjie Qiu', 'Jiahui Zhao', 'Tengfei Xu', 'Yuan Ping', 'Zhen Gu', 'Shuai Liu']",Nature Communications,2024.0,SM-102,DSPC,cholesterol,DMG-PEG2000
856,ALC-0315,DSPC,cholesterol,ALC-0159,46.3:1.6:42.7:9.4,mRNA,firefly_luciferase,CCCCCCCCC(CCCCCC)C(=O)OCCCCCCN(CCCCCCOC(=O)C(CCCCCC)CCCCCCCC)CCCCO,CCCCCCCCCCCCCCCCCC(=O)OC[C@H](COP(=O)([O-])OCC[N+](C)(C)C)OC(=O)CCCCCCCCCCCCCCCCC,C[C@H](CCCC(C)C)[C@H]1CC[C@@H]2[C@@]1(CC[C@H]3[C@H]2CC=C4[C@@]3(CC[C@@H](C4)O)C)C,CCCCCCCCCCCCCCCCCCCCCCCCCCCCCCCCCCCCCCCCCCCCCCCCCCCCCCCCCCN(CCCCCCCCCC(=O)OC)CC(O)COC(=O)CCCCCCCCC,88.0,,,0.13,,,,,,-6.5,,,,,,"synthesis_method: Ethanol dilution; device_used: ; total_flow_rate_ml_min: ; flow_rate_ratio: 1:3 (ethanol:aqueous); aqueous_phase_composition: 10 mM sodium citrate buffer, pH 4.0; organic_phase_composition: 100% ethanol; mixing_time_sec: 900; temperature_condition: room temperature; post_processing: dialysis against 1¡¿ PBS for 2 h; sterilization: ; storage_buffer: 1¡¿ PBS","cell_line: IGROV1; animal_model: C57BL/6 mice; administration_route: i.v. and i.m.; dose: 0.25 mg/kg mRNA; gene_expression_result: liver expression (i.v.), muscle expression (i.m.); biodistribution_result: primarily liver (i.v.); toxicity_profile: well tolerated",,,,https://doi.org/10.1038/s41467-024-50093-7,Reformulating lipid nanoparticles for organ-targeted mRNA accumulation and translation,"['Kexin Su', 'Lu Shi', 'Tao Sheng', 'Xinxin Yan', 'Lixin Lin', 'Chaoyang Meng', 'Shiqi Wu', 'Yuxuan Chen', 'Yao Zhang', 'Chaorong Wang', 'Zichuan Wang', 'Junjie Qiu', 'Jiahui Zhao', 'Tengfei Xu', 'Yuan Ping', 'Zhen Gu', 'Shuai Liu']",Nature Communications,2024.0,ALC-0315,DSPC,cholesterol,ALC-0159
858,DLin-MC3-DMA,DSPC,cholesterol,DMG-PEG2000,50:1.5:38.5:10,mRNA,firefly_luciferase,CCCCC/C=C\C/C=C\CCCCCCCCC(OC(=O)CCCN(C)C)CCCCCCCC/C=C\C/C=C\CCCCC,CCCCCCCCCCCCCCCCCC(=O)OC[C@H](COP(=O)([O-])OCC[N+](C)(C)C)OC(=O)CCCCCCCCCCCCCCCCC,C[C@H](CCCC(C)C)[C@H]1CC[C@@H]2[C@@]1(CC[C@H]3[C@H]2CC=C4[C@@]3(CC[C@@H](C4)O)C)C,CCCCCCCCCCCCCC(=O)OCC(COP(=O)([O-])OCCOCCOCCOCCOCCOCCOCCOCCOCCOCCOCCOCCOCCOCCOCCOCCOCCOCCOCCOCCOCCOCCOCCOCCOCCOCCOCCOCCOCCOCCOCCOCCOCCOCCOCCOCCOCCOCCOCCOCCOCCOCCOCCOCCOCCOCCOCCOCCOCCOCCOCCOCCOCCOCCOCCOCCOCCOCCOCCOCCOCCOCCOCCOCCOCCOCCOCCOCCOCCOCCOCCOCCOCCOCCOCCOCCOCCOCCOCCOCCOCCOCCOCCOCCOCCOCCOCCOCCOCCOCCO)OC(=O)CCCCCCCCCCCCC,92.0,,,0.15,,,,,,-7.0,,,,,,"synthesis_method: Ethanol dilution; device_used: ; total_flow_rate_ml_min: ; flow_rate_ratio: 1:3 (ethanol:aqueous); aqueous_phase_composition: 10 mM sodium citrate buffer, pH 4.0; organic_phase_composition: 100% ethanol; mixing_time_sec: 900; temperature_condition: room temperature; post_processing: dialysis against 1¡¿ PBS for 2 h; sterilization: ; storage_buffer: 1¡¿ PBS","cell_line: IGROV1; animal_model: C57BL/6 mice; administration_route: i.v. and i.m.; dose: 0.25 mg/kg mRNA; gene_expression_result: liver expression (i.v.), muscle expression (i.m.); biodistribution_result: primarily liver (i.v.); toxicity_profile: well tolerated",,,,https://doi.org/10.1038/s41467-024-50093-7,Reformulating lipid nanoparticles for organ-targeted mRNA accumulation and translation,"['Kexin Su', 'Lu Shi', 'Tao Sheng', 'Xinxin Yan', 'Lixin Lin', 'Chaoyang Meng', 'Shiqi Wu', 'Yuxuan Chen', 'Yao Zhang', 'Chaorong Wang', 'Zichuan Wang', 'Junjie Qiu', 'Jiahui Zhao', 'Tengfei Xu', 'Yuan Ping', 'Zhen Gu', 'Shuai Liu']",Nature Communications,2024.0,DLin-MC3-DMA,DSPC,cholesterol,DMG-PEG2000
860,Custom lipid,DOPE,cholesterol,DMG-PEG2000,15:2:25:20,mRNA,firefly_luciferase,,CCCCCCCC/C=C\CCCCCCCC(=O)OC[C@H](COP(=O)(O)OCCN)OC(=O)CCCCCCC/C=C\CCCCCCCC,C[C@H](CCCC(C)C)[C@H]1CC[C@@H]2[C@@]1(CC[C@H]3[C@H]2CC=C4[C@@]3(CC[C@@H](C4)O)C)C,CCCCCCCCCCCCCC(=O)OCC(COP(=O)([O-])OCCOCCOCCOCCOCCOCCOCCOCCOCCOCCOCCOCCOCCOCCOCCOCCOCCOCCOCCOCCOCCOCCOCCOCCOCCOCCOCCOCCOCCOCCOCCOCCOCCOCCOCCOCCOCCOCCOCCOCCOCCOCCOCCOCCOCCOCCOCCOCCOCCOCCOCCOCCOCCOCCOCCOCCOCCOCCOCCOCCOCCOCCOCCOCCOCCOCCOCCOCCOCCOCCOCCOCCOCCOCCOCCOCCOCCOCCOCCOCCOCCOCCOCCOCCOCCOCCOCCOCCOCCOCCO)OC(=O)CCCCCCCCCCCCC,78.0,,,0.14,,,,,,-6.2,,,wt/wt,10.0,lipid:mRNA,"synthesis_method: Ethanol dilution; device_used: ; total_flow_rate_ml_min: ; flow_rate_ratio: 1:3 (ethanol:aqueous); aqueous_phase_composition: 10 mM sodium citrate buffer, pH 4.0; organic_phase_composition: 100% ethanol; mixing_time_sec: 900; temperature_condition: room temperature; post_processing: dialysis against 1¡¿ PBS for 2 h; sterilization: ; storage_buffer: 1¡¿ PBS",cell_line: IGROV1; animal_model: C57BL/6 mice; administration_route: i.v.; dose: 0.25 mg/kg mRNA; gene_expression_result: liver-targeted expression; biodistribution_result: primarily liver; toxicity_profile: well tolerated,,,,https://doi.org/10.1038/s41467-024-50093-7,Reformulating lipid nanoparticles for organ-targeted mRNA accumulation and translation,"['Kexin Su', 'Lu Shi', 'Tao Sheng', 'Xinxin Yan', 'Lixin Lin', 'Chaoyang Meng', 'Shiqi Wu', 'Yuxuan Chen', 'Yao Zhang', 'Chaorong Wang', 'Zichuan Wang', 'Junjie Qiu', 'Jiahui Zhao', 'Tengfei Xu', 'Yuan Ping', 'Zhen Gu', 'Shuai Liu']",Nature Communications,2024.0,6Ac1-C8,DOPE,cholesterol,DMG-PEG2000
861,Custom lipid,DOPE,cholesterol,DMG-PEG2000,15:2:25:20,mRNA,firefly_luciferase,,CCCCCCCC/C=C\CCCCCCCC(=O)OC[C@H](COP(=O)(O)OCCN)OC(=O)CCCCCCC/C=C\CCCCCCCC,C[C@H](CCCC(C)C)[C@H]1CC[C@@H]2[C@@]1(CC[C@H]3[C@H]2CC=C4[C@@]3(CC[C@@H](C4)O)C)C,CCCCCCCCCCCCCC(=O)OCC(COP(=O)([O-])OCCOCCOCCOCCOCCOCCOCCOCCOCCOCCOCCOCCOCCOCCOCCOCCOCCOCCOCCOCCOCCOCCOCCOCCOCCOCCOCCOCCOCCOCCOCCOCCOCCOCCOCCOCCOCCOCCOCCOCCOCCOCCOCCOCCOCCOCCOCCOCCOCCOCCOCCOCCOCCOCCOCCOCCOCCOCCOCCOCCOCCOCCOCCOCCOCCOCCOCCOCCOCCOCCOCCOCCOCCOCCOCCOCCOCCOCCOCCOCCOCCOCCOCCOCCOCCOCCOCCOCCOCCOCCO)OC(=O)CCCCCCCCCCCCC,95.0,,,0.21,,,,,,-9.5,,,wt/wt,10.0,lipid:mRNA,"synthesis_method: Ethanol dilution; device_used: ; total_flow_rate_ml_min: ; flow_rate_ratio: 1:3 (ethanol:aqueous); aqueous_phase_composition: 10 mM sodium citrate buffer, pH 4.0; organic_phase_composition: 100% ethanol; mixing_time_sec: 900; temperature_condition: room temperature; post_processing: dialysis against 1¡¿ PBS for 2 h; sterilization: ; storage_buffer: 1¡¿ PBS",cell_line: IGROV1; animal_model: C57BL/6 mice; administration_route: i.v.; dose: 0.25 mg/kg mRNA; gene_expression_result: liver-targeted expression; biodistribution_result: primarily liver; toxicity_profile: well tolerated,,,,https://doi.org/10.1038/s41467-024-50093-7,Reformulating lipid nanoparticles for organ-targeted mRNA accumulation and translation,"['Kexin Su', 'Lu Shi', 'Tao Sheng', 'Xinxin Yan', 'Lixin Lin', 'Chaoyang Meng', 'Shiqi Wu', 'Yuxuan Chen', 'Yao Zhang', 'Chaorong Wang', 'Zichuan Wang', 'Junjie Qiu', 'Jiahui Zhao', 'Tengfei Xu', 'Yuan Ping', 'Zhen Gu', 'Shuai Liu']",Nature Communications,2024.0,6Ac1-C18,DOPE,cholesterol,DMG-PEG2000
862,ALC-0315,DSPC,cholesterol,ALC-0159,46.3:9.4:42.7:1.6,mRNA,firefly_luciferase,CCCCCCCCC(CCCCCC)C(=O)OCCCCCCN(CCCCCCOC(=O)C(CCCCCC)CCCCCCCC)CCCCO,CCCCCCCCCCCCCCCCCC(=O)OC[C@H](COP(=O)([O-])OCC[N+](C)(C)C)OC(=O)CCCCCCCCCCCCCCCCC,C[C@H](CCCC(C)C)[C@H]1CC[C@@H]2[C@@]1(CC[C@H]3[C@H]2CC=C4[C@@]3(CC[C@@H](C4)O)C)C,CCCCCCCCCCCCCCCCCCCCCCCCCCCCCCCCCCCCCCCCCCCCCCCCCCCCCCCCCCN(CCCCCCCCCC(=O)OC)CC(O)COC(=O)CCCCCCCCC,183.3,1.5,,,,,80.0,,approx,,,,N:P,6.0,,synthesis_method: Manual mixing; device_used: Pipette mixing; total_flow_rate_ml_min: ; flow_rate_ratio: 3:1 (aqueous:organic); aqueous_phase_composition: 1 mM sodium acetate buffer at pH 5.2; organic_phase_composition: Lipids dissolved in ethanol solution; mixing_time_sec: 1200; temperature_condition: Room temperature; post_processing: Buffer dilution to reduce ethanol concentration; sterilization: ; storage_buffer: Room temperature for 20 min,"cell_line: HepG2, A549; animal_model: BALB/c mice; administration_route: Subcutaneous; dose: 1 ¥ìg mRNA per mouse (in vivo), 100 ng mRNA per well (in vitro); gene_expression_result: Standard reference for comparison; biodistribution_result: High liver, skin, lymph node accumulation; toxicity_profile: No significant toxicity in mice",,,,https://doi.org/10.1016/j.jconrel.2025.01.071,Role of PEGylated lipid in lipid nanoparticle formulation for in vitro and in vivo delivery of mRNA vaccines,"['Li Zhang', 'Brandon Yi Loong Seow', 'Ki Hyun Bae', 'Yue Zhang', 'Kuo-Chieh Liao', 'Yue Wan', 'Yi Yan Yang']",Journal of Controlled Release,2025.0,ALC-0315,DSPC,cholesterol,ALC-0159
863,ALC-0315,DSPC,cholesterol,ALC-0159,46.3:9.4:42.7:1.6,mRNA,firefly_luciferase,CCCCCCCCC(CCCCCC)C(=O)OCCCCCCN(CCCCCCOC(=O)C(CCCCCC)CCCCCCCC)CCCCO,CCCCCCCCCCCCCCCCCC(=O)OC[C@H](COP(=O)([O-])OCC[N+](C)(C)C)OC(=O)CCCCCCCCCCCCCCCCC,C[C@H](CCCC(C)C)[C@H]1CC[C@@H]2[C@@]1(CC[C@H]3[C@H]2CC=C4[C@@]3(CC[C@@H](C4)O)C)C,CCCCCCCCCCCCCCCCCCCCCCCCCCCCCCCCCCCCCCCCCCCCCCCCCCCCCCCCCCN(CCCCCCCCCC(=O)OC)CC(O)COC(=O)CCCCCCCCC,70.0,,approx,0.2,,censored,80.0,,approx,,,,N:P,6.0,,"synthesis_method: Microfluidic mixing; device_used: NanoAssemblr Benchtop; total_flow_rate_ml_min: 12; flow_rate_ratio: 3:1 (aqueous:organic); aqueous_phase_composition: 1 mM sodium acetate buffer at pH 5.2; organic_phase_composition: Lipids dissolved in ethanol solution; mixing_time_sec: ; temperature_condition: Room temperature; post_processing: Diluted 40 times with PBS, concentrated by ultracentrifugation (30,000 Da MWCO) at 1500g, 4¡ÆC; sterilization: ; storage_buffer: PBS, stored at 4¡ÆC","cell_line: HepG2, A549; animal_model: BALB/c mice; administration_route: Subcutaneous; dose: 1 ¥ìg mRNA per mouse (in vivo), 100 ng mRNA per well (in vitro); gene_expression_result: 9.36-fold increase vs manual mixing in HepG2, 4.92-fold in A549; biodistribution_result: High liver, skin, lymph node accumulation; toxicity_profile: No significant toxicity in mice",9.36,numeric,0.42857142857142855,https://doi.org/10.1016/j.jconrel.2025.01.071,Role of PEGylated lipid in lipid nanoparticle formulation for in vitro and in vivo delivery of mRNA vaccines,"['Li Zhang', 'Brandon Yi Loong Seow', 'Ki Hyun Bae', 'Yue Zhang', 'Kuo-Chieh Liao', 'Yue Wan', 'Yi Yan Yang']",Journal of Controlled Release,2025.0,ALC-0315,DSPC,cholesterol,ALC-0159
864,ALC-0315,DSPC,cholesterol,DMG-PEG2000,46.3:9.4:42.7:1.6,mRNA,firefly_luciferase,CCCCCCCCC(CCCCCC)C(=O)OCCCCCCN(CCCCCCOC(=O)C(CCCCCC)CCCCCCCC)CCCCO,CCCCCCCCCCCCCCCCCC(=O)OC[C@H](COP(=O)([O-])OCC[N+](C)(C)C)OC(=O)CCCCCCCCCCCCCCCCC,C[C@H](CCCC(C)C)[C@H]1CC[C@@H]2[C@@]1(CC[C@H]3[C@H]2CC=C4[C@@]3(CC[C@@H](C4)O)C)C,CCCCCCCCCCCCCC(=O)OCC(COP(=O)([O-])OCCOCCOCCOCCOCCOCCOCCOCCOCCOCCOCCOCCOCCOCCOCCOCCOCCOCCOCCOCCOCCOCCOCCOCCOCCOCCOCCOCCOCCOCCOCCOCCOCCOCCOCCOCCOCCOCCOCCOCCOCCOCCOCCOCCOCCOCCOCCOCCOCCOCCOCCOCCOCCOCCOCCOCCOCCOCCOCCOCCOCCOCCOCCOCCOCCOCCOCCOCCOCCOCCOCCOCCOCCOCCOCCOCCOCCOCCOCCOCCOCCOCCOCCOCCOCCOCCOCCOCCOCCOCCO)OC(=O)CCCCCCCCCCCCC,65.0,,approx,0.2,,censored,80.0,,approx,,,,N:P,6.0,,"synthesis_method: Microfluidic mixing; device_used: NanoAssemblr Benchtop; total_flow_rate_ml_min: 12; flow_rate_ratio: 3:1 (aqueous:organic); aqueous_phase_composition: 1 mM sodium acetate buffer at pH 5.2; organic_phase_composition: Lipids dissolved in ethanol solution; mixing_time_sec: ; temperature_condition: Room temperature; post_processing: Diluted 40 times with PBS, concentrated by ultracentrifugation; sterilization: ; storage_buffer: PBS, stored at 4¡ÆC","cell_line: HepG2, A549; dose: 100 ng mRNA per well (in vitro); gene_expression_result: Comparable to ALC-0159; toxicity_profile: Cell viability >90%",159.0,numeric,1.0,https://doi.org/10.1016/j.jconrel.2025.01.071,Role of PEGylated lipid in lipid nanoparticle formulation for in vitro and in vivo delivery of mRNA vaccines,"['Li Zhang', 'Brandon Yi Loong Seow', 'Ki Hyun Bae', 'Yue Zhang', 'Kuo-Chieh Liao', 'Yue Wan', 'Yi Yan Yang']",Journal of Controlled Release,2025.0,ALC-0315,DSPC,cholesterol,DMG-PEG
865,ALC-0315,DSPC,cholesterol,DMG-PEG2000,46.3:9.4:42.7:1.6,mRNA,firefly_luciferase,CCCCCCCCC(CCCCCC)C(=O)OCCCCCCN(CCCCCCOC(=O)C(CCCCCC)CCCCCCCC)CCCCO,CCCCCCCCCCCCCCCCCC(=O)OC[C@H](COP(=O)([O-])OCC[N+](C)(C)C)OC(=O)CCCCCCCCCCCCCCCCC,C[C@H](CCCC(C)C)[C@H]1CC[C@@H]2[C@@]1(CC[C@H]3[C@H]2CC=C4[C@@]3(CC[C@@H](C4)O)C)C,CCCCCCCCCCCCCC(=O)OCC(COP(=O)([O-])OCCOCCOCCOCCOCCOCCOCCOCCOCCOCCOCCOCCOCCOCCOCCOCCOCCOCCOCCOCCOCCOCCOCCOCCOCCOCCOCCOCCOCCOCCOCCOCCOCCOCCOCCOCCOCCOCCOCCOCCOCCOCCOCCOCCOCCOCCOCCOCCOCCOCCOCCOCCOCCOCCOCCOCCOCCOCCOCCOCCOCCOCCOCCOCCOCCOCCOCCOCCOCCOCCOCCOCCOCCOCCOCCOCCOCCOCCOCCOCCOCCOCCOCCOCCOCCOCCOCCOCCOCCOCCO)OC(=O)CCCCCCCCCCCCC,65.0,,approx,0.2,,censored,80.0,,approx,,,,N:P,6.0,,"synthesis_method: Microfluidic mixing; device_used: NanoAssemblr Benchtop; total_flow_rate_ml_min: 12; flow_rate_ratio: 3:1 (aqueous:organic); aqueous_phase_composition: 1 mM sodium acetate buffer at pH 5.2; organic_phase_composition: Lipids dissolved in ethanol solution; mixing_time_sec: ; temperature_condition: Room temperature; post_processing: Diluted 40 times with PBS, concentrated by ultracentrifugation; sterilization: ; storage_buffer: PBS, stored at 4¡ÆC","cell_line: HepG2, A549; dose: 100 ng mRNA per well (in vitro); gene_expression_result: 1.70-fold higher than DMG-PEG in HepG2, 1.25-fold in A549; toxicity_profile: Cell viability >90%",1.7,numeric,0.14285714285714285,https://doi.org/10.1016/j.jconrel.2025.01.071,Role of PEGylated lipid in lipid nanoparticle formulation for in vitro and in vivo delivery of mRNA vaccines,"['Li Zhang', 'Brandon Yi Loong Seow', 'Ki Hyun Bae', 'Yue Zhang', 'Kuo-Chieh Liao', 'Yue Wan', 'Yi Yan Yang']",Journal of Controlled Release,2025.0,ALC-0315,DSPC,cholesterol,DMG-C-PEG
866,ALC-0315,DSPC,cholesterol,DSG-PEG2000,46.3:9.4:42.7:1.6,mRNA,firefly_luciferase,CCCCCCCCC(CCCCCC)C(=O)OCCCCCCN(CCCCCCOC(=O)C(CCCCCC)CCCCCCCC)CCCCO,CCCCCCCCCCCCCCCCCC(=O)OC[C@H](COP(=O)([O-])OCC[N+](C)(C)C)OC(=O)CCCCCCCCCCCCCCCCC,C[C@H](CCCC(C)C)[C@H]1CC[C@@H]2[C@@]1(CC[C@H]3[C@H]2CC=C4[C@@]3(CC[C@@H](C4)O)C)C,CCCCCCCCCCCCCCCCCC(=O)OCC(COC(=O)CCCCCCCCCCCCCCCCC)OP(=O)([O-])OCCOCCOCCOCCOCCOCCOCCOCCOCCOCCOCCOCCOCCOCCOCCOCCOCCOCCOCCOCCOCCOCCOCCOCCOCCOCCOCCOCCOCCOCCOCCOCCOCCOCCOCCOCCOCCOCCOCCOCCOCCOCCOCCOCCOCCOCCOCCOCCOCCOCCOCCOCCOCCOCCOCCOCCOCCOCCOCCOCCOCCOCCOCCOCCOCCOCCOCCOCCOCCOCCOCCOCCOCCOCCOCCOCCOCCOCCOCCOCCOCCOCCOCCOCCOCCOCCOCCOCCOCCOCCO,65.0,,approx,0.2,,censored,80.0,,approx,,,,N:P,6.0,,"synthesis_method: Microfluidic mixing; device_used: NanoAssemblr Benchtop; total_flow_rate_ml_min: 12; flow_rate_ratio: 3:1 (aqueous:organic); aqueous_phase_composition: 1 mM sodium acetate buffer at pH 5.2; organic_phase_composition: Lipids dissolved in ethanol solution; mixing_time_sec: ; temperature_condition: Room temperature; post_processing: Diluted 40 times with PBS, concentrated by ultracentrifugation; sterilization: ; storage_buffer: PBS, stored at 4¡ÆC","cell_line: HepG2, A549; dose: 100 ng mRNA per well (in vitro); gene_expression_result: 20.57-fold lower than DMG-PEG in HepG2; toxicity_profile: Cell viability >90%",20.57,numeric,0.7142857142857143,https://doi.org/10.1016/j.jconrel.2025.01.071,Role of PEGylated lipid in lipid nanoparticle formulation for in vitro and in vivo delivery of mRNA vaccines,"['Li Zhang', 'Brandon Yi Loong Seow', 'Ki Hyun Bae', 'Yue Zhang', 'Kuo-Chieh Liao', 'Yue Wan', 'Yi Yan Yang']",Journal of Controlled Release,2025.0,ALC-0315,DSPC,cholesterol,DSG-PEG
867,ALC-0315,DSPC,cholesterol,C8-Ceramide-PEG2000,46.3:9.4:42.7:1.6,mRNA,firefly_luciferase,CCCCCCCCC(CCCCCC)C(=O)OCCCCCCN(CCCCCCOC(=O)C(CCCCCC)CCCCCCCC)CCCCO,CCCCCCCCCCCCCCCCCC(=O)OC[C@H](COP(=O)([O-])OCC[N+](C)(C)C)OC(=O)CCCCCCCCCCCCCCCCC,C[C@H](CCCC(C)C)[C@H]1CC[C@@H]2[C@@]1(CC[C@H]3[C@H]2CC=C4[C@@]3(CC[C@@H](C4)O)C)C,CCCCCCCC(=O)NC(COP(=O)([O-])OCCOCCOCCOCCOCCOCCOCCOCCOCCOCCOCCOCCOCCOCCOCCOCCOCCOCCOCCOCCOCCOCCOCCOCCOCCOCCOCCOCCOCCOCCOCCOCCOCCOCCOCCOCCOCCOCCOCCOCCOCCOCCOCCOCCOCCOCCOCCOCCOCCOCCOCCOCCOCCOCCOCCOCCOCCOCCOCCOCCOCCOCCOCCOCCOCCOCCOCCOCCOCCOCCOCCOCCOCCOCCOCCOCCOCCOCCOCCOCCOCCOCCOCCOCCOCCOCCOCCOCCOCCOCCO)C(O)C=CCCCCCCCCCCCC,70.6,0.5,,,,,80.0,,approx,,,,N:P,6.0,,"synthesis_method: Microfluidic mixing; device_used: NanoAssemblr Benchtop; total_flow_rate_ml_min: 12; flow_rate_ratio: 3:1 (aqueous:organic); aqueous_phase_composition: 1 mM sodium acetate buffer at pH 5.2; organic_phase_composition: Lipids dissolved in ethanol solution; mixing_time_sec: ; temperature_condition: Room temperature; post_processing: Diluted 40 times with PBS, concentrated by ultracentrifugation; sterilization: ; storage_buffer: PBS, stored at 4¡ÆC","cell_line: HepG2, A549; animal_model: BALB/c mice; administration_route: Subcutaneous; dose: 1 ¥ìg mRNA per mouse (in vivo), 100 ng mRNA per well (in vitro); gene_expression_result: Lower than C16-Ceramide-PEG via microfluidic mixing; biodistribution_result: Mainly injection site and lymph node, minimal liver accumulation; toxicity_profile: No significant toxicity in mice; cytokine_response: Negligible anti-PEG IgM levels",16.0,numeric,0.5714285714285714,https://doi.org/10.1016/j.jconrel.2025.01.071,Role of PEGylated lipid in lipid nanoparticle formulation for in vitro and in vivo delivery of mRNA vaccines,"['Li Zhang', 'Brandon Yi Loong Seow', 'Ki Hyun Bae', 'Yue Zhang', 'Kuo-Chieh Liao', 'Yue Wan', 'Yi Yan Yang']",Journal of Controlled Release,2025.0,ALC-0315,DSPC,cholesterol,C8-Ceramide-PEG
868,ALC-0315,DSPC,cholesterol,C16-Ceramide-PEG2000,46.3:9.4:42.7:1.6,mRNA,firefly_luciferase,CCCCCCCCC(CCCCCC)C(=O)OCCCCCCN(CCCCCCOC(=O)C(CCCCCC)CCCCCCCC)CCCCO,CCCCCCCCCCCCCCCCCC(=O)OC[C@H](COP(=O)([O-])OCC[N+](C)(C)C)OC(=O)CCCCCCCCCCCCCCCCC,C[C@H](CCCC(C)C)[C@H]1CC[C@@H]2[C@@]1(CC[C@H]3[C@H]2CC=C4[C@@]3(CC[C@@H](C4)O)C)C,CCCCCCCCCCCCCCCC(=O)NC(COP(=O)([O-])OCCOCCOCCOCCOCCOCCOCCOCCOCCOCCOCCOCCOCCOCCOCCOCCOCCOCCOCCOCCOCCOCCOCCOCCOCCOCCOCCOCCOCCOCCOCCOCCOCCOCCOCCOCCOCCOCCOCCOCCOCCOCCOCCOCCOCCOCCOCCOCCOCCOCCOCCOCCOCCOCCOCCOCCOCCOCCOCCOCCOCCOCCOCCOCCOCCOCCOCCOCCOCCOCCOCCOCCOCCOCCOCCOCCOCCOCCOCCOCCOCCOCCOCCOCCOCCOCCOCCOCCOCCOCCO)C(O)C=CCCCCCCCCCCCC,75.0,,approx,,,,80.0,,approx,,,,N:P,6.0,,"synthesis_method: Microfluidic mixing; device_used: NanoAssemblr Benchtop; total_flow_rate_ml_min: 12; flow_rate_ratio: 3:1 (aqueous:organic); aqueous_phase_composition: 1 mM sodium acetate buffer at pH 5.2; organic_phase_composition: Lipids dissolved in ethanol solution; mixing_time_sec: ; temperature_condition: Room temperature; post_processing: Diluted 40 times with PBS, concentrated by ultracentrifugation; sterilization: ; storage_buffer: PBS, stored at 4¡ÆC","cell_line: HepG2, A549; animal_model: BALB/c mice; administration_route: Subcutaneous; dose: 1 ¥ìg mRNA per mouse (in vivo), 100 ng mRNA per well (in vitro); gene_expression_result: Higher than C8-Ceramide-PEG via microfluidic mixing; biodistribution_result: High liver accumulation, highest liver specificity; toxicity_profile: No significant toxicity in mice; cytokine_response: Higher anti-PEG IgM than C8-Ceramide-PEG and ALC-0159",8.0,numeric,0.2857142857142857,https://doi.org/10.1016/j.jconrel.2025.01.071,Role of PEGylated lipid in lipid nanoparticle formulation for in vitro and in vivo delivery of mRNA vaccines,"['Li Zhang', 'Brandon Yi Loong Seow', 'Ki Hyun Bae', 'Yue Zhang', 'Kuo-Chieh Liao', 'Yue Wan', 'Yi Yan Yang']",Journal of Controlled Release,2025.0,ALC-0315,DSPC,cholesterol,C16-Ceramide-PEG
869,ALC-0315,DSPC,cholesterol,DMPE-PEG2000,46.3:9.4:42.7:1.6,mRNA,firefly_luciferase,CCCCCCCCC(CCCCCC)C(=O)OCCCCCCN(CCCCCCOC(=O)C(CCCCCC)CCCCCCCC)CCCCO,CCCCCCCCCCCCCCCCCC(=O)OC[C@H](COP(=O)([O-])OCC[N+](C)(C)C)OC(=O)CCCCCCCCCCCCCCCCC,C[C@H](CCCC(C)C)[C@H]1CC[C@@H]2[C@@]1(CC[C@H]3[C@H]2CC=C4[C@@]3(CC[C@@H](C4)O)C)C,CCCCCCCCCCCCCC(=O)OCC(COP(=O)([O-])OCCN[C@@H](CO)C(=O)NCCOCCOCCOCCOCCOCCOCCOCCOCCOCCOCCOCCOCCOCCOCCOCCOCCOCCOCCOCCOCCOCCOCCOCCOCCOCCOCCOCCOCCOCCOCCOCCOCCOCCOCCOCCOCCOCCOCCOCCOCCOCCOCCOCCOCCOCCOCCOCCOCCOCCOCCOCCOCCOCCOCCOCCOCCOCCOCCOCCOCCOCCOCCOCCOCCOCCOCCOCCOCCOCCOCCOCCOCCOCCOCCOCCOCCOCCOCCOCCOCCOCCOCCOCCOCCOCCOCCOCCOCCOCCO)OC(=O)CCCCCCCCCCCCC,,,,,,,80.0,,approx,,,,N:P,6.0,,"synthesis_method: Microfluidic mixing; device_used: NanoAssemblr Benchtop; total_flow_rate_ml_min: 12; flow_rate_ratio: 3:1 (aqueous:organic); aqueous_phase_composition: 1 mM sodium acetate buffer at pH 5.2; organic_phase_composition: Lipids dissolved in ethanol solution; mixing_time_sec: ; temperature_condition: Room temperature; post_processing: Diluted 40 times with PBS, concentrated by ultracentrifugation; sterilization: ; storage_buffer: PBS, stored at 4¡ÆC","cell_line: HepG2, A549; dose: 100 ng mRNA per well (in vitro); gene_expression_result: 49.25-fold higher than DSPE-PEG in HepG2; toxicity_profile: Cell viability >90%",49.25,numeric,0.8571428571428571,https://doi.org/10.1016/j.jconrel.2025.01.071,Role of PEGylated lipid in lipid nanoparticle formulation for in vitro and in vivo delivery of mRNA vaccines,"['Li Zhang', 'Brandon Yi Loong Seow', 'Ki Hyun Bae', 'Yue Zhang', 'Kuo-Chieh Liao', 'Yue Wan', 'Yi Yan Yang']",Journal of Controlled Release,2025.0,ALC-0315,DSPC,cholesterol,DMPE-PEG
870,ALC-0315,DSPC,cholesterol,DSPE-PEG2000,46.3:9.4:42.7:1.6,mRNA,firefly_luciferase,CCCCCCCCC(CCCCCC)C(=O)OCCCCCCN(CCCCCCOC(=O)C(CCCCCC)CCCCCCCC)CCCCO,CCCCCCCCCCCCCCCCCC(=O)OC[C@H](COP(=O)([O-])OCC[N+](C)(C)C)OC(=O)CCCCCCCCCCCCCCCCC,C[C@H](CCCC(C)C)[C@H]1CC[C@@H]2[C@@]1(CC[C@H]3[C@H]2CC=C4[C@@]3(CC[C@@H](C4)O)C)C,CCCCCCCCCCCCCCCCCC(=O)OCC(COP(=O)([O-])OCCN[C@@H](CO)C(=O)NCCOCCOCCOCCOCCOCCOCCOCCOCCOCCOCCOCCOCCOCCOCCOCCOCCOCCOCCOCCOCCOCCOCCOCCOCCOCCOCCOCCOCCOCCOCCOCCOCCOCCOCCOCCOCCOCCOCCOCCOCCOCCOCCOCCOCCOCCOCCOCCOCCOCCOCCOCCOCCOCCOCCOCCOCCOCCOCCOCCOCCOCCOCCOCCOCCOCCOCCOCCOCCOCCOCCOCCOCCOCCOCCOCCOCCOCCOCCOCCOCCOCCOCCOCCOCCOCCOCCOCCOCCOCCO)OC(=O)CCCCCCCCCCCCCCCCC,92.8,,,,,,60.0,,,,,,N:P,6.0,,"synthesis_method: Microfluidic mixing; device_used: NanoAssemblr Benchtop; total_flow_rate_ml_min: 12; flow_rate_ratio: 3:1 (aqueous:organic); aqueous_phase_composition: 1 mM sodium acetate buffer at pH 5.2; organic_phase_composition: Lipids dissolved in ethanol solution; mixing_time_sec: ; temperature_condition: Room temperature; post_processing: Diluted 40 times with PBS, concentrated by ultracentrifugation; sterilization: ; storage_buffer: PBS, stored at 4¡ÆC","cell_line: HepG2, A549; animal_model: BALB/c mice; administration_route: Subcutaneous; dose: 1 ¥ìg mRNA per mouse (in vivo), 100 ng mRNA per well (in vitro); gene_expression_result: Lowest among all tested PEG-lipids; biodistribution_result: Lower liver accumulation, higher lymph node specificity; toxicity_profile: No significant toxicity in mice; cytokine_response: Highest anti-PEG IgM production among tested formulations",,,,https://doi.org/10.1016/j.jconrel.2025.01.071,Role of PEGylated lipid in lipid nanoparticle formulation for in vitro and in vivo delivery of mRNA vaccines,"['Li Zhang', 'Brandon Yi Loong Seow', 'Ki Hyun Bae', 'Yue Zhang', 'Kuo-Chieh Liao', 'Yue Wan', 'Yi Yan Yang']",Journal of Controlled Release,2025.0,ALC-0315,DSPC,cholesterol,DSPE-PEG
875,SM-102,DPPC,cholesterol,DMPE-PEG2000,45:20:34:1,mRNA,nanoluciferase,CCCCCCCCCCCOC(=O)CCCCCN(CCCCCCCC(=O)OC(CCCCCCCC)CCCCCCCC)CCO  ,CCCCCCCCCCCCCCCC(=O)OC[C@H](COP(=O)([O-])OCC[N+](C)(C)C)OC(=O)CCCCCCCCCCCCCCC,C[C@H](CCCC(C)C)[C@H]1CC[C@@H]2[C@@]1(CC[C@H]3[C@H]2CC=C4[C@@]3(CC[C@@H](C4)O)C)C,CCCCCCCCCCCCCC(=O)OCC(COP(=O)([O-])OCCN[C@@H](CO)C(=O)NCCOCCOCCOCCOCCOCCOCCOCCOCCOCCOCCOCCOCCOCCOCCOCCOCCOCCOCCOCCOCCOCCOCCOCCOCCOCCOCCOCCOCCOCCOCCOCCOCCOCCOCCOCCOCCOCCOCCOCCOCCOCCOCCOCCOCCOCCOCCOCCOCCOCCOCCOCCOCCOCCOCCOCCOCCOCCOCCOCCOCCOCCOCCOCCOCCOCCOCCOCCOCCOCCOCCOCCOCCOCCOCCOCCOCCOCCOCCOCCOCCOCCOCCOCCOCCOCCOCCOCCOCCOCCO)OC(=O)CCCCCCCCCCCCC,78.7,,,,,,88.0,,,,,,N:P,5.67,,"synthesis_method: Microfluidic; device_used: NanoAssemblr; total_flow_rate_ml_min: ; flow_rate_ratio: 1:3 (organic:aqueous); aqueous_phase_composition: 50 mM sodium citrate buffer (pH 3.0); organic_phase_composition: 100% EtOH; mixing_time_sec: ; temperature_condition: ; post_processing: dialysis against 1x PBS for 4 hours using 10 kDa MWCO; sterilization: ; storage_buffer: 1x PBS, stored at 4¡ÆC","cell_line: HEK293T, A549; dose: 100 ng mRNA per well; gene_expression_result: 6.0¡¿10^7 RLU (HEK293T), 3.0¡¿10^7 RLU (A549)",6.0,numeric,0.6875,https://doi.org/10.1101/2023.11.09.565872,Applying machine learning to identify ionizable lipids for nanoparticle-mediated delivery of mRNA,"['Mae M. Lewis', 'Travis J. Beck', 'Debadyuti Ghosh']",bioRxiv,2023.0,SM-102,DPPC,cholesterol,DMPE-PEG 2000
876,ALC-0315,DPPC,cholesterol,DMPE-PEG2000,45:20:34:1,mRNA,nanoluciferase,CCCCCCCCC(CCCCCC)C(=O)OCCCCCCN(CCCCCCOC(=O)C(CCCCCC)CCCCCCCC)CCCCO,CCCCCCCCCCCCCCCC(=O)OC[C@H](COP(=O)([O-])OCC[N+](C)(C)C)OC(=O)CCCCCCCCCCCCCCC,C[C@H](CCCC(C)C)[C@H]1CC[C@@H]2[C@@]1(CC[C@H]3[C@H]2CC=C4[C@@]3(CC[C@@H](C4)O)C)C,CCCCCCCCCCCCCC(=O)OCC(COP(=O)([O-])OCCN[C@@H](CO)C(=O)NCCOCCOCCOCCOCCOCCOCCOCCOCCOCCOCCOCCOCCOCCOCCOCCOCCOCCOCCOCCOCCOCCOCCOCCOCCOCCOCCOCCOCCOCCOCCOCCOCCOCCOCCOCCOCCOCCOCCOCCOCCOCCOCCOCCOCCOCCOCCOCCOCCOCCOCCOCCOCCOCCOCCOCCOCCOCCOCCOCCOCCOCCOCCOCCOCCOCCOCCOCCOCCOCCOCCOCCOCCOCCOCCOCCOCCOCCOCCOCCOCCOCCOCCOCCOCCOCCOCCOCCOCCOCCO)OC(=O)CCCCCCCCCCCCC,92.16,,,,,,84.0,,,,,,N:P,5.67,,"synthesis_method: Microfluidic; device_used: NanoAssemblr; total_flow_rate_ml_min: ; flow_rate_ratio: 1:3 (organic:aqueous); aqueous_phase_composition: 50 mM sodium citrate buffer (pH 3.0); organic_phase_composition: 100% EtOH; mixing_time_sec: ; temperature_condition: ; post_processing: dialysis against 1x PBS for 4 hours using 10 kDa MWCO; sterilization: ; storage_buffer: 1x PBS, stored at 4¡ÆC","cell_line: HEK293T, A549; dose: 100 ng mRNA per well; gene_expression_result: 6.0¡¿10^7 RLU (HEK293T), 1.0¡¿10^7 RLU (A549)",6.0,numeric,0.6875,https://doi.org/10.1101/2023.11.09.565872,Applying machine learning to identify ionizable lipids for nanoparticle-mediated delivery of mRNA,"['Mae M. Lewis', 'Travis J. Beck', 'Debadyuti Ghosh']",bioRxiv,2023.0,ALC-0315,DPPC,cholesterol,DMPE-PEG 2000
877,Custom lipid,DPPC,cholesterol,DMPE-PEG2000,45:20:34:1,mRNA,nanoluciferase,,CCCCCCCCCCCCCCCC(=O)OC[C@H](COP(=O)([O-])OCC[N+](C)(C)C)OC(=O)CCCCCCCCCCCCCCC,C[C@H](CCCC(C)C)[C@H]1CC[C@@H]2[C@@]1(CC[C@H]3[C@H]2CC=C4[C@@]3(CC[C@@H](C4)O)C)C,CCCCCCCCCCCCCC(=O)OCC(COP(=O)([O-])OCCN[C@@H](CO)C(=O)NCCOCCOCCOCCOCCOCCOCCOCCOCCOCCOCCOCCOCCOCCOCCOCCOCCOCCOCCOCCOCCOCCOCCOCCOCCOCCOCCOCCOCCOCCOCCOCCOCCOCCOCCOCCOCCOCCOCCOCCOCCOCCOCCOCCOCCOCCOCCOCCOCCOCCOCCOCCOCCOCCOCCOCCOCCOCCOCCOCCOCCOCCOCCOCCOCCOCCOCCOCCOCCOCCOCCOCCOCCOCCOCCOCCOCCOCCOCCOCCOCCOCCOCCOCCOCCOCCOCCOCCOCCOCCO)OC(=O)CCCCCCCCCCCCC,85.05,,,,,,93.0,,,,,,N:P,5.67,,"synthesis_method: Microfluidic; device_used: NanoAssemblr; total_flow_rate_ml_min: ; flow_rate_ratio: 1:3 (organic:aqueous); aqueous_phase_composition: 50 mM sodium citrate buffer (pH 3.0); organic_phase_composition: 100% EtOH; mixing_time_sec: ; temperature_condition: ; post_processing: dialysis against 1x PBS for 4 hours using 10 kDa MWCO; sterilization: ; storage_buffer: 1x PBS, stored at 4¡ÆC","cell_line: HEK293T, A549; dose: 100 ng mRNA per well; gene_expression_result: 6.0¡¿10^7 RLU (HEK293T), 3.0¡¿10^7 RLU (A549)",6.0,numeric,0.6875,https://doi.org/10.1101/2023.11.09.565872,Applying machine learning to identify ionizable lipids for nanoparticle-mediated delivery of mRNA,"['Mae M. Lewis', 'Travis J. Beck', 'Debadyuti Ghosh']",bioRxiv,2023.0,BP 114 (SM-102 analog with 9-carbon single chain tail),DPPC,cholesterol,DMPE-PEG 2000
878,Custom lipid,DPPC,cholesterol,DMPE-PEG2000,45:20:34:1,mRNA,nanoluciferase,,CCCCCCCCCCCCCCCC(=O)OC[C@H](COP(=O)([O-])OCC[N+](C)(C)C)OC(=O)CCCCCCCCCCCCCCC,C[C@H](CCCC(C)C)[C@H]1CC[C@@H]2[C@@]1(CC[C@H]3[C@H]2CC=C4[C@@]3(CC[C@@H](C4)O)C)C,CCCCCCCCCCCCCC(=O)OCC(COP(=O)([O-])OCCN[C@@H](CO)C(=O)NCCOCCOCCOCCOCCOCCOCCOCCOCCOCCOCCOCCOCCOCCOCCOCCOCCOCCOCCOCCOCCOCCOCCOCCOCCOCCOCCOCCOCCOCCOCCOCCOCCOCCOCCOCCOCCOCCOCCOCCOCCOCCOCCOCCOCCOCCOCCOCCOCCOCCOCCOCCOCCOCCOCCOCCOCCOCCOCCOCCOCCOCCOCCOCCOCCOCCOCCOCCOCCOCCOCCOCCOCCOCCOCCOCCOCCOCCOCCOCCOCCOCCOCCOCCOCCOCCOCCOCCOCCOCCO)OC(=O)CCCCCCCCCCCCC,81.65,,,,,,91.0,,,,,,N:P,5.67,,"synthesis_method: Microfluidic; device_used: NanoAssemblr; total_flow_rate_ml_min: ; flow_rate_ratio: 1:3 (organic:aqueous); aqueous_phase_composition: 50 mM sodium citrate buffer (pH 3.0); organic_phase_composition: 100% EtOH; mixing_time_sec: ; temperature_condition: ; post_processing: dialysis against 1x PBS for 4 hours using 10 kDa MWCO; sterilization: ; storage_buffer: 1x PBS, stored at 4¡ÆC","cell_line: HEK293T, A549; dose: 100 ng mRNA per well; gene_expression_result: 6.0¡¿10^7 RLU (HEK293T), 3.0¡¿10^6 RLU (A549)",6.0,numeric,0.6875,https://doi.org/10.1101/2023.11.09.565872,Applying machine learning to identify ionizable lipids for nanoparticle-mediated delivery of mRNA,"['Mae M. Lewis', 'Travis J. Beck', 'Debadyuti Ghosh']",bioRxiv,2023.0,BP 113 (SM-102 analog with 7-carbon single chain tail),DPPC,cholesterol,DMPE-PEG 2000
879,Custom lipid,DPPC,cholesterol,DMPE-PEG2000,45:20:34:1,mRNA,nanoluciferase,,CCCCCCCCCCCCCCCC(=O)OC[C@H](COP(=O)([O-])OCC[N+](C)(C)C)OC(=O)CCCCCCCCCCCCCCC,C[C@H](CCCC(C)C)[C@H]1CC[C@@H]2[C@@]1(CC[C@H]3[C@H]2CC=C4[C@@]3(CC[C@@H](C4)O)C)C,CCCCCCCCCCCCCC(=O)OCC(COP(=O)([O-])OCCN[C@@H](CO)C(=O)NCCOCCOCCOCCOCCOCCOCCOCCOCCOCCOCCOCCOCCOCCOCCOCCOCCOCCOCCOCCOCCOCCOCCOCCOCCOCCOCCOCCOCCOCCOCCOCCOCCOCCOCCOCCOCCOCCOCCOCCOCCOCCOCCOCCOCCOCCOCCOCCOCCOCCOCCOCCOCCOCCOCCOCCOCCOCCOCCOCCOCCOCCOCCOCCOCCOCCOCCOCCOCCOCCOCCOCCOCCOCCOCCOCCOCCOCCOCCOCCOCCOCCOCCOCCOCCOCCOCCOCCOCCOCCO)OC(=O)CCCCCCCCCCCCC,93.4,,,,,,93.0,,,,,,N:P,5.67,,"synthesis_method: Microfluidic; device_used: NanoAssemblr; total_flow_rate_ml_min: ; flow_rate_ratio: 1:3 (organic:aqueous); aqueous_phase_composition: 50 mM sodium citrate buffer (pH 3.0); organic_phase_composition: 100% EtOH; mixing_time_sec: ; temperature_condition: ; post_processing: dialysis against 1x PBS for 4 hours using 10 kDa MWCO; sterilization: ; storage_buffer: 1x PBS, stored at 4¡ÆC","cell_line: HEK293T, A549; dose: 100 ng mRNA per well; gene_expression_result: 7.0¡¿10^7 RLU (HEK293T), 2.0¡¿10^7 RLU (A549)",7.0,numeric,1.0,https://doi.org/10.1101/2023.11.09.565872,Applying machine learning to identify ionizable lipids for nanoparticle-mediated delivery of mRNA,"['Mae M. Lewis', 'Travis J. Beck', 'Debadyuti Ghosh']",bioRxiv,2023.0,BP 142 (SM-102 analog with 3-carbon head),DPPC,cholesterol,DMPE-PEG 2000
880,Custom lipid,DPPC,cholesterol,DMPE-PEG2000,45:20:34:1,mRNA,nanoluciferase,,CCCCCCCCCCCCCCCC(=O)OC[C@H](COP(=O)([O-])OCC[N+](C)(C)C)OC(=O)CCCCCCCCCCCCCCC,C[C@H](CCCC(C)C)[C@H]1CC[C@@H]2[C@@]1(CC[C@H]3[C@H]2CC=C4[C@@]3(CC[C@@H](C4)O)C)C,CCCCCCCCCCCCCC(=O)OCC(COP(=O)([O-])OCCN[C@@H](CO)C(=O)NCCOCCOCCOCCOCCOCCOCCOCCOCCOCCOCCOCCOCCOCCOCCOCCOCCOCCOCCOCCOCCOCCOCCOCCOCCOCCOCCOCCOCCOCCOCCOCCOCCOCCOCCOCCOCCOCCOCCOCCOCCOCCOCCOCCOCCOCCOCCOCCOCCOCCOCCOCCOCCOCCOCCOCCOCCOCCOCCOCCOCCOCCOCCOCCOCCOCCOCCOCCOCCOCCOCCOCCOCCOCCOCCOCCOCCOCCOCCOCCOCCOCCOCCOCCOCCOCCOCCOCCOCCOCCO)OC(=O)CCCCCCCCCCCCC,87.39,,,,,,90.0,,,,,,N:P,5.67,,"synthesis_method: Microfluidic; device_used: NanoAssemblr; total_flow_rate_ml_min: ; flow_rate_ratio: 1:3 (organic:aqueous); aqueous_phase_composition: 50 mM sodium citrate buffer (pH 3.0); organic_phase_composition: 100% EtOH; mixing_time_sec: ; temperature_condition: ; post_processing: dialysis against 1x PBS for 4 hours using 10 kDa MWCO; sterilization: ; storage_buffer: 1x PBS, stored at 4¡ÆC","cell_line: HEK293T, A549; dose: 100 ng mRNA per well; gene_expression_result: 4.0¡¿10^7 RLU (HEK293T), 2.0¡¿10^6 RLU (A549)",4.0,numeric,0.25,https://doi.org/10.1101/2023.11.09.565872,Applying machine learning to identify ionizable lipids for nanoparticle-mediated delivery of mRNA,"['Mae M. Lewis', 'Travis J. Beck', 'Debadyuti Ghosh']",bioRxiv,2023.0,BP 223 (ALC-0315 analog with 5-carbon head),DPPC,cholesterol,DMPE-PEG 2000
881,Custom lipid,DPPC,cholesterol,DMPE-PEG2000,45:20:34:1,mRNA,nanoluciferase,,CCCCCCCCCCCCCCCC(=O)OC[C@H](COP(=O)([O-])OCC[N+](C)(C)C)OC(=O)CCCCCCCCCCCCCCC,C[C@H](CCCC(C)C)[C@H]1CC[C@@H]2[C@@]1(CC[C@H]3[C@H]2CC=C4[C@@]3(CC[C@@H](C4)O)C)C,CCCCCCCCCCCCCC(=O)OCC(COP(=O)([O-])OCCN[C@@H](CO)C(=O)NCCOCCOCCOCCOCCOCCOCCOCCOCCOCCOCCOCCOCCOCCOCCOCCOCCOCCOCCOCCOCCOCCOCCOCCOCCOCCOCCOCCOCCOCCOCCOCCOCCOCCOCCOCCOCCOCCOCCOCCOCCOCCOCCOCCOCCOCCOCCOCCOCCOCCOCCOCCOCCOCCOCCOCCOCCOCCOCCOCCOCCOCCOCCOCCOCCOCCOCCOCCOCCOCCOCCOCCOCCOCCOCCOCCOCCOCCOCCOCCOCCOCCOCCOCCOCCOCCOCCOCCOCCOCCO)OC(=O)CCCCCCCCCCCCC,87.48,,,,,,90.0,,,,,,N:P,5.67,,"synthesis_method: Microfluidic; device_used: NanoAssemblr; total_flow_rate_ml_min: ; flow_rate_ratio: 1:3 (organic:aqueous); aqueous_phase_composition: 50 mM sodium citrate buffer (pH 3.0); organic_phase_composition: 100% EtOH; mixing_time_sec: ; temperature_condition: ; post_processing: dialysis against 1x PBS for 4 hours using 10 kDa MWCO; sterilization: ; storage_buffer: 1x PBS, stored at 4¡ÆC","cell_line: HEK293T, A549; dose: 100 ng mRNA per well; gene_expression_result: 2.0¡¿10^7 RLU (HEK293T), 5.0¡¿10^6 RLU (A549)",2.0,numeric,0.125,https://doi.org/10.1101/2023.11.09.565872,Applying machine learning to identify ionizable lipids for nanoparticle-mediated delivery of mRNA,"['Mae M. Lewis', 'Travis J. Beck', 'Debadyuti Ghosh']",bioRxiv,2023.0,BP 226 (ALC-0315 analog with 2-carbon head),DPPC,cholesterol,DMPE-PEG 2000
882,Custom lipid,DPPC,cholesterol,DMPE-PEG2000,45:20:34:1,mRNA,nanoluciferase,,CCCCCCCCCCCCCCCC(=O)OC[C@H](COP(=O)([O-])OCC[N+](C)(C)C)OC(=O)CCCCCCCCCCCCCCC,C[C@H](CCCC(C)C)[C@H]1CC[C@@H]2[C@@]1(CC[C@H]3[C@H]2CC=C4[C@@]3(CC[C@@H](C4)O)C)C,CCCCCCCCCCCCCC(=O)OCC(COP(=O)([O-])OCCN[C@@H](CO)C(=O)NCCOCCOCCOCCOCCOCCOCCOCCOCCOCCOCCOCCOCCOCCOCCOCCOCCOCCOCCOCCOCCOCCOCCOCCOCCOCCOCCOCCOCCOCCOCCOCCOCCOCCOCCOCCOCCOCCOCCOCCOCCOCCOCCOCCOCCOCCOCCOCCOCCOCCOCCOCCOCCOCCOCCOCCOCCOCCOCCOCCOCCOCCOCCOCCOCCOCCOCCOCCOCCOCCOCCOCCOCCOCCOCCOCCOCCOCCOCCOCCOCCOCCOCCOCCOCCOCCOCCOCCOCCOCCO)OC(=O)CCCCCCCCCCCCC,62.6,,,,,,78.0,,,,,,N:P,5.67,,"synthesis_method: Microfluidic; device_used: NanoAssemblr; total_flow_rate_ml_min: ; flow_rate_ratio: 1:3 (organic:aqueous); aqueous_phase_composition: 50 mM sodium citrate buffer (pH 3.0); organic_phase_composition: 100% EtOH; mixing_time_sec: ; temperature_condition: ; post_processing: dialysis against 1x PBS for 4 hours using 10 kDa MWCO; sterilization: ; storage_buffer: 1x PBS, stored at 4¡ÆC","cell_line: HEK293T, A549; dose: 100 ng mRNA per well; gene_expression_result: 5.0¡¿10^6 RLU (HEK293T), 6.0¡¿10^7 RLU (A549)",5.0,numeric,0.375,https://doi.org/10.1101/2023.11.09.565872,Applying machine learning to identify ionizable lipids for nanoparticle-mediated delivery of mRNA,"['Mae M. Lewis', 'Travis J. Beck', 'Debadyuti Ghosh']",bioRxiv,2023.0,"BP 227 (ALC-0315 analog with 2-carbon head, 8-carbon tails)",DPPC,cholesterol,DMPE-PEG 2000
885,C12-200,DOPE,cholesterol,PE-PEG2000,35:2.5:46.5:16,mRNA,firefly_luciferase,NCCN1CCN(CCN(CC(O)CCCCCCCCCCCC)CC(O)CCCCCCCCCCCC)CC1CN(CC(O)CCCCCCCCCCCC)CN(CC(O)CCCCCCCCCCCC)CC(O)CCCCCCCCCCCC,CCCCCCCC/C=C\CCCCCCCC(=O)OC[C@H](COP(=O)(O)OCCN)OC(=O)CCCCCCC/C=C\CCCCCCCC,C[C@H](CCCC(C)C)[C@H]1CC[C@@H]2[C@@]1(CC[C@H]3[C@H]2CC=C4[C@@]3(CC[C@@H](C4)O)C)C,CCCCCCCCCCCCCCCC(=O)OCC(COP(=O)([O-])OCCN[C@@H](CO)C(=O)NCCOCCOCCOCCOCCOCCOCCOCCOCCOCCOCCOCCOCCOCCOCCOCCOCCOCCOCCOCCOCCOCCOCCOCCOCCOCCOCCOCCOCCOCCOCCOCCOCCOCCOCCOCCOCCOCCOCCOCCOCCOCCOCCOCCOCCOCCOCCOCCOCCOCCOCCOCCOCCOCCOCCOCCOCCOCCOCCOCCOCCOCCOCCOCCOCCOCCOCCOCCOCCOCCOCCOCCOCCOCCOCCOCCOCCOCCOCCOCCOCCOCCOCCOCCOCCOCCOCCOCCOCCOCCO)OC(=O)CCCCCCCCCCCCCCC,79.85,,range,0.0985,,range,82.3,,range,,,,wt/wt,10.0,C12-200:RNA,"synthesis_method: Microfluidic; device_used: Parallelized Microfluidic Device (PMD), single row PMD, or single channel; total_flow_rate_ml_min: ; flow_rate_ratio: 3:1 (aqueous:ethanol); aqueous_phase_composition: mRNA in buffer; organic_phase_composition: lipids in ethanol; mixing_time_sec: ; temperature_condition: ; post_processing: dialyzed against 1X PBS for two hours, concentrated using 50K MWCO centrifugal filters, filtered by 0.22 ¥ìm filters; sterilization: 0.22 ¥ìm filtration; storage_buffer: 1X PBS","animal_model: C57BL/6 mice; administration_route: IV (tail vein injection); dose: 0.2 mg/kg; gene_expression_result: 5-fold increase in luciferase expression compared to bulk mixed; biodistribution_result: Hepatic expression; toxicity_profile: No clinically significant differences in liver enzymes (AST, ALT, ALP)",5.0,numeric,,https://doi.org/10.1021/acs.nanolett.1c01353,Scalable mRNA and siRNA Lipid Nanoparticle Production Using a Parallelized Microfluidic Device,"['Sarah J. Shepherd', 'Claude C. Warzecha', 'Sagar Yadavali', 'Rakan El-Mayta', 'Mohamad-Gabriel Alameh', 'Lili Wang', 'Drew Weissman', 'James M. Wilson', 'David Issadore', 'Michael J. Mitchell']",Nano Letters,2021.0,C12-200,DOPE,cholesterol,PEG2000-PE
911,SM-102,DSPC,cholesterol,DMG-PEG2000,50:38.5:10:1.5,mRNA,"firefly_luciferase, gfp",CCCCCCCCCCCOC(=O)CCCCCN(CCCCCCCC(=O)OC(CCCCCCCC)CCCCCCCC)CCO  ,CCCCCCCCCCCCCCCCCC(=O)OC[C@H](COP(=O)([O-])OCC[N+](C)(C)C)OC(=O)CCCCCCCCCCCCCCCCC,C[C@H](CCCC(C)C)[C@H]1CC[C@@H]2[C@@]1(CC[C@H]3[C@H]2CC=C4[C@@]3(CC[C@@H](C4)O)C)C,CCCCCCCCCCCCCC(=O)OCC(COP(=O)([O-])OCCOCCOCCOCCOCCOCCOCCOCCOCCOCCOCCOCCOCCOCCOCCOCCOCCOCCOCCOCCOCCOCCOCCOCCOCCOCCOCCOCCOCCOCCOCCOCCOCCOCCOCCOCCOCCOCCOCCOCCOCCOCCOCCOCCOCCOCCOCCOCCOCCOCCOCCOCCOCCOCCOCCOCCOCCOCCOCCOCCOCCOCCOCCOCCOCCOCCOCCOCCOCCOCCOCCOCCOCCOCCOCCOCCOCCOCCOCCOCCOCCOCCOCCOCCOCCOCCOCCOCCOCCOCCO)OC(=O)CCCCCCCCCCCCC,63.5,0.6,,,,,95.0,2.0,,,,,N:P,6.0,,"synthesis_method: Microfluidic; device_used: NanoGenerator Flex; total_flow_rate_ml_min: 4; flow_rate_ratio: 3:1; aqueous_phase_composition: 100 mM citrate buffer (pH 4.0); organic_phase_composition: anhydrous ethanol; mixing_time_sec: ; temperature_condition: room temperature; post_processing: ultrafiltration at 3,000 rpm using 100 kDa MWCO Millipore filter; sterilization: ; storage_buffer: Tris buffer (pH 7.4)",cell_line: HEK293T; dose: 20 ¥ìL of mRNA-LNP suspension per well; gene_expression_result: 4.0¡¿10^8 normalized RLU,4.0,numeric,,https://doi.org/10.1101/2024.09.27.614859,Structural Characterization of mRNA Lipid Nanoparticles in the Presence of Intrinsic Drug-free Lipid Nanoparticles,"['Xiaoxia Chen', 'Yongfeng Ye', 'Mengrong Li', 'Taisen Zuo', 'Zhenhua Xie', 'Yubin Ke', 'He Cheng', 'Liang Hong', 'Zhuo Liu']",bioRxiv,2024.0,SM-102,DSPC,cholesterol,DMG-PEG2000
913,DLin-MC3-DMA,DSPC,cholesterol,DMG-PEG2000,50:10:35:5,mRNA,firefly_luciferase,CCCCC/C=C\C/C=C\CCCCCCCCC(OC(=O)CCCN(C)C)CCCCCCCC/C=C\C/C=C\CCCCC,CCCCCCCCCCCCCCCCCC(=O)OC[C@H](COP(=O)([O-])OCC[N+](C)(C)C)OC(=O)CCCCCCCCCCCCCCCCC,C[C@H](CCCC(C)C)[C@H]1CC[C@@H]2[C@@]1(CC[C@H]3[C@H]2CC=C4[C@@]3(CC[C@@H](C4)O)C)C,CCCCCCCCCCCCCC(=O)OCC(COP(=O)([O-])OCCOCCOCCOCCOCCOCCOCCOCCOCCOCCOCCOCCOCCOCCOCCOCCOCCOCCOCCOCCOCCOCCOCCOCCOCCOCCOCCOCCOCCOCCOCCOCCOCCOCCOCCOCCOCCOCCOCCOCCOCCOCCOCCOCCOCCOCCOCCOCCOCCOCCOCCOCCOCCOCCOCCOCCOCCOCCOCCOCCOCCOCCOCCOCCOCCOCCOCCOCCOCCOCCOCCOCCOCCOCCOCCOCCOCCOCCOCCOCCOCCOCCOCCOCCOCCOCCOCCOCCOCCOCCO)OC(=O)CCCCCCCCCCCCC,52.0,2.0,multi_condition,0.004,0.002,multi_condition,79.0,,multi_method,,,,unparsed,,"OTHER:12.3 ¥ìg/mL free mRNA, 60.7 ¥ìg/mL total mRNA","synthesis_method: Microfluidic; device_used: NanoAssemblr IgniteTM; total_flow_rate_ml_min: 4; flow_rate_ratio: 3:1; aqueous_phase_composition: 50 mM citrate buffer, pH 4, mRNA at 0.25 g/L; organic_phase_composition: absolute ethanol with lipids; mixing_time_sec: ; temperature_condition: 25¡ÆC; post_processing: dialysis overnight against 500 mL 50 mM citrate buffer pH 4, then two successive dialysis against 500 mL PBS pH 7.4; sterilization: filtered using 0.2 or 0.45 micrometer filters; storage_buffer: PBS pH 7.4, stored at +5¡ÆC",,,,,https://doi.org/10.1038/s41434-022-00370-1,Taylor Dispersion Analysis to support lipid-nanoparticle formulations for mRNA vaccines,"['Camille Malburet', 'Laurent Leclercq', 'Jean-Francois Cotte', 'Jerome Thiebaud', 'Emilie Bazin', 'Marie Garinot', 'Herve Cottet']",Gene Therapy,2023.0,DLin-MC3-DMA,DSPC,cholesterol,DMG-PEG-2000
914,DLin-MC3-DMA,DSPC,cholesterol,DMG-PEG2000,50:10:38.5:1.5,mRNA,firefly_luciferase,CCCCC/C=C\C/C=C\CCCCCCCCC(OC(=O)CCCN(C)C)CCCCCCCC/C=C\C/C=C\CCCCC,CCCCCCCCCCCCCCCCCC(=O)OC[C@H](COP(=O)([O-])OCC[N+](C)(C)C)OC(=O)CCCCCCCCCCCCCCCCC,C[C@H](CCCC(C)C)[C@H]1CC[C@@H]2[C@@]1(CC[C@H]3[C@H]2CC=C4[C@@]3(CC[C@@H](C4)O)C)C,CCCCCCCCCCCCCC(=O)OCC(COP(=O)([O-])OCCOCCOCCOCCOCCOCCOCCOCCOCCOCCOCCOCCOCCOCCOCCOCCOCCOCCOCCOCCOCCOCCOCCOCCOCCOCCOCCOCCOCCOCCOCCOCCOCCOCCOCCOCCOCCOCCOCCOCCOCCOCCOCCOCCOCCOCCOCCOCCOCCOCCOCCOCCOCCOCCOCCOCCOCCOCCOCCOCCOCCOCCOCCOCCOCCOCCOCCOCCOCCOCCOCCOCCOCCOCCOCCOCCOCCOCCOCCOCCOCCOCCOCCOCCOCCOCCOCCOCCOCCOCCO)OC(=O)CCCCCCCCCCCCC,86.0,3.0,multi_condition,0.011,0.007,multi_condition,,,,,,,,,,"synthesis_method: Microfluidic; device_used: NanoAssemblr IgniteTM; total_flow_rate_ml_min: 4; flow_rate_ratio: 3:1; aqueous_phase_composition: 50 mM citrate buffer, pH 4, mRNA at 0.25 g/L; organic_phase_composition: absolute ethanol with lipids; mixing_time_sec: ; temperature_condition: 25¡ÆC; post_processing: dialysis overnight against 500 mL 50 mM citrate buffer pH 4, then two successive dialysis against 500 mL PBS pH 7.4; sterilization: filtered using 0.2 or 0.45 micrometer filters; storage_buffer: PBS pH 7.4, stored at +5¡ÆC",,,,,https://doi.org/10.1038/s41434-022-00370-1,Taylor Dispersion Analysis to support lipid-nanoparticle formulations for mRNA vaccines,"['Camille Malburet', 'Laurent Leclercq', 'Jean-Francois Cotte', 'Jerome Thiebaud', 'Emilie Bazin', 'Marie Garinot', 'Herve Cottet']",Gene Therapy,2023.0,DLin-MC3-DMA,DSPC,cholesterol,DMG-PEG-2000
915,DLin-MC3-DMA,DSPC,cholesterol,DMG-PEG2000,50:10:39.5:0.5,mRNA,firefly_luciferase,CCCCC/C=C\C/C=C\CCCCCCCCC(OC(=O)CCCN(C)C)CCCCCCCC/C=C\C/C=C\CCCCC,CCCCCCCCCCCCCCCCCC(=O)OC[C@H](COP(=O)([O-])OCC[N+](C)(C)C)OC(=O)CCCCCCCCCCCCCCCCC,C[C@H](CCCC(C)C)[C@H]1CC[C@@H]2[C@@]1(CC[C@H]3[C@H]2CC=C4[C@@]3(CC[C@@H](C4)O)C)C,CCCCCCCCCCCCCC(=O)OCC(COP(=O)([O-])OCCOCCOCCOCCOCCOCCOCCOCCOCCOCCOCCOCCOCCOCCOCCOCCOCCOCCOCCOCCOCCOCCOCCOCCOCCOCCOCCOCCOCCOCCOCCOCCOCCOCCOCCOCCOCCOCCOCCOCCOCCOCCOCCOCCOCCOCCOCCOCCOCCOCCOCCOCCOCCOCCOCCOCCOCCOCCOCCOCCOCCOCCOCCOCCOCCOCCOCCOCCOCCOCCOCCOCCOCCOCCOCCOCCOCCOCCOCCOCCOCCOCCOCCOCCOCCOCCOCCOCCOCCOCCO)OC(=O)CCCCCCCCCCCCC,216.0,4.0,multi_condition,0.017,0.005,multi_condition,95.0,,multi_method,,,,unparsed,,"OTHER:3.2 ¥ìg/mL free mRNA, 62.1 ¥ìg/mL total mRNA","synthesis_method: Microfluidic; device_used: NanoAssemblr IgniteTM; total_flow_rate_ml_min: 4; flow_rate_ratio: 3:1; aqueous_phase_composition: 50 mM citrate buffer, pH 4, mRNA at 0.25 g/L; organic_phase_composition: absolute ethanol with lipids; mixing_time_sec: ; temperature_condition: 25¡ÆC; post_processing: dialysis overnight against 500 mL 50 mM citrate buffer pH 4, then two successive dialysis against 500 mL PBS pH 7.4; sterilization: filtered using 0.2 or 0.45 micrometer filters; storage_buffer: PBS pH 7.4, stored at +5¡ÆC",,,,,https://doi.org/10.1038/s41434-022-00370-1,Taylor Dispersion Analysis to support lipid-nanoparticle formulations for mRNA vaccines,"['Camille Malburet', 'Laurent Leclercq', 'Jean-Francois Cotte', 'Jerome Thiebaud', 'Emilie Bazin', 'Marie Garinot', 'Herve Cottet']",Gene Therapy,2023.0,DLin-MC3-DMA,DSPC,cholesterol,DMG-PEG-2000
922,DLin-MC3-DMA,DSPC,cholesterol,DMG-PEG2000,50:1.5:38.5:10,mRNA,firefly_luciferase,CCCCC/C=C\C/C=C\CCCCCCCCC(OC(=O)CCCN(C)C)CCCCCCCC/C=C\C/C=C\CCCCC,CCCCCCCCCCCCCCCCCC(=O)OC[C@H](COP(=O)([O-])OCC[N+](C)(C)C)OC(=O)CCCCCCCCCCCCCCCCC,C[C@H](CCCC(C)C)[C@H]1CC[C@@H]2[C@@]1(CC[C@H]3[C@H]2CC=C4[C@@]3(CC[C@@H](C4)O)C)C,CCCCCCCCCCCCCC(=O)OCC(COP(=O)([O-])OCCOCCOCCOCCOCCOCCOCCOCCOCCOCCOCCOCCOCCOCCOCCOCCOCCOCCOCCOCCOCCOCCOCCOCCOCCOCCOCCOCCOCCOCCOCCOCCOCCOCCOCCOCCOCCOCCOCCOCCOCCOCCOCCOCCOCCOCCOCCOCCOCCOCCOCCOCCOCCOCCOCCOCCOCCOCCOCCOCCOCCOCCOCCOCCOCCOCCOCCOCCOCCOCCOCCOCCOCCOCCOCCOCCOCCOCCOCCOCCOCCOCCOCCOCCOCCOCCOCCOCCOCCOCCO)OC(=O)CCCCCCCCCCCCC,70.0,,approx,,,,85.0,,censored,,,,wt/wt,10.0,OTHER_wt_ratio,"synthesis_method: Microfluidic; device_used: SCALAR 1x chip; total_flow_rate_ml_min: 1.1-1.2; flow_rate_ratio: 3:1 (aqueous:ethanol); aqueous_phase_composition: mRNA (74 ¥ìg/mL) in 10 mM citrate buffer; organic_phase_composition: lipids in ethanol; mixing_time_sec: ; temperature_condition: ; post_processing: dialyzed against 1x PBS in 20-kDa MWCO dialysis cassettes for 2h, filtered by 0.22-¥ìm PES filters; sterilization: 0.22-¥ìm PES filtration; storage_buffer: 1x PBS, stored at 4¡ÆC","cell_line: HepG2 cells; animal_model: C57BL/6 mice; administration_route: intramuscular; dose: 50 ng per 5,000 cells (in vitro), 5 ¥ìg per mouse (in vivo); gene_expression_result: normalized luminescence ~150 (HepG2); biodistribution_result: injection site and inguinal lymph nodes, some liver transfection",150.0,numeric,0.8333333333333334,https://doi.org/10.1073/pnas.2303567120,Throughput-scalable manufacturing of SARS-CoV-2 mRNA lipid nanoparticle vaccines,"['Sarah J. Shepherd', 'Xuexiang Han', 'Alvin J. Mukalel', 'Rakan El-Mayta', 'Ajay S. Thatte', 'Jingyu Wu', 'Marshall S. Padilla', 'Mohamad-Gabriel Alameh', 'Neha Srikumar', 'Daeyeon Lee', 'Drew Weissman', 'David Issadore', 'Michael J. Mitchell']",PNAS,2023.0,D-Lin-MC3-DMA (MC3),"DSPC (1,2-distearoyl-sn-glycero-3-phosphocholine)",cholesterol,DMG-PEG 2000
923,DLin-MC3-DMA,DSPC,cholesterol,DMG-PEG2000,50:1.5:38.5:10,mRNA,firefly_luciferase,CCCCC/C=C\C/C=C\CCCCCCCCC(OC(=O)CCCN(C)C)CCCCCCCC/C=C\C/C=C\CCCCC,CCCCCCCCCCCCCCCCCC(=O)OC[C@H](COP(=O)([O-])OCC[N+](C)(C)C)OC(=O)CCCCCCCCCCCCCCCCC,C[C@H](CCCC(C)C)[C@H]1CC[C@@H]2[C@@]1(CC[C@H]3[C@H]2CC=C4[C@@]3(CC[C@@H](C4)O)C)C,CCCCCCCCCCCCCC(=O)OCC(COP(=O)([O-])OCCOCCOCCOCCOCCOCCOCCOCCOCCOCCOCCOCCOCCOCCOCCOCCOCCOCCOCCOCCOCCOCCOCCOCCOCCOCCOCCOCCOCCOCCOCCOCCOCCOCCOCCOCCOCCOCCOCCOCCOCCOCCOCCOCCOCCOCCOCCOCCOCCOCCOCCOCCOCCOCCOCCOCCOCCOCCOCCOCCOCCOCCOCCOCCOCCOCCOCCOCCOCCOCCOCCOCCOCCOCCOCCOCCOCCOCCOCCOCCOCCOCCOCCOCCOCCOCCOCCOCCOCCOCCO)OC(=O)CCCCCCCCCCCCC,70.0,,approx,,,,85.0,,censored,,,,wt/wt,10.0,OTHER_wt_ratio,"synthesis_method: Microfluidic; device_used: SCALAR 10x chip; total_flow_rate_ml_min: 0.72; flow_rate_ratio: 3:1 (aqueous:ethanol); aqueous_phase_composition: mRNA (diluted 3x) in 10 mM citrate buffer; organic_phase_composition: lipids (diluted 3x) in ethanol; mixing_time_sec: ; temperature_condition: ; post_processing: dialyzed against 1x PBS in 20-kDa MWCO dialysis cassettes for 2h, filtered by 0.22-¥ìm PES filters; sterilization: 0.22-¥ìm PES filtration; storage_buffer: 1x PBS, stored at 4¡ÆC","cell_line: HepG2 cells; animal_model: C57BL/6 mice; administration_route: intramuscular; dose: 50 ng per 5,000 cells (in vitro), 5 ¥ìg per mouse (in vivo); gene_expression_result: normalized luminescence ~150 (HepG2); biodistribution_result: injection site and inguinal lymph nodes, some liver transfection",150.0,numeric,0.8333333333333334,https://doi.org/10.1073/pnas.2303567120,Throughput-scalable manufacturing of SARS-CoV-2 mRNA lipid nanoparticle vaccines,"['Sarah J. Shepherd', 'Xuexiang Han', 'Alvin J. Mukalel', 'Rakan El-Mayta', 'Ajay S. Thatte', 'Jingyu Wu', 'Marshall S. Padilla', 'Mohamad-Gabriel Alameh', 'Neha Srikumar', 'Daeyeon Lee', 'Drew Weissman', 'David Issadore', 'Michael J. Mitchell']",PNAS,2023.0,D-Lin-MC3-DMA (MC3),"DSPC (1,2-distearoyl-sn-glycero-3-phosphocholine)",cholesterol,DMG-PEG 2000
928,DLin-MC3-DMA,DSPC,cholesterol,DMG-PEG2000,50:1.5:38.5:10,mRNA,mcherry,CCCCC/C=C\C/C=C\CCCCCCCCC(OC(=O)CCCN(C)C)CCCCCCCC/C=C\C/C=C\CCCCC,CCCCCCCCCCCCCCCCCC(=O)OC[C@H](COP(=O)([O-])OCC[N+](C)(C)C)OC(=O)CCCCCCCCCCCCCCCCC,C[C@H](CCCC(C)C)[C@H]1CC[C@@H]2[C@@]1(CC[C@H]3[C@H]2CC=C4[C@@]3(CC[C@@H](C4)O)C)C,CCCCCCCCCCCCCC(=O)OCC(COP(=O)([O-])OCCOCCOCCOCCOCCOCCOCCOCCOCCOCCOCCOCCOCCOCCOCCOCCOCCOCCOCCOCCOCCOCCOCCOCCOCCOCCOCCOCCOCCOCCOCCOCCOCCOCCOCCOCCOCCOCCOCCOCCOCCOCCOCCOCCOCCOCCOCCOCCOCCOCCOCCOCCOCCOCCOCCOCCOCCOCCOCCOCCOCCOCCOCCOCCOCCOCCOCCOCCOCCOCCOCCOCCOCCOCCOCCOCCOCCOCCOCCOCCOCCOCCOCCOCCOCCOCCOCCOCCOCCOCCO)OC(=O)CCCCCCCCCCCCC,,,,,,,85.0,,censored,,,,wt/wt,10.0,OTHER_wt_ratio,"synthesis_method: Microfluidic; device_used: SCALAR 1x chip (reuse experiment); total_flow_rate_ml_min: 1.1-1.2; flow_rate_ratio: 3:1 (aqueous:ethanol); aqueous_phase_composition: mRNA in 10 mM citrate buffer; organic_phase_composition: lipids in ethanol; mixing_time_sec: ; temperature_condition: ; post_processing: dialyzed against 1x PBS, filtered, chip cleaned with 1% triton X 100; sterilization: 0.22-¥ìm PES filtration; storage_buffer: 1x PBS, stored at 4¡ÆC","cell_line: Jurkat cells; dose: 60 ng per 60,000 cells; gene_expression_result: mCherry positive cells ~100%",100.0,percent,0.75,https://doi.org/10.1073/pnas.2303567120,Throughput-scalable manufacturing of SARS-CoV-2 mRNA lipid nanoparticle vaccines,"['Sarah J. Shepherd', 'Xuexiang Han', 'Alvin J. Mukalel', 'Rakan El-Mayta', 'Ajay S. Thatte', 'Jingyu Wu', 'Marshall S. Padilla', 'Mohamad-Gabriel Alameh', 'Neha Srikumar', 'Daeyeon Lee', 'Drew Weissman', 'David Issadore', 'Michael J. Mitchell']",PNAS,2023.0,D-Lin-MC3-DMA (MC3),"DSPC (1,2-distearoyl-sn-glycero-3-phosphocholine)",cholesterol,DMG-PEG 2000
929,DLin-MC3-DMA,DSPC,cholesterol,DMG-PEG2000,50:1.5:38.5:10,mRNA,gfp,CCCCC/C=C\C/C=C\CCCCCCCCC(OC(=O)CCCN(C)C)CCCCCCCC/C=C\C/C=C\CCCCC,CCCCCCCCCCCCCCCCCC(=O)OC[C@H](COP(=O)([O-])OCC[N+](C)(C)C)OC(=O)CCCCCCCCCCCCCCCCC,C[C@H](CCCC(C)C)[C@H]1CC[C@@H]2[C@@]1(CC[C@H]3[C@H]2CC=C4[C@@]3(CC[C@@H](C4)O)C)C,CCCCCCCCCCCCCC(=O)OCC(COP(=O)([O-])OCCOCCOCCOCCOCCOCCOCCOCCOCCOCCOCCOCCOCCOCCOCCOCCOCCOCCOCCOCCOCCOCCOCCOCCOCCOCCOCCOCCOCCOCCOCCOCCOCCOCCOCCOCCOCCOCCOCCOCCOCCOCCOCCOCCOCCOCCOCCOCCOCCOCCOCCOCCOCCOCCOCCOCCOCCOCCOCCOCCOCCOCCOCCOCCOCCOCCOCCOCCOCCOCCOCCOCCOCCOCCOCCOCCOCCOCCOCCOCCOCCOCCOCCOCCOCCOCCOCCOCCOCCOCCO)OC(=O)CCCCCCCCCCCCC,,,,,,,85.0,,censored,,,,wt/wt,10.0,OTHER_wt_ratio,"synthesis_method: Microfluidic; device_used: SCALAR 1x chip (reuse experiment); total_flow_rate_ml_min: 1.1-1.2; flow_rate_ratio: 3:1 (aqueous:ethanol); aqueous_phase_composition: mRNA in 10 mM citrate buffer; organic_phase_composition: lipids in ethanol; mixing_time_sec: ; temperature_condition: ; post_processing: dialyzed against 1x PBS, filtered, chip cleaned with 1% triton X 100; sterilization: 0.22-¥ìm PES filtration; storage_buffer: 1x PBS, stored at 4¡ÆC","cell_line: Jurkat cells; dose: 60 ng per 60,000 cells; gene_expression_result: GFP positive cells ~100%",100.0,percent,0.75,https://doi.org/10.1073/pnas.2303567120,Throughput-scalable manufacturing of SARS-CoV-2 mRNA lipid nanoparticle vaccines,"['Sarah J. Shepherd', 'Xuexiang Han', 'Alvin J. Mukalel', 'Rakan El-Mayta', 'Ajay S. Thatte', 'Jingyu Wu', 'Marshall S. Padilla', 'Mohamad-Gabriel Alameh', 'Neha Srikumar', 'Daeyeon Lee', 'Drew Weissman', 'David Issadore', 'Michael J. Mitchell']",PNAS,2023.0,D-Lin-MC3-DMA (MC3),"DSPC (1,2-distearoyl-sn-glycero-3-phosphocholine)",cholesterol,DMG-PEG 2000
931,DLin-MC3-DMA,DSPC,cholesterol,DMG-PEG2000,50:1.5:38.5:10,mRNA,firefly_luciferase,CCCCC/C=C\C/C=C\CCCCCCCCC(OC(=O)CCCN(C)C)CCCCCCCC/C=C\C/C=C\CCCCC,CCCCCCCCCCCCCCCCCC(=O)OC[C@H](COP(=O)([O-])OCC[N+](C)(C)C)OC(=O)CCCCCCCCCCCCCCCCC,C[C@H](CCCC(C)C)[C@H]1CC[C@@H]2[C@@]1(CC[C@H]3[C@H]2CC=C4[C@@]3(CC[C@@H](C4)O)C)C,CCCCCCCCCCCCCC(=O)OCC(COP(=O)([O-])OCCOCCOCCOCCOCCOCCOCCOCCOCCOCCOCCOCCOCCOCCOCCOCCOCCOCCOCCOCCOCCOCCOCCOCCOCCOCCOCCOCCOCCOCCOCCOCCOCCOCCOCCOCCOCCOCCOCCOCCOCCOCCOCCOCCOCCOCCOCCOCCOCCOCCOCCOCCOCCOCCOCCOCCOCCOCCOCCOCCOCCOCCOCCOCCOCCOCCOCCOCCOCCOCCOCCOCCOCCOCCOCCOCCOCCOCCOCCOCCOCCOCCOCCOCCOCCOCCOCCOCCOCCOCCO)OC(=O)CCCCCCCCCCCCC,160.0,,approx,,,,60.0,,approx,,,,wt/wt,10.0,OTHER_wt_ratio,"synthesis_method: Pipette mixing (bulk mixed); device_used: Eppendorf Xplorer Electronic Pipette; total_flow_rate_ml_min: ; flow_rate_ratio: 3:1 (aqueous:ethanol); aqueous_phase_composition: mRNA (74 ¥ìg/mL) in 10 mM citrate buffer; organic_phase_composition: lipids in ethanol; mixing_time_sec: 50 cycles at maximum speed; temperature_condition: ; post_processing: dialyzed against 1x PBS, filtered by 0.45-¥ìm PES filter; sterilization: 0.45-¥ìm PES filtration; storage_buffer: 1x PBS, stored at 4¡ÆC","cell_line: HepG2 cells; dose: 50 ng per 5,000 cells; gene_expression_result: normalized luminescence ~80 (significantly lower than microfluidic)",80.0,numeric,0.3333333333333333,https://doi.org/10.1073/pnas.2303567120,Throughput-scalable manufacturing of SARS-CoV-2 mRNA lipid nanoparticle vaccines,"['Sarah J. Shepherd', 'Xuexiang Han', 'Alvin J. Mukalel', 'Rakan El-Mayta', 'Ajay S. Thatte', 'Jingyu Wu', 'Marshall S. Padilla', 'Mohamad-Gabriel Alameh', 'Neha Srikumar', 'Daeyeon Lee', 'Drew Weissman', 'David Issadore', 'Michael J. Mitchell']",PNAS,2023.0,D-Lin-MC3-DMA (MC3),"DSPC (1,2-distearoyl-sn-glycero-3-phosphocholine)",cholesterol,DMG-PEG 2000
932,L202,DSPC,cholesterol,DMG-PEG2000,50:10:38.5:1.5,mRNA,firefly_luciferase,CCCCCCCCCCC(CCCCCCCCC(=O)OCCC(CCCCC)CCCCC)COC(=O)C1CCN(CC1)C,CCCCCCCCCCCCCCCCCC(=O)OC[C@H](COP(=O)([O-])OCC[N+](C)(C)C)OC(=O)CCCCCCCCCCCCCCCCC,C[C@H](CCCC(C)C)[C@H]1CC[C@@H]2[C@@]1(CC[C@H]3[C@H]2CC=C4[C@@]3(CC[C@@H](C4)O)C)C,CCCCCCCCCCCCCC(=O)OCC(COP(=O)([O-])OCCOCCOCCOCCOCCOCCOCCOCCOCCOCCOCCOCCOCCOCCOCCOCCOCCOCCOCCOCCOCCOCCOCCOCCOCCOCCOCCOCCOCCOCCOCCOCCOCCOCCOCCOCCOCCOCCOCCOCCOCCOCCOCCOCCOCCOCCOCCOCCOCCOCCOCCOCCOCCOCCOCCOCCOCCOCCOCCOCCOCCOCCOCCOCCOCCOCCOCCOCCOCCOCCOCCOCCOCCOCCOCCOCCOCCOCCOCCOCCOCCOCCOCCOCCOCCOCCOCCOCCOCCOCCO)OC(=O)CCCCCCCCCCCCC,213.5,,range,0.22,,range,66.5,,range,,,,wt/wt,0.05,mRNA:lipi,"synthesis_method: Microfluidic; device_used: NanoAssemblr (Precision Nanosystems); total_flow_rate_ml_min: 1-4; flow_rate_ratio: 1:1 to 3:1 (aqueous:ethanol); aqueous_phase_composition: 50 mM sodium citrate buffer, pH 3.5; organic_phase_composition: EtOH with dissolved lipids; mixing_time_sec: ; temperature_condition: 2-8¡ÆC during dialysis; post_processing: Two-stage dialysis: first against PBS (pH 7.5) for 6h at 2-8¡ÆC, then against 8% sucrose/20 mM Tris buffer (pH 7.5) overnight at 2-8¡ÆC. Concentration via ultrafiltration (100 kDa MWCO); sterilization: ; storage_buffer: 8% sucrose/20 mM Tris buffer (pH 7.5)","cell_line: Hep3B, Huh7; dose: 100 ng/mL and 500 ng/mL mRNA; gene_expression_result: Luciferase expression varied by particle size, with medium-sized LNPs (105 nm) showing highest expression",105.0,numeric,0.6,https://doi.org/10.1248/cpb.c24-00089,Understanding the Manufacturing Process of Lipid Nanoparticles for mRNA Delivery Using Machine Learning,"['Shinya Sato', 'Syusuke Sano', 'Hiroki Muto', 'Kenji Kubara', 'Keita Kondo', 'Takayuki Miyazaki', 'Yuta Suzuki', 'Yoshifumi Uemoto', 'Koji Ukai']",Chemical and Pharmaceutical Bulletin,2024.0,L202,DSPC,cholesterol,mPEG2000-DMG
933,L202,DSPC,cholesterol,DMG-PEG2000,50:10:38.5:1.5,mRNA,firefly_luciferase,CCCCCCCCCCC(CCCCCCCCC(=O)OCCC(CCCCC)CCCCC)COC(=O)C1CCN(CC1)C,CCCCCCCCCCCCCCCCCC(=O)OC[C@H](COP(=O)([O-])OCC[N+](C)(C)C)OC(=O)CCCCCCCCCCCCCCCCC,C[C@H](CCCC(C)C)[C@H]1CC[C@@H]2[C@@]1(CC[C@H]3[C@H]2CC=C4[C@@]3(CC[C@@H](C4)O)C)C,CCCCCCCCCCCCCC(=O)OCC(COP(=O)([O-])OCCOCCOCCOCCOCCOCCOCCOCCOCCOCCOCCOCCOCCOCCOCCOCCOCCOCCOCCOCCOCCOCCOCCOCCOCCOCCOCCOCCOCCOCCOCCOCCOCCOCCOCCOCCOCCOCCOCCOCCOCCOCCOCCOCCOCCOCCOCCOCCOCCOCCOCCOCCOCCOCCOCCOCCOCCOCCOCCOCCOCCOCCOCCOCCOCCOCCOCCOCCOCCOCCOCCOCCOCCOCCOCCOCCOCCOCCOCCOCCOCCOCCOCCOCCOCCOCCOCCOCCOCCOCCO)OC(=O)CCCCCCCCCCCCC,83.0,,,0.121,,,96.0,,,,,,wt/wt,0.05,mRNA:lipi,"synthesis_method: Microfluidic; device_used: NanoAssemblr; total_flow_rate_ml_min: 4.0; flow_rate_ratio: 25% EtOH (flow rate ratio 3:1); aqueous_phase_composition: 50 mM sodium citrate buffer, pH 4.0; organic_phase_composition: EtOH; mixing_time_sec: ; temperature_condition: 2-8¡ÆC; post_processing: Two-stage dialysis with Method C (dilution with citrate buffer then dialysis); sterilization: ; storage_buffer: 8% sucrose/20 mM Tris buffer (pH 7.5)","cell_line: Hep3B, Huh7; dose: 100 ng/mL and 500 ng/mL mRNA; gene_expression_result: Target ~80 nm particle size achieved via Bayesian optimization",80.0,numeric,0.3,https://doi.org/10.1248/cpb.c24-00089,Understanding the Manufacturing Process of Lipid Nanoparticles for mRNA Delivery Using Machine Learning,"['Shinya Sato', 'Syusuke Sano', 'Hiroki Muto', 'Kenji Kubara', 'Keita Kondo', 'Takayuki Miyazaki', 'Yuta Suzuki', 'Yoshifumi Uemoto', 'Koji Ukai']",Chemical and Pharmaceutical Bulletin,2024.0,L202,DSPC,cholesterol,mPEG2000-DMG
934,L202,DSPC,cholesterol,DMG-PEG2000,50:10:38.5:1.5,mRNA,firefly_luciferase,CCCCCCCCCCC(CCCCCCCCC(=O)OCCC(CCCCC)CCCCC)COC(=O)C1CCN(CC1)C,CCCCCCCCCCCCCCCCCC(=O)OC[C@H](COP(=O)([O-])OCC[N+](C)(C)C)OC(=O)CCCCCCCCCCCCCCCCC,C[C@H](CCCC(C)C)[C@H]1CC[C@@H]2[C@@]1(CC[C@H]3[C@H]2CC=C4[C@@]3(CC[C@@H](C4)O)C)C,CCCCCCCCCCCCCC(=O)OCC(COP(=O)([O-])OCCOCCOCCOCCOCCOCCOCCOCCOCCOCCOCCOCCOCCOCCOCCOCCOCCOCCOCCOCCOCCOCCOCCOCCOCCOCCOCCOCCOCCOCCOCCOCCOCCOCCOCCOCCOCCOCCOCCOCCOCCOCCOCCOCCOCCOCCOCCOCCOCCOCCOCCOCCOCCOCCOCCOCCOCCOCCOCCOCCOCCOCCOCCOCCOCCOCCOCCOCCOCCOCCOCCOCCOCCOCCOCCOCCOCCOCCOCCOCCOCCOCCOCCOCCOCCOCCOCCOCCOCCOCCO)OC(=O)CCCCCCCCCCCCC,77.0,,,0.081,,,96.0,,,,,,wt/wt,0.05,mRNA:lipi,"synthesis_method: Microfluidic; device_used: NanoAssemblr; total_flow_rate_ml_min: 4.0; flow_rate_ratio: 25% EtOH (flow rate ratio 3:1); aqueous_phase_composition: 50 mM sodium citrate buffer, pH 3.5; organic_phase_composition: EtOH; mixing_time_sec: ; temperature_condition: 2-8¡ÆC; post_processing: Two-stage dialysis with Method C; sterilization: ; storage_buffer: 8% sucrose/20 mM Tris buffer (pH 7.5)","cell_line: Hep3B, Huh7; dose: 100 ng/mL and 500 ng/mL mRNA; gene_expression_result: Target ~80 nm particle size achieved via Bayesian optimization",80.0,numeric,0.3,https://doi.org/10.1248/cpb.c24-00089,Understanding the Manufacturing Process of Lipid Nanoparticles for mRNA Delivery Using Machine Learning,"['Shinya Sato', 'Syusuke Sano', 'Hiroki Muto', 'Kenji Kubara', 'Keita Kondo', 'Takayuki Miyazaki', 'Yuta Suzuki', 'Yoshifumi Uemoto', 'Koji Ukai']",Chemical and Pharmaceutical Bulletin,2024.0,L202,DSPC,cholesterol,mPEG2000-DMG
935,L202,DSPC,cholesterol,DMG-PEG2000,50:10:38.5:1.5,mRNA,firefly_luciferase,CCCCCCCCCCC(CCCCCCCCC(=O)OCCC(CCCCC)CCCCC)COC(=O)C1CCN(CC1)C,CCCCCCCCCCCCCCCCCC(=O)OC[C@H](COP(=O)([O-])OCC[N+](C)(C)C)OC(=O)CCCCCCCCCCCCCCCCC,C[C@H](CCCC(C)C)[C@H]1CC[C@@H]2[C@@]1(CC[C@H]3[C@H]2CC=C4[C@@]3(CC[C@@H](C4)O)C)C,CCCCCCCCCCCCCC(=O)OCC(COP(=O)([O-])OCCOCCOCCOCCOCCOCCOCCOCCOCCOCCOCCOCCOCCOCCOCCOCCOCCOCCOCCOCCOCCOCCOCCOCCOCCOCCOCCOCCOCCOCCOCCOCCOCCOCCOCCOCCOCCOCCOCCOCCOCCOCCOCCOCCOCCOCCOCCOCCOCCOCCOCCOCCOCCOCCOCCOCCOCCOCCOCCOCCOCCOCCOCCOCCOCCOCCOCCOCCOCCOCCOCCOCCOCCOCCOCCOCCOCCOCCOCCOCCOCCOCCOCCOCCOCCOCCOCCOCCOCCOCCO)OC(=O)CCCCCCCCCCCCC,200.0,,,0.058,,,97.0,,,,,,wt/wt,0.05,mRNA:lipi,"synthesis_method: Microfluidic; device_used: NanoAssemblr; total_flow_rate_ml_min: 2.5; flow_rate_ratio: 44% EtOH; aqueous_phase_composition: 50 mM sodium citrate buffer, pH 3.5; organic_phase_composition: EtOH; mixing_time_sec: ; temperature_condition: 2-8¡ÆC; post_processing: Two-stage dialysis with Method C; sterilization: ; storage_buffer: 8% sucrose/20 mM Tris buffer (pH 7.5)","cell_line: Hep3B, Huh7; dose: 100 ng/mL and 500 ng/mL mRNA; gene_expression_result: Target ~200 nm particle size achieved via Bayesian optimization",200.0,numeric,0.9,https://doi.org/10.1248/cpb.c24-00089,Understanding the Manufacturing Process of Lipid Nanoparticles for mRNA Delivery Using Machine Learning,"['Shinya Sato', 'Syusuke Sano', 'Hiroki Muto', 'Kenji Kubara', 'Keita Kondo', 'Takayuki Miyazaki', 'Yuta Suzuki', 'Yoshifumi Uemoto', 'Koji Ukai']",Chemical and Pharmaceutical Bulletin,2024.0,L202,DSPC,cholesterol,mPEG2000-DMG
936,L202,DSPC,cholesterol,DMG-PEG2000,50:10:38.5:1.5,mRNA,firefly_luciferase,CCCCCCCCCCC(CCCCCCCCC(=O)OCCC(CCCCC)CCCCC)COC(=O)C1CCN(CC1)C,CCCCCCCCCCCCCCCCCC(=O)OC[C@H](COP(=O)([O-])OCC[N+](C)(C)C)OC(=O)CCCCCCCCCCCCCCCCC,C[C@H](CCCC(C)C)[C@H]1CC[C@@H]2[C@@]1(CC[C@H]3[C@H]2CC=C4[C@@]3(CC[C@@H](C4)O)C)C,CCCCCCCCCCCCCC(=O)OCC(COP(=O)([O-])OCCOCCOCCOCCOCCOCCOCCOCCOCCOCCOCCOCCOCCOCCOCCOCCOCCOCCOCCOCCOCCOCCOCCOCCOCCOCCOCCOCCOCCOCCOCCOCCOCCOCCOCCOCCOCCOCCOCCOCCOCCOCCOCCOCCOCCOCCOCCOCCOCCOCCOCCOCCOCCOCCOCCOCCOCCOCCOCCOCCOCCOCCOCCOCCOCCOCCOCCOCCOCCOCCOCCOCCOCCOCCOCCOCCOCCOCCOCCOCCOCCOCCOCCOCCOCCOCCOCCOCCOCCOCCO)OC(=O)CCCCCCCCCCCCC,186.0,,,0.072,,,97.0,,,,,,wt/wt,0.05,mRNA:lipi,"synthesis_method: Microfluidic; device_used: NanoAssemblr; total_flow_rate_ml_min: 2.5; flow_rate_ratio: 45% EtOH; aqueous_phase_composition: 50 mM sodium citrate buffer, pH 3.5; organic_phase_composition: EtOH; mixing_time_sec: ; temperature_condition: 2-8¡ÆC; post_processing: Two-stage dialysis with Method C; sterilization: ; storage_buffer: 8% sucrose/20 mM Tris buffer (pH 7.5)","cell_line: Hep3B, Huh7; dose: 100 ng/mL and 500 ng/mL mRNA; gene_expression_result: Target ~200 nm particle size achieved via Bayesian optimization",200.0,numeric,0.9,https://doi.org/10.1248/cpb.c24-00089,Understanding the Manufacturing Process of Lipid Nanoparticles for mRNA Delivery Using Machine Learning,"['Shinya Sato', 'Syusuke Sano', 'Hiroki Muto', 'Kenji Kubara', 'Keita Kondo', 'Takayuki Miyazaki', 'Yuta Suzuki', 'Yoshifumi Uemoto', 'Koji Ukai']",Chemical and Pharmaceutical Bulletin,2024.0,L202,DSPC,cholesterol,mPEG2000-DMG
937,L202,DSPC,cholesterol,DMG-PEG2000,50:10:38.5:1.5,mRNA,firefly_luciferase,CCCCCCCCCCC(CCCCCCCCC(=O)OCCC(CCCCC)CCCCC)COC(=O)C1CCN(CC1)C,CCCCCCCCCCCCCCCCCC(=O)OC[C@H](COP(=O)([O-])OCC[N+](C)(C)C)OC(=O)CCCCCCCCCCCCCCCCC,C[C@H](CCCC(C)C)[C@H]1CC[C@@H]2[C@@]1(CC[C@H]3[C@H]2CC=C4[C@@]3(CC[C@@H](C4)O)C)C,CCCCCCCCCCCCCC(=O)OCC(COP(=O)([O-])OCCOCCOCCOCCOCCOCCOCCOCCOCCOCCOCCOCCOCCOCCOCCOCCOCCOCCOCCOCCOCCOCCOCCOCCOCCOCCOCCOCCOCCOCCOCCOCCOCCOCCOCCOCCOCCOCCOCCOCCOCCOCCOCCOCCOCCOCCOCCOCCOCCOCCOCCOCCOCCOCCOCCOCCOCCOCCOCCOCCOCCOCCOCCOCCOCCOCCOCCOCCOCCOCCOCCOCCOCCOCCOCCOCCOCCOCCOCCOCCOCCOCCOCCOCCOCCOCCOCCOCCOCCOCCO)OC(=O)CCCCCCCCCCCCC,81.0,,,0.109,,,96.0,,,,,,wt/wt,0.05,mRNA:lipi,"synthesis_method: Microfluidic; device_used: NanoAssemblr; total_flow_rate_ml_min: ; flow_rate_ratio: ; aqueous_phase_composition: 50 mM sodium citrate buffer, pH 3.5; organic_phase_composition: EtOH; mixing_time_sec: ; temperature_condition: 2-8¡ÆC; post_processing: Two-stage dialysis with Method C; sterilization: ; storage_buffer: 8% sucrose/20 mM Tris buffer (pH 7.5)","cell_line: Hep3B, Huh7; dose: 100 ng/mL and 500 ng/mL mRNA; gene_expression_result: Small size category for protein expression studies",,,,https://doi.org/10.1248/cpb.c24-00089,Understanding the Manufacturing Process of Lipid Nanoparticles for mRNA Delivery Using Machine Learning,"['Shinya Sato', 'Syusuke Sano', 'Hiroki Muto', 'Kenji Kubara', 'Keita Kondo', 'Takayuki Miyazaki', 'Yuta Suzuki', 'Yoshifumi Uemoto', 'Koji Ukai']",Chemical and Pharmaceutical Bulletin,2024.0,L202,DSPC,cholesterol,mPEG2000-DMG
938,L202,DSPC,cholesterol,DMG-PEG2000,50:10:38.5:1.5,mRNA,firefly_luciferase,CCCCCCCCCCC(CCCCCCCCC(=O)OCCC(CCCCC)CCCCC)COC(=O)C1CCN(CC1)C,CCCCCCCCCCCCCCCCCC(=O)OC[C@H](COP(=O)([O-])OCC[N+](C)(C)C)OC(=O)CCCCCCCCCCCCCCCCC,C[C@H](CCCC(C)C)[C@H]1CC[C@@H]2[C@@]1(CC[C@H]3[C@H]2CC=C4[C@@]3(CC[C@@H](C4)O)C)C,CCCCCCCCCCCCCC(=O)OCC(COP(=O)([O-])OCCOCCOCCOCCOCCOCCOCCOCCOCCOCCOCCOCCOCCOCCOCCOCCOCCOCCOCCOCCOCCOCCOCCOCCOCCOCCOCCOCCOCCOCCOCCOCCOCCOCCOCCOCCOCCOCCOCCOCCOCCOCCOCCOCCOCCOCCOCCOCCOCCOCCOCCOCCOCCOCCOCCOCCOCCOCCOCCOCCOCCOCCOCCOCCOCCOCCOCCOCCOCCOCCOCCOCCOCCOCCOCCOCCOCCOCCOCCOCCOCCOCCOCCOCCOCCOCCOCCOCCOCCOCCO)OC(=O)CCCCCCCCCCCCC,109.0,,,0.053,,,96.0,,,,,,wt/wt,0.05,mRNA:lipi,"synthesis_method: Microfluidic; device_used: NanoAssemblr; total_flow_rate_ml_min: ; flow_rate_ratio: ; aqueous_phase_composition: 50 mM sodium citrate buffer, pH 3.5; organic_phase_composition: EtOH; mixing_time_sec: ; temperature_condition: 2-8¡ÆC; post_processing: Two-stage dialysis with Method C; sterilization: ; storage_buffer: 8% sucrose/20 mM Tris buffer (pH 7.5)","cell_line: Hep3B, Huh7; dose: 100 ng/mL and 500 ng/mL mRNA; gene_expression_result: Medium size category showed highest protein expression levels",,,,https://doi.org/10.1248/cpb.c24-00089,Understanding the Manufacturing Process of Lipid Nanoparticles for mRNA Delivery Using Machine Learning,"['Shinya Sato', 'Syusuke Sano', 'Hiroki Muto', 'Kenji Kubara', 'Keita Kondo', 'Takayuki Miyazaki', 'Yuta Suzuki', 'Yoshifumi Uemoto', 'Koji Ukai']",Chemical and Pharmaceutical Bulletin,2024.0,L202,DSPC,cholesterol,mPEG2000-DMG
939,L202,DSPC,cholesterol,DMG-PEG2000,50:10:38.5:1.5,mRNA,firefly_luciferase,CCCCCCCCCCC(CCCCCCCCC(=O)OCCC(CCCCC)CCCCC)COC(=O)C1CCN(CC1)C,CCCCCCCCCCCCCCCCCC(=O)OC[C@H](COP(=O)([O-])OCC[N+](C)(C)C)OC(=O)CCCCCCCCCCCCCCCCC,C[C@H](CCCC(C)C)[C@H]1CC[C@@H]2[C@@]1(CC[C@H]3[C@H]2CC=C4[C@@]3(CC[C@@H](C4)O)C)C,CCCCCCCCCCCCCC(=O)OCC(COP(=O)([O-])OCCOCCOCCOCCOCCOCCOCCOCCOCCOCCOCCOCCOCCOCCOCCOCCOCCOCCOCCOCCOCCOCCOCCOCCOCCOCCOCCOCCOCCOCCOCCOCCOCCOCCOCCOCCOCCOCCOCCOCCOCCOCCOCCOCCOCCOCCOCCOCCOCCOCCOCCOCCOCCOCCOCCOCCOCCOCCOCCOCCOCCOCCOCCOCCOCCOCCOCCOCCOCCOCCOCCOCCOCCOCCOCCOCCOCCOCCOCCOCCOCCOCCOCCOCCOCCOCCOCCOCCOCCOCCO)OC(=O)CCCCCCCCCCCCC,139.0,,,0.057,,,92.0,,,,,,wt/wt,0.05,mRNA:lipi,"synthesis_method: Microfluidic; device_used: NanoAssemblr; total_flow_rate_ml_min: ; flow_rate_ratio: ; aqueous_phase_composition: 50 mM sodium citrate buffer, pH 3.5; organic_phase_composition: EtOH; mixing_time_sec: ; temperature_condition: 2-8¡ÆC; post_processing: Two-stage dialysis with Method C; sterilization: ; storage_buffer: 8% sucrose/20 mM Tris buffer (pH 7.5)","cell_line: Hep3B, Huh7; dose: 100 ng/mL and 500 ng/mL mRNA; gene_expression_result: Large size category for protein expression studies",,,,https://doi.org/10.1248/cpb.c24-00089,Understanding the Manufacturing Process of Lipid Nanoparticles for mRNA Delivery Using Machine Learning,"['Shinya Sato', 'Syusuke Sano', 'Hiroki Muto', 'Kenji Kubara', 'Keita Kondo', 'Takayuki Miyazaki', 'Yuta Suzuki', 'Yoshifumi Uemoto', 'Koji Ukai']",Chemical and Pharmaceutical Bulletin,2024.0,L202,DSPC,cholesterol,mPEG2000-DMG
940,L202,DSPC,cholesterol,DMG-PEG2000,50:10:38.5:1.5,mRNA,firefly_luciferase,CCCCCCCCCCC(CCCCCCCCC(=O)OCCC(CCCCC)CCCCC)COC(=O)C1CCN(CC1)C,CCCCCCCCCCCCCCCCCC(=O)OC[C@H](COP(=O)([O-])OCC[N+](C)(C)C)OC(=O)CCCCCCCCCCCCCCCCC,C[C@H](CCCC(C)C)[C@H]1CC[C@@H]2[C@@]1(CC[C@H]3[C@H]2CC=C4[C@@]3(CC[C@@H](C4)O)C)C,CCCCCCCCCCCCCC(=O)OCC(COP(=O)([O-])OCCOCCOCCOCCOCCOCCOCCOCCOCCOCCOCCOCCOCCOCCOCCOCCOCCOCCOCCOCCOCCOCCOCCOCCOCCOCCOCCOCCOCCOCCOCCOCCOCCOCCOCCOCCOCCOCCOCCOCCOCCOCCOCCOCCOCCOCCOCCOCCOCCOCCOCCOCCOCCOCCOCCOCCOCCOCCOCCOCCOCCOCCOCCOCCOCCOCCOCCOCCOCCOCCOCCOCCOCCOCCOCCOCCOCCOCCOCCOCCOCCOCCOCCOCCOCCOCCOCCOCCOCCOCCO)OC(=O)CCCCCCCCCCCCC,199.0,,,0.062,,,97.0,,,,,,wt/wt,0.05,mRNA:lipi,"synthesis_method: Microfluidic; device_used: NanoAssemblr; total_flow_rate_ml_min: ; flow_rate_ratio: ; aqueous_phase_composition: 50 mM sodium citrate buffer, pH 3.5; organic_phase_composition: EtOH; mixing_time_sec: ; temperature_condition: 2-8¡ÆC; post_processing: Two-stage dialysis with Method C; sterilization: ; storage_buffer: 8% sucrose/20 mM Tris buffer (pH 7.5)","cell_line: Hep3B, Huh7; dose: 100 ng/mL and 500 ng/mL mRNA; gene_expression_result: Extra-large size category showed lowest protein expression levels",,,,https://doi.org/10.1248/cpb.c24-00089,Understanding the Manufacturing Process of Lipid Nanoparticles for mRNA Delivery Using Machine Learning,"['Shinya Sato', 'Syusuke Sano', 'Hiroki Muto', 'Kenji Kubara', 'Keita Kondo', 'Takayuki Miyazaki', 'Yuta Suzuki', 'Yoshifumi Uemoto', 'Koji Ukai']",Chemical and Pharmaceutical Bulletin,2024.0,L202,DSPC,cholesterol,mPEG2000-DMG
946,cKK-E12,DOPE,cholesterol,C14-PEG2000,35:16:46.5:2.5,mRNA,"firefly_luciferase, epo, cre_recombinase",CCCCCCCCCCCC(O)CN1CCCCC(C(=O)NC2CCCCCNC(=O)C3N(CC(O)CCCCCCCCCCCC)CCC(CC3)N(CC(O)CCCCCCCCCCCC)CC(O)CCCCCCCCCCCC)C1,CCCCCCCC/C=C\CCCCCCCC(=O)OC[C@H](COP(=O)(O)OCCN)OC(=O)CCCCCCC/C=C\CCCCCCCC,C[C@H](CCCC(C)C)[C@H]1CC[C@@H]2[C@@]1(CC[C@H]3[C@H]2CC=C4[C@@]3(CC[C@@H](C4)O)C)C,CCCCCCCCCCCCCCOC(=O)CCOCCOCCOCCOCCOCCOCCOCCOCCOCCOCCOCCOCCOCCOCCOCCOCCOCCOCCOCCOCCOCCOCCOCCOCCOCCOCCOCCOCCOCCOCCOCCOCCOCCOCCOCCOCCOCCOCCOCCOCCOCCOCCOCCOCCOCCOCCOCCOCCOCCOCCOCCOCCOCCOCCOCCOCCOCCOCCOCCOCCOCCOCCOCCOCCOCCOCCOCCOCCOCCOCCOCCOCCOCCOCCOCCOCCOCCOCCOCCOCCOCCOCCOCCOCCOCCOCCOCCOCCOCCO,86.7,0.5,multi_condition,0.17,,multi_method,65.5,3.8,multi_condition,-5.5,1.2,,,,,"synthesis_method: Microfluidic; device_used: microfluidic chip device; total_flow_rate_ml_min: ; flow_rate_ratio: 3:1 (aqueous:ethanol); aqueous_phase_composition: 10 mM citrate buffer (pH 3.5); organic_phase_composition: ethanol with dissolved lipids; mixing_time_sec: ; temperature_condition: ; post_processing: dialyzed against 1¡¿PBS in 20,000 MWCO cassette at 4¡ÆC for 2 h; sterilization: ; storage_buffer: 1¡¿PBS","cell_line: primary hepatocytes, HeLa cells; animal_model: C57BL/6 mice; administration_route: intravenous (IV); dose: 0.75 mg/kg mRNA; gene_expression_result: hEPO: ~14,000 ng/mL at 6h, Fluc: ~10^6 p/s/cm©÷/sr; biodistribution_result: primarily liver, followed by spleen; toxicity_profile: dose-dependent increase in AST, ALT, BUN, total bilirubin at ¡Ã2.25 mg/kg; cytokine_response: elevation of IFN, IL6, TNF¥á, groAlpha, MCP1",14.0,numeric,1.0,https://doi.org/10.1038/s41467-020-16248-y,Synergistic lipid compositions for albumin receptor mediated delivery of mRNA to the liver,"['Lei Miao', 'Jiaqi Lin', 'Yuxuan Huang', 'Linxian Li', 'Derfogail Delcassian', 'Yifan Ge', 'Yunhua Shi', 'Daniel G. Anderson']",Nature Communications,2020.0,cKK-E12,DOPE,cholesterol,C14-PEG2000
947,Custom lipid,DOPE,cholesterol,C14-PEG2000,35:16:46.5:2.5,mRNA,"firefly_luciferase, epo",,CCCCCCCC/C=C\CCCCCCCC(=O)OC[C@H](COP(=O)(O)OCCN)OC(=O)CCCCCCC/C=C\CCCCCCCC,C[C@H](CCCC(C)C)[C@H]1CC[C@@H]2[C@@]1(CC[C@H]3[C@H]2CC=C4[C@@]3(CC[C@@H](C4)O)C)C,CCCCCCCCCCCCCCOC(=O)CCOCCOCCOCCOCCOCCOCCOCCOCCOCCOCCOCCOCCOCCOCCOCCOCCOCCOCCOCCOCCOCCOCCOCCOCCOCCOCCOCCOCCOCCOCCOCCOCCOCCOCCOCCOCCOCCOCCOCCOCCOCCOCCOCCOCCOCCOCCOCCOCCOCCOCCOCCOCCOCCOCCOCCOCCOCCOCCOCCOCCOCCOCCOCCOCCOCCOCCOCCOCCOCCOCCOCCOCCOCCOCCOCCOCCOCCOCCOCCOCCOCCOCCOCCOCCOCCOCCOCCOCCOCCO,85.0,1.2,multi_condition,0.1,,multi_method,75.2,3.1,multi_condition,-1.1,0.8,,,,,"synthesis_method: Microfluidic; device_used: microfluidic chip device; total_flow_rate_ml_min: ; flow_rate_ratio: 3:1 (aqueous:ethanol); aqueous_phase_composition: 10 mM citrate buffer (pH 3.5); organic_phase_composition: ethanol with dissolved lipids; mixing_time_sec: ; temperature_condition: ; post_processing: dialyzed against 1¡¿PBS in 20,000 MWCO cassette at 4¡ÆC for 2 h; sterilization: ; storage_buffer: 1¡¿PBS","cell_line: primary hepatocytes, HeLa cells; animal_model: C57BL/6 mice; administration_route: intravenous (IV); dose: 0.75 mg/kg mRNA; gene_expression_result: moderate protein expression, enhanced fusion capability; biodistribution_result: primarily liver; toxicity_profile: lower toxicity compared to cKK-E12, minimal immune stimulation; cytokine_response: reduced inflammatory cytokines compared to cKK-E12",,,,https://doi.org/10.1038/s41467-020-16248-y,Synergistic lipid compositions for albumin receptor mediated delivery of mRNA to the liver,"['Lei Miao', 'Jiaqi Lin', 'Yuxuan Huang', 'Linxian Li', 'Derfogail Delcassian', 'Yifan Ge', 'Yunhua Shi', 'Daniel G. Anderson']",Nature Communications,2020.0,A6 (biodegradable alkyne lipid),DOPE,cholesterol,C14-PEG2000
948,Custom lipid,DOPE,cholesterol,C14-PEG2000,35:16:46.5:2.5,mRNA,"firefly_luciferase, epo, cre_recombinase",CCCCCCCCCCCC(O)CN1CCCCC(C(=O)NC2CCCCCNC(=O)C3N(CC(O)CCCCCCCCCCCC)CCC(CC3)N(CC(O)CCCCCCCCCCCC)CC(O)CCCCCCCCCCCC)C1,CCCCCCCC/C=C\CCCCCCCC(=O)OC[C@H](COP(=O)(O)OCCN)OC(=O)CCCCCCC/C=C\CCCCCCCC,C[C@H](CCCC(C)C)[C@H]1CC[C@@H]2[C@@]1(CC[C@H]3[C@H]2CC=C4[C@@]3(CC[C@@H](C4)O)C)C,CCCCCCCCCCCCCCOC(=O)CCOCCOCCOCCOCCOCCOCCOCCOCCOCCOCCOCCOCCOCCOCCOCCOCCOCCOCCOCCOCCOCCOCCOCCOCCOCCOCCOCCOCCOCCOCCOCCOCCOCCOCCOCCOCCOCCOCCOCCOCCOCCOCCOCCOCCOCCOCCOCCOCCOCCOCCOCCOCCOCCOCCOCCOCCOCCOCCOCCOCCOCCOCCOCCOCCOCCOCCOCCOCCOCCOCCOCCOCCOCCOCCOCCOCCOCCOCCOCCOCCOCCOCCOCCOCCOCCOCCOCCOCCOCCO,99.5,0.3,multi_condition,0.07,,multi_method,72.5,2.2,multi_condition,-2.1,1.3,,,,,"synthesis_method: Microfluidic; device_used: microfluidic chip device; total_flow_rate_ml_min: ; flow_rate_ratio: 3:1 (aqueous:ethanol); aqueous_phase_composition: 10 mM citrate buffer (pH 3.5); organic_phase_composition: ethanol with dissolved lipids; mixing_time_sec: ; temperature_condition: ; post_processing: dialyzed against 1¡¿PBS in 20,000 MWCO cassette at 4¡ÆC for 2 h; sterilization: ; storage_buffer: 1¡¿PBS","cell_line: primary hepatocytes, HeLa cells; animal_model: C57BL/6 mice, renal anemia mouse model; administration_route: intravenous (IV); dose: 0.75 mg/kg mRNA, 0.015-0.25 mg/kg for repeated dosing; gene_expression_result: 5.69-fold higher Fluc expression than cKK-E12, 2.52-fold higher hEPO than cKK-E12; biodistribution_result: primarily liver (73.4% hepatocytes expressing), spleen; toxicity_profile: improved tolerability, lower AST levels after repeated dosing; cytokine_response: reduced inflammatory cytokines compared to cKK-E12",5.69,numeric,0.5,https://doi.org/10.1038/s41467-020-16248-y,Synergistic lipid compositions for albumin receptor mediated delivery of mRNA to the liver,"['Lei Miao', 'Jiaqi Lin', 'Yuxuan Huang', 'Linxian Li', 'Derfogail Delcassian', 'Yifan Ge', 'Yunhua Shi', 'Daniel G. Anderson']",Nature Communications,2020.0,cKK-E12:A6 (7:3 molar ratio),DOPE,cholesterol,C14-PEG2000
949,A2-Iso5-2DC18,DOPE,cholesterol,C14-PEG2000,35:2.5:37.5:16,mRNA,"firefly_luciferase, ova, trp2",CCCCCCCC/C=C\CCCCCCCC1(N(C(N=C1)C(=O)OCC)CCCN2CCCC2)CCCCCCC/C=C\CCCCCCCC,CCCCCCCC/C=C\CCCCCCCC(=O)OC[C@H](COP(=O)(O)OCCN)OC(=O)CCCCCCC/C=C\CCCCCCCC,C[C@H](CCCC(C)C)[C@H]1CC[C@@H]2[C@@]1(CC[C@H]3[C@H]2CC=C4[C@@]3(CC[C@@H](C4)O)C)C,CCCCCCCCCCCCCCOC(=O)CCOCCOCCOCCOCCOCCOCCOCCOCCOCCOCCOCCOCCOCCOCCOCCOCCOCCOCCOCCOCCOCCOCCOCCOCCOCCOCCOCCOCCOCCOCCOCCOCCOCCOCCOCCOCCOCCOCCOCCOCCOCCOCCOCCOCCOCCOCCOCCOCCOCCOCCOCCOCCOCCOCCOCCOCCOCCOCCOCCOCCOCCOCCOCCOCCOCCOCCOCCOCCOCCOCCOCCOCCOCCOCCOCCOCCOCCOCCOCCOCCOCCOCCOCCOCCOCCOCCOCCOCCOCCO,99.9,,,0.145,,,77.0,2.6,multi_condition,4.36,,,wt/wt,10.0,lipid:mRNA,"synthesis_method: Microfluidic; device_used: microfluidic chip device; total_flow_rate_ml_min: ; flow_rate_ratio: 3:1 (ethanol:aqueous); aqueous_phase_composition: 10mM citrate buffer (pH 3.0); organic_phase_composition: ethanol; mixing_time_sec: ; temperature_condition: room temperature; post_processing: dialysis against 1X PBS in 20,000 MWCO cassette at 4¡ÆC for 1h; sterilization: ; storage_buffer: 1X PBS, stored at 4¡ÆC","cell_line: Macrophages, HeLa, BMDCs, BMDMs, B16F10, B16-OVA; animal_model: C57BL/6 mice; administration_route: subcutaneous; dose: 15 ¥ìg mRNA per mouse; gene_expression_result: 6.88¡¾0.08E+04 RLU (in vitro macrophage), 1.8¡¾0.4E+07 (in vivo s.c. 0.5mg/kg); biodistribution_result: local injection site and draining lymph nodes; toxicity_profile: AST: 31.7¡¾5.6 IU/L, ALT: 132.3¡¾22.4 IU/L, Histology: OK; cytokine_response: CTL lysis: 53.3¡¾12.6%, ELISpot: 159.7¡¾56.2 spots, Antibody titer: 200.3¡¾25.7 RLU",800.0,absolute,0.023255813953488372,https://doi.org/10.1038/s41587-019-0247-3,Delivery of mRNA vaccines with heterocyclic lipids increases anti-tumor efficacy by STING-mediated immune cell activation,"['Lei Miao', 'Linxian Li', 'Yuxuan Huang', 'Derfogail Delcassian', 'Jasdave Chahal', 'Jinsong Han', 'Yunhua Shi', 'Kaitlyn Sadtler', 'Wenting Gao', 'Jiaqi Lin', 'Joshua C. Doloff', 'Robert Langer', 'Daniel G. Anderson']",Nature Biotechnology,2019.0,A2-Iso5-2DC18,DOPE,cholesterol,C14-PEG2000
950,A12-Iso5-2DC18,DOPE,cholesterol,C14-PEG2000,35:2.5:37.5:16,mRNA,"firefly_luciferase, ova",CCCCCCCC/C=C\CCCCCCCC1(N(C(N=C1)C(=O)OCC)CCCN(C)C)CCCCCCC/C=C\CCCCCCCC,CCCCCCCC/C=C\CCCCCCCC(=O)OC[C@H](COP(=O)(O)OCCN)OC(=O)CCCCCCC/C=C\CCCCCCCC,C[C@H](CCCC(C)C)[C@H]1CC[C@@H]2[C@@]1(CC[C@H]3[C@H]2CC=C4[C@@]3(CC[C@@H](C4)O)C)C,CCCCCCCCCCCCCCOC(=O)CCOCCOCCOCCOCCOCCOCCOCCOCCOCCOCCOCCOCCOCCOCCOCCOCCOCCOCCOCCOCCOCCOCCOCCOCCOCCOCCOCCOCCOCCOCCOCCOCCOCCOCCOCCOCCOCCOCCOCCOCCOCCOCCOCCOCCOCCOCCOCCOCCOCCOCCOCCOCCOCCOCCOCCOCCOCCOCCOCCOCCOCCOCCOCCOCCOCCOCCOCCOCCOCCOCCOCCOCCOCCOCCOCCOCCOCCOCCOCCOCCOCCOCCOCCOCCOCCOCCOCCOCCOCCO,87.9,,,0.135,,,68.4,2.8,multi_condition,4.85,,,wt/wt,10.0,lipid:mRNA,"synthesis_method: Microfluidic; device_used: microfluidic chip device; total_flow_rate_ml_min: ; flow_rate_ratio: 3:1 (ethanol:aqueous); aqueous_phase_composition: 10mM citrate buffer (pH 3.0); organic_phase_composition: ethanol; mixing_time_sec: ; temperature_condition: room temperature; post_processing: dialysis against 1X PBS in 20,000 MWCO cassette at 4¡ÆC for 1h; sterilization: ; storage_buffer: 1X PBS, stored at 4¡ÆC","cell_line: Macrophages, HeLa, BMDCs, BMDMs; animal_model: C57BL/6 mice; administration_route: subcutaneous; dose: 15 ¥ìg mRNA per mouse; gene_expression_result: 5.01¡¾0.80E+04 RLU (in vitro macrophage), 1.6¡¾0.3E+07 (in vivo s.c. 0.5mg/kg); biodistribution_result: local injection site and draining lymph nodes; toxicity_profile: AST: 31.3¡¾2.8 IU/L, ALT: 113.7¡¾8.5 IU/L, Histology: OK; cytokine_response: CTL lysis: 27.2¡¾1.7%, ELISpot: 14.7¡¾2.5 spots, Antibody titer: 49.5¡¾19.8 RLU",8000.0,absolute,0.09302325581395349,https://doi.org/10.1038/s41587-019-0247-3,Delivery of mRNA vaccines with heterocyclic lipids increases anti-tumor efficacy by STING-mediated immune cell activation,"['Lei Miao', 'Linxian Li', 'Yuxuan Huang', 'Derfogail Delcassian', 'Jasdave Chahal', 'Jinsong Han', 'Yunhua Shi', 'Kaitlyn Sadtler', 'Wenting Gao', 'Jiaqi Lin', 'Joshua C. Doloff', 'Robert Langer', 'Daniel G. Anderson']",Nature Biotechnology,2019.0,A12-Iso5-2DC18,DOPE,cholesterol,C14-PEG2000
951,Custom lipid,DOPE,cholesterol,C14-PEG2000,35:2.5:37.5:16,mRNA,"firefly_luciferase, ova",CCOC(=O)C1=NC(CCCCCCCCC=CCCCCCCCC)(CCCCCCCCC=CCCCCCCCC)CN1CCCN1CCCCC1,CCCCCCCC/C=C\CCCCCCCC(=O)OC[C@H](COP(=O)(O)OCCN)OC(=O)CCCCCCC/C=C\CCCCCCCC,C[C@H](CCCC(C)C)[C@H]1CC[C@@H]2[C@@]1(CC[C@H]3[C@H]2CC=C4[C@@]3(CC[C@@H](C4)O)C)C,CCCCCCCCCCCCCCOC(=O)CCOCCOCCOCCOCCOCCOCCOCCOCCOCCOCCOCCOCCOCCOCCOCCOCCOCCOCCOCCOCCOCCOCCOCCOCCOCCOCCOCCOCCOCCOCCOCCOCCOCCOCCOCCOCCOCCOCCOCCOCCOCCOCCOCCOCCOCCOCCOCCOCCOCCOCCOCCOCCOCCOCCOCCOCCOCCOCCOCCOCCOCCOCCOCCOCCOCCOCCOCCOCCOCCOCCOCCOCCOCCOCCOCCOCCOCCOCCOCCOCCOCCOCCOCCOCCOCCOCCOCCOCCOCCO,86.9,,,0.205,,,61.2,3.7,multi_condition,8.37,,,wt/wt,10.0,lipid:mRNA,"synthesis_method: Microfluidic; device_used: microfluidic chip device; total_flow_rate_ml_min: ; flow_rate_ratio: 3:1 (ethanol:aqueous); aqueous_phase_composition: 10mM citrate buffer (pH 3.0); organic_phase_composition: ethanol; mixing_time_sec: ; temperature_condition: room temperature; post_processing: dialysis against 1X PBS in 20,000 MWCO cassette at 4¡ÆC for 1h; sterilization: ; storage_buffer: 1X PBS, stored at 4¡ÆC","cell_line: Macrophages, HeLa, BMDCs, BMDMs; animal_model: C57BL/6 mice; administration_route: subcutaneous; dose: 15 ¥ìg mRNA per mouse; gene_expression_result: 1.54¡¾0.12E+05 RLU (in vitro macrophage), 2.0¡¾0.2E+07 (in vivo s.c. 0.5mg/kg); biodistribution_result: local injection site and draining lymph nodes; toxicity_profile: AST: 29.6¡¾8.1 IU/L, ALT: 124.3¡¾52.4 IU/L, Histology: OK; cytokine_response: CTL lysis: 81.4¡¾3.3%, ELISpot: 357.3¡¾48.7 spots, Antibody titer: 258.3¡¾62.8 RLU",12000.0,absolute,0.11627906976744186,https://doi.org/10.1038/s41587-019-0247-3,Delivery of mRNA vaccines with heterocyclic lipids increases anti-tumor efficacy by STING-mediated immune cell activation,"['Lei Miao', 'Linxian Li', 'Yuxuan Huang', 'Derfogail Delcassian', 'Jasdave Chahal', 'Jinsong Han', 'Yunhua Shi', 'Kaitlyn Sadtler', 'Wenting Gao', 'Jiaqi Lin', 'Joshua C. Doloff', 'Robert Langer', 'Daniel G. Anderson']",Nature Biotechnology,2019.0,A13-Iso5-2DC18,DOPE,cholesterol,C14-PEG2000
952,Custom lipid,DOPE,cholesterol,C14-PEG2000,35:2.5:37.5:16,mRNA,"firefly_luciferase, ova",CCOC(=O)C1=NC(CCCCCCCCC=CCCCCCCCC)(CCCCCCCCC=CCCCCCCCC)CN1CCCN1CC(C)CCC1CC,CCCCCCCC/C=C\CCCCCCCC(=O)OC[C@H](COP(=O)(O)OCCN)OC(=O)CCCCCCC/C=C\CCCCCCCC,C[C@H](CCCC(C)C)[C@H]1CC[C@@H]2[C@@]1(CC[C@H]3[C@H]2CC=C4[C@@]3(CC[C@@H](C4)O)C)C,CCCCCCCCCCCCCCOC(=O)CCOCCOCCOCCOCCOCCOCCOCCOCCOCCOCCOCCOCCOCCOCCOCCOCCOCCOCCOCCOCCOCCOCCOCCOCCOCCOCCOCCOCCOCCOCCOCCOCCOCCOCCOCCOCCOCCOCCOCCOCCOCCOCCOCCOCCOCCOCCOCCOCCOCCOCCOCCOCCOCCOCCOCCOCCOCCOCCOCCOCCOCCOCCOCCOCCOCCOCCOCCOCCOCCOCCOCCOCCOCCOCCOCCOCCOCCOCCOCCOCCOCCOCCOCCOCCOCCOCCOCCOCCOCCO,89.6,,,0.159,,,63.4,4.6,multi_condition,4.54,,,wt/wt,10.0,lipid:mRNA,"synthesis_method: Microfluidic; device_used: microfluidic chip device; total_flow_rate_ml_min: ; flow_rate_ratio: 3:1 (ethanol:aqueous); aqueous_phase_composition: 10mM citrate buffer (pH 3.0); organic_phase_composition: ethanol; mixing_time_sec: ; temperature_condition: room temperature; post_processing: dialysis against 1X PBS in 20,000 MWCO cassette at 4¡ÆC for 1h; sterilization: ; storage_buffer: 1X PBS, stored at 4¡ÆC","cell_line: Macrophages, HeLa, BMDCs, BMDMs; animal_model: C57BL/6 mice; administration_route: subcutaneous; dose: 15 ¥ìg mRNA per mouse; gene_expression_result: 7.92¡¾1.69E+04 RLU (in vitro macrophage), 2.7¡¾0.4E+07 (in vivo s.c. 0.5mg/kg); biodistribution_result: local injection site and draining lymph nodes; toxicity_profile: AST: 31.5¡¾4.0 IU/L, ALT: 128.3¡¾13.3 IU/L, Histology: OK; cytokine_response: CTL lysis: 96.6¡¾2.1%, ELISpot: 854.3¡¾60.3 spots, Antibody titer: 457.2¡¾22.2 RLU",16900.0,absolute,0.16279069767441862,https://doi.org/10.1038/s41587-019-0247-3,Delivery of mRNA vaccines with heterocyclic lipids increases anti-tumor efficacy by STING-mediated immune cell activation,"['Lei Miao', 'Linxian Li', 'Yuxuan Huang', 'Derfogail Delcassian', 'Jasdave Chahal', 'Jinsong Han', 'Yunhua Shi', 'Kaitlyn Sadtler', 'Wenting Gao', 'Jiaqi Lin', 'Joshua C. Doloff', 'Robert Langer', 'Daniel G. Anderson']",Nature Biotechnology,2019.0,A17-Iso5-2DC18,DOPE,cholesterol,C14-PEG2000
953,A18-Iso5-2DC18,DOPE,cholesterol,C14-PEG2000,35:2.5:37.5:16,mRNA,"firefly_luciferase, ova, e7, trp2",CCCCCCCC/C=C\CCCCCCCC1(N(C(N=C1)C(=O)OCC)CCCN2C(CCCC2)CC)CCCCCCC/C=C\CCCCCCCC,CCCCCCCC/C=C\CCCCCCCC(=O)OC[C@H](COP(=O)(O)OCCN)OC(=O)CCCCCCC/C=C\CCCCCCCC,C[C@H](CCCC(C)C)[C@H]1CC[C@@H]2[C@@]1(CC[C@H]3[C@H]2CC=C4[C@@]3(CC[C@@H](C4)O)C)C,CCCCCCCCCCCCCCOC(=O)CCOCCOCCOCCOCCOCCOCCOCCOCCOCCOCCOCCOCCOCCOCCOCCOCCOCCOCCOCCOCCOCCOCCOCCOCCOCCOCCOCCOCCOCCOCCOCCOCCOCCOCCOCCOCCOCCOCCOCCOCCOCCOCCOCCOCCOCCOCCOCCOCCOCCOCCOCCOCCOCCOCCOCCOCCOCCOCCOCCOCCOCCOCCOCCOCCOCCOCCOCCOCCOCCOCCOCCOCCOCCOCCOCCOCCOCCOCCOCCOCCOCCOCCOCCOCCOCCOCCOCCOCCOCCO,95.9,,,0.166,,,67.6,5.1,multi_condition,6.41,,,wt/wt,10.0,lipid:mRNA,"synthesis_method: Microfluidic; device_used: microfluidic chip device; total_flow_rate_ml_min: ; flow_rate_ratio: 3:1 (ethanol:aqueous); aqueous_phase_composition: 10mM citrate buffer (pH 3.0); organic_phase_composition: ethanol; mixing_time_sec: ; temperature_condition: room temperature; post_processing: dialysis against 1X PBS in 20,000 MWCO cassette at 4¡ÆC for 1h; sterilization: ; storage_buffer: 1X PBS, stored at 4¡ÆC","cell_line: Macrophages, HeLa, BMDCs, BMDMs, B16F10, TC-1, B16-OVA; animal_model: C57BL/6 mice; administration_route: subcutaneous; dose: 15 ¥ìg mRNA per mouse; gene_expression_result: 4.01¡¾0.60E+05 RLU (in vitro macrophage), 4.4¡¾0.6E+08 (in vivo s.c. 0.5mg/kg); biodistribution_result: local injection site and draining lymph nodes; toxicity_profile: AST: 29.5¡¾1.5 IU/L, ALT: 134.3¡¾4.3 IU/L, Histology: OK; cytokine_response: CTL lysis: 88.7¡¾3.5%, ELISpot: 745.0¡¾13.8 spots, Antibody titer: 379.4¡¾23.2 RLU, strong STING pathway activation",60000.0,absolute,0.20930232558139536,https://doi.org/10.1038/s41587-019-0247-3,Delivery of mRNA vaccines with heterocyclic lipids increases anti-tumor efficacy by STING-mediated immune cell activation,"['Lei Miao', 'Linxian Li', 'Yuxuan Huang', 'Derfogail Delcassian', 'Jasdave Chahal', 'Jinsong Han', 'Yunhua Shi', 'Kaitlyn Sadtler', 'Wenting Gao', 'Jiaqi Lin', 'Joshua C. Doloff', 'Robert Langer', 'Daniel G. Anderson']",Nature Biotechnology,2019.0,A18-Iso5-2DC18,DOPE,cholesterol,C14-PEG2000
954,Custom lipid,DOPE,cholesterol,C14-PEG2000,35:2.5:37.5:16,mRNA,"firefly_luciferase, ova",CCOC(=O)C1=NC(CCCCCCCCC=CCCCCCCCC)(CCCCCCCCC=CCCCCCCCC)CN1CCCN1CCCCCC1,CCCCCCCC/C=C\CCCCCCCC(=O)OC[C@H](COP(=O)(O)OCCN)OC(=O)CCCCCCC/C=C\CCCCCCCC,C[C@H](CCCC(C)C)[C@H]1CC[C@@H]2[C@@]1(CC[C@H]3[C@H]2CC=C4[C@@]3(CC[C@@H](C4)O)C)C,CCCCCCCCCCCCCCOC(=O)CCOCCOCCOCCOCCOCCOCCOCCOCCOCCOCCOCCOCCOCCOCCOCCOCCOCCOCCOCCOCCOCCOCCOCCOCCOCCOCCOCCOCCOCCOCCOCCOCCOCCOCCOCCOCCOCCOCCOCCOCCOCCOCCOCCOCCOCCOCCOCCOCCOCCOCCOCCOCCOCCOCCOCCOCCOCCOCCOCCOCCOCCOCCOCCOCCOCCOCCOCCOCCOCCOCCOCCOCCOCCOCCOCCOCCOCCOCCOCCOCCOCCOCCOCCOCCOCCOCCOCCOCCOCCO,97.9,,,0.125,,,61.2,4.6,multi_condition,4.37,,,wt/wt,10.0,lipid:mRNA,"synthesis_method: Microfluidic; device_used: microfluidic chip device; total_flow_rate_ml_min: ; flow_rate_ratio: 3:1 (ethanol:aqueous); aqueous_phase_composition: 10mM citrate buffer (pH 3.0); organic_phase_composition: ethanol; mixing_time_sec: ; temperature_condition: room temperature; post_processing: dialysis against 1X PBS in 20,000 MWCO cassette at 4¡ÆC for 1h; sterilization: ; storage_buffer: 1X PBS, stored at 4¡ÆC","cell_line: Macrophages, HeLa, BMDCs, BMDMs; animal_model: C57BL/6 mice; administration_route: subcutaneous; dose: 15 ¥ìg mRNA per mouse; gene_expression_result: 3.08¡¾0.51E+05 RLU (in vitro macrophage), 1.6¡¾0.05E+08 (in vivo s.c. 0.5mg/kg); biodistribution_result: local injection site and draining lymph nodes; toxicity_profile: AST: 25.5¡¾0.5 IU/L, ALT: 105.5¡¾5.5 IU/L, Histology: OK; cytokine_response: CTL lysis: 93.2¡¾2.8%, ELISpot: 478.0¡¾71.2 spots, Antibody titer: 406.2¡¾95.1 RLU",51000.0,absolute,0.18604651162790697,https://doi.org/10.1038/s41587-019-0247-3,Delivery of mRNA vaccines with heterocyclic lipids increases anti-tumor efficacy by STING-mediated immune cell activation,"['Lei Miao', 'Linxian Li', 'Yuxuan Huang', 'Derfogail Delcassian', 'Jasdave Chahal', 'Jinsong Han', 'Yunhua Shi', 'Kaitlyn Sadtler', 'Wenting Gao', 'Jiaqi Lin', 'Joshua C. Doloff', 'Robert Langer', 'Daniel G. Anderson']",Nature Biotechnology,2019.0,A21-Iso5-2DC18,DOPE,cholesterol,C14-PEG2000
955,Custom lipid,DOPE,cholesterol,C14-PEG2000,35:2.5:37.5:16,mRNA,"firefly_luciferase, ova",CCOC(=O)C1=NC(CCCCCCCCC=CCCCCCCCC)(CCCCCCCCC=CCCCCCCCC)CN1CCCN(CC)CC,CCCCCCCC/C=C\CCCCCCCC(=O)OC[C@H](COP(=O)(O)OCCN)OC(=O)CCCCCCC/C=C\CCCCCCCC,C[C@H](CCCC(C)C)[C@H]1CC[C@@H]2[C@@]1(CC[C@H]3[C@H]2CC=C4[C@@]3(CC[C@@H](C4)O)C)C,CCCCCCCCCCCCCCOC(=O)CCOCCOCCOCCOCCOCCOCCOCCOCCOCCOCCOCCOCCOCCOCCOCCOCCOCCOCCOCCOCCOCCOCCOCCOCCOCCOCCOCCOCCOCCOCCOCCOCCOCCOCCOCCOCCOCCOCCOCCOCCOCCOCCOCCOCCOCCOCCOCCOCCOCCOCCOCCOCCOCCOCCOCCOCCOCCOCCOCCOCCOCCOCCOCCOCCOCCOCCOCCOCCOCCOCCOCCOCCOCCOCCOCCOCCOCCOCCOCCOCCOCCOCCOCCOCCOCCOCCOCCOCCOCCO,92.4,,,0.176,,,67.2,2.9,multi_condition,5.51,,,wt/wt,10.0,lipid:mRNA,"synthesis_method: Microfluidic; device_used: microfluidic chip device; total_flow_rate_ml_min: ; flow_rate_ratio: 3:1 (ethanol:aqueous); aqueous_phase_composition: 10mM citrate buffer (pH 3.0); organic_phase_composition: ethanol; mixing_time_sec: ; temperature_condition: room temperature; post_processing: dialysis against 1X PBS in 20,000 MWCO cassette at 4¡ÆC for 1h; sterilization: ; storage_buffer: 1X PBS, stored at 4¡ÆC","cell_line: Macrophages, HeLa, BMDCs, BMDMs; animal_model: C57BL/6 mice; administration_route: subcutaneous; dose: 15 ¥ìg mRNA per mouse; gene_expression_result: 3.41¡¾0.22E+04 RLU (in vitro macrophage), 1.2¡¾0.1E+07 (in vivo s.c. 0.5mg/kg); biodistribution_result: local injection site and draining lymph nodes; toxicity_profile: AST: 31.5¡¾0.5 IU/L, ALT: 117.5¡¾6.5 IU/L, Histology: OK; cytokine_response: CTL lysis: 20.9¡¾1.3%, ELISpot: 39.3¡¾7.4 spots, Antibody titer: 116.3¡¾73.2 RLU",2200.0,absolute,0.046511627906976744,https://doi.org/10.1038/s41587-019-0247-3,Delivery of mRNA vaccines with heterocyclic lipids increases anti-tumor efficacy by STING-mediated immune cell activation,"['Lei Miao', 'Linxian Li', 'Yuxuan Huang', 'Derfogail Delcassian', 'Jasdave Chahal', 'Jinsong Han', 'Yunhua Shi', 'Kaitlyn Sadtler', 'Wenting Gao', 'Jiaqi Lin', 'Joshua C. Doloff', 'Robert Langer', 'Daniel G. Anderson']",Nature Biotechnology,2019.0,A24-Iso5-2DC18,DOPE,cholesterol,C14-PEG2000
956,Custom lipid,DOPE,cholesterol,C14-PEG2000,35:2.5:37.5:16,mRNA,"firefly_luciferase, ova, trp2",CCOC(=O)C1=NC(CCCCCCCCC=CCCCCCCCC)(CCCCCCCCC=CCCCCCCCC)CN1CCCN(CCCC)CCCC,CCCCCCCC/C=C\CCCCCCCC(=O)OC[C@H](COP(=O)(O)OCCN)OC(=O)CCCCCCC/C=C\CCCCCCCC,C[C@H](CCCC(C)C)[C@H]1CC[C@@H]2[C@@]1(CC[C@H]3[C@H]2CC=C4[C@@]3(CC[C@@H](C4)O)C)C,CCCCCCCCCCCCCCOC(=O)CCOCCOCCOCCOCCOCCOCCOCCOCCOCCOCCOCCOCCOCCOCCOCCOCCOCCOCCOCCOCCOCCOCCOCCOCCOCCOCCOCCOCCOCCOCCOCCOCCOCCOCCOCCOCCOCCOCCOCCOCCOCCOCCOCCOCCOCCOCCOCCOCCOCCOCCOCCOCCOCCOCCOCCOCCOCCOCCOCCOCCOCCOCCOCCOCCOCCOCCOCCOCCOCCOCCOCCOCCOCCOCCOCCOCCOCCOCCOCCOCCOCCOCCOCCOCCOCCOCCOCCOCCOCCO,95.9,,,0.21,,,67.5,6.5,multi_condition,6.41,,,wt/wt,10.0,lipid:mRNA,"synthesis_method: Microfluidic; device_used: microfluidic chip device; total_flow_rate_ml_min: ; flow_rate_ratio: 3:1 (ethanol:aqueous); aqueous_phase_composition: 10mM citrate buffer (pH 3.0); organic_phase_composition: ethanol; mixing_time_sec: ; temperature_condition: room temperature; post_processing: dialysis against 1X PBS in 20,000 MWCO cassette at 4¡ÆC for 1h; sterilization: ; storage_buffer: 1X PBS, stored at 4¡ÆC","cell_line: Macrophages, HeLa, BMDCs, BMDMs; animal_model: C57BL/6 mice; administration_route: subcutaneous; dose: 15 ¥ìg mRNA per mouse; gene_expression_result: 9.71¡¾1.45E+04 RLU (in vitro macrophage), 1.4¡¾0.2E+07 (in vivo s.c. 0.5mg/kg); biodistribution_result: local injection site and draining lymph nodes; toxicity_profile: AST: 27.5¡¾2.5 IU/L, ALT: 124.5¡¾5.5 IU/L, Histology: OK; cytokine_response: CTL lysis: 11.5¡¾4.5%, ELISpot: 5.3¡¾0.6 spots, Antibody titer: 30.2¡¾1.9 RLU",14500.0,absolute,0.13953488372093023,https://doi.org/10.1038/s41587-019-0247-3,Delivery of mRNA vaccines with heterocyclic lipids increases anti-tumor efficacy by STING-mediated immune cell activation,"['Lei Miao', 'Linxian Li', 'Yuxuan Huang', 'Derfogail Delcassian', 'Jasdave Chahal', 'Jinsong Han', 'Yunhua Shi', 'Kaitlyn Sadtler', 'Wenting Gao', 'Jiaqi Lin', 'Joshua C. Doloff', 'Robert Langer', 'Daniel G. Anderson']",Nature Biotechnology,2019.0,A25-Iso5-2DC18,DOPE,cholesterol,C14-PEG2000
957,Custom lipid,DOPE,cholesterol,C14-PEG2000,35:2.5:37.5:16,mRNA,"firefly_luciferase, ova",CCOC(=O)C1=NC(CCCCCCCCC=CCCCCCCCC)(CCCCCCCCC=CCCCCCCCC)CN1CCCN(CCC)CCC,CCCCCCCC/C=C\CCCCCCCC(=O)OC[C@H](COP(=O)(O)OCCN)OC(=O)CCCCCCC/C=C\CCCCCCCC,C[C@H](CCCC(C)C)[C@H]1CC[C@@H]2[C@@]1(CC[C@H]3[C@H]2CC=C4[C@@]3(CC[C@@H](C4)O)C)C,CCCCCCCCCCCCCCOC(=O)CCOCCOCCOCCOCCOCCOCCOCCOCCOCCOCCOCCOCCOCCOCCOCCOCCOCCOCCOCCOCCOCCOCCOCCOCCOCCOCCOCCOCCOCCOCCOCCOCCOCCOCCOCCOCCOCCOCCOCCOCCOCCOCCOCCOCCOCCOCCOCCOCCOCCOCCOCCOCCOCCOCCOCCOCCOCCOCCOCCOCCOCCOCCOCCOCCOCCOCCOCCOCCOCCOCCOCCOCCOCCOCCOCCOCCOCCOCCOCCOCCOCCOCCOCCOCCOCCOCCOCCOCCOCCO,92.3,,,0.197,,,67.8,2.4,multi_condition,5.36,,,wt/wt,10.0,lipid:mRNA,"synthesis_method: Microfluidic; device_used: microfluidic chip device; total_flow_rate_ml_min: ; flow_rate_ratio: 3:1 (ethanol:aqueous); aqueous_phase_composition: 10mM citrate buffer (pH 3.0); organic_phase_composition: ethanol; mixing_time_sec: ; temperature_condition: room temperature; post_processing: dialysis against 1X PBS in 20,000 MWCO cassette at 4¡ÆC for 1h; sterilization: ; storage_buffer: 1X PBS, stored at 4¡ÆC","cell_line: Macrophages, HeLa, BMDCs, BMDMs; animal_model: C57BL/6 mice; administration_route: subcutaneous; dose: 15 ¥ìg mRNA per mouse; gene_expression_result: 1.43¡¾0.05E+05 RLU (in vitro macrophage), 1.1¡¾0.02E+07 (in vivo s.c. 0.5mg/kg); biodistribution_result: local injection site and draining lymph nodes; toxicity_profile: AST: 39.3¡¾5.8 IU/L, ALT: 122.7¡¾10.5 IU/L, Histology: OK; cytokine_response: CTL lysis: 26.5¡¾2.9%, ELISpot: 36.3¡¾2.5 spots, Antibody titer: 40.3¡¾1.8 RLU",5000.0,absolute,0.06976744186046512,https://doi.org/10.1038/s41587-019-0247-3,Delivery of mRNA vaccines with heterocyclic lipids increases anti-tumor efficacy by STING-mediated immune cell activation,"['Lei Miao', 'Linxian Li', 'Yuxuan Huang', 'Derfogail Delcassian', 'Jasdave Chahal', 'Jinsong Han', 'Yunhua Shi', 'Kaitlyn Sadtler', 'Wenting Gao', 'Jiaqi Lin', 'Joshua C. Doloff', 'Robert Langer', 'Daniel G. Anderson']",Nature Biotechnology,2019.0,A26-Iso5-2DC18,DOPE,cholesterol,C14-PEG2000
958,DLin-MC3-DMA,DOPE,cholesterol,C14-PEG2000,35:2.5:37.5:16,mRNA,"firefly_luciferase, ova, e7, trp2",CCCCC/C=C\C/C=C\CCCCCCCCC(OC(=O)CCCN(C)C)CCCCCCCC/C=C\C/C=C\CCCCC,CCCCCCCC/C=C\CCCCCCCC(=O)OC[C@H](COP(=O)(O)OCCN)OC(=O)CCCCCCC/C=C\CCCCCCCC,C[C@H](CCCC(C)C)[C@H]1CC[C@@H]2[C@@]1(CC[C@H]3[C@H]2CC=C4[C@@]3(CC[C@@H](C4)O)C)C,CCCCCCCCCCCCCCOC(=O)CCOCCOCCOCCOCCOCCOCCOCCOCCOCCOCCOCCOCCOCCOCCOCCOCCOCCOCCOCCOCCOCCOCCOCCOCCOCCOCCOCCOCCOCCOCCOCCOCCOCCOCCOCCOCCOCCOCCOCCOCCOCCOCCOCCOCCOCCOCCOCCOCCOCCOCCOCCOCCOCCOCCOCCOCCOCCOCCOCCOCCOCCOCCOCCOCCOCCOCCOCCOCCOCCOCCOCCOCCOCCOCCOCCOCCOCCOCCOCCOCCOCCOCCOCCOCCOCCOCCOCCOCCOCCO,115.0,,range,0.3,,censored,60.0,,range,,,,wt/wt,10.0,lipid:mRNA,"synthesis_method: Microfluidic; device_used: microfluidic chip device; total_flow_rate_ml_min: ; flow_rate_ratio: 3:1 (ethanol:aqueous); aqueous_phase_composition: 10mM citrate buffer (pH 3.0); organic_phase_composition: ethanol; mixing_time_sec: ; temperature_condition: room temperature; post_processing: dialysis against 1X PBS in 20,000 MWCO cassette at 4¡ÆC for 1h; sterilization: ; storage_buffer: 1X PBS, stored at 4¡ÆC","cell_line: HeLa, BMDCs, BMDMs, B16F10, TC-1, B16-OVA; animal_model: C57BL/6 mice; administration_route: subcutaneous; dose: 15 ¥ìg mRNA per mouse; gene_expression_result: control lipid for comparison; biodistribution_result: local injection site and draining lymph nodes; toxicity_profile: no observable toxicity; cytokine_response: minimal immune activation compared to cyclic lipids",,,,https://doi.org/10.1038/s41587-019-0247-3,Delivery of mRNA vaccines with heterocyclic lipids increases anti-tumor efficacy by STING-mediated immune cell activation,"['Lei Miao', 'Linxian Li', 'Yuxuan Huang', 'Derfogail Delcassian', 'Jasdave Chahal', 'Jinsong Han', 'Yunhua Shi', 'Kaitlyn Sadtler', 'Wenting Gao', 'Jiaqi Lin', 'Joshua C. Doloff', 'Robert Langer', 'Daniel G. Anderson']",Nature Biotechnology,2019.0,MC3,DOPE,cholesterol,C14-PEG2000
959,A2-Iso5-2DC18,DOPE,cholesterol,C14-PEG2000,45:2.5:42.5:10,mRNA,firefly_luciferase,CCCCCCCC/C=C\CCCCCCCC1(N(C(N=C1)C(=O)OCC)CCCN2CCCC2)CCCCCCC/C=C\CCCCCCCC,CCCCCCCC/C=C\CCCCCCCC(=O)OC[C@H](COP(=O)(O)OCCN)OC(=O)CCCCCCC/C=C\CCCCCCCC,C[C@H](CCCC(C)C)[C@H]1CC[C@@H]2[C@@]1(CC[C@H]3[C@H]2CC=C4[C@@]3(CC[C@@H](C4)O)C)C,CCCCCCCCCCCCCCOC(=O)CCOCCOCCOCCOCCOCCOCCOCCOCCOCCOCCOCCOCCOCCOCCOCCOCCOCCOCCOCCOCCOCCOCCOCCOCCOCCOCCOCCOCCOCCOCCOCCOCCOCCOCCOCCOCCOCCOCCOCCOCCOCCOCCOCCOCCOCCOCCOCCOCCOCCOCCOCCOCCOCCOCCOCCOCCOCCOCCOCCOCCOCCOCCOCCOCCOCCOCCOCCOCCOCCOCCOCCOCCOCCOCCOCCOCCOCCOCCOCCOCCOCCOCCOCCOCCOCCOCCOCCOCCOCCO,87.6,,,0.2,,,45.5,,,,,,wt/wt,10.0,lipid:mRNA,"synthesis_method: Microfluidic; device_used: microfluidic chip device; total_flow_rate_ml_min: ; flow_rate_ratio: 3:1 (ethanol:aqueous); aqueous_phase_composition: 10mM citrate buffer (pH 3.0); organic_phase_composition: ethanol; mixing_time_sec: ; temperature_condition: room temperature; post_processing: dialysis against 1X PBS in 20,000 MWCO cassette at 4¡ÆC for 1h; sterilization: ; storage_buffer: 1X PBS, stored at 4¡ÆC",animal_model: C57BL/6 mice; administration_route: subcutaneous; gene_expression_result: 6.0E+07 (optimized formulation),60000000.0,absolute,0.9883720930232558,https://doi.org/10.1038/s41587-019-0247-3,Delivery of mRNA vaccines with heterocyclic lipids increases anti-tumor efficacy by STING-mediated immune cell activation,"['Lei Miao', 'Linxian Li', 'Yuxuan Huang', 'Derfogail Delcassian', 'Jasdave Chahal', 'Jinsong Han', 'Yunhua Shi', 'Kaitlyn Sadtler', 'Wenting Gao', 'Jiaqi Lin', 'Joshua C. Doloff', 'Robert Langer', 'Daniel G. Anderson']",Nature Biotechnology,2019.0,A2-Iso5-2DC18,DOPE,cholesterol,C14-PEG2000
960,A2-Iso5-2DC18,DOPE,cholesterol,C14-PEG2000,35:2.5:37.5:25,mRNA,firefly_luciferase,CCCCCCCC/C=C\CCCCCCCC1(N(C(N=C1)C(=O)OCC)CCCN2CCCC2)CCCCCCC/C=C\CCCCCCCC,CCCCCCCC/C=C\CCCCCCCC(=O)OC[C@H](COP(=O)(O)OCCN)OC(=O)CCCCCCC/C=C\CCCCCCCC,C[C@H](CCCC(C)C)[C@H]1CC[C@@H]2[C@@]1(CC[C@H]3[C@H]2CC=C4[C@@]3(CC[C@@H](C4)O)C)C,CCCCCCCCCCCCCCOC(=O)CCOCCOCCOCCOCCOCCOCCOCCOCCOCCOCCOCCOCCOCCOCCOCCOCCOCCOCCOCCOCCOCCOCCOCCOCCOCCOCCOCCOCCOCCOCCOCCOCCOCCOCCOCCOCCOCCOCCOCCOCCOCCOCCOCCOCCOCCOCCOCCOCCOCCOCCOCCOCCOCCOCCOCCOCCOCCOCCOCCOCCOCCOCCOCCOCCOCCOCCOCCOCCOCCOCCOCCOCCOCCOCCOCCOCCOCCOCCOCCOCCOCCOCCOCCOCCOCCOCCOCCOCCOCCO,99.9,,,0.1,,,61.3,,,,,,wt/wt,15.0,lipid:mRNA,"synthesis_method: Microfluidic; device_used: microfluidic chip device; total_flow_rate_ml_min: ; flow_rate_ratio: 3:1 (ethanol:aqueous); aqueous_phase_composition: 10mM citrate buffer (pH 3.0); organic_phase_composition: ethanol; mixing_time_sec: ; temperature_condition: room temperature; post_processing: dialysis against 1X PBS; sterilization: ; storage_buffer: 1X PBS, stored at 4¡ÆC","cell_line: HeLa, B16F10; animal_model: C57BL/6 mice; administration_route: intramuscular; gene_expression_result: 3.9E+07 RLU (in vivo i.m.), 2.2E+07 RLU (HeLa), 2.0E+06 RLU (B16F10)",39000000.0,absolute,0.8372093023255814,https://doi.org/10.1038/s41587-019-0247-3,Delivery of mRNA vaccines with heterocyclic lipids increases anti-tumor efficacy by STING-mediated immune cell activation,"['Lei Miao', 'Linxian Li', 'Yuxuan Huang', 'Derfogail Delcassian', 'Jasdave Chahal', 'Jinsong Han', 'Yunhua Shi', 'Kaitlyn Sadtler', 'Wenting Gao', 'Jiaqi Lin', 'Joshua C. Doloff', 'Robert Langer', 'Daniel G. Anderson']",Nature Biotechnology,2019.0,A2-Iso5-2DC18,DOPE,cholesterol,C14-PEG2000
961,A2-Iso5-2DC18,DOPE,cholesterol,C14-PEG2000,50:1.5:32.5:16,mRNA,firefly_luciferase,CCCCCCCC/C=C\CCCCCCCC1(N(C(N=C1)C(=O)OCC)CCCN2CCCC2)CCCCCCC/C=C\CCCCCCCC,CCCCCCCC/C=C\CCCCCCCC(=O)OC[C@H](COP(=O)(O)OCCN)OC(=O)CCCCCCC/C=C\CCCCCCCC,C[C@H](CCCC(C)C)[C@H]1CC[C@@H]2[C@@]1(CC[C@H]3[C@H]2CC=C4[C@@]3(CC[C@@H](C4)O)C)C,CCCCCCCCCCCCCCOC(=O)CCOCCOCCOCCOCCOCCOCCOCCOCCOCCOCCOCCOCCOCCOCCOCCOCCOCCOCCOCCOCCOCCOCCOCCOCCOCCOCCOCCOCCOCCOCCOCCOCCOCCOCCOCCOCCOCCOCCOCCOCCOCCOCCOCCOCCOCCOCCOCCOCCOCCOCCOCCOCCOCCOCCOCCOCCOCCOCCOCCOCCOCCOCCOCCOCCOCCOCCOCCOCCOCCOCCOCCOCCOCCOCCOCCOCCOCCOCCOCCOCCOCCOCCOCCOCCOCCOCCOCCOCCOCCO,76.9,,,0.2,,,55.3,,,,,,wt/wt,10.0,lipid:mRNA,"synthesis_method: Microfluidic; device_used: microfluidic chip device; total_flow_rate_ml_min: ; flow_rate_ratio: 3:1 (ethanol:aqueous); aqueous_phase_composition: 10mM citrate buffer (pH 3.0); organic_phase_composition: ethanol; mixing_time_sec: ; temperature_condition: room temperature; post_processing: dialysis against 1X PBS; sterilization: ; storage_buffer: 1X PBS, stored at 4¡ÆC","cell_line: HeLa, B16F10; animal_model: C57BL/6 mice; administration_route: intramuscular; gene_expression_result: 3.5E+07 RLU (in vivo i.m.), 1.7E+07 RLU (HeLa), 2.0E+06 RLU (B16F10)",35000000.0,absolute,0.813953488372093,https://doi.org/10.1038/s41587-019-0247-3,Delivery of mRNA vaccines with heterocyclic lipids increases anti-tumor efficacy by STING-mediated immune cell activation,"['Lei Miao', 'Linxian Li', 'Yuxuan Huang', 'Derfogail Delcassian', 'Jasdave Chahal', 'Jinsong Han', 'Yunhua Shi', 'Kaitlyn Sadtler', 'Wenting Gao', 'Jiaqi Lin', 'Joshua C. Doloff', 'Robert Langer', 'Daniel G. Anderson']",Nature Biotechnology,2019.0,A2-Iso5-2DC18,DOPE,cholesterol,C14-PEG2000
962,A2-Iso5-2DC18,DOPE,cholesterol,C14-PEG2000,50:2.9:31.1:16,mRNA,firefly_luciferase,CCCCCCCC/C=C\CCCCCCCC1(N(C(N=C1)C(=O)OCC)CCCN2CCCC2)CCCCCCC/C=C\CCCCCCCC,CCCCCCCC/C=C\CCCCCCCC(=O)OC[C@H](COP(=O)(O)OCCN)OC(=O)CCCCCCC/C=C\CCCCCCCC,C[C@H](CCCC(C)C)[C@H]1CC[C@@H]2[C@@]1(CC[C@H]3[C@H]2CC=C4[C@@]3(CC[C@@H](C4)O)C)C,CCCCCCCCCCCCCCOC(=O)CCOCCOCCOCCOCCOCCOCCOCCOCCOCCOCCOCCOCCOCCOCCOCCOCCOCCOCCOCCOCCOCCOCCOCCOCCOCCOCCOCCOCCOCCOCCOCCOCCOCCOCCOCCOCCOCCOCCOCCOCCOCCOCCOCCOCCOCCOCCOCCOCCOCCOCCOCCOCCOCCOCCOCCOCCOCCOCCOCCOCCOCCOCCOCCOCCOCCOCCOCCOCCOCCOCCOCCOCCOCCOCCOCCOCCOCCOCCOCCOCCOCCOCCOCCOCCOCCOCCOCCOCCOCCO,101.0,,,0.2,,,60.6,,,,,,wt/wt,10.0,lipid:mRNA,"synthesis_method: Microfluidic; device_used: microfluidic chip device; total_flow_rate_ml_min: ; flow_rate_ratio: 3:1 (ethanol:aqueous); aqueous_phase_composition: 10mM citrate buffer (pH 3.0); organic_phase_composition: ethanol; mixing_time_sec: ; temperature_condition: room temperature; post_processing: dialysis against 1X PBS; sterilization: ; storage_buffer: 1X PBS, stored at 4¡ÆC","cell_line: HeLa, B16F10; animal_model: C57BL/6 mice; administration_route: intramuscular; gene_expression_result: 5.9E+07 RLU (in vivo i.m.), 6.9E+06 RLU (HeLa), 1.3E+06 RLU (B16F10)",59000000.0,absolute,0.9534883720930233,https://doi.org/10.1038/s41587-019-0247-3,Delivery of mRNA vaccines with heterocyclic lipids increases anti-tumor efficacy by STING-mediated immune cell activation,"['Lei Miao', 'Linxian Li', 'Yuxuan Huang', 'Derfogail Delcassian', 'Jasdave Chahal', 'Jinsong Han', 'Yunhua Shi', 'Kaitlyn Sadtler', 'Wenting Gao', 'Jiaqi Lin', 'Joshua C. Doloff', 'Robert Langer', 'Daniel G. Anderson']",Nature Biotechnology,2019.0,A2-Iso5-2DC18,DOPE,cholesterol,C14-PEG2000
963,A2-Iso5-2DC18,DOPE,cholesterol,C14-PEG2000,50:1.5:32.5:16,mRNA,firefly_luciferase,CCCCCCCC/C=C\CCCCCCCC1(N(C(N=C1)C(=O)OCC)CCCN2CCCC2)CCCCCCC/C=C\CCCCCCCC,CCCCCCCC/C=C\CCCCCCCC(=O)OC[C@H](COP(=O)(O)OCCN)OC(=O)CCCCCCC/C=C\CCCCCCCC,C[C@H](CCCC(C)C)[C@H]1CC[C@@H]2[C@@]1(CC[C@H]3[C@H]2CC=C4[C@@]3(CC[C@@H](C4)O)C)C,CCCCCCCCCCCCCCOC(=O)CCOCCOCCOCCOCCOCCOCCOCCOCCOCCOCCOCCOCCOCCOCCOCCOCCOCCOCCOCCOCCOCCOCCOCCOCCOCCOCCOCCOCCOCCOCCOCCOCCOCCOCCOCCOCCOCCOCCOCCOCCOCCOCCOCCOCCOCCOCCOCCOCCOCCOCCOCCOCCOCCOCCOCCOCCOCCOCCOCCOCCOCCOCCOCCOCCOCCOCCOCCOCCOCCOCCOCCOCCOCCOCCOCCOCCOCCOCCOCCOCCOCCOCCOCCOCCOCCOCCOCCOCCOCCO,259.6,,,0.3,,,25.5,,,,,,wt/wt,2.9,lipid:mRNA,"synthesis_method: Microfluidic; device_used: microfluidic chip device; total_flow_rate_ml_min: ; flow_rate_ratio: 3:1 (ethanol:aqueous); aqueous_phase_composition: 10mM citrate buffer (pH 3.0); organic_phase_composition: ethanol; mixing_time_sec: ; temperature_condition: room temperature; post_processing: dialysis against 1X PBS; sterilization: ; storage_buffer: 1X PBS, stored at 4¡ÆC","cell_line: HeLa, B16F10; animal_model: C57BL/6 mice; administration_route: intramuscular; gene_expression_result: 2.1E+07 RLU (in vivo i.m.), 1.2E+07 RLU (HeLa), 2.2E+06 RLU (B16F10)",21000000.0,absolute,0.5348837209302325,https://doi.org/10.1038/s41587-019-0247-3,Delivery of mRNA vaccines with heterocyclic lipids increases anti-tumor efficacy by STING-mediated immune cell activation,"['Lei Miao', 'Linxian Li', 'Yuxuan Huang', 'Derfogail Delcassian', 'Jasdave Chahal', 'Jinsong Han', 'Yunhua Shi', 'Kaitlyn Sadtler', 'Wenting Gao', 'Jiaqi Lin', 'Joshua C. Doloff', 'Robert Langer', 'Daniel G. Anderson']",Nature Biotechnology,2019.0,A2-Iso5-2DC18,DOPE,cholesterol,C14-PEG2000
964,A2-Iso5-2DC18,DOPE,cholesterol,C14-PEG2000,35:0.5:57.5:7,mRNA,firefly_luciferase,CCCCCCCC/C=C\CCCCCCCC1(N(C(N=C1)C(=O)OCC)CCCN2CCCC2)CCCCCCC/C=C\CCCCCCCC,CCCCCCCC/C=C\CCCCCCCC(=O)OC[C@H](COP(=O)(O)OCCN)OC(=O)CCCCCCC/C=C\CCCCCCCC,C[C@H](CCCC(C)C)[C@H]1CC[C@@H]2[C@@]1(CC[C@H]3[C@H]2CC=C4[C@@]3(CC[C@@H](C4)O)C)C,CCCCCCCCCCCCCCOC(=O)CCOCCOCCOCCOCCOCCOCCOCCOCCOCCOCCOCCOCCOCCOCCOCCOCCOCCOCCOCCOCCOCCOCCOCCOCCOCCOCCOCCOCCOCCOCCOCCOCCOCCOCCOCCOCCOCCOCCOCCOCCOCCOCCOCCOCCOCCOCCOCCOCCOCCOCCOCCOCCOCCOCCOCCOCCOCCOCCOCCOCCOCCOCCOCCOCCOCCOCCOCCOCCOCCOCCOCCOCCOCCOCCOCCOCCOCCOCCOCCOCCOCCOCCOCCOCCOCCOCCOCCOCCOCCO,115.9,,,0.3,,,64.7,,,,,,wt/wt,5.0,lipid:mRNA,"synthesis_method: Microfluidic; device_used: microfluidic chip device; total_flow_rate_ml_min: ; flow_rate_ratio: 3:1 (ethanol:aqueous); aqueous_phase_composition: 10mM citrate buffer (pH 3.0); organic_phase_composition: ethanol; mixing_time_sec: ; temperature_condition: room temperature; post_processing: dialysis against 1X PBS; sterilization: ; storage_buffer: 1X PBS, stored at 4¡ÆC","cell_line: HeLa, B16F10; animal_model: C57BL/6 mice; administration_route: intramuscular; gene_expression_result: 7.5E+06 RLU (in vivo i.m.), 1.2E+07 RLU (HeLa), 6.1E+06 RLU (B16F10)",7500000.0,absolute,0.32558139534883723,https://doi.org/10.1038/s41587-019-0247-3,Delivery of mRNA vaccines with heterocyclic lipids increases anti-tumor efficacy by STING-mediated immune cell activation,"['Lei Miao', 'Linxian Li', 'Yuxuan Huang', 'Derfogail Delcassian', 'Jasdave Chahal', 'Jinsong Han', 'Yunhua Shi', 'Kaitlyn Sadtler', 'Wenting Gao', 'Jiaqi Lin', 'Joshua C. Doloff', 'Robert Langer', 'Daniel G. Anderson']",Nature Biotechnology,2019.0,A2-Iso5-2DC18,DOPE,cholesterol,C14-PEG2000
965,A2-Iso5-2DC18,DOPE,cholesterol,C14-PEG2000,65:0.5:27.5:7,mRNA,firefly_luciferase,CCCCCCCC/C=C\CCCCCCCC1(N(C(N=C1)C(=O)OCC)CCCN2CCCC2)CCCCCCC/C=C\CCCCCCCC,CCCCCCCC/C=C\CCCCCCCC(=O)OC[C@H](COP(=O)(O)OCCN)OC(=O)CCCCCCC/C=C\CCCCCCCC,C[C@H](CCCC(C)C)[C@H]1CC[C@@H]2[C@@]1(CC[C@H]3[C@H]2CC=C4[C@@]3(CC[C@@H](C4)O)C)C,CCCCCCCCCCCCCCOC(=O)CCOCCOCCOCCOCCOCCOCCOCCOCCOCCOCCOCCOCCOCCOCCOCCOCCOCCOCCOCCOCCOCCOCCOCCOCCOCCOCCOCCOCCOCCOCCOCCOCCOCCOCCOCCOCCOCCOCCOCCOCCOCCOCCOCCOCCOCCOCCOCCOCCOCCOCCOCCOCCOCCOCCOCCOCCOCCOCCOCCOCCOCCOCCOCCOCCOCCOCCOCCOCCOCCOCCOCCOCCOCCOCCOCCOCCOCCOCCOCCOCCOCCOCCOCCOCCOCCOCCOCCOCCOCCO,137.9,,,0.2,,,57.9,,,,,,wt/wt,15.0,lipid:mRNA,"synthesis_method: Microfluidic; device_used: microfluidic chip device; total_flow_rate_ml_min: ; flow_rate_ratio: 3:1 (ethanol:aqueous); aqueous_phase_composition: 10mM citrate buffer (pH 3.0); organic_phase_composition: ethanol; mixing_time_sec: ; temperature_condition: room temperature; post_processing: dialysis against 1X PBS; sterilization: ; storage_buffer: 1X PBS, stored at 4¡ÆC","cell_line: HeLa, B16F10; animal_model: C57BL/6 mice; administration_route: intramuscular; gene_expression_result: 7.9E+06 RLU (in vivo i.m.), 1.4E+04 RLU (HeLa), 4.8E+03 RLU (B16F10)",7900000.0,absolute,0.3953488372093023,https://doi.org/10.1038/s41587-019-0247-3,Delivery of mRNA vaccines with heterocyclic lipids increases anti-tumor efficacy by STING-mediated immune cell activation,"['Lei Miao', 'Linxian Li', 'Yuxuan Huang', 'Derfogail Delcassian', 'Jasdave Chahal', 'Jinsong Han', 'Yunhua Shi', 'Kaitlyn Sadtler', 'Wenting Gao', 'Jiaqi Lin', 'Joshua C. Doloff', 'Robert Langer', 'Daniel G. Anderson']",Nature Biotechnology,2019.0,A2-Iso5-2DC18,DOPE,cholesterol,C14-PEG2000
966,A2-Iso5-2DC18,DOPE,cholesterol,C14-PEG2000,65:2.5:7.5:25,mRNA,firefly_luciferase,CCCCCCCC/C=C\CCCCCCCC1(N(C(N=C1)C(=O)OCC)CCCN2CCCC2)CCCCCCC/C=C\CCCCCCCC,CCCCCCCC/C=C\CCCCCCCC(=O)OC[C@H](COP(=O)(O)OCCN)OC(=O)CCCCCCC/C=C\CCCCCCCC,C[C@H](CCCC(C)C)[C@H]1CC[C@@H]2[C@@]1(CC[C@H]3[C@H]2CC=C4[C@@]3(CC[C@@H](C4)O)C)C,CCCCCCCCCCCCCCOC(=O)CCOCCOCCOCCOCCOCCOCCOCCOCCOCCOCCOCCOCCOCCOCCOCCOCCOCCOCCOCCOCCOCCOCCOCCOCCOCCOCCOCCOCCOCCOCCOCCOCCOCCOCCOCCOCCOCCOCCOCCOCCOCCOCCOCCOCCOCCOCCOCCOCCOCCOCCOCCOCCOCCOCCOCCOCCOCCOCCOCCOCCOCCOCCOCCOCCOCCOCCOCCOCCOCCOCCOCCOCCOCCOCCOCCOCCOCCOCCOCCOCCOCCOCCOCCOCCOCCOCCOCCOCCOCCO,167.9,,,0.2,,,22.5,,,,,,wt/wt,5.0,lipid:mRNA,"synthesis_method: Microfluidic; device_used: microfluidic chip device; total_flow_rate_ml_min: ; flow_rate_ratio: 3:1 (ethanol:aqueous); aqueous_phase_composition: 10mM citrate buffer (pH 3.0); organic_phase_composition: ethanol; mixing_time_sec: ; temperature_condition: room temperature; post_processing: dialysis against 1X PBS; sterilization: ; storage_buffer: 1X PBS, stored at 4¡ÆC","cell_line: HeLa, B16F10; animal_model: C57BL/6 mice; administration_route: intramuscular; gene_expression_result: 1.1E+07 RLU (in vivo i.m.), 4.9E+06 RLU (HeLa), 2.7E+06 RLU (B16F10)",11000000.0,absolute,0.4418604651162791,https://doi.org/10.1038/s41587-019-0247-3,Delivery of mRNA vaccines with heterocyclic lipids increases anti-tumor efficacy by STING-mediated immune cell activation,"['Lei Miao', 'Linxian Li', 'Yuxuan Huang', 'Derfogail Delcassian', 'Jasdave Chahal', 'Jinsong Han', 'Yunhua Shi', 'Kaitlyn Sadtler', 'Wenting Gao', 'Jiaqi Lin', 'Joshua C. Doloff', 'Robert Langer', 'Daniel G. Anderson']",Nature Biotechnology,2019.0,A2-Iso5-2DC18,DOPE,cholesterol,C14-PEG2000
967,A2-Iso5-2DC18,DOPE,cholesterol,C14-PEG2000,50:1.5:32.5:16,mRNA,firefly_luciferase,CCCCCCCC/C=C\CCCCCCCC1(N(C(N=C1)C(=O)OCC)CCCN2CCCC2)CCCCCCC/C=C\CCCCCCCC,CCCCCCCC/C=C\CCCCCCCC(=O)OC[C@H](COP(=O)(O)OCCN)OC(=O)CCCCCCC/C=C\CCCCCCCC,C[C@H](CCCC(C)C)[C@H]1CC[C@@H]2[C@@]1(CC[C@H]3[C@H]2CC=C4[C@@]3(CC[C@@H](C4)O)C)C,CCCCCCCCCCCCCCOC(=O)CCOCCOCCOCCOCCOCCOCCOCCOCCOCCOCCOCCOCCOCCOCCOCCOCCOCCOCCOCCOCCOCCOCCOCCOCCOCCOCCOCCOCCOCCOCCOCCOCCOCCOCCOCCOCCOCCOCCOCCOCCOCCOCCOCCOCCOCCOCCOCCOCCOCCOCCOCCOCCOCCOCCOCCOCCOCCOCCOCCOCCOCCOCCOCCOCCOCCOCCOCCOCCOCCOCCOCCOCCOCCOCCOCCOCCOCCOCCOCCOCCOCCOCCOCCOCCOCCOCCOCCOCCOCCO,122.4,,,0.3,,,96.4,,,,,,wt/wt,17.1,lipid:mRNA,"synthesis_method: Microfluidic; device_used: microfluidic chip device; total_flow_rate_ml_min: ; flow_rate_ratio: 3:1 (ethanol:aqueous); aqueous_phase_composition: 10mM citrate buffer (pH 3.0); organic_phase_composition: ethanol; mixing_time_sec: ; temperature_condition: room temperature; post_processing: dialysis against 1X PBS; sterilization: ; storage_buffer: 1X PBS, stored at 4¡ÆC","cell_line: HeLa, B16F10; animal_model: C57BL/6 mice; administration_route: intramuscular; gene_expression_result: 9.6E+06 RLU (in vivo i.m.), 3.5E+06 RLU (HeLa), 9.7E+05 RLU (B16F10)",9600000.0,absolute,0.4186046511627907,https://doi.org/10.1038/s41587-019-0247-3,Delivery of mRNA vaccines with heterocyclic lipids increases anti-tumor efficacy by STING-mediated immune cell activation,"['Lei Miao', 'Linxian Li', 'Yuxuan Huang', 'Derfogail Delcassian', 'Jasdave Chahal', 'Jinsong Han', 'Yunhua Shi', 'Kaitlyn Sadtler', 'Wenting Gao', 'Jiaqi Lin', 'Joshua C. Doloff', 'Robert Langer', 'Daniel G. Anderson']",Nature Biotechnology,2019.0,A2-Iso5-2DC18,DOPE,cholesterol,C14-PEG2000
968,A2-Iso5-2DC18,DOPE,cholesterol,C14-PEG2000,50:1.5:32.5:16,mRNA,firefly_luciferase,CCCCCCCC/C=C\CCCCCCCC1(N(C(N=C1)C(=O)OCC)CCCN2CCCC2)CCCCCCC/C=C\CCCCCCCC,CCCCCCCC/C=C\CCCCCCCC(=O)OC[C@H](COP(=O)(O)OCCN)OC(=O)CCCCCCC/C=C\CCCCCCCC,C[C@H](CCCC(C)C)[C@H]1CC[C@@H]2[C@@]1(CC[C@H]3[C@H]2CC=C4[C@@]3(CC[C@@H](C4)O)C)C,CCCCCCCCCCCCCCOC(=O)CCOCCOCCOCCOCCOCCOCCOCCOCCOCCOCCOCCOCCOCCOCCOCCOCCOCCOCCOCCOCCOCCOCCOCCOCCOCCOCCOCCOCCOCCOCCOCCOCCOCCOCCOCCOCCOCCOCCOCCOCCOCCOCCOCCOCCOCCOCCOCCOCCOCCOCCOCCOCCOCCOCCOCCOCCOCCOCCOCCOCCOCCOCCOCCOCCOCCOCCOCCOCCOCCOCCOCCOCCOCCOCCOCCOCCOCCOCCOCCOCCOCCOCCOCCOCCOCCOCCOCCOCCOCCO,95.9,,,0.2,,,59.5,,,,,,wt/wt,10.0,lipid:mRNA,"synthesis_method: Microfluidic; device_used: microfluidic chip device; total_flow_rate_ml_min: ; flow_rate_ratio: 3:1 (ethanol:aqueous); aqueous_phase_composition: 10mM citrate buffer (pH 3.0); organic_phase_composition: ethanol; mixing_time_sec: ; temperature_condition: room temperature; post_processing: dialysis against 1X PBS; sterilization: ; storage_buffer: 1X PBS, stored at 4¡ÆC","cell_line: HeLa, B16F10; animal_model: C57BL/6 mice; administration_route: intramuscular; gene_expression_result: 3.2E+07 RLU (in vivo i.m.), 1.7E+07 RLU (HeLa), 1.6E+06 RLU (B16F10)",32000000.0,absolute,0.7906976744186046,https://doi.org/10.1038/s41587-019-0247-3,Delivery of mRNA vaccines with heterocyclic lipids increases anti-tumor efficacy by STING-mediated immune cell activation,"['Lei Miao', 'Linxian Li', 'Yuxuan Huang', 'Derfogail Delcassian', 'Jasdave Chahal', 'Jinsong Han', 'Yunhua Shi', 'Kaitlyn Sadtler', 'Wenting Gao', 'Jiaqi Lin', 'Joshua C. Doloff', 'Robert Langer', 'Daniel G. Anderson']",Nature Biotechnology,2019.0,A2-Iso5-2DC18,DOPE,cholesterol,C14-PEG2000
969,A2-Iso5-2DC18,DOPE,cholesterol,C14-PEG2000,71.2:1.5:11.3:16,mRNA,firefly_luciferase,CCCCCCCC/C=C\CCCCCCCC1(N(C(N=C1)C(=O)OCC)CCCN2CCCC2)CCCCCCC/C=C\CCCCCCCC,CCCCCCCC/C=C\CCCCCCCC(=O)OC[C@H](COP(=O)(O)OCCN)OC(=O)CCCCCCC/C=C\CCCCCCCC,C[C@H](CCCC(C)C)[C@H]1CC[C@@H]2[C@@]1(CC[C@H]3[C@H]2CC=C4[C@@]3(CC[C@@H](C4)O)C)C,CCCCCCCCCCCCCCOC(=O)CCOCCOCCOCCOCCOCCOCCOCCOCCOCCOCCOCCOCCOCCOCCOCCOCCOCCOCCOCCOCCOCCOCCOCCOCCOCCOCCOCCOCCOCCOCCOCCOCCOCCOCCOCCOCCOCCOCCOCCOCCOCCOCCOCCOCCOCCOCCOCCOCCOCCOCCOCCOCCOCCOCCOCCOCCOCCOCCOCCOCCOCCOCCOCCOCCOCCOCCOCCOCCOCCOCCOCCOCCOCCOCCOCCOCCOCCOCCOCCOCCOCCOCCOCCOCCOCCOCCOCCOCCOCCO,72.3,,,0.2,,,56.4,,,,,,wt/wt,10.0,lipid:mRNA,"synthesis_method: Microfluidic; device_used: microfluidic chip device; total_flow_rate_ml_min: ; flow_rate_ratio: 3:1 (ethanol:aqueous); aqueous_phase_composition: 10mM citrate buffer (pH 3.0); organic_phase_composition: ethanol; mixing_time_sec: ; temperature_condition: room temperature; post_processing: dialysis against 1X PBS; sterilization: ; storage_buffer: 1X PBS, stored at 4¡ÆC","cell_line: HeLa, B16F10; animal_model: C57BL/6 mice; administration_route: intramuscular; gene_expression_result: 2.0E+06 RLU (in vivo i.m.), 4.2E+06 RLU (HeLa), 9.2E+05 RLU (B16F10)",2000000.0,absolute,0.27906976744186046,https://doi.org/10.1038/s41587-019-0247-3,Delivery of mRNA vaccines with heterocyclic lipids increases anti-tumor efficacy by STING-mediated immune cell activation,"['Lei Miao', 'Linxian Li', 'Yuxuan Huang', 'Derfogail Delcassian', 'Jasdave Chahal', 'Jinsong Han', 'Yunhua Shi', 'Kaitlyn Sadtler', 'Wenting Gao', 'Jiaqi Lin', 'Joshua C. Doloff', 'Robert Langer', 'Daniel G. Anderson']",Nature Biotechnology,2019.0,A2-Iso5-2DC18,DOPE,cholesterol,C14-PEG2000
970,A2-Iso5-2DC18,DOPE,cholesterol,C14-PEG2000,50:1.5:32.5:16,mRNA,firefly_luciferase,CCCCCCCC/C=C\CCCCCCCC1(N(C(N=C1)C(=O)OCC)CCCN2CCCC2)CCCCCCC/C=C\CCCCCCCC,CCCCCCCC/C=C\CCCCCCCC(=O)OC[C@H](COP(=O)(O)OCCN)OC(=O)CCCCCCC/C=C\CCCCCCCC,C[C@H](CCCC(C)C)[C@H]1CC[C@@H]2[C@@]1(CC[C@H]3[C@H]2CC=C4[C@@]3(CC[C@@H](C4)O)C)C,CCCCCCCCCCCCCCOC(=O)CCOCCOCCOCCOCCOCCOCCOCCOCCOCCOCCOCCOCCOCCOCCOCCOCCOCCOCCOCCOCCOCCOCCOCCOCCOCCOCCOCCOCCOCCOCCOCCOCCOCCOCCOCCOCCOCCOCCOCCOCCOCCOCCOCCOCCOCCOCCOCCOCCOCCOCCOCCOCCOCCOCCOCCOCCOCCOCCOCCOCCOCCOCCOCCOCCOCCOCCOCCOCCOCCOCCOCCOCCOCCOCCOCCOCCOCCOCCOCCOCCOCCOCCOCCOCCOCCOCCOCCOCCOCCO,94.0,,,0.2,,,68.1,,,,,,wt/wt,10.0,lipid:mRNA,"synthesis_method: Microfluidic; device_used: microfluidic chip device; total_flow_rate_ml_min: ; flow_rate_ratio: 3:1 (ethanol:aqueous); aqueous_phase_composition: 10mM citrate buffer (pH 3.0); organic_phase_composition: ethanol; mixing_time_sec: ; temperature_condition: room temperature; post_processing: dialysis against 1X PBS; sterilization: ; storage_buffer: 1X PBS, stored at 4¡ÆC","cell_line: HeLa, B16F10; animal_model: C57BL/6 mice; administration_route: intramuscular; gene_expression_result: 2.2E+07 RLU (in vivo i.m.), 2.5E+07 RLU (HeLa), 1.6E+06 RLU (B16F10)",22000000.0,absolute,0.5813953488372093,https://doi.org/10.1038/s41587-019-0247-3,Delivery of mRNA vaccines with heterocyclic lipids increases anti-tumor efficacy by STING-mediated immune cell activation,"['Lei Miao', 'Linxian Li', 'Yuxuan Huang', 'Derfogail Delcassian', 'Jasdave Chahal', 'Jinsong Han', 'Yunhua Shi', 'Kaitlyn Sadtler', 'Wenting Gao', 'Jiaqi Lin', 'Joshua C. Doloff', 'Robert Langer', 'Daniel G. Anderson']",Nature Biotechnology,2019.0,A2-Iso5-2DC18,DOPE,cholesterol,C14-PEG2000
971,A2-Iso5-2DC18,DOPE,cholesterol,C14-PEG2000,28.8:1.5:53.7:16,mRNA,firefly_luciferase,CCCCCCCC/C=C\CCCCCCCC1(N(C(N=C1)C(=O)OCC)CCCN2CCCC2)CCCCCCC/C=C\CCCCCCCC,CCCCCCCC/C=C\CCCCCCCC(=O)OC[C@H](COP(=O)(O)OCCN)OC(=O)CCCCCCC/C=C\CCCCCCCC,C[C@H](CCCC(C)C)[C@H]1CC[C@@H]2[C@@]1(CC[C@H]3[C@H]2CC=C4[C@@]3(CC[C@@H](C4)O)C)C,CCCCCCCCCCCCCCOC(=O)CCOCCOCCOCCOCCOCCOCCOCCOCCOCCOCCOCCOCCOCCOCCOCCOCCOCCOCCOCCOCCOCCOCCOCCOCCOCCOCCOCCOCCOCCOCCOCCOCCOCCOCCOCCOCCOCCOCCOCCOCCOCCOCCOCCOCCOCCOCCOCCOCCOCCOCCOCCOCCOCCOCCOCCOCCOCCOCCOCCOCCOCCOCCOCCOCCOCCOCCOCCOCCOCCOCCOCCOCCOCCOCCOCCOCCOCCOCCOCCOCCOCCOCCOCCOCCOCCOCCOCCOCCOCCO,84.9,,,0.2,,,64.3,,,,,,wt/wt,10.0,lipid:mRNA,"synthesis_method: Microfluidic; device_used: microfluidic chip device; total_flow_rate_ml_min: ; flow_rate_ratio: 3:1 (ethanol:aqueous); aqueous_phase_composition: 10mM citrate buffer (pH 3.0); organic_phase_composition: ethanol; mixing_time_sec: ; temperature_condition: room temperature; post_processing: dialysis against 1X PBS; sterilization: ; storage_buffer: 1X PBS, stored at 4¡ÆC","cell_line: HeLa, B16F10; animal_model: C57BL/6 mice; administration_route: intramuscular; gene_expression_result: 4.2E+07 RLU (in vivo i.m.), 1.5E+07 RLU (HeLa), 2.0E+06 RLU (B16F10)",42000000.0,absolute,0.8604651162790697,https://doi.org/10.1038/s41587-019-0247-3,Delivery of mRNA vaccines with heterocyclic lipids increases anti-tumor efficacy by STING-mediated immune cell activation,"['Lei Miao', 'Linxian Li', 'Yuxuan Huang', 'Derfogail Delcassian', 'Jasdave Chahal', 'Jinsong Han', 'Yunhua Shi', 'Kaitlyn Sadtler', 'Wenting Gao', 'Jiaqi Lin', 'Joshua C. Doloff', 'Robert Langer', 'Daniel G. Anderson']",Nature Biotechnology,2019.0,A2-Iso5-2DC18,DOPE,cholesterol,C14-PEG2000
972,A2-Iso5-2DC18,DOPE,cholesterol,C14-PEG2000,65:2.5:25.5:7,mRNA,firefly_luciferase,CCCCCCCC/C=C\CCCCCCCC1(N(C(N=C1)C(=O)OCC)CCCN2CCCC2)CCCCCCC/C=C\CCCCCCCC,CCCCCCCC/C=C\CCCCCCCC(=O)OC[C@H](COP(=O)(O)OCCN)OC(=O)CCCCCCC/C=C\CCCCCCCC,C[C@H](CCCC(C)C)[C@H]1CC[C@@H]2[C@@]1(CC[C@H]3[C@H]2CC=C4[C@@]3(CC[C@@H](C4)O)C)C,CCCCCCCCCCCCCCOC(=O)CCOCCOCCOCCOCCOCCOCCOCCOCCOCCOCCOCCOCCOCCOCCOCCOCCOCCOCCOCCOCCOCCOCCOCCOCCOCCOCCOCCOCCOCCOCCOCCOCCOCCOCCOCCOCCOCCOCCOCCOCCOCCOCCOCCOCCOCCOCCOCCOCCOCCOCCOCCOCCOCCOCCOCCOCCOCCOCCOCCOCCOCCOCCOCCOCCOCCOCCOCCOCCOCCOCCOCCOCCOCCOCCOCCOCCOCCOCCOCCOCCOCCOCCOCCOCCOCCOCCOCCOCCOCCO,127.8,,,0.2,,,57.2,,,,,,wt/wt,5.0,lipid:mRNA,"synthesis_method: Microfluidic; device_used: microfluidic chip device; total_flow_rate_ml_min: ; flow_rate_ratio: 3:1 (ethanol:aqueous); aqueous_phase_composition: 10mM citrate buffer (pH 3.0); organic_phase_composition: ethanol; mixing_time_sec: ; temperature_condition: room temperature; post_processing: dialysis against 1X PBS; sterilization: ; storage_buffer: 1X PBS, stored at 4¡ÆC","cell_line: HeLa, B16F10; animal_model: C57BL/6 mice; administration_route: intramuscular; gene_expression_result: 1.9E+07 RLU (in vivo i.m.), 4.0E+06 RLU (HeLa), 5.5E+05 RLU (B16F10)",19000000.0,absolute,0.47674418604651164,https://doi.org/10.1038/s41587-019-0247-3,Delivery of mRNA vaccines with heterocyclic lipids increases anti-tumor efficacy by STING-mediated immune cell activation,"['Lei Miao', 'Linxian Li', 'Yuxuan Huang', 'Derfogail Delcassian', 'Jasdave Chahal', 'Jinsong Han', 'Yunhua Shi', 'Kaitlyn Sadtler', 'Wenting Gao', 'Jiaqi Lin', 'Joshua C. Doloff', 'Robert Langer', 'Daniel G. Anderson']",Nature Biotechnology,2019.0,A2-Iso5-2DC18,DOPE,cholesterol,C14-PEG2000
973,A2-Iso5-2DC18,DOPE,cholesterol,C14-PEG2000,50:1.5:32.5:16,mRNA,firefly_luciferase,CCCCCCCC/C=C\CCCCCCCC1(N(C(N=C1)C(=O)OCC)CCCN2CCCC2)CCCCCCC/C=C\CCCCCCCC,CCCCCCCC/C=C\CCCCCCCC(=O)OC[C@H](COP(=O)(O)OCCN)OC(=O)CCCCCCC/C=C\CCCCCCCC,C[C@H](CCCC(C)C)[C@H]1CC[C@@H]2[C@@]1(CC[C@H]3[C@H]2CC=C4[C@@]3(CC[C@@H](C4)O)C)C,CCCCCCCCCCCCCCOC(=O)CCOCCOCCOCCOCCOCCOCCOCCOCCOCCOCCOCCOCCOCCOCCOCCOCCOCCOCCOCCOCCOCCOCCOCCOCCOCCOCCOCCOCCOCCOCCOCCOCCOCCOCCOCCOCCOCCOCCOCCOCCOCCOCCOCCOCCOCCOCCOCCOCCOCCOCCOCCOCCOCCOCCOCCOCCOCCOCCOCCOCCOCCOCCOCCOCCOCCOCCOCCOCCOCCOCCOCCOCCOCCOCCOCCOCCOCCOCCOCCOCCOCCOCCOCCOCCOCCOCCOCCOCCOCCO,84.9,,,0.2,,,57.5,,,,,,wt/wt,10.0,lipid:mRNA,"synthesis_method: Microfluidic; device_used: microfluidic chip device; total_flow_rate_ml_min: ; flow_rate_ratio: 3:1 (ethanol:aqueous); aqueous_phase_composition: 10mM citrate buffer (pH 3.0); organic_phase_composition: ethanol; mixing_time_sec: ; temperature_condition: room temperature; post_processing: dialysis against 1X PBS; sterilization: ; storage_buffer: 1X PBS, stored at 4¡ÆC","cell_line: HeLa, B16F10; animal_model: C57BL/6 mice; administration_route: intramuscular; gene_expression_result: 3.1E+07 RLU (in vivo i.m.), 1.4E+07 RLU (HeLa), 1.8E+06 RLU (B16F10)",31000000.0,absolute,0.7209302325581395,https://doi.org/10.1038/s41587-019-0247-3,Delivery of mRNA vaccines with heterocyclic lipids increases anti-tumor efficacy by STING-mediated immune cell activation,"['Lei Miao', 'Linxian Li', 'Yuxuan Huang', 'Derfogail Delcassian', 'Jasdave Chahal', 'Jinsong Han', 'Yunhua Shi', 'Kaitlyn Sadtler', 'Wenting Gao', 'Jiaqi Lin', 'Joshua C. Doloff', 'Robert Langer', 'Daniel G. Anderson']",Nature Biotechnology,2019.0,A2-Iso5-2DC18,DOPE,cholesterol,C14-PEG2000
974,A2-Iso5-2DC18,DOPE,cholesterol,C14-PEG2000,35:2.5:55.5:7,mRNA,firefly_luciferase,CCCCCCCC/C=C\CCCCCCCC1(N(C(N=C1)C(=O)OCC)CCCN2CCCC2)CCCCCCC/C=C\CCCCCCCC,CCCCCCCC/C=C\CCCCCCCC(=O)OC[C@H](COP(=O)(O)OCCN)OC(=O)CCCCCCC/C=C\CCCCCCCC,C[C@H](CCCC(C)C)[C@H]1CC[C@@H]2[C@@]1(CC[C@H]3[C@H]2CC=C4[C@@]3(CC[C@@H](C4)O)C)C,CCCCCCCCCCCCCCOC(=O)CCOCCOCCOCCOCCOCCOCCOCCOCCOCCOCCOCCOCCOCCOCCOCCOCCOCCOCCOCCOCCOCCOCCOCCOCCOCCOCCOCCOCCOCCOCCOCCOCCOCCOCCOCCOCCOCCOCCOCCOCCOCCOCCOCCOCCOCCOCCOCCOCCOCCOCCOCCOCCOCCOCCOCCOCCOCCOCCOCCOCCOCCOCCOCCOCCOCCOCCOCCOCCOCCOCCOCCOCCOCCOCCOCCOCCOCCOCCOCCOCCOCCOCCOCCOCCOCCOCCOCCOCCOCCO,108.7,,,0.1,,,65.2,,,,,,wt/wt,15.0,lipid:mRNA,"synthesis_method: Microfluidic; device_used: microfluidic chip device; total_flow_rate_ml_min: ; flow_rate_ratio: 3:1 (ethanol:aqueous); aqueous_phase_composition: 10mM citrate buffer (pH 3.0); organic_phase_composition: ethanol; mixing_time_sec: ; temperature_condition: room temperature; post_processing: dialysis against 1X PBS; sterilization: ; storage_buffer: 1X PBS, stored at 4¡ÆC","cell_line: HeLa, B16F10; animal_model: C57BL/6 mice; administration_route: intramuscular; gene_expression_result: 1.9E+07 RLU (in vivo i.m.), 9.9E+06 RLU (HeLa), 1.7E+06 RLU (B16F10)",19000000.0,absolute,0.47674418604651164,https://doi.org/10.1038/s41587-019-0247-3,Delivery of mRNA vaccines with heterocyclic lipids increases anti-tumor efficacy by STING-mediated immune cell activation,"['Lei Miao', 'Linxian Li', 'Yuxuan Huang', 'Derfogail Delcassian', 'Jasdave Chahal', 'Jinsong Han', 'Yunhua Shi', 'Kaitlyn Sadtler', 'Wenting Gao', 'Jiaqi Lin', 'Joshua C. Doloff', 'Robert Langer', 'Daniel G. Anderson']",Nature Biotechnology,2019.0,A2-Iso5-2DC18,DOPE,cholesterol,C14-PEG2000
975,A2-Iso5-2DC18,DOPE,cholesterol,C14-PEG2000,50:1.5:45.2:3.3,mRNA,firefly_luciferase,CCCCCCCC/C=C\CCCCCCCC1(N(C(N=C1)C(=O)OCC)CCCN2CCCC2)CCCCCCC/C=C\CCCCCCCC,CCCCCCCC/C=C\CCCCCCCC(=O)OC[C@H](COP(=O)(O)OCCN)OC(=O)CCCCCCC/C=C\CCCCCCCC,C[C@H](CCCC(C)C)[C@H]1CC[C@@H]2[C@@]1(CC[C@H]3[C@H]2CC=C4[C@@]3(CC[C@@H](C4)O)C)C,CCCCCCCCCCCCCCOC(=O)CCOCCOCCOCCOCCOCCOCCOCCOCCOCCOCCOCCOCCOCCOCCOCCOCCOCCOCCOCCOCCOCCOCCOCCOCCOCCOCCOCCOCCOCCOCCOCCOCCOCCOCCOCCOCCOCCOCCOCCOCCOCCOCCOCCOCCOCCOCCOCCOCCOCCOCCOCCOCCOCCOCCOCCOCCOCCOCCOCCOCCOCCOCCOCCOCCOCCOCCOCCOCCOCCOCCOCCOCCOCCOCCOCCOCCOCCOCCOCCOCCOCCOCCOCCOCCOCCOCCOCCOCCOCCO,94.9,,,0.3,,,21.7,,,,,,wt/wt,10.0,lipid:mRNA,"synthesis_method: Microfluidic; device_used: microfluidic chip device; total_flow_rate_ml_min: ; flow_rate_ratio: 3:1 (ethanol:aqueous); aqueous_phase_composition: 10mM citrate buffer (pH 3.0); organic_phase_composition: ethanol; mixing_time_sec: ; temperature_condition: room temperature; post_processing: dialysis against 1X PBS; sterilization: ; storage_buffer: 1X PBS, stored at 4¡ÆC","cell_line: HeLa, B16F10; animal_model: C57BL/6 mice; administration_route: intramuscular; gene_expression_result: 3.0E+07 RLU (in vivo i.m.), 7.6E+06 RLU (HeLa), 3.8E+05 RLU (B16F10)",30000000.0,absolute,0.6744186046511628,https://doi.org/10.1038/s41587-019-0247-3,Delivery of mRNA vaccines with heterocyclic lipids increases anti-tumor efficacy by STING-mediated immune cell activation,"['Lei Miao', 'Linxian Li', 'Yuxuan Huang', 'Derfogail Delcassian', 'Jasdave Chahal', 'Jinsong Han', 'Yunhua Shi', 'Kaitlyn Sadtler', 'Wenting Gao', 'Jiaqi Lin', 'Joshua C. Doloff', 'Robert Langer', 'Daniel G. Anderson']",Nature Biotechnology,2019.0,A2-Iso5-2DC18,DOPE,cholesterol,C14-PEG2000
976,A2-Iso5-2DC18,DOPE,cholesterol,C14-PEG2000,50:1.5:32.5:16,mRNA,firefly_luciferase,CCCCCCCC/C=C\CCCCCCCC1(N(C(N=C1)C(=O)OCC)CCCN2CCCC2)CCCCCCC/C=C\CCCCCCCC,CCCCCCCC/C=C\CCCCCCCC(=O)OC[C@H](COP(=O)(O)OCCN)OC(=O)CCCCCCC/C=C\CCCCCCCC,C[C@H](CCCC(C)C)[C@H]1CC[C@@H]2[C@@]1(CC[C@H]3[C@H]2CC=C4[C@@]3(CC[C@@H](C4)O)C)C,CCCCCCCCCCCCCCOC(=O)CCOCCOCCOCCOCCOCCOCCOCCOCCOCCOCCOCCOCCOCCOCCOCCOCCOCCOCCOCCOCCOCCOCCOCCOCCOCCOCCOCCOCCOCCOCCOCCOCCOCCOCCOCCOCCOCCOCCOCCOCCOCCOCCOCCOCCOCCOCCOCCOCCOCCOCCOCCOCCOCCOCCOCCOCCOCCOCCOCCOCCOCCOCCOCCOCCOCCOCCOCCOCCOCCOCCOCCOCCOCCOCCOCCOCCOCCOCCOCCOCCOCCOCCOCCOCCOCCOCCOCCOCCOCCO,91.8,,,0.2,,,70.2,,,,,,wt/wt,10.0,lipid:mRNA,"synthesis_method: Microfluidic; device_used: microfluidic chip device; total_flow_rate_ml_min: ; flow_rate_ratio: 3:1 (ethanol:aqueous); aqueous_phase_composition: 10mM citrate buffer (pH 3.0); organic_phase_composition: ethanol; mixing_time_sec: ; temperature_condition: room temperature; post_processing: dialysis against 1X PBS; sterilization: ; storage_buffer: 1X PBS, stored at 4¡ÆC","cell_line: HeLa, B16F10; animal_model: C57BL/6 mice; administration_route: intramuscular; gene_expression_result: 2.2E+07 RLU (in vivo i.m.), 1.9E+07 RLU (HeLa), 1.8E+06 RLU (B16F10)",22000000.0,absolute,0.5813953488372093,https://doi.org/10.1038/s41587-019-0247-3,Delivery of mRNA vaccines with heterocyclic lipids increases anti-tumor efficacy by STING-mediated immune cell activation,"['Lei Miao', 'Linxian Li', 'Yuxuan Huang', 'Derfogail Delcassian', 'Jasdave Chahal', 'Jinsong Han', 'Yunhua Shi', 'Kaitlyn Sadtler', 'Wenting Gao', 'Jiaqi Lin', 'Joshua C. Doloff', 'Robert Langer', 'Daniel G. Anderson']",Nature Biotechnology,2019.0,A2-Iso5-2DC18,DOPE,cholesterol,C14-PEG2000
977,A2-Iso5-2DC18,DOPE,cholesterol,C14-PEG2000,35:0.5:39.5:25,mRNA,firefly_luciferase,CCCCCCCC/C=C\CCCCCCCC1(N(C(N=C1)C(=O)OCC)CCCN2CCCC2)CCCCCCC/C=C\CCCCCCCC,CCCCCCCC/C=C\CCCCCCCC(=O)OC[C@H](COP(=O)(O)OCCN)OC(=O)CCCCCCC/C=C\CCCCCCCC,C[C@H](CCCC(C)C)[C@H]1CC[C@@H]2[C@@]1(CC[C@H]3[C@H]2CC=C4[C@@]3(CC[C@@H](C4)O)C)C,CCCCCCCCCCCCCCOC(=O)CCOCCOCCOCCOCCOCCOCCOCCOCCOCCOCCOCCOCCOCCOCCOCCOCCOCCOCCOCCOCCOCCOCCOCCOCCOCCOCCOCCOCCOCCOCCOCCOCCOCCOCCOCCOCCOCCOCCOCCOCCOCCOCCOCCOCCOCCOCCOCCOCCOCCOCCOCCOCCOCCOCCOCCOCCOCCOCCOCCOCCOCCOCCOCCOCCOCCOCCOCCOCCOCCOCCOCCOCCOCCOCCOCCOCCOCCOCCOCCOCCOCCOCCOCCOCCOCCOCCOCCOCCOCCO,129.4,,,0.2,,,53.9,,,,,,wt/wt,5.0,lipid:mRNA,"synthesis_method: Microfluidic; device_used: microfluidic chip device; total_flow_rate_ml_min: ; flow_rate_ratio: 3:1 (ethanol:aqueous); aqueous_phase_composition: 10mM citrate buffer (pH 3.0); organic_phase_composition: ethanol; mixing_time_sec: ; temperature_condition: room temperature; post_processing: dialysis against 1X PBS; sterilization: ; storage_buffer: 1X PBS, stored at 4¡ÆC","cell_line: HeLa, B16F10; animal_model: C57BL/6 mice; administration_route: intramuscular; gene_expression_result: 3.2E+06 RLU (in vivo i.m.), 2.0E+07 RLU (HeLa), 3.7E+06 RLU (B16F10)",3200000.0,absolute,0.3023255813953488,https://doi.org/10.1038/s41587-019-0247-3,Delivery of mRNA vaccines with heterocyclic lipids increases anti-tumor efficacy by STING-mediated immune cell activation,"['Lei Miao', 'Linxian Li', 'Yuxuan Huang', 'Derfogail Delcassian', 'Jasdave Chahal', 'Jinsong Han', 'Yunhua Shi', 'Kaitlyn Sadtler', 'Wenting Gao', 'Jiaqi Lin', 'Joshua C. Doloff', 'Robert Langer', 'Daniel G. Anderson']",Nature Biotechnology,2019.0,A2-Iso5-2DC18,DOPE,cholesterol,C14-PEG2000
978,A2-Iso5-2DC18,DOPE,cholesterol,C14-PEG2000,50:1.5:19.8:28.7,mRNA,firefly_luciferase,CCCCCCCC/C=C\CCCCCCCC1(N(C(N=C1)C(=O)OCC)CCCN2CCCC2)CCCCCCC/C=C\CCCCCCCC,CCCCCCCC/C=C\CCCCCCCC(=O)OC[C@H](COP(=O)(O)OCCN)OC(=O)CCCCCCC/C=C\CCCCCCCC,C[C@H](CCCC(C)C)[C@H]1CC[C@@H]2[C@@]1(CC[C@H]3[C@H]2CC=C4[C@@]3(CC[C@@H](C4)O)C)C,CCCCCCCCCCCCCCOC(=O)CCOCCOCCOCCOCCOCCOCCOCCOCCOCCOCCOCCOCCOCCOCCOCCOCCOCCOCCOCCOCCOCCOCCOCCOCCOCCOCCOCCOCCOCCOCCOCCOCCOCCOCCOCCOCCOCCOCCOCCOCCOCCOCCOCCOCCOCCOCCOCCOCCOCCOCCOCCOCCOCCOCCOCCOCCOCCOCCOCCOCCOCCOCCOCCOCCOCCOCCOCCOCCOCCOCCOCCOCCOCCOCCOCCOCCOCCOCCOCCOCCOCCOCCOCCOCCOCCOCCOCCOCCOCCO,83.2,,,0.3,,,41.3,,,,,,wt/wt,10.0,lipid:mRNA,"synthesis_method: Microfluidic; device_used: microfluidic chip device; total_flow_rate_ml_min: ; flow_rate_ratio: 3:1 (ethanol:aqueous); aqueous_phase_composition: 10mM citrate buffer (pH 3.0); organic_phase_composition: ethanol; mixing_time_sec: ; temperature_condition: room temperature; post_processing: dialysis against 1X PBS; sterilization: ; storage_buffer: 1X PBS, stored at 4¡ÆC","cell_line: HeLa, B16F10; animal_model: C57BL/6 mice; administration_route: intramuscular; gene_expression_result: 7.7E+06 RLU (in vivo i.m.), 5.2E+06 RLU (HeLa), 8.6E+05 RLU (B16F10)",7700000.0,absolute,0.36046511627906974,https://doi.org/10.1038/s41587-019-0247-3,Delivery of mRNA vaccines with heterocyclic lipids increases anti-tumor efficacy by STING-mediated immune cell activation,"['Lei Miao', 'Linxian Li', 'Yuxuan Huang', 'Derfogail Delcassian', 'Jasdave Chahal', 'Jinsong Han', 'Yunhua Shi', 'Kaitlyn Sadtler', 'Wenting Gao', 'Jiaqi Lin', 'Joshua C. Doloff', 'Robert Langer', 'Daniel G. Anderson']",Nature Biotechnology,2019.0,A2-Iso5-2DC18,DOPE,cholesterol,C14-PEG2000
979,A2-Iso5-2DC18,DOPE,cholesterol,C14-PEG2000,65:0.5:9.5:25,mRNA,firefly_luciferase,CCCCCCCC/C=C\CCCCCCCC1(N(C(N=C1)C(=O)OCC)CCCN2CCCC2)CCCCCCC/C=C\CCCCCCCC,CCCCCCCC/C=C\CCCCCCCC(=O)OC[C@H](COP(=O)(O)OCCN)OC(=O)CCCCCCC/C=C\CCCCCCCC,C[C@H](CCCC(C)C)[C@H]1CC[C@@H]2[C@@]1(CC[C@H]3[C@H]2CC=C4[C@@]3(CC[C@@H](C4)O)C)C,CCCCCCCCCCCCCCOC(=O)CCOCCOCCOCCOCCOCCOCCOCCOCCOCCOCCOCCOCCOCCOCCOCCOCCOCCOCCOCCOCCOCCOCCOCCOCCOCCOCCOCCOCCOCCOCCOCCOCCOCCOCCOCCOCCOCCOCCOCCOCCOCCOCCOCCOCCOCCOCCOCCOCCOCCOCCOCCOCCOCCOCCOCCOCCOCCOCCOCCOCCOCCOCCOCCOCCOCCOCCOCCOCCOCCOCCOCCOCCOCCOCCOCCOCCOCCOCCOCCOCCOCCOCCOCCOCCOCCOCCOCCOCCOCCO,110.7,,,0.1,,,98.9,,,,,,wt/wt,15.0,lipid:mRNA,"synthesis_method: Microfluidic; device_used: microfluidic chip device; total_flow_rate_ml_min: ; flow_rate_ratio: 3:1 (ethanol:aqueous); aqueous_phase_composition: 10mM citrate buffer (pH 3.0); organic_phase_composition: ethanol; mixing_time_sec: ; temperature_condition: room temperature; post_processing: dialysis against 1X PBS; sterilization: ; storage_buffer: 1X PBS, stored at 4¡ÆC","cell_line: HeLa, B16F10; animal_model: C57BL/6 mice; administration_route: intramuscular; gene_expression_result: 9.8E+05 RLU (in vivo i.m.), 1.1E+04 RLU (HeLa), 3.5E+04 RLU (B16F10)",980000.0,absolute,0.2558139534883721,https://doi.org/10.1038/s41587-019-0247-3,Delivery of mRNA vaccines with heterocyclic lipids increases anti-tumor efficacy by STING-mediated immune cell activation,"['Lei Miao', 'Linxian Li', 'Yuxuan Huang', 'Derfogail Delcassian', 'Jasdave Chahal', 'Jinsong Han', 'Yunhua Shi', 'Kaitlyn Sadtler', 'Wenting Gao', 'Jiaqi Lin', 'Joshua C. Doloff', 'Robert Langer', 'Daniel G. Anderson']",Nature Biotechnology,2019.0,A2-Iso5-2DC18,DOPE,cholesterol,C14-PEG2000
980,A2-Iso5-2DC18,DOPE,cholesterol,C14-PEG2000,50:0.1:33.9:16,mRNA,firefly_luciferase,CCCCCCCC/C=C\CCCCCCCC1(N(C(N=C1)C(=O)OCC)CCCN2CCCC2)CCCCCCC/C=C\CCCCCCCC,CCCCCCCC/C=C\CCCCCCCC(=O)OC[C@H](COP(=O)(O)OCCN)OC(=O)CCCCCCC/C=C\CCCCCCCC,C[C@H](CCCC(C)C)[C@H]1CC[C@@H]2[C@@]1(CC[C@H]3[C@H]2CC=C4[C@@]3(CC[C@@H](C4)O)C)C,CCCCCCCCCCCCCCOC(=O)CCOCCOCCOCCOCCOCCOCCOCCOCCOCCOCCOCCOCCOCCOCCOCCOCCOCCOCCOCCOCCOCCOCCOCCOCCOCCOCCOCCOCCOCCOCCOCCOCCOCCOCCOCCOCCOCCOCCOCCOCCOCCOCCOCCOCCOCCOCCOCCOCCOCCOCCOCCOCCOCCOCCOCCOCCOCCOCCOCCOCCOCCOCCOCCOCCOCCOCCOCCOCCOCCOCCOCCOCCOCCOCCOCCOCCOCCOCCOCCOCCOCCOCCOCCOCCOCCOCCOCCOCCOCCO,154.9,,,0.1,,,9.4,,,,,,wt/wt,10.0,lipid:mRNA,"synthesis_method: Microfluidic; device_used: microfluidic chip device; total_flow_rate_ml_min: ; flow_rate_ratio: 3:1 (ethanol:aqueous); aqueous_phase_composition: 10mM citrate buffer (pH 3.0); organic_phase_composition: ethanol; mixing_time_sec: ; temperature_condition: room temperature; post_processing: dialysis against 1X PBS; sterilization: ; storage_buffer: 1X PBS, stored at 4¡ÆC","cell_line: HeLa, B16F10; animal_model: C57BL/6 mice; administration_route: intramuscular; gene_expression_result: 3.9E+05 RLU (in vivo i.m.), 3.7E+06 RLU (HeLa), 2.2E+06 RLU (B16F10)",390000.0,absolute,0.23255813953488372,https://doi.org/10.1038/s41587-019-0247-3,Delivery of mRNA vaccines with heterocyclic lipids increases anti-tumor efficacy by STING-mediated immune cell activation,"['Lei Miao', 'Linxian Li', 'Yuxuan Huang', 'Derfogail Delcassian', 'Jasdave Chahal', 'Jinsong Han', 'Yunhua Shi', 'Kaitlyn Sadtler', 'Wenting Gao', 'Jiaqi Lin', 'Joshua C. Doloff', 'Robert Langer', 'Daniel G. Anderson']",Nature Biotechnology,2019.0,A2-Iso5-2DC18,DOPE,cholesterol,C14-PEG2000
981,A2-Iso5-2DC18,DOPE,cholesterol,C14-PEG2000,35:2.5:46.5:16,mRNA,firefly_luciferase,CCCCCCCC/C=C\CCCCCCCC1(N(C(N=C1)C(=O)OCC)CCCN2CCCC2)CCCCCCC/C=C\CCCCCCCC,CCCCCCCC/C=C\CCCCCCCC(=O)OC[C@H](COP(=O)(O)OCCN)OC(=O)CCCCCCC/C=C\CCCCCCCC,C[C@H](CCCC(C)C)[C@H]1CC[C@@H]2[C@@]1(CC[C@H]3[C@H]2CC=C4[C@@]3(CC[C@@H](C4)O)C)C,CCCCCCCCCCCCCCOC(=O)CCOCCOCCOCCOCCOCCOCCOCCOCCOCCOCCOCCOCCOCCOCCOCCOCCOCCOCCOCCOCCOCCOCCOCCOCCOCCOCCOCCOCCOCCOCCOCCOCCOCCOCCOCCOCCOCCOCCOCCOCCOCCOCCOCCOCCOCCOCCOCCOCCOCCOCCOCCOCCOCCOCCOCCOCCOCCOCCOCCOCCOCCOCCOCCOCCOCCOCCOCCOCCOCCOCCOCCOCCOCCOCCOCCOCCOCCOCCOCCOCCOCCOCCOCCOCCOCCOCCOCCOCCOCCO,102.5,,,0.2,,,60.3,,,,,,wt/wt,10.0,lipid:mRNA,"synthesis_method: Microfluidic; device_used: microfluidic chip device; total_flow_rate_ml_min: ; flow_rate_ratio: 3:1 (ethanol:aqueous); aqueous_phase_composition: 10mM citrate buffer (pH 3.0); organic_phase_composition: ethanol; mixing_time_sec: ; temperature_condition: room temperature; post_processing: dialysis against 1X PBS; sterilization: ; storage_buffer: 1X PBS, stored at 4¡ÆC","cell_line: HeLa, B16F10; animal_model: C57BL/6 mice; administration_route: intramuscular; gene_expression_result: 5.3E+07 RLU (in vivo i.m.), 6.3E+06 RLU (HeLa), 1.1E+06 RLU (B16F10)",53000000.0,absolute,0.9069767441860465,https://doi.org/10.1038/s41587-019-0247-3,Delivery of mRNA vaccines with heterocyclic lipids increases anti-tumor efficacy by STING-mediated immune cell activation,"['Lei Miao', 'Linxian Li', 'Yuxuan Huang', 'Derfogail Delcassian', 'Jasdave Chahal', 'Jinsong Han', 'Yunhua Shi', 'Kaitlyn Sadtler', 'Wenting Gao', 'Jiaqi Lin', 'Joshua C. Doloff', 'Robert Langer', 'Daniel G. Anderson']",Nature Biotechnology,2019.0,A2-Iso5-2DC18,DOPE,cholesterol,C14-PEG2000
982,A2-Iso5-2DC18,DOPE,cholesterol,C14-PEG2000,50:1.5:23.5:25,mRNA,firefly_luciferase,CCCCCCCC/C=C\CCCCCCCC1(N(C(N=C1)C(=O)OCC)CCCN2CCCC2)CCCCCCC/C=C\CCCCCCCC,CCCCCCCC/C=C\CCCCCCCC(=O)OC[C@H](COP(=O)(O)OCCN)OC(=O)CCCCCCC/C=C\CCCCCCCC,C[C@H](CCCC(C)C)[C@H]1CC[C@@H]2[C@@]1(CC[C@H]3[C@H]2CC=C4[C@@]3(CC[C@@H](C4)O)C)C,CCCCCCCCCCCCCCOC(=O)CCOCCOCCOCCOCCOCCOCCOCCOCCOCCOCCOCCOCCOCCOCCOCCOCCOCCOCCOCCOCCOCCOCCOCCOCCOCCOCCOCCOCCOCCOCCOCCOCCOCCOCCOCCOCCOCCOCCOCCOCCOCCOCCOCCOCCOCCOCCOCCOCCOCCOCCOCCOCCOCCOCCOCCOCCOCCOCCOCCOCCOCCOCCOCCOCCOCCOCCOCCOCCOCCOCCOCCOCCOCCOCCOCCOCCOCCOCCOCCOCCOCCOCCOCCOCCOCCOCCOCCOCCOCCO,119.8,,,0.3,,,79.0,,,,,,wt/wt,10.0,lipid:mRNA,"synthesis_method: Microfluidic; device_used: microfluidic chip device; total_flow_rate_ml_min: ; flow_rate_ratio: 3:1 (ethanol:aqueous); aqueous_phase_composition: 10mM citrate buffer (pH 3.0); organic_phase_composition: ethanol; mixing_time_sec: ; temperature_condition: room temperature; post_processing: dialysis against 1X PBS; sterilization: ; storage_buffer: 1X PBS, stored at 4¡ÆC",animal_model: C57BL/6 mice; administration_route: intramuscular; gene_expression_result: 2.2E+07 RLU (in vivo i.m.),22000000.0,absolute,0.5813953488372093,https://doi.org/10.1038/s41587-019-0247-3,Delivery of mRNA vaccines with heterocyclic lipids increases anti-tumor efficacy by STING-mediated immune cell activation,"['Lei Miao', 'Linxian Li', 'Yuxuan Huang', 'Derfogail Delcassian', 'Jasdave Chahal', 'Jinsong Han', 'Yunhua Shi', 'Kaitlyn Sadtler', 'Wenting Gao', 'Jiaqi Lin', 'Joshua C. Doloff', 'Robert Langer', 'Daniel G. Anderson']",Nature Biotechnology,2019.0,A2-Iso5-2DC18,DOPE,cholesterol,C14-PEG2000
983,A2-Iso5-2DC18,DOPE,cholesterol,C14-PEG2000,35:2.5:46.5:16,mRNA,firefly_luciferase,CCCCCCCC/C=C\CCCCCCCC1(N(C(N=C1)C(=O)OCC)CCCN2CCCC2)CCCCCCC/C=C\CCCCCCCC,CCCCCCCC/C=C\CCCCCCCC(=O)OC[C@H](COP(=O)(O)OCCN)OC(=O)CCCCCCC/C=C\CCCCCCCC,C[C@H](CCCC(C)C)[C@H]1CC[C@@H]2[C@@]1(CC[C@H]3[C@H]2CC=C4[C@@]3(CC[C@@H](C4)O)C)C,CCCCCCCCCCCCCCOC(=O)CCOCCOCCOCCOCCOCCOCCOCCOCCOCCOCCOCCOCCOCCOCCOCCOCCOCCOCCOCCOCCOCCOCCOCCOCCOCCOCCOCCOCCOCCOCCOCCOCCOCCOCCOCCOCCOCCOCCOCCOCCOCCOCCOCCOCCOCCOCCOCCOCCOCCOCCOCCOCCOCCOCCOCCOCCOCCOCCOCCOCCOCCOCCOCCOCCOCCOCCOCCOCCOCCOCCOCCOCCOCCOCCOCCOCCOCCOCCOCCOCCOCCOCCOCCOCCOCCOCCOCCOCCOCCO,102.5,,,0.2,,,60.3,,,,,,wt/wt,10.0,lipid:mRNA,"synthesis_method: Microfluidic; device_used: microfluidic chip device; total_flow_rate_ml_min: ; flow_rate_ratio: 3:1 (ethanol:aqueous); aqueous_phase_composition: 10mM citrate buffer (pH 3.0); organic_phase_composition: ethanol; mixing_time_sec: ; temperature_condition: room temperature; post_processing: dialysis against 1X PBS; sterilization: ; storage_buffer: 1X PBS, stored at 4¡ÆC",animal_model: C57BL/6 mice; administration_route: intramuscular; gene_expression_result: 5.5E+07 RLU (in vivo i.m.),55000000.0,absolute,0.9302325581395349,https://doi.org/10.1038/s41587-019-0247-3,Delivery of mRNA vaccines with heterocyclic lipids increases anti-tumor efficacy by STING-mediated immune cell activation,"['Lei Miao', 'Linxian Li', 'Yuxuan Huang', 'Derfogail Delcassian', 'Jasdave Chahal', 'Jinsong Han', 'Yunhua Shi', 'Kaitlyn Sadtler', 'Wenting Gao', 'Jiaqi Lin', 'Joshua C. Doloff', 'Robert Langer', 'Daniel G. Anderson']",Nature Biotechnology,2019.0,A2-Iso5-2DC18,DOPE,cholesterol,C14-PEG2000
984,A2-Iso5-2DC18,DOPE,cholesterol,C14-PEG2000,35:2.5:46.5:16,mRNA,firefly_luciferase,CCCCCCCC/C=C\CCCCCCCC1(N(C(N=C1)C(=O)OCC)CCCN2CCCC2)CCCCCCC/C=C\CCCCCCCC,CCCCCCCC/C=C\CCCCCCCC(=O)OC[C@H](COP(=O)(O)OCCN)OC(=O)CCCCCCC/C=C\CCCCCCCC,C[C@H](CCCC(C)C)[C@H]1CC[C@@H]2[C@@]1(CC[C@H]3[C@H]2CC=C4[C@@]3(CC[C@@H](C4)O)C)C,CCCCCCCCCCCCCCOC(=O)CCOCCOCCOCCOCCOCCOCCOCCOCCOCCOCCOCCOCCOCCOCCOCCOCCOCCOCCOCCOCCOCCOCCOCCOCCOCCOCCOCCOCCOCCOCCOCCOCCOCCOCCOCCOCCOCCOCCOCCOCCOCCOCCOCCOCCOCCOCCOCCOCCOCCOCCOCCOCCOCCOCCOCCOCCOCCOCCOCCOCCOCCOCCOCCOCCOCCOCCOCCOCCOCCOCCOCCOCCOCCOCCOCCOCCOCCOCCOCCOCCOCCOCCOCCOCCOCCOCCOCCOCCOCCO,110.6,,,0.1,,,50.4,,,,,,wt/wt,15.0,lipid:mRNA,"synthesis_method: Microfluidic; device_used: microfluidic chip device; total_flow_rate_ml_min: ; flow_rate_ratio: 3:1 (ethanol:aqueous); aqueous_phase_composition: 10mM citrate buffer (pH 3.0); organic_phase_composition: ethanol; mixing_time_sec: ; temperature_condition: room temperature; post_processing: dialysis against 1X PBS; sterilization: ; storage_buffer: 1X PBS, stored at 4¡ÆC",animal_model: C57BL/6 mice; administration_route: intramuscular; gene_expression_result: 3.15E+07 RLU (in vivo i.m.),31500000.0,absolute,0.7674418604651163,https://doi.org/10.1038/s41587-019-0247-3,Delivery of mRNA vaccines with heterocyclic lipids increases anti-tumor efficacy by STING-mediated immune cell activation,"['Lei Miao', 'Linxian Li', 'Yuxuan Huang', 'Derfogail Delcassian', 'Jasdave Chahal', 'Jinsong Han', 'Yunhua Shi', 'Kaitlyn Sadtler', 'Wenting Gao', 'Jiaqi Lin', 'Joshua C. Doloff', 'Robert Langer', 'Daniel G. Anderson']",Nature Biotechnology,2019.0,A2-Iso5-2DC18,DOPE,cholesterol,C14-PEG2000
985,A2-Iso5-2DC18,DOPE,cholesterol,C14-PEG2000,35:2.5:37.5:25,mRNA,firefly_luciferase,CCCCCCCC/C=C\CCCCCCCC1(N(C(N=C1)C(=O)OCC)CCCN2CCCC2)CCCCCCC/C=C\CCCCCCCC,CCCCCCCC/C=C\CCCCCCCC(=O)OC[C@H](COP(=O)(O)OCCN)OC(=O)CCCCCCC/C=C\CCCCCCCC,C[C@H](CCCC(C)C)[C@H]1CC[C@@H]2[C@@]1(CC[C@H]3[C@H]2CC=C4[C@@]3(CC[C@@H](C4)O)C)C,CCCCCCCCCCCCCCOC(=O)CCOCCOCCOCCOCCOCCOCCOCCOCCOCCOCCOCCOCCOCCOCCOCCOCCOCCOCCOCCOCCOCCOCCOCCOCCOCCOCCOCCOCCOCCOCCOCCOCCOCCOCCOCCOCCOCCOCCOCCOCCOCCOCCOCCOCCOCCOCCOCCOCCOCCOCCOCCOCCOCCOCCOCCOCCOCCOCCOCCOCCOCCOCCOCCOCCOCCOCCOCCOCCOCCOCCOCCOCCOCCOCCOCCOCCOCCOCCOCCOCCOCCOCCOCCOCCOCCOCCOCCOCCOCCO,105.5,,,0.2,,,60.3,,,,,,wt/wt,10.0,lipid:mRNA,"synthesis_method: Microfluidic; device_used: microfluidic chip device; total_flow_rate_ml_min: ; flow_rate_ratio: 3:1 (ethanol:aqueous); aqueous_phase_composition: 10mM citrate buffer (pH 3.0); organic_phase_composition: ethanol; mixing_time_sec: ; temperature_condition: room temperature; post_processing: dialysis against 1X PBS; sterilization: ; storage_buffer: 1X PBS, stored at 4¡ÆC",animal_model: C57BL/6 mice; administration_route: intramuscular; gene_expression_result: 3.13E+07 RLU (in vivo i.m.),31300000.0,absolute,0.7441860465116279,https://doi.org/10.1038/s41587-019-0247-3,Delivery of mRNA vaccines with heterocyclic lipids increases anti-tumor efficacy by STING-mediated immune cell activation,"['Lei Miao', 'Linxian Li', 'Yuxuan Huang', 'Derfogail Delcassian', 'Jasdave Chahal', 'Jinsong Han', 'Yunhua Shi', 'Kaitlyn Sadtler', 'Wenting Gao', 'Jiaqi Lin', 'Joshua C. Doloff', 'Robert Langer', 'Daniel G. Anderson']",Nature Biotechnology,2019.0,A2-Iso5-2DC18,DOPE,cholesterol,C14-PEG2000
986,A2-Iso5-2DC18,DOPE,cholesterol,C14-PEG2000,35:2.5:34.5:28,mRNA,firefly_luciferase,CCCCCCCC/C=C\CCCCCCCC1(N(C(N=C1)C(=O)OCC)CCCN2CCCC2)CCCCCCC/C=C\CCCCCCCC,CCCCCCCC/C=C\CCCCCCCC(=O)OC[C@H](COP(=O)(O)OCCN)OC(=O)CCCCCCC/C=C\CCCCCCCC,C[C@H](CCCC(C)C)[C@H]1CC[C@@H]2[C@@]1(CC[C@H]3[C@H]2CC=C4[C@@]3(CC[C@@H](C4)O)C)C,CCCCCCCCCCCCCCOC(=O)CCOCCOCCOCCOCCOCCOCCOCCOCCOCCOCCOCCOCCOCCOCCOCCOCCOCCOCCOCCOCCOCCOCCOCCOCCOCCOCCOCCOCCOCCOCCOCCOCCOCCOCCOCCOCCOCCOCCOCCOCCOCCOCCOCCOCCOCCOCCOCCOCCOCCOCCOCCOCCOCCOCCOCCOCCOCCOCCOCCOCCOCCOCCOCCOCCOCCOCCOCCOCCOCCOCCOCCOCCOCCOCCOCCOCCOCCOCCOCCOCCOCCOCCOCCOCCOCCOCCOCCOCCOCCO,108.6,,,0.2,,,45.5,,,,,,wt/wt,10.0,lipid:mRNA,"synthesis_method: Microfluidic; device_used: microfluidic chip device; total_flow_rate_ml_min: ; flow_rate_ratio: 3:1 (ethanol:aqueous); aqueous_phase_composition: 10mM citrate buffer (pH 3.0); organic_phase_composition: ethanol; mixing_time_sec: ; temperature_condition: room temperature; post_processing: dialysis against 1X PBS; sterilization: ; storage_buffer: 1X PBS, stored at 4¡ÆC",animal_model: C57BL/6 mice; administration_route: intramuscular; gene_expression_result: 2.58E+07 RLU (in vivo i.m.),25800000.0,absolute,0.627906976744186,https://doi.org/10.1038/s41587-019-0247-3,Delivery of mRNA vaccines with heterocyclic lipids increases anti-tumor efficacy by STING-mediated immune cell activation,"['Lei Miao', 'Linxian Li', 'Yuxuan Huang', 'Derfogail Delcassian', 'Jasdave Chahal', 'Jinsong Han', 'Yunhua Shi', 'Kaitlyn Sadtler', 'Wenting Gao', 'Jiaqi Lin', 'Joshua C. Doloff', 'Robert Langer', 'Daniel G. Anderson']",Nature Biotechnology,2019.0,A2-Iso5-2DC18,DOPE,cholesterol,C14-PEG2000
987,A2-Iso5-2DC18,DOPE,cholesterol,C14-PEG2000,35:2.5:42.5:20,mRNA,firefly_luciferase,CCCCCCCC/C=C\CCCCCCCC1(N(C(N=C1)C(=O)OCC)CCCN2CCCC2)CCCCCCC/C=C\CCCCCCCC,CCCCCCCC/C=C\CCCCCCCC(=O)OC[C@H](COP(=O)(O)OCCN)OC(=O)CCCCCCC/C=C\CCCCCCCC,C[C@H](CCCC(C)C)[C@H]1CC[C@@H]2[C@@]1(CC[C@H]3[C@H]2CC=C4[C@@]3(CC[C@@H](C4)O)C)C,CCCCCCCCCCCCCCOC(=O)CCOCCOCCOCCOCCOCCOCCOCCOCCOCCOCCOCCOCCOCCOCCOCCOCCOCCOCCOCCOCCOCCOCCOCCOCCOCCOCCOCCOCCOCCOCCOCCOCCOCCOCCOCCOCCOCCOCCOCCOCCOCCOCCOCCOCCOCCOCCOCCOCCOCCOCCOCCOCCOCCOCCOCCOCCOCCOCCOCCOCCOCCOCCOCCOCCOCCOCCOCCOCCOCCOCCOCCOCCOCCOCCOCCOCCOCCOCCOCCOCCOCCOCCOCCOCCOCCOCCOCCOCCOCCO,112.5,,,0.1,,,54.5,,,,,,wt/wt,10.0,lipid:mRNA,"synthesis_method: Microfluidic; device_used: microfluidic chip device; total_flow_rate_ml_min: ; flow_rate_ratio: 3:1 (ethanol:aqueous); aqueous_phase_composition: 10mM citrate buffer (pH 3.0); organic_phase_composition: ethanol; mixing_time_sec: ; temperature_condition: room temperature; post_processing: dialysis against 1X PBS; sterilization: ; storage_buffer: 1X PBS, stored at 4¡ÆC",animal_model: C57BL/6 mice; administration_route: intramuscular; gene_expression_result: 2.67E+07 RLU (in vivo i.m.),26700000.0,absolute,0.6511627906976745,https://doi.org/10.1038/s41587-019-0247-3,Delivery of mRNA vaccines with heterocyclic lipids increases anti-tumor efficacy by STING-mediated immune cell activation,"['Lei Miao', 'Linxian Li', 'Yuxuan Huang', 'Derfogail Delcassian', 'Jasdave Chahal', 'Jinsong Han', 'Yunhua Shi', 'Kaitlyn Sadtler', 'Wenting Gao', 'Jiaqi Lin', 'Joshua C. Doloff', 'Robert Langer', 'Daniel G. Anderson']",Nature Biotechnology,2019.0,A2-Iso5-2DC18,DOPE,cholesterol,C14-PEG2000
988,A2-Iso5-2DC18,DOPE,cholesterol,C14-PEG2000,50:2.5:37.5:10,mRNA,firefly_luciferase,CCCCCCCC/C=C\CCCCCCCC1(N(C(N=C1)C(=O)OCC)CCCN2CCCC2)CCCCCCC/C=C\CCCCCCCC,CCCCCCCC/C=C\CCCCCCCC(=O)OC[C@H](COP(=O)(O)OCCN)OC(=O)CCCCCCC/C=C\CCCCCCCC,C[C@H](CCCC(C)C)[C@H]1CC[C@@H]2[C@@]1(CC[C@H]3[C@H]2CC=C4[C@@]3(CC[C@@H](C4)O)C)C,CCCCCCCCCCCCCCOC(=O)CCOCCOCCOCCOCCOCCOCCOCCOCCOCCOCCOCCOCCOCCOCCOCCOCCOCCOCCOCCOCCOCCOCCOCCOCCOCCOCCOCCOCCOCCOCCOCCOCCOCCOCCOCCOCCOCCOCCOCCOCCOCCOCCOCCOCCOCCOCCOCCOCCOCCOCCOCCOCCOCCOCCOCCOCCOCCOCCOCCOCCOCCOCCOCCOCCOCCOCCOCCOCCOCCOCCOCCOCCOCCOCCOCCOCCOCCOCCOCCOCCOCCOCCOCCOCCOCCOCCOCCOCCOCCO,94.8,,,0.1,,,75.5,,,,,,wt/wt,10.0,lipid:mRNA,"synthesis_method: Microfluidic; device_used: microfluidic chip device; total_flow_rate_ml_min: ; flow_rate_ratio: 3:1 (ethanol:aqueous); aqueous_phase_composition: 10mM citrate buffer (pH 3.0); organic_phase_composition: ethanol; mixing_time_sec: ; temperature_condition: room temperature; post_processing: dialysis against 1X PBS; sterilization: ; storage_buffer: 1X PBS, stored at 4¡ÆC",animal_model: C57BL/6 mice; administration_route: intramuscular; gene_expression_result: 7.70E+06 RLU (in vivo i.m.),7700000.0,absolute,0.36046511627906974,https://doi.org/10.1038/s41587-019-0247-3,Delivery of mRNA vaccines with heterocyclic lipids increases anti-tumor efficacy by STING-mediated immune cell activation,"['Lei Miao', 'Linxian Li', 'Yuxuan Huang', 'Derfogail Delcassian', 'Jasdave Chahal', 'Jinsong Han', 'Yunhua Shi', 'Kaitlyn Sadtler', 'Wenting Gao', 'Jiaqi Lin', 'Joshua C. Doloff', 'Robert Langer', 'Daniel G. Anderson']",Nature Biotechnology,2019.0,A2-Iso5-2DC18,DOPE,cholesterol,C14-PEG2000
989,A2-Iso5-2DC18,DOPE,cholesterol,C14-PEG2000,45:2.5:36.5:16,mRNA,firefly_luciferase,CCCCCCCC/C=C\CCCCCCCC1(N(C(N=C1)C(=O)OCC)CCCN2CCCC2)CCCCCCC/C=C\CCCCCCCC,CCCCCCCC/C=C\CCCCCCCC(=O)OC[C@H](COP(=O)(O)OCCN)OC(=O)CCCCCCC/C=C\CCCCCCCC,C[C@H](CCCC(C)C)[C@H]1CC[C@@H]2[C@@]1(CC[C@H]3[C@H]2CC=C4[C@@]3(CC[C@@H](C4)O)C)C,CCCCCCCCCCCCCCOC(=O)CCOCCOCCOCCOCCOCCOCCOCCOCCOCCOCCOCCOCCOCCOCCOCCOCCOCCOCCOCCOCCOCCOCCOCCOCCOCCOCCOCCOCCOCCOCCOCCOCCOCCOCCOCCOCCOCCOCCOCCOCCOCCOCCOCCOCCOCCOCCOCCOCCOCCOCCOCCOCCOCCOCCOCCOCCOCCOCCOCCOCCOCCOCCOCCOCCOCCOCCOCCOCCOCCOCCOCCOCCOCCOCCOCCOCCOCCOCCOCCOCCOCCOCCOCCOCCOCCOCCOCCOCCOCCO,115.6,,,0.2,,,76.5,,,,,,wt/wt,10.0,lipid:mRNA,"synthesis_method: Microfluidic; device_used: microfluidic chip device; total_flow_rate_ml_min: ; flow_rate_ratio: 3:1 (ethanol:aqueous); aqueous_phase_composition: 10mM citrate buffer (pH 3.0); organic_phase_composition: ethanol; mixing_time_sec: ; temperature_condition: room temperature; post_processing: dialysis against 1X PBS; sterilization: ; storage_buffer: 1X PBS, stored at 4¡ÆC",animal_model: C57BL/6 mice; administration_route: intramuscular; gene_expression_result: 1.96E+07 RLU (in vivo i.m.),19600000.0,absolute,0.5116279069767442,https://doi.org/10.1038/s41587-019-0247-3,Delivery of mRNA vaccines with heterocyclic lipids increases anti-tumor efficacy by STING-mediated immune cell activation,"['Lei Miao', 'Linxian Li', 'Yuxuan Huang', 'Derfogail Delcassian', 'Jasdave Chahal', 'Jinsong Han', 'Yunhua Shi', 'Kaitlyn Sadtler', 'Wenting Gao', 'Jiaqi Lin', 'Joshua C. Doloff', 'Robert Langer', 'Daniel G. Anderson']",Nature Biotechnology,2019.0,A2-Iso5-2DC18,DOPE,cholesterol,C14-PEG2000
990,A2-Iso5-2DC18,DOPE,cholesterol,C14-PEG2000,45:2.5:42.5:10,mRNA,firefly_luciferase,CCCCCCCC/C=C\CCCCCCCC1(N(C(N=C1)C(=O)OCC)CCCN2CCCC2)CCCCCCC/C=C\CCCCCCCC,CCCCCCCC/C=C\CCCCCCCC(=O)OC[C@H](COP(=O)(O)OCCN)OC(=O)CCCCCCC/C=C\CCCCCCCC,C[C@H](CCCC(C)C)[C@H]1CC[C@@H]2[C@@]1(CC[C@H]3[C@H]2CC=C4[C@@]3(CC[C@@H](C4)O)C)C,CCCCCCCCCCCCCCOC(=O)CCOCCOCCOCCOCCOCCOCCOCCOCCOCCOCCOCCOCCOCCOCCOCCOCCOCCOCCOCCOCCOCCOCCOCCOCCOCCOCCOCCOCCOCCOCCOCCOCCOCCOCCOCCOCCOCCOCCOCCOCCOCCOCCOCCOCCOCCOCCOCCOCCOCCOCCOCCOCCOCCOCCOCCOCCOCCOCCOCCOCCOCCOCCOCCOCCOCCOCCOCCOCCOCCOCCOCCOCCOCCOCCOCCOCCOCCOCCOCCOCCOCCOCCOCCOCCOCCOCCOCCOCCOCCO,87.6,,,0.2,,,45.5,,,,,,wt/wt,10.0,lipid:mRNA,"synthesis_method: Microfluidic; device_used: microfluidic chip device; total_flow_rate_ml_min: ; flow_rate_ratio: 3:1 (ethanol:aqueous); aqueous_phase_composition: 10mM citrate buffer (pH 3.0); organic_phase_composition: ethanol; mixing_time_sec: ; temperature_condition: room temperature; post_processing: dialysis against 1X PBS; sterilization: ; storage_buffer: 1X PBS, stored at 4¡ÆC",animal_model: C57BL/6 mice; administration_route: intramuscular; gene_expression_result: 6.0E+07 RLU (in vivo i.m.),60000000.0,absolute,0.9883720930232558,https://doi.org/10.1038/s41587-019-0247-3,Delivery of mRNA vaccines with heterocyclic lipids increases anti-tumor efficacy by STING-mediated immune cell activation,"['Lei Miao', 'Linxian Li', 'Yuxuan Huang', 'Derfogail Delcassian', 'Jasdave Chahal', 'Jinsong Han', 'Yunhua Shi', 'Kaitlyn Sadtler', 'Wenting Gao', 'Jiaqi Lin', 'Joshua C. Doloff', 'Robert Langer', 'Daniel G. Anderson']",Nature Biotechnology,2019.0,A2-Iso5-2DC18,DOPE,cholesterol,C14-PEG2000
991,A2-Iso5-2DC18,DOPE,cholesterol,C14-PEG2000,35:1.5:47.5:16,mRNA,firefly_luciferase,CCCCCCCC/C=C\CCCCCCCC1(N(C(N=C1)C(=O)OCC)CCCN2CCCC2)CCCCCCC/C=C\CCCCCCCC,CCCCCCCC/C=C\CCCCCCCC(=O)OC[C@H](COP(=O)(O)OCCN)OC(=O)CCCCCCC/C=C\CCCCCCCC,C[C@H](CCCC(C)C)[C@H]1CC[C@@H]2[C@@]1(CC[C@H]3[C@H]2CC=C4[C@@]3(CC[C@@H](C4)O)C)C,CCCCCCCCCCCCCCOC(=O)CCOCCOCCOCCOCCOCCOCCOCCOCCOCCOCCOCCOCCOCCOCCOCCOCCOCCOCCOCCOCCOCCOCCOCCOCCOCCOCCOCCOCCOCCOCCOCCOCCOCCOCCOCCOCCOCCOCCOCCOCCOCCOCCOCCOCCOCCOCCOCCOCCOCCOCCOCCOCCOCCOCCOCCOCCOCCOCCOCCOCCOCCOCCOCCOCCOCCOCCOCCOCCOCCOCCOCCOCCOCCOCCOCCOCCOCCOCCOCCOCCOCCOCCOCCOCCOCCOCCOCCOCCOCCO,140.6,,,0.1,,,55.5,,,,,,wt/wt,10.0,lipid:mRNA,"synthesis_method: Microfluidic; device_used: microfluidic chip device; total_flow_rate_ml_min: ; flow_rate_ratio: 3:1 (ethanol:aqueous); aqueous_phase_composition: 10mM citrate buffer (pH 3.0); organic_phase_composition: ethanol; mixing_time_sec: ; temperature_condition: room temperature; post_processing: dialysis against 1X PBS; sterilization: ; storage_buffer: 1X PBS, stored at 4¡ÆC",animal_model: C57BL/6 mice; administration_route: intramuscular; gene_expression_result: 3.04E+07 RLU (in vivo i.m.),30400000.0,absolute,0.6976744186046512,https://doi.org/10.1038/s41587-019-0247-3,Delivery of mRNA vaccines with heterocyclic lipids increases anti-tumor efficacy by STING-mediated immune cell activation,"['Lei Miao', 'Linxian Li', 'Yuxuan Huang', 'Derfogail Delcassian', 'Jasdave Chahal', 'Jinsong Han', 'Yunhua Shi', 'Kaitlyn Sadtler', 'Wenting Gao', 'Jiaqi Lin', 'Joshua C. Doloff', 'Robert Langer', 'Daniel G. Anderson']",Nature Biotechnology,2019.0,A2-Iso5-2DC18,DOPE,cholesterol,C14-PEG2000
992,A2-Iso5-2DC18,DOPE,cholesterol,C14-PEG2000,35:2.8:46.2:16,mRNA,firefly_luciferase,CCCCCCCC/C=C\CCCCCCCC1(N(C(N=C1)C(=O)OCC)CCCN2CCCC2)CCCCCCC/C=C\CCCCCCCC,CCCCCCCC/C=C\CCCCCCCC(=O)OC[C@H](COP(=O)(O)OCCN)OC(=O)CCCCCCC/C=C\CCCCCCCC,C[C@H](CCCC(C)C)[C@H]1CC[C@@H]2[C@@]1(CC[C@H]3[C@H]2CC=C4[C@@]3(CC[C@@H](C4)O)C)C,CCCCCCCCCCCCCCOC(=O)CCOCCOCCOCCOCCOCCOCCOCCOCCOCCOCCOCCOCCOCCOCCOCCOCCOCCOCCOCCOCCOCCOCCOCCOCCOCCOCCOCCOCCOCCOCCOCCOCCOCCOCCOCCOCCOCCOCCOCCOCCOCCOCCOCCOCCOCCOCCOCCOCCOCCOCCOCCOCCOCCOCCOCCOCCOCCOCCOCCOCCOCCOCCOCCOCCOCCOCCOCCOCCOCCOCCOCCOCCOCCOCCOCCOCCOCCOCCOCCOCCOCCOCCOCCOCCOCCOCCOCCOCCOCCO,88.6,,,0.2,,,65.6,,,,,,wt/wt,10.0,lipid:mRNA,"synthesis_method: Microfluidic; device_used: microfluidic chip device; total_flow_rate_ml_min: ; flow_rate_ratio: 3:1 (ethanol:aqueous); aqueous_phase_composition: 10mM citrate buffer (pH 3.0); organic_phase_composition: ethanol; mixing_time_sec: ; temperature_condition: room temperature; post_processing: dialysis against 1X PBS; sterilization: ; storage_buffer: 1X PBS, stored at 4¡ÆC",animal_model: C57BL/6 mice; administration_route: intramuscular; gene_expression_result: 4.91E+07 RLU (in vivo i.m.),49100000.0,absolute,0.8837209302325582,https://doi.org/10.1038/s41587-019-0247-3,Delivery of mRNA vaccines with heterocyclic lipids increases anti-tumor efficacy by STING-mediated immune cell activation,"['Lei Miao', 'Linxian Li', 'Yuxuan Huang', 'Derfogail Delcassian', 'Jasdave Chahal', 'Jinsong Han', 'Yunhua Shi', 'Kaitlyn Sadtler', 'Wenting Gao', 'Jiaqi Lin', 'Joshua C. Doloff', 'Robert Langer', 'Daniel G. Anderson']",Nature Biotechnology,2019.0,A2-Iso5-2DC18,DOPE,cholesterol,C14-PEG2000
1005,Custom lipid,DOPE,cholesterol,C14-PEG2000,35:16:46.5:2.5 (ionizable_lipid:cholesterol:DOPE:C14-mPEG2000),mRNA,firefly_luciferase,CCCCCCOC(=O)CCN(CCCN(C)CCCN(CCC(=O)OCCCCCC)CCC(=O)OCCCCCC)CCC(=O)OCCCCCC,CCCCCCCC/C=C\CCCCCCCC(=O)OC[C@H](COP(=O)(O)OCCN)OC(=O)CCCCCCC/C=C\CCCCCCCC,C[C@H](CCCC(C)C)[C@H]1CC[C@@H]2[C@@]1(CC[C@H]3[C@H]2CC=C4[C@@]3(CC[C@@H](C4)O)C)C,CCCCCCCCCCCCCCOC(=O)CCOCCOCCOCCOCCOCCOCCOCCOCCOCCOCCOCCOCCOCCOCCOCCOCCOCCOCCOCCOCCOCCOCCOCCOCCOCCOCCOCCOCCOCCOCCOCCOCCOCCOCCOCCOCCOCCOCCOCCOCCOCCOCCOCCOCCOCCOCCOCCOCCOCCOCCOCCOCCOCCOCCOCCOCCOCCOCCOCCOCCOCCOCCOCCOCCOCCOCCOCCOCCOCCOCCOCCOCCOCCOCCOCCOCCOCCOCCOCCOCCOCCOCCOCCOCCOCCOCCOCCOCCOCCO,149.2,,,0.106,,,31.1,,,,,,wt/wt,10.0,lipidoid:mRNA,"synthesis_method: nanoprecipitation; device_used: ; total_flow_rate_ml_min: ; flow_rate_ratio: 1:1 (lipid solution:mRNA solution); aqueous_phase_composition: 10 mM sodium citrate buffer; organic_phase_composition: 90% ethanol and 10% 10 mM sodium citrate (by volume); mixing_time_sec: ; temperature_condition: ; post_processing: dialysis against PBS for 60-90 minutes in 3,500 molecular weight cut-off cassettes; sterilization: ; storage_buffer: PBS","cell_line: HeLa; animal_model: female C57BL/6 mice; administration_route: IV (tail vein injection); dose: 0.75 mg/kg mRNA; gene_expression_result: minimal luciferase expression; biodistribution_result: liver, spleen, kidneys, lungs (similar to other LNPs)",,,,10.1002/smll.201805097,Branched-Tail Lipid Nanoparticles Potently Deliver mRNA In Vivo due to Enhanced Ionization at Endosomal pH,"['Khalid A. Hajj', 'Rebecca L. Ball', 'Sarah B. Deluty', 'Shridhar R. Singh', 'Daria Strelkova', 'Christopher M. Knapp', 'Kathryn A. Whitehead']",Small,2019.0,"306O6 (3,3'-diamino-N-methyldipropylamine + hexyl acrylate)","DOPE (1,2-dioleoyl-sn-glycero-3-phosphoethanolamine)",cholesterol,C14-mPEG2000
1006,Custom lipid,DOPE,cholesterol,C14-PEG2000,35:16:46.5:2.5,mRNA,firefly_luciferase,CCCCCCCCOC(=O)CCN(CCCN(N)CCCN(CCC(=O)OCCCCCCCC)CCC(=O)OCCCCCCCC)CCC(=O)OCCCCCCCC,CCCCCCCC/C=C\CCCCCCCC(=O)OC[C@H](COP(=O)(O)OCCN)OC(=O)CCCCCCC/C=C\CCCCCCCC,C[C@H](CCCC(C)C)[C@H]1CC[C@@H]2[C@@]1(CC[C@H]3[C@H]2CC=C4[C@@]3(CC[C@@H](C4)O)C)C,CCCCCCCCCCCCCCOC(=O)CCOCCOCCOCCOCCOCCOCCOCCOCCOCCOCCOCCOCCOCCOCCOCCOCCOCCOCCOCCOCCOCCOCCOCCOCCOCCOCCOCCOCCOCCOCCOCCOCCOCCOCCOCCOCCOCCOCCOCCOCCOCCOCCOCCOCCOCCOCCOCCOCCOCCOCCOCCOCCOCCOCCOCCOCCOCCOCCOCCOCCOCCOCCOCCOCCOCCOCCOCCOCCOCCOCCOCCOCCOCCOCCOCCOCCOCCOCCOCCOCCOCCOCCOCCOCCOCCOCCOCCOCCOCCO,161.6,,,0.129,,,89.7,,,,,,wt/wt,10.0,lipidoid:mRNA,synthesis_method: nanoprecipitation; device_used: ; total_flow_rate_ml_min: ; flow_rate_ratio: 1:1; aqueous_phase_composition: 10 mM sodium citrate buffer; organic_phase_composition: 90% ethanol and 10% 10 mM sodium citrate; mixing_time_sec: ; temperature_condition: ; post_processing: dialysis against PBS for 60-90 minutes; sterilization: ; storage_buffer: PBS,"cell_line: HeLa; animal_model: female C57BL/6 mice; administration_route: IV; dose: 0.75 mg/kg mRNA; gene_expression_result: modest luciferase expression; biodistribution_result: liver, spleen, kidneys, lungs",,,,10.1002/smll.201805097,Branched-Tail Lipid Nanoparticles Potently Deliver mRNA In Vivo due to Enhanced Ionization at Endosomal pH,"['Khalid A. Hajj', 'Rebecca L. Ball', 'Sarah B. Deluty', 'Shridhar R. Singh', 'Daria Strelkova', 'Christopher M. Knapp', 'Kathryn A. Whitehead']",Small,2019.0,"306O8 (3,3'-diamino-N-methyldipropylamine + octyl acrylate)",DOPE,cholesterol,C14-mPEG2000
1007,Custom lipid,DOPE,cholesterol,C14-PEG2000,35:16:46.5:2.5,mRNA,firefly_luciferase,CCCCCCCCC(OC(=O)CCN(CCCN(C)CCCN(CCC(=O)OCCCCCCCCC)CCC(=O)OCCCCCCCCC)CCC(=O)OCCCCCCCCC),CCCCCCCC/C=C\CCCCCCCC(=O)OC[C@H](COP(=O)(O)OCCN)OC(=O)CCCCCCC/C=C\CCCCCCCC,C[C@H](CCCC(C)C)[C@H]1CC[C@@H]2[C@@]1(CC[C@H]3[C@H]2CC=C4[C@@]3(CC[C@@H](C4)O)C)C,CCCCCCCCCCCCCCOC(=O)CCOCCOCCOCCOCCOCCOCCOCCOCCOCCOCCOCCOCCOCCOCCOCCOCCOCCOCCOCCOCCOCCOCCOCCOCCOCCOCCOCCOCCOCCOCCOCCOCCOCCOCCOCCOCCOCCOCCOCCOCCOCCOCCOCCOCCOCCOCCOCCOCCOCCOCCOCCOCCOCCOCCOCCOCCOCCOCCOCCOCCOCCOCCOCCOCCOCCOCCOCCOCCOCCOCCOCCOCCOCCOCCOCCOCCOCCOCCOCCOCCOCCOCCOCCOCCOCCOCCOCCOCCOCCO,166.6,,,0.135,,,93.6,,,,,,wt/wt,10.0,lipidoid:mRNA,synthesis_method: nanoprecipitation; device_used: ; total_flow_rate_ml_min: ; flow_rate_ratio: 1:1; aqueous_phase_composition: 10 mM sodium citrate buffer; organic_phase_composition: 90% ethanol and 10% 10 mM sodium citrate; mixing_time_sec: ; temperature_condition: ; post_processing: dialysis against PBS for 60-90 minutes; sterilization: ; storage_buffer: PBS,"cell_line: HeLa; animal_model: female C57BL/6 mice; administration_route: IV; dose: 0.75 mg/kg mRNA; gene_expression_result: modest luciferase expression; biodistribution_result: liver, spleen, kidneys, lungs",,,,10.1002/smll.201805097,Branched-Tail Lipid Nanoparticles Potently Deliver mRNA In Vivo due to Enhanced Ionization at Endosomal pH,"['Khalid A. Hajj', 'Rebecca L. Ball', 'Sarah B. Deluty', 'Shridhar R. Singh', 'Daria Strelkova', 'Christopher M. Knapp', 'Kathryn A. Whitehead']",Small,2019.0,"306O9 (3,3'-diamino-N-methyldipropylamine + nonyl acrylate)",DOPE,cholesterol,C14-mPEG2000
1008,Custom lipid,DOPE,cholesterol,C14-PEG2000,35:16:46.5:2.5,mRNA,"firefly_luciferase, epo",CCCCCCCC(C)COC(=O)CCN(CCCN(C)CCCN(CCC(=O)OCC(C)CCCCCCCC)CCC(=O)OCC(C)CCCCCCCC)CCC(=O)OCC(C)CCCCCCCC,CCCCCCCC/C=C\CCCCCCCC(=O)OC[C@H](COP(=O)(O)OCCN)OC(=O)CCCCCCC/C=C\CCCCCCCC,C[C@H](CCCC(C)C)[C@H]1CC[C@@H]2[C@@]1(CC[C@H]3[C@H]2CC=C4[C@@]3(CC[C@@H](C4)O)C)C,CCCCCCCCCCCCCCOC(=O)CCOCCOCCOCCOCCOCCOCCOCCOCCOCCOCCOCCOCCOCCOCCOCCOCCOCCOCCOCCOCCOCCOCCOCCOCCOCCOCCOCCOCCOCCOCCOCCOCCOCCOCCOCCOCCOCCOCCOCCOCCOCCOCCOCCOCCOCCOCCOCCOCCOCCOCCOCCOCCOCCOCCOCCOCCOCCOCCOCCOCCOCCOCCOCCOCCOCCOCCOCCOCCOCCOCCOCCOCCOCCOCCOCCOCCOCCOCCOCCOCCOCCOCCOCCOCCOCCOCCOCCOCCOCCO,173.9,,,0.138,,,89.3,,,,,,wt/wt,10.0,lipidoid:mRNA,synthesis_method: nanoprecipitation; device_used: ; total_flow_rate_ml_min: ; flow_rate_ratio: 1:1; aqueous_phase_composition: 10 mM sodium citrate buffer; organic_phase_composition: 90% ethanol and 10% 10 mM sodium citrate; mixing_time_sec: ; temperature_condition: ; post_processing: dialysis against PBS for 60-90 minutes; sterilization: ; storage_buffer: PBS,"cell_line: HeLa; animal_model: female C57BL/6 mice; administration_route: IV; dose: 0.75 mg/kg mRNA (dose range tested: 0.25-1.5 mg/kg); gene_expression_result: tenfold more potent than 306O10; ~92% expression in liver; dose-dependent expression; biodistribution_result: liver, spleen, kidneys, lungs; predominantly liver accumulation",306.0,numeric,,10.1002/smll.201805097,Branched-Tail Lipid Nanoparticles Potently Deliver mRNA In Vivo due to Enhanced Ionization at Endosomal pH,"['Khalid A. Hajj', 'Rebecca L. Ball', 'Sarah B. Deluty', 'Shridhar R. Singh', 'Daria Strelkova', 'Christopher M. Knapp', 'Kathryn A. Whitehead']",Small,2019.0,"306Oi10 (3,3'-diamino-N-methyldipropylamine + branched decyl acrylate with one-carbon branch)",DOPE,cholesterol,C14-mPEG2000
1009,Custom lipid,DOPE,cholesterol,C14-PEG2000,35:16:46.5:2.5,mRNA,"firefly_luciferase, epo",CCCCCCCCCCOC(=O)CCN(CCCN(C)CCCN(CCC(=O)OCCCCCCCCCC)CCC(=O)OCCCCCCCCCC)CCC(=O)OCCCCCCCCCC,CCCCCCCC/C=C\CCCCCCCC(=O)OC[C@H](COP(=O)(O)OCCN)OC(=O)CCCCCCC/C=C\CCCCCCCC,C[C@H](CCCC(C)C)[C@H]1CC[C@@H]2[C@@]1(CC[C@H]3[C@H]2CC=C4[C@@]3(CC[C@@H](C4)O)C)C,CCCCCCCCCCCCCCOC(=O)CCOCCOCCOCCOCCOCCOCCOCCOCCOCCOCCOCCOCCOCCOCCOCCOCCOCCOCCOCCOCCOCCOCCOCCOCCOCCOCCOCCOCCOCCOCCOCCOCCOCCOCCOCCOCCOCCOCCOCCOCCOCCOCCOCCOCCOCCOCCOCCOCCOCCOCCOCCOCCOCCOCCOCCOCCOCCOCCOCCOCCOCCOCCOCCOCCOCCOCCOCCOCCOCCOCCOCCOCCOCCOCCOCCOCCOCCOCCOCCOCCOCCOCCOCCOCCOCCOCCOCCOCCOCCO,160.0,,,0.141,,,89.7,,,,,,wt/wt,10.0,lipidoid:mRNA,synthesis_method: nanoprecipitation; device_used: ; total_flow_rate_ml_min: ; flow_rate_ratio: 1:1; aqueous_phase_composition: 10 mM sodium citrate buffer; organic_phase_composition: 90% ethanol and 10% 10 mM sodium citrate; mixing_time_sec: ; temperature_condition: ; post_processing: dialysis against PBS for 60-90 minutes; sterilization: ; storage_buffer: PBS,"cell_line: HeLa; animal_model: female C57BL/6 mice; administration_route: IV; dose: 0.75 mg/kg mRNA (dose range tested: 0.25-1.5 mg/kg); gene_expression_result: potent luciferase delivery; ~63% spleen and ~34% liver expression; dose-dependent; biodistribution_result: liver, spleen, kidneys, lungs; higher spleen accumulation than 306Oi10",,,,10.1002/smll.201805097,Branched-Tail Lipid Nanoparticles Potently Deliver mRNA In Vivo due to Enhanced Ionization at Endosomal pH,"['Khalid A. Hajj', 'Rebecca L. Ball', 'Sarah B. Deluty', 'Shridhar R. Singh', 'Daria Strelkova', 'Christopher M. Knapp', 'Kathryn A. Whitehead']",Small,2019.0,"306O10 (3,3'-diamino-N-methyldipropylamine + straight decyl acrylate)",DOPE,cholesterol,C14-mPEG2000
1010,Custom lipid,DOPE,cholesterol,C14-PEG2000,35:16:46.5:2.5,mRNA,firefly_luciferase,CCCCCCCCCCCOC(=O)CCN(CCCN(C)CCCN(CCC(=O)OCCCCCCCCCCC)CCC(=O)OCCCCCCCCCCC)CCC(=O)OCCCCCCCCCCC,CCCCCCCC/C=C\CCCCCCCC(=O)OC[C@H](COP(=O)(O)OCCN)OC(=O)CCCCCCC/C=C\CCCCCCCC,C[C@H](CCCC(C)C)[C@H]1CC[C@@H]2[C@@]1(CC[C@H]3[C@H]2CC=C4[C@@]3(CC[C@@H](C4)O)C)C,CCCCCCCCCCCCCCOC(=O)CCOCCOCCOCCOCCOCCOCCOCCOCCOCCOCCOCCOCCOCCOCCOCCOCCOCCOCCOCCOCCOCCOCCOCCOCCOCCOCCOCCOCCOCCOCCOCCOCCOCCOCCOCCOCCOCCOCCOCCOCCOCCOCCOCCOCCOCCOCCOCCOCCOCCOCCOCCOCCOCCOCCOCCOCCOCCOCCOCCOCCOCCOCCOCCOCCOCCOCCOCCOCCOCCOCCOCCOCCOCCOCCOCCOCCOCCOCCOCCOCCOCCOCCOCCOCCOCCOCCOCCOCCOCCO,163.2,,,0.117,,,84.7,,,,,,wt/wt,10.0,lipidoid:mRNA,synthesis_method: nanoprecipitation; device_used: ; total_flow_rate_ml_min: ; flow_rate_ratio: 1:1; aqueous_phase_composition: 10 mM sodium citrate buffer; organic_phase_composition: 90% ethanol and 10% 10 mM sodium citrate; mixing_time_sec: ; temperature_condition: ; post_processing: dialysis against PBS for 60-90 minutes; sterilization: ; storage_buffer: PBS,"cell_line: HeLa; animal_model: female C57BL/6 mice; administration_route: IV; dose: 0.75 mg/kg mRNA; gene_expression_result: modest luciferase expression; biodistribution_result: liver, spleen, kidneys, lungs",,,,10.1002/smll.201805097,Branched-Tail Lipid Nanoparticles Potently Deliver mRNA In Vivo due to Enhanced Ionization at Endosomal pH,"['Khalid A. Hajj', 'Rebecca L. Ball', 'Sarah B. Deluty', 'Shridhar R. Singh', 'Daria Strelkova', 'Christopher M. Knapp', 'Kathryn A. Whitehead']",Small,2019.0,"306O11 (3,3'-diamino-N-methyldipropylamine + undecyl acrylate)",DOPE,cholesterol,C14-mPEG2000
1011,Custom lipid,DOPE,cholesterol,C14-PEG2000,35:16:46.5:2.5,mRNA,firefly_luciferase,CCCCCCCCCCCOC(=O)CCN(CCCN(C)CCCN(CCC(=O)OCCCCCCCCCCCC)CCC(=O)OCCCCCCCCCCCC)CCC(=O)OCCCCCCCCCCCC,CCCCCCCC/C=C\CCCCCCCC(=O)OC[C@H](COP(=O)(O)OCCN)OC(=O)CCCCCCC/C=C\CCCCCCCC,C[C@H](CCCC(C)C)[C@H]1CC[C@@H]2[C@@]1(CC[C@H]3[C@H]2CC=C4[C@@]3(CC[C@@H](C4)O)C)C,CCCCCCCCCCCCCCOC(=O)CCOCCOCCOCCOCCOCCOCCOCCOCCOCCOCCOCCOCCOCCOCCOCCOCCOCCOCCOCCOCCOCCOCCOCCOCCOCCOCCOCCOCCOCCOCCOCCOCCOCCOCCOCCOCCOCCOCCOCCOCCOCCOCCOCCOCCOCCOCCOCCOCCOCCOCCOCCOCCOCCOCCOCCOCCOCCOCCOCCOCCOCCOCCOCCOCCOCCOCCOCCOCCOCCOCCOCCOCCOCCOCCOCCOCCOCCOCCOCCOCCOCCOCCOCCOCCOCCOCCOCCOCCOCCO,138.9,,,0.19,,,88.1,,,,,,wt/wt,10.0,lipidoid:mRNA,synthesis_method: nanoprecipitation; device_used: ; total_flow_rate_ml_min: ; flow_rate_ratio: 1:1; aqueous_phase_composition: 10 mM sodium citrate buffer; organic_phase_composition: 90% ethanol and 10% 10 mM sodium citrate; mixing_time_sec: ; temperature_condition: ; post_processing: dialysis against PBS for 60-90 minutes; sterilization: ; storage_buffer: PBS,"cell_line: HeLa; animal_model: female C57BL/6 mice; administration_route: IV; dose: 0.75 mg/kg mRNA; gene_expression_result: modest luciferase expression; biodistribution_result: liver, spleen, kidneys, lungs",,,,10.1002/smll.201805097,Branched-Tail Lipid Nanoparticles Potently Deliver mRNA In Vivo due to Enhanced Ionization at Endosomal pH,"['Khalid A. Hajj', 'Rebecca L. Ball', 'Sarah B. Deluty', 'Shridhar R. Singh', 'Daria Strelkova', 'Christopher M. Knapp', 'Kathryn A. Whitehead']",Small,2019.0,"306O12 (3,3'-diamino-N-methyldipropylamine + dodecyl acrylate)",DOPE,cholesterol,C14-mPEG2000
1012,Custom lipid,DOPE,cholesterol,C14-PEG2000,35:16:46.5:2.5,mRNA,firefly_luciferase,CCCCCCCCCCCCCOC(=O)CCN(CCCN(C)CCCN(CCC(=O)OCCCCCCCCCCCCC)CCC(=O)OCCCCCCCCCCCCC)CCC(=O)OCCCCCCCCCCCCC,CCCCCCCC/C=C\CCCCCCCC(=O)OC[C@H](COP(=O)(O)OCCN)OC(=O)CCCCCCC/C=C\CCCCCCCC,C[C@H](CCCC(C)C)[C@H]1CC[C@@H]2[C@@]1(CC[C@H]3[C@H]2CC=C4[C@@]3(CC[C@@H](C4)O)C)C,CCCCCCCCCCCCCCOC(=O)CCOCCOCCOCCOCCOCCOCCOCCOCCOCCOCCOCCOCCOCCOCCOCCOCCOCCOCCOCCOCCOCCOCCOCCOCCOCCOCCOCCOCCOCCOCCOCCOCCOCCOCCOCCOCCOCCOCCOCCOCCOCCOCCOCCOCCOCCOCCOCCOCCOCCOCCOCCOCCOCCOCCOCCOCCOCCOCCOCCOCCOCCOCCOCCOCCOCCOCCOCCOCCOCCOCCOCCOCCOCCOCCOCCOCCOCCOCCOCCOCCOCCOCCOCCOCCOCCOCCOCCOCCOCCO,139.5,,,0.127,,,86.2,,,,,,wt/wt,10.0,lipidoid:mRNA,synthesis_method: nanoprecipitation; device_used: ; total_flow_rate_ml_min: ; flow_rate_ratio: 1:1; aqueous_phase_composition: 10 mM sodium citrate buffer; organic_phase_composition: 90% ethanol and 10% 10 mM sodium citrate; mixing_time_sec: ; temperature_condition: ; post_processing: dialysis against PBS for 60-90 minutes; sterilization: ; storage_buffer: PBS,"cell_line: HeLa; animal_model: female C57BL/6 mice; administration_route: IV; dose: 0.75 mg/kg mRNA; gene_expression_result: modest luciferase expression; biodistribution_result: liver, spleen, kidneys, lungs",,,,10.1002/smll.201805097,Branched-Tail Lipid Nanoparticles Potently Deliver mRNA In Vivo due to Enhanced Ionization at Endosomal pH,"['Khalid A. Hajj', 'Rebecca L. Ball', 'Sarah B. Deluty', 'Shridhar R. Singh', 'Daria Strelkova', 'Christopher M. Knapp', 'Kathryn A. Whitehead']",Small,2019.0,"306O13 (3,3'-diamino-N-methyldipropylamine + tridecyl acrylate)",DOPE,cholesterol,C14-mPEG2000
1013,Custom lipid,DOPE,cholesterol,C14-PEG2000,35:16:46.5:2.5,mRNA,firefly_luciferase,CCCCCCCCCCCCCCOC(=O)CCN(CCCN(C)CCCN(CCC(=O)OCCCCCCCCCCCCCC)CCC(=O)OCCCCCCCCCCCCCC)CCC(=O)OCCCCCCCCCCCCCC,CCCCCCCC/C=C\CCCCCCCC(=O)OC[C@H](COP(=O)(O)OCCN)OC(=O)CCCCCCC/C=C\CCCCCCCC,C[C@H](CCCC(C)C)[C@H]1CC[C@@H]2[C@@]1(CC[C@H]3[C@H]2CC=C4[C@@]3(CC[C@@H](C4)O)C)C,CCCCCCCCCCCCCCOC(=O)CCOCCOCCOCCOCCOCCOCCOCCOCCOCCOCCOCCOCCOCCOCCOCCOCCOCCOCCOCCOCCOCCOCCOCCOCCOCCOCCOCCOCCOCCOCCOCCOCCOCCOCCOCCOCCOCCOCCOCCOCCOCCOCCOCCOCCOCCOCCOCCOCCOCCOCCOCCOCCOCCOCCOCCOCCOCCOCCOCCOCCOCCOCCOCCOCCOCCOCCOCCOCCOCCOCCOCCOCCOCCOCCOCCOCCOCCOCCOCCOCCOCCOCCOCCOCCOCCOCCOCCOCCOCCO,118.5,,,0.216,,,82.1,,,,,,wt/wt,10.0,lipidoid:mRNA,synthesis_method: nanoprecipitation; device_used: ; total_flow_rate_ml_min: ; flow_rate_ratio: 1:1; aqueous_phase_composition: 10 mM sodium citrate buffer; organic_phase_composition: 90% ethanol and 10% 10 mM sodium citrate; mixing_time_sec: ; temperature_condition: ; post_processing: dialysis against PBS for 60-90 minutes; sterilization: ; storage_buffer: PBS,"cell_line: HeLa; animal_model: female C57BL/6 mice; administration_route: IV; dose: 0.75 mg/kg mRNA; gene_expression_result: modest luciferase expression; biodistribution_result: liver, spleen, kidneys, lungs",,,,10.1002/smll.201805097,Branched-Tail Lipid Nanoparticles Potently Deliver mRNA In Vivo due to Enhanced Ionization at Endosomal pH,"['Khalid A. Hajj', 'Rebecca L. Ball', 'Sarah B. Deluty', 'Shridhar R. Singh', 'Daria Strelkova', 'Christopher M. Knapp', 'Kathryn A. Whitehead']",Small,2019.0,"306O14 (3,3'-diamino-N-methyldipropylamine + tetradecyl acrylate)",DOPE,cholesterol,C14-mPEG2000
1014,Custom lipid,DOPE,cholesterol,C14-PEG2000,35:16:46.5:2.5,mRNA,firefly_luciferase,CCCCCCCCCCCCCCCCOC(=O)CCN(CCCN(C)CCCN(CCC(=O)OCCCCCCCCCCCCCCCC)CCC(=O)OCCCCCCCCCCCCCCCC)CCC(=O)OCCCCCCCCCCCCCCCC,CCCCCCCC/C=C\CCCCCCCC(=O)OC[C@H](COP(=O)(O)OCCN)OC(=O)CCCCCCC/C=C\CCCCCCCC,C[C@H](CCCC(C)C)[C@H]1CC[C@@H]2[C@@]1(CC[C@H]3[C@H]2CC=C4[C@@]3(CC[C@@H](C4)O)C)C,CCCCCCCCCCCCCCOC(=O)CCOCCOCCOCCOCCOCCOCCOCCOCCOCCOCCOCCOCCOCCOCCOCCOCCOCCOCCOCCOCCOCCOCCOCCOCCOCCOCCOCCOCCOCCOCCOCCOCCOCCOCCOCCOCCOCCOCCOCCOCCOCCOCCOCCOCCOCCOCCOCCOCCOCCOCCOCCOCCOCCOCCOCCOCCOCCOCCOCCOCCOCCOCCOCCOCCOCCOCCOCCOCCOCCOCCOCCOCCOCCOCCOCCOCCOCCOCCOCCOCCOCCOCCOCCOCCOCCOCCOCCOCCOCCO,180.7,,,0.17,,,69.0,,,,,,wt/wt,10.0,lipidoid:mRNA,synthesis_method: nanoprecipitation; device_used: ; total_flow_rate_ml_min: ; flow_rate_ratio: 1:1; aqueous_phase_composition: 10 mM sodium citrate buffer; organic_phase_composition: 90% ethanol and 10% 10 mM sodium citrate; mixing_time_sec: ; temperature_condition: ; post_processing: dialysis against PBS for 60-90 minutes; sterilization: ; storage_buffer: PBS,"cell_line: HeLa; animal_model: female C57BL/6 mice; administration_route: IV; dose: 0.75 mg/kg mRNA; gene_expression_result: modest luciferase expression; biodistribution_result: liver, spleen, kidneys, lungs",,,,10.1002/smll.201805097,Branched-Tail Lipid Nanoparticles Potently Deliver mRNA In Vivo due to Enhanced Ionization at Endosomal pH,"['Khalid A. Hajj', 'Rebecca L. Ball', 'Sarah B. Deluty', 'Shridhar R. Singh', 'Daria Strelkova', 'Christopher M. Knapp', 'Kathryn A. Whitehead']",Small,2019.0,"306O16 (3,3'-diamino-N-methyldipropylamine + hexadecyl acrylate)",DOPE,cholesterol,C14-mPEG2000
1015,Custom lipid,DOPE,cholesterol,C14-PEG2000,35:16:46.5:2.5,mRNA,firefly_luciferase,CCCCCCCCCCCCCCCCCCOC(=O)CCN(CCCN(C)CCCN(CCC(=O)OCCCCCCCCCCCCCCCCCC)CCC(=O)OCCCCCCCCCCCCCCCCCC)CCC(=O)OCCCCCCCCCCCCCCCCCC,CCCCCCCC/C=C\CCCCCCCC(=O)OC[C@H](COP(=O)(O)OCCN)OC(=O)CCCCCCC/C=C\CCCCCCCC,C[C@H](CCCC(C)C)[C@H]1CC[C@@H]2[C@@]1(CC[C@H]3[C@H]2CC=C4[C@@]3(CC[C@@H](C4)O)C)C,CCCCCCCCCCCCCCOC(=O)CCOCCOCCOCCOCCOCCOCCOCCOCCOCCOCCOCCOCCOCCOCCOCCOCCOCCOCCOCCOCCOCCOCCOCCOCCOCCOCCOCCOCCOCCOCCOCCOCCOCCOCCOCCOCCOCCOCCOCCOCCOCCOCCOCCOCCOCCOCCOCCOCCOCCOCCOCCOCCOCCOCCOCCOCCOCCOCCOCCOCCOCCOCCOCCOCCOCCOCCOCCOCCOCCOCCOCCOCCOCCOCCOCCOCCOCCOCCOCCOCCOCCOCCOCCOCCOCCOCCOCCOCCOCCO,190.7,,,0.324,,,64.4,,,,,,wt/wt,10.0,lipidoid:mRNA,synthesis_method: nanoprecipitation; device_used: ; total_flow_rate_ml_min: ; flow_rate_ratio: 1:1; aqueous_phase_composition: 10 mM sodium citrate buffer; organic_phase_composition: 90% ethanol and 10% 10 mM sodium citrate; mixing_time_sec: ; temperature_condition: ; post_processing: dialysis against PBS for 60-90 minutes; sterilization: ; storage_buffer: PBS,"cell_line: HeLa; animal_model: female C57BL/6 mice; administration_route: IV; dose: 0.75 mg/kg mRNA; gene_expression_result: modest luciferase expression; biodistribution_result: liver, spleen, kidneys, lungs",,,,10.1002/smll.201805097,Branched-Tail Lipid Nanoparticles Potently Deliver mRNA In Vivo due to Enhanced Ionization at Endosomal pH,"['Khalid A. Hajj', 'Rebecca L. Ball', 'Sarah B. Deluty', 'Shridhar R. Singh', 'Daria Strelkova', 'Christopher M. Knapp', 'Kathryn A. Whitehead']",Small,2019.0,"306O18 (3,3'-diamino-N-methyldipropylamine + octadecyl acrylate)",DOPE,cholesterol,C14-mPEG2000
1021,DLinDMA,DSPC,cholesterol,DMG-PEG2000,40:2:48:10,mRNA,luciferase,CCCCC/C=C\C/C=C\CCCCCCCCOCC(CN(C)C)OCCCCCCCC/C=C\C/C=C\CCCCC,CCCCCCCCCCCCCCCCCC(=O)OC[C@H](COP(=O)([O-])OCC[N+](C)(C)C)OC(=O)CCCCCCCCCCCCCCCCC,C[C@H](CCCC(C)C)[C@H]1CC[C@@H]2[C@@]1(CC[C@H]3[C@H]2CC=C4[C@@]3(CC[C@@H](C4)O)C)C,CCCCCCCCCCCCCC(=O)OCC(COP(=O)([O-])OCCOCCOCCOCCOCCOCCOCCOCCOCCOCCOCCOCCOCCOCCOCCOCCOCCOCCOCCOCCOCCOCCOCCOCCOCCOCCOCCOCCOCCOCCOCCOCCOCCOCCOCCOCCOCCOCCOCCOCCOCCOCCOCCOCCOCCOCCOCCOCCOCCOCCOCCOCCOCCOCCOCCOCCOCCOCCOCCOCCOCCOCCOCCOCCOCCOCCOCCOCCOCCOCCOCCOCCOCCOCCOCCOCCOCCOCCOCCOCCOCCOCCOCCOCCOCCOCCOCCOCCOCCOCCO)OC(=O)CCCCCCCCCCCCC,145.8,,,0.09,,,93.6,,,,,,N:P,8.0,,"synthesis_method: Ethanol dilution process; device_used: KDS-220 syringe pump with T-junction mixing; total_flow_rate_ml_min: ; flow_rate_ratio: 1:1:1; aqueous_phase_composition: 100 mM citrate buffer (pH 6); organic_phase_composition: ethanol; mixing_time_sec: ; temperature_condition: room temperature equilibration for 1 hour; post_processing: concentrated and dialyzed against 1¡¿ PBS using TFF with PES hollow fiber membranes (100-kDa cutoff, 20 cm©÷); sterilization: ; storage_buffer: 1¡¿ PBS","animal_model: BALB/c mice; administration_route: intramuscular (i.m.), bilateral injection; dose: 1 ¥ìg RNA; gene_expression_result: Bioluminescence imaging, measurable expression from day 3 to day 63, peak at day 7; biodistribution_result: Localized to injection site (muscle)",3.0,numeric,,10.1073/pnas.1209367109,Nonviral delivery of self-amplifying RNA vaccines,"['Andrew J. Geall', 'Ayush Verma', 'Gillis R. Otten', 'Christine A. Shaw', 'Armin Hekele', 'Kaustuv Banerjee', 'Yen Cu', 'Clayton W. Beard', 'Luis A. Brito', 'Thomas Krucker', ""Derek T. O'Hagan"", 'Manmohan Singh', 'Peter W. Mason', 'Nicholas M. Valiente', 'Philip R. Dormitzer', 'Susan W. Barnett', 'Rino Rappuoli', 'Jeffrey B. Ulmer', 'Christian W. Mandl']",PNAS,2012.0,DLinDMA,DSPC,cholesterol,PEG-DMG 2000
1030,7C1,DOPE,cholesterol,C14-PEG2000,60:10:2:28,mRNA,nanoluciferase,NCCN(CCNCC(O)CCCCCCCCCCCC)CCNCCN(CCNCCNCC(O)CCCCCCCCCCCC)CCN(CCN(CCN)CCNCC(O)CCCCCCCCCCCC)CCNCCN,CCCCCCCC/C=C\CCCCCCCC(=O)OC[C@H](COP(=O)(O)OCCN)OC(=O)CCCCCCC/C=C\CCCCCCCC,C[C@H](CCCC(C)C)[C@H]1CC[C@@H]2[C@@]1(CC[C@H]3[C@H]2CC=C4[C@@]3(CC[C@@H](C4)O)C)C,CCCCCCCCCCCCCCOC(=O)CCOCCOCCOCCOCCOCCOCCOCCOCCOCCOCCOCCOCCOCCOCCOCCOCCOCCOCCOCCOCCOCCOCCOCCOCCOCCOCCOCCOCCOCCOCCOCCOCCOCCOCCOCCOCCOCCOCCOCCOCCOCCOCCOCCOCCOCCOCCOCCOCCOCCOCCOCCOCCOCCOCCOCCOCCOCCOCCOCCOCCOCCOCCOCCOCCOCCOCCOCCOCCOCCOCCOCCOCCOCCOCCOCCOCCOCCOCCOCCOCCOCCOCCOCCOCCOCCOCCOCCOCCOCCO,243.1,,,,,,,,,,,,wt/wt,10.0,LNP:mRNA,synthesis_method: Microfluidic; device_used: Microfluidic device; total_flow_rate_ml_min: ; flow_rate_ratio: 3:1; aqueous_phase_composition: 10 mM citrate buffer; organic_phase_composition: 100% ethanol; mixing_time_sec: ; temperature_condition: ; post_processing: dialysis in 20 kD dialysis cassettes; sterilization: 0.22 ¥ìm filter (failed QC); storage_buffer: 1¡¿ PBS,animal_model: BALB/c mice; administration_route: nebulization; dose: 43 ¥ìg mRNA per mouse (pooled); gene_expression_result: Failed quality control - not tested in vivo,,,,10.1038/s41551-021-00786-x,Optimization of lipid nanoparticles for the delivery of nebulized therapeutic mRNA to the lungs,"['Melissa P. Lokugamage', 'Daryll Vanover', 'Jared Beyersdorf', 'Marine Z.C. Hatit', 'Lauren Rotolo', 'Elisa Schrader Echeverri', 'Hannah E. Peck', 'Huanzhen Ni', 'Jeong-Kee Yoon', 'YongTae Kim', 'Phillip J. Santangelo', 'James E. Dahlman']",Nature Biomedical Engineering,2021.0,7C1,DOPE,cholesterol,C14PEG2K
1032,7C1,DOPE,cholesterol,C14-PEG2000,60:5:30:5,mRNA,nanoluciferase,NCCN(CCNCC(O)CCCCCCCCCCCC)CCNCCN(CCNCCNCC(O)CCCCCCCCCCCC)CCN(CCN(CCN)CCNCC(O)CCCCCCCCCCCC)CCNCCN,CCCCCCCC/C=C\CCCCCCCC(=O)OC[C@H](COP(=O)(O)OCCN)OC(=O)CCCCCCC/C=C\CCCCCCCC,C[C@H](CCCC(C)C)[C@H]1CC[C@@H]2[C@@]1(CC[C@H]3[C@H]2CC=C4[C@@]3(CC[C@@H](C4)O)C)C,CCCCCCCCCCCCCCOC(=O)CCOCCOCCOCCOCCOCCOCCOCCOCCOCCOCCOCCOCCOCCOCCOCCOCCOCCOCCOCCOCCOCCOCCOCCOCCOCCOCCOCCOCCOCCOCCOCCOCCOCCOCCOCCOCCOCCOCCOCCOCCOCCOCCOCCOCCOCCOCCOCCOCCOCCOCCOCCOCCOCCOCCOCCOCCOCCOCCOCCOCCOCCOCCOCCOCCOCCOCCOCCOCCOCCOCCOCCOCCOCCOCCOCCOCCOCCOCCOCCOCCOCCOCCOCCOCCOCCOCCOCCOCCOCCO,73.6,,,0.203,,,,,,,,,wt/wt,10.0,LNP:mRNA,synthesis_method: Microfluidic; device_used: Microfluidic device; total_flow_rate_ml_min: ; flow_rate_ratio: 3:1; aqueous_phase_composition: 10 mM citrate buffer; organic_phase_composition: 100% ethanol; mixing_time_sec: ; temperature_condition: ; post_processing: dialysis in 20 kD dialysis cassettes; sterilization: 0.22 ¥ìm filter; storage_buffer: 1¡¿ PBS,"animal_model: BALB/c mice; administration_route: nebulization; dose: 43 ¥ìg mRNA per mouse (pooled in Group E); gene_expression_result: Highest lung luminescence among Groups D, E, F",,,,10.1038/s41551-021-00786-x,Optimization of lipid nanoparticles for the delivery of nebulized therapeutic mRNA to the lungs,"['Melissa P. Lokugamage', 'Daryll Vanover', 'Jared Beyersdorf', 'Marine Z.C. Hatit', 'Lauren Rotolo', 'Elisa Schrader Echeverri', 'Hannah E. Peck', 'Huanzhen Ni', 'Jeong-Kee Yoon', 'YongTae Kim', 'Phillip J. Santangelo', 'James E. Dahlman']",Nature Biomedical Engineering,2021.0,7C1,DOPE,cholesterol,C14PEG2K
1034,7C1,DOPE,cholesterol,C18-PEG2000,60:15:20:5,mRNA,nanoluciferase,NCCN(CCNCC(O)CCCCCCCCCCCC)CCNCCN(CCNCCNCC(O)CCCCCCCCCCCC)CCN(CCN(CCN)CCNCC(O)CCCCCCCCCCCC)CCNCCN,CCCCCCCC/C=C\CCCCCCCC(=O)OC[C@H](COP(=O)(O)OCCN)OC(=O)CCCCCCC/C=C\CCCCCCCC,C[C@H](CCCC(C)C)[C@H]1CC[C@@H]2[C@@]1(CC[C@H]3[C@H]2CC=C4[C@@]3(CC[C@@H](C4)O)C)C,CCCCCCCCCCCCCCCCCCOC(=O)CCOCCOCCOCCOCCOCCOCCOCCOCCOCCOCCOCCOCCOCCOCCOCCOCCOCCOCCOCCOCCOCCOCCOCCOCCOCCOCCOCCOCCOCCOCCOCCOCCOCCOCCOCCOCCOCCOCCOCCOCCOCCOCCOCCOCCOCCOCCOCCOCCOCCOCCOCCOCCOCCOCCOCCOCCOCCOCCOCCOCCOCCOCCOCCOCCOCCOCCOCCOCCOCCOCCOCCOCCOCCOCCOCCOCCOCCOCCOCCOCCOCCOCCOCCOCCOCCOCCOCCOCCOCCO,100.0,,approx,0.3,,censored,,,,,,,wt/wt,10.0,LNP:mRNA,synthesis_method: Microfluidic; device_used: Microfluidic device; total_flow_rate_ml_min: ; flow_rate_ratio: 3:1; aqueous_phase_composition: 10 mM citrate buffer; organic_phase_composition: 100% ethanol; mixing_time_sec: ; temperature_condition: ; post_processing: dialysis in 20 kD dialysis cassettes; sterilization: 0.22 ¥ìm filter; storage_buffer: 1¡¿ PBS,animal_model: BALB/c mice; administration_route: nebulization; dose: 13.5 ¥ìg mRNA per mouse; gene_expression_result: High delivery with neutral lipids and low PEG,,,,10.1038/s41551-021-00786-x,Optimization of lipid nanoparticles for the delivery of nebulized therapeutic mRNA to the lungs,"['Melissa P. Lokugamage', 'Daryll Vanover', 'Jared Beyersdorf', 'Marine Z.C. Hatit', 'Lauren Rotolo', 'Elisa Schrader Echeverri', 'Hannah E. Peck', 'Huanzhen Ni', 'Jeong-Kee Yoon', 'YongTae Kim', 'Phillip J. Santangelo', 'James E. Dahlman']",Nature Biomedical Engineering,2021.0,7C1,DOPE,cholesterol,C18PEG2000
1088,DLin-MC3-DMA,DSPC,cholesterol,DMG-PEG2000,50:1.5:38.5:10,mRNA,firefly_luciferase,CCCCC/C=C\C/C=C\CCCCCCCCC(OC(=O)CCCN(C)C)CCCCCCCC/C=C\C/C=C\CCCCC,CCCCCCCCCCCCCCCCCC(=O)OC[C@H](COP(=O)([O-])OCC[N+](C)(C)C)OC(=O)CCCCCCCCCCCCCCCCC,C[C@H](CCCC(C)C)[C@H]1CC[C@@H]2[C@@]1(CC[C@H]3[C@H]2CC=C4[C@@]3(CC[C@@H](C4)O)C)C,CCCCCCCCCCCCCC(=O)OCC(COP(=O)([O-])OCCOCCOCCOCCOCCOCCOCCOCCOCCOCCOCCOCCOCCOCCOCCOCCOCCOCCOCCOCCOCCOCCOCCOCCOCCOCCOCCOCCOCCOCCOCCOCCOCCOCCOCCOCCOCCOCCOCCOCCOCCOCCOCCOCCOCCOCCOCCOCCOCCOCCOCCOCCOCCOCCOCCOCCOCCOCCOCCOCCOCCOCCOCCOCCOCCOCCOCCOCCOCCOCCOCCOCCOCCOCCOCCOCCOCCOCCOCCOCCOCCOCCOCCOCCOCCOCCOCCOCCOCCOCCO)OC(=O)CCCCCCCCCCCCC,80.0,,,0.05,,,95.0,,,,,,wt/wt,20.0,ionizable_lipid:mRNA,synthesis_method: Microfluidic; device_used: Nanoassemblr Benchtop; total_flow_rate_ml_min: ; flow_rate_ratio: ; aqueous_phase_composition: 100 mM pH 4 citrate buffer (3-fold excess by volume compared to lipid solution); organic_phase_composition: ethanol containing lipids at total concentration of 5.5 mM; mixing_time_sec: ; temperature_condition: ; post_processing: dialyzed twice against 3 L of pH 7 PBS buffer and concentrated using appropriate centrifuge filters; sterilization: ; storage_buffer: pH 7 PBS buffer,cell_line: HeLa; dose: 50-200 ng mRNA; gene_expression_result: baseline (normalized to 1),1.0,numeric,0.2,https://dx.doi.org/10.1021/acs.nanolett.0c01386,Deconvoluting Lipid Nanoparticle Structure for Messenger RNA Delivery,"['Yulia Eygeris', 'Siddharth Patel', 'Antony Jozic', 'Gaurav Sahay']",Nano Letters,2020.0,DLin-MC3-DMA,DSPC,cholesterol,DMG-PEG2000
1089,DLin-MC3-DMA,DSPC,¥â-sitosterol,DMG-PEG2000,50:1.5:38.5:10,mRNA,firefly_luciferase,CCCCC/C=C\C/C=C\CCCCCCCCC(OC(=O)CCCN(C)C)CCCCCCCC/C=C\C/C=C\CCCCC,CCCCCCCCCCCCCCCCCC(=O)OC[C@H](COP(=O)([O-])OCC[N+](C)(C)C)OC(=O)CCCCCCCCCCCCCCCCC,CC[C@H](CC[C@@H](C)[C@H]1CC[C@@H]2[C@@]1(CC[C@H]3[C@H]2CC=C4[C@@]3(CC[C@@H](C4)O)C)C)C(C)C,CCCCCCCCCCCCCC(=O)OCC(COP(=O)([O-])OCCOCCOCCOCCOCCOCCOCCOCCOCCOCCOCCOCCOCCOCCOCCOCCOCCOCCOCCOCCOCCOCCOCCOCCOCCOCCOCCOCCOCCOCCOCCOCCOCCOCCOCCOCCOCCOCCOCCOCCOCCOCCOCCOCCOCCOCCOCCOCCOCCOCCOCCOCCOCCOCCOCCOCCOCCOCCOCCOCCOCCOCCOCCOCCOCCOCCOCCOCCOCCOCCOCCOCCOCCOCCOCCOCCOCCOCCOCCOCCOCCOCCOCCOCCOCCOCCOCCOCCOCCOCCO)OC(=O)CCCCCCCCCCCCC,90.0,,,0.08,,,92.0,,,,,,wt/wt,20.0,ionizable_lipid:mRNA,synthesis_method: Microfluidic; device_used: Nanoassemblr Benchtop; total_flow_rate_ml_min: ; flow_rate_ratio: ; aqueous_phase_composition: 100 mM pH 4 citrate buffer (3-fold excess by volume compared to lipid solution); organic_phase_composition: ethanol containing lipids at total concentration of 5.5 mM; mixing_time_sec: ; temperature_condition: ; post_processing: dialyzed twice against 3 L of pH 7 PBS buffer and concentrated using appropriate centrifuge filters; sterilization: ; storage_buffer: pH 7 PBS buffer,cell_line: HeLa; dose: 50-200 ng mRNA; gene_expression_result: ~10-fold improvement compared to cholesterol LNPs,10.0,numeric,1.0,https://dx.doi.org/10.1021/acs.nanolett.0c01386,Deconvoluting Lipid Nanoparticle Structure for Messenger RNA Delivery,"['Yulia Eygeris', 'Siddharth Patel', 'Antony Jozic', 'Gaurav Sahay']",Nano Letters,2020.0,DLin-MC3-DMA,DSPC,¥â-sitosterol,DMG-PEG2000
1090,DLin-MC3-DMA,DSPC,fucosterol,DMG-PEG2000,50:1.5:38.5:10,mRNA,firefly_luciferase,CCCCC/C=C\C/C=C\CCCCCCCCC(OC(=O)CCCN(C)C)CCCCCCCC/C=C\C/C=C\CCCCC,CCCCCCCCCCCCCCCCCC(=O)OC[C@H](COP(=O)([O-])OCC[N+](C)(C)C)OC(=O)CCCCCCCCCCCCCCCCC,C/C=C(\CC[C@@H](C)[C@H]1CC[C@@H]2[C@@]1(CC[C@H]3[C@H]2CC=C4[C@@]3(CC[C@@H](C4)O)C)C)/C(C)C,CCCCCCCCCCCCCC(=O)OCC(COP(=O)([O-])OCCOCCOCCOCCOCCOCCOCCOCCOCCOCCOCCOCCOCCOCCOCCOCCOCCOCCOCCOCCOCCOCCOCCOCCOCCOCCOCCOCCOCCOCCOCCOCCOCCOCCOCCOCCOCCOCCOCCOCCOCCOCCOCCOCCOCCOCCOCCOCCOCCOCCOCCOCCOCCOCCOCCOCCOCCOCCOCCOCCOCCOCCOCCOCCOCCOCCOCCOCCOCCOCCOCCOCCOCCOCCOCCOCCOCCOCCOCCOCCOCCOCCOCCOCCOCCOCCOCCOCCOCCOCCO)OC(=O)CCCCCCCCCCCCC,85.0,,,0.07,,,90.0,,,,,,wt/wt,20.0,ionizable_lipid:mRNA,synthesis_method: Microfluidic; device_used: Nanoassemblr Benchtop; total_flow_rate_ml_min: ; flow_rate_ratio: ; aqueous_phase_composition: 100 mM pH 4 citrate buffer (3-fold excess by volume compared to lipid solution); organic_phase_composition: ethanol containing lipids at total concentration of 5.5 mM; mixing_time_sec: ; temperature_condition: ; post_processing: dialyzed twice against 3 L of pH 7 PBS buffer and concentrated using appropriate centrifuge filters; sterilization: ; storage_buffer: pH 7 PBS buffer,cell_line: HeLa; dose: 50-200 ng mRNA; gene_expression_result: ~2-fold improvement compared to cholesterol LNPs,2.0,numeric,0.4,https://dx.doi.org/10.1021/acs.nanolett.0c01386,Deconvoluting Lipid Nanoparticle Structure for Messenger RNA Delivery,"['Yulia Eygeris', 'Siddharth Patel', 'Antony Jozic', 'Gaurav Sahay']",Nano Letters,2020.0,DLin-MC3-DMA,DSPC,fucosterol,DMG-PEG2000
1091,DLin-MC3-DMA,DSPC,campesterol,DMG-PEG2000,50:1.5:38.5:10,mRNA,firefly_luciferase,CCCCC/C=C\C/C=C\CCCCCCCCC(OC(=O)CCCN(C)C)CCCCCCCC/C=C\C/C=C\CCCCC,CCCCCCCCCCCCCCCCCC(=O)OC[C@H](COP(=O)([O-])OCC[N+](C)(C)C)OC(=O)CCCCCCCCCCCCCCCCC,C[C@H](CC[C@@H](C)C(C)C)[C@H]1CC[C@@H]2[C@@]1(CC[C@H]3[C@H]2CC=C4[C@@]3(CC[C@@H](C4)O)C)C,CCCCCCCCCCCCCC(=O)OCC(COP(=O)([O-])OCCOCCOCCOCCOCCOCCOCCOCCOCCOCCOCCOCCOCCOCCOCCOCCOCCOCCOCCOCCOCCOCCOCCOCCOCCOCCOCCOCCOCCOCCOCCOCCOCCOCCOCCOCCOCCOCCOCCOCCOCCOCCOCCOCCOCCOCCOCCOCCOCCOCCOCCOCCOCCOCCOCCOCCOCCOCCOCCOCCOCCOCCOCCOCCOCCOCCOCCOCCOCCOCCOCCOCCOCCOCCOCCOCCOCCOCCOCCOCCOCCOCCOCCOCCOCCOCCOCCOCCOCCOCCO)OC(=O)CCCCCCCCCCCCC,95.0,,,0.1,,,88.0,,,,,,wt/wt,20.0,ionizable_lipid:mRNA,synthesis_method: Microfluidic; device_used: Nanoassemblr Benchtop; total_flow_rate_ml_min: ; flow_rate_ratio: ; aqueous_phase_composition: 100 mM pH 4 citrate buffer (3-fold excess by volume compared to lipid solution); organic_phase_composition: ethanol containing lipids at total concentration of 5.5 mM; mixing_time_sec: ; temperature_condition: ; post_processing: dialyzed twice against 3 L of pH 7 PBS buffer and concentrated using appropriate centrifuge filters; sterilization: ; storage_buffer: pH 7 PBS buffer,cell_line: HeLa; dose: 50-200 ng mRNA; gene_expression_result: ~5-fold improvement compared to cholesterol LNPs,5.0,numeric,0.7,https://dx.doi.org/10.1021/acs.nanolett.0c01386,Deconvoluting Lipid Nanoparticle Structure for Messenger RNA Delivery,"['Yulia Eygeris', 'Siddharth Patel', 'Antony Jozic', 'Gaurav Sahay']",Nano Letters,2020.0,DLin-MC3-DMA,DSPC,campesterol,DMG-PEG2000
1092,DLin-MC3-DMA,DSPC,stigmastanol,DMG-PEG2000,50:1.5:38.5:10,mRNA,firefly_luciferase,CCCCC/C=C\C/C=C\CCCCCCCCC(OC(=O)CCCN(C)C)CCCCCCCC/C=C\C/C=C\CCCCC,CCCCCCCCCCCCCCCCCC(=O)OC[C@H](COP(=O)([O-])OCC[N+](C)(C)C)OC(=O)CCCCCCCCCCCCCCCCC,CC[C@H](CC[C@@H](C)[C@H]1CC[C@@H]2[C@@]1(CC[C@H]3[C@H]2CC[C@@H]4[C@@]3(CC[C@@H](C4)O)C)C)C(C)C,CCCCCCCCCCCCCC(=O)OCC(COP(=O)([O-])OCCOCCOCCOCCOCCOCCOCCOCCOCCOCCOCCOCCOCCOCCOCCOCCOCCOCCOCCOCCOCCOCCOCCOCCOCCOCCOCCOCCOCCOCCOCCOCCOCCOCCOCCOCCOCCOCCOCCOCCOCCOCCOCCOCCOCCOCCOCCOCCOCCOCCOCCOCCOCCOCCOCCOCCOCCOCCOCCOCCOCCOCCOCCOCCOCCOCCOCCOCCOCCOCCOCCOCCOCCOCCOCCOCCOCCOCCOCCOCCOCCOCCOCCOCCOCCOCCOCCOCCOCCOCCO)OC(=O)CCCCCCCCCCCCC,100.0,,,0.12,,,85.0,,,,,,wt/wt,20.0,ionizable_lipid:mRNA,synthesis_method: Microfluidic; device_used: Nanoassemblr Benchtop; total_flow_rate_ml_min: ; flow_rate_ratio: ; aqueous_phase_composition: 100 mM pH 4 citrate buffer (3-fold excess by volume compared to lipid solution); organic_phase_composition: ethanol containing lipids at total concentration of 5.5 mM; mixing_time_sec: ; temperature_condition: ; post_processing: dialyzed twice against 3 L of pH 7 PBS buffer and concentrated using appropriate centrifuge filters; sterilization: ; storage_buffer: pH 7 PBS buffer,cell_line: HeLa; dose: 50-200 ng mRNA; gene_expression_result: ~5-fold improvement compared to cholesterol LNPs,5.0,numeric,0.7,https://dx.doi.org/10.1021/acs.nanolett.0c01386,Deconvoluting Lipid Nanoparticle Structure for Messenger RNA Delivery,"['Yulia Eygeris', 'Siddharth Patel', 'Antony Jozic', 'Gaurav Sahay']",Nano Letters,2020.0,DLin-MC3-DMA,DSPC,stigmastanol,DMG-PEG2000
