lnp_id,ionizable_lipid,helper_lipid,sterol_lipid,peg_lipid,lipid_molar_ratio,target_type,nucleic_acid_sequence,ionizable_lipid_smiles,helper_lipid_smiles,sterol_lipid_smiles,peg_lipid_smiles,size_mean,size_sd,size_flag,pdi_mean,pdi_sd,pdi_flag,ee_mean,ee_sd,ee_flag,zeta_mean,zeta_sd,zeta_flag,ratio_type,ratio_value,ratio_cargo,synthesis_info,bioactivity_profile,transfection_raw,transfection_unit,transfection_pctile,paper_doi,paper_title,paper_authors,paper_journal,paper_year,ionizable_lipid_original,helper_lipid_original,sterol_lipid_original,peg_lipid_original,endpoint_range_flag,potent_primary,size_pass_primary,pdi_pass_primary,ee_pass_primary,developable_primary,category_primary,size_deviation_from_60_150_nm,pareto_optimal_4d,pareto_transfection_pdi,pareto_transfection_ee,pareto_transfection_size
54,246C10,DOPE,cholesterol,C16-Ceramide-PEG2000,26.5:1.0:52:20,mRNA,cre_recombinase,CCCCCCCCCCC(CN(CCCN1CCN(CC1)CCCN(CC(CCCCCCCCCC)O)CC(CCCCCCCCCC)O)CC(CCCCCCCCCC)O)O,CCCCCCCC/C=C\CCCCCCCC(=O)OC[C@H](COP(=O)(O)OCCN)OC(=O)CCCCCCC/C=C\CCCCCCCC,C[C@H](CCCC(C)C)[C@H]1CC[C@@H]2[C@@]1(CC[C@H]3[C@H]2CC=C4[C@@]3(CC[C@@H](C4)O)C)C,CCCCCCCCCCCCCCCC(=O)NC(COP(=O)([O-])OCCOCCOCCOCCOCCOCCOCCOCCOCCOCCOCCOCCOCCOCCOCCOCCOCCOCCOCCOCCOCCOCCOCCOCCOCCOCCOCCOCCOCCOCCOCCOCCOCCOCCOCCOCCOCCOCCOCCOCCOCCOCCOCCOCCOCCOCCOCCOCCOCCOCCOCCOCCOCCOCCOCCOCCOCCOCCOCCOCCOCCOCCOCCOCCOCCOCCOCCOCCOCCOCCOCCOCCOCCOCCOCCOCCOCCOCCOCCOCCOCCOCCOCCOCCOCCOCCOCCOCCOCCOCCO)C(O)C=CCCCCCCCCCCCC,97.0,17.0,,0.064,,,88.3,7.0,,,,,wt/wt,10.0,ionizable_lipid:mRNA,synthesis_method: Microfluidic; device_used: microfluidic-based system; total_flow_rate_ml_min: 12; flow_rate_ratio: 1:3 (organic:aqueous); aqueous_phase_composition: 10 mM citrate; organic_phase_composition: ethanol; mixing_time_sec: ; temperature_condition: ; post_processing: dialyzed against PBS using 3500 MWCO dialysis cassettes overnight; sterilization: ; storage_buffer: PBS,"animal_model: LSL-tdTomato mice; administration_route: intravenous; dose: 0.5 mg/kg mRNA; gene_expression_result: tdTomato expression in hepatocytes (43¡¾10%) and LSECs (54¡¾8%); biodistribution_result: liver, both hepatocytes and LSECs",10.0,percent,0.25,10.1126/sciadv.abf4398,Engineered ionizable lipid nanoparticles for targeted delivery of RNA therapeutics into different types of cells in the liver,"['M. Kim', 'M. Jeong', 'S. Hur', 'Y. Cho', 'J. Park', 'H. Jung', 'Y. Seo', 'H. A. Woo', 'K. T. Nam', 'K. Lee', 'H. Lee']",Science Advances,2021.0,246C10,DOPE,cholesterol,C16-PEG2000 ceramide,False,False,True,True,True,True,Developable only,0.0,False,False,False,False
55,246C10,DOPE,cholesterol,C16-Ceramide-PEG2000,26.5:1.5:51.5:20,mRNA,cre_recombinase,CCCCCCCCCCC(CN(CCCN1CCN(CC1)CCCN(CC(CCCCCCCCCC)O)CC(CCCCCCCCCC)O)CC(CCCCCCCCCC)O)O,CCCCCCCC/C=C\CCCCCCCC(=O)OC[C@H](COP(=O)(O)OCCN)OC(=O)CCCCCCC/C=C\CCCCCCCC,C[C@H](CCCC(C)C)[C@H]1CC[C@@H]2[C@@]1(CC[C@H]3[C@H]2CC=C4[C@@]3(CC[C@@H](C4)O)C)C,CCCCCCCCCCCCCCCC(=O)NC(COP(=O)([O-])OCCOCCOCCOCCOCCOCCOCCOCCOCCOCCOCCOCCOCCOCCOCCOCCOCCOCCOCCOCCOCCOCCOCCOCCOCCOCCOCCOCCOCCOCCOCCOCCOCCOCCOCCOCCOCCOCCOCCOCCOCCOCCOCCOCCOCCOCCOCCOCCOCCOCCOCCOCCOCCOCCOCCOCCOCCOCCOCCOCCOCCOCCOCCOCCOCCOCCOCCOCCOCCOCCOCCOCCOCCOCCOCCOCCOCCOCCOCCOCCOCCOCCOCCOCCOCCOCCOCCOCCOCCOCCO)C(O)C=CCCCCCCCCCCCC,68.0,15.0,,0.127,,,90.1,5.0,,,,,wt/wt,10.0,ionizable_lipid:mRNA,synthesis_method: Microfluidic; device_used: microfluidic-based system; total_flow_rate_ml_min: 12; flow_rate_ratio: 1:3 (organic:aqueous); aqueous_phase_composition: 10 mM citrate; organic_phase_composition: ethanol; mixing_time_sec: ; temperature_condition: ; post_processing: dialyzed against PBS using 3500 MWCO dialysis cassettes overnight; sterilization: ; storage_buffer: PBS,"animal_model: LSL-tdTomato mice; administration_route: intravenous; dose: 0.5 mg/kg mRNA; gene_expression_result: tdTomato expression primarily in hepatocytes (80%); biodistribution_result: liver, primarily hepatocytes",80.0,percent,0.875,10.1126/sciadv.abf4398,Engineered ionizable lipid nanoparticles for targeted delivery of RNA therapeutics into different types of cells in the liver,"['M. Kim', 'M. Jeong', 'S. Hur', 'Y. Cho', 'J. Park', 'H. Jung', 'Y. Seo', 'H. A. Woo', 'K. T. Nam', 'K. Lee', 'H. Lee']",Science Advances,2021.0,246C10,DOPE,cholesterol,C16-PEG2000 ceramide,False,True,True,True,True,True,Potent + Developable,0.0,False,False,False,False
109,C12-200,DSPC,cholesterol,C14-PEG2000,50:1.5:38.5:10,mRNA,luciferase,NCCN1CCN(CCN(CC(O)CCCCCCCCCCCC)CC(O)CCCCCCCCCCCC)CC1CN(CC(O)CCCCCCCCCCCC)CN(CC(O)CCCCCCCCCCCC)CC(O)CCCCCCCCCCCC,CCCCCCCCCCCCCCCCCC(=O)OC[C@H](COP(=O)([O-])OCC[N+](C)(C)C)OC(=O)CCCCCCCCCCCCCCCCC,C[C@H](CCCC(C)C)[C@H]1CC[C@@H]2[C@@]1(CC[C@H]3[C@H]2CC=C4[C@@]3(CC[C@@H](C4)O)C)C,CCCCCCCCCCCCCCOC(=O)CCOCCOCCOCCOCCOCCOCCOCCOCCOCCOCCOCCOCCOCCOCCOCCOCCOCCOCCOCCOCCOCCOCCOCCOCCOCCOCCOCCOCCOCCOCCOCCOCCOCCOCCOCCOCCOCCOCCOCCOCCOCCOCCOCCOCCOCCOCCOCCOCCOCCOCCOCCOCCOCCOCCOCCOCCOCCOCCOCCOCCOCCOCCOCCOCCOCCOCCOCCOCCOCCOCCOCCOCCOCCOCCOCCOCCOCCOCCOCCOCCOCCOCCOCCOCCOCCOCCOCCOCCOCCO,113.0,,,0.147,,,27.0,,,,,,wt/wt,5.0,C12-200:mRNA,"synthesis_method: Microfluidic; device_used: microfluidic chip device; total_flow_rate_ml_min: ; flow_rate_ratio: 3:1 (ethanol:aqueous); aqueous_phase_composition: 10 mM citrate buffer, pH 3; organic_phase_composition: ethanol phase containing lipid mixture; mixing_time_sec: ; temperature_condition: ; post_processing: dialyzed against PBS in 20,000 MWCO cassette at 4¡ÆC for 2 hours; sterilization: ; storage_buffer: PBS",animal_model: C57BL/6 mice; administration_route: intravenous; dose: 15 ¥ìg total mRNA per mouse; gene_expression_result: 0.99 ¡¾ 0.44 ¡¿ 10^9 p/s total flux; biodistribution_result: predominantly liver expression,0.99,numeric,0.5,10.1021/acs.nanolett.5b02497,Optimization of Lipid Nanoparticle Formulations for mRNA Delivery in vivo with Fractional Factorial and Definitive Screening Designs,"['Kevin J. Kauffman', 'J. Robert Dorkin', 'Jung H. Yang', 'Michael W. Heartlein', 'Frank DeRosa', 'Faryal F. Mir', 'Owen S. Fenton', 'Daniel G. Anderson']",Nano Letters,2015.0,C12-200,DSPC,cholesterol,C14-PEG2000,False,False,True,True,False,False,Neither,0.0,False,False,False,False
110,C12-200,DOPE,cholesterol,C14-PEG2000,35:2.5:46.5:16,mRNA,luciferase,NCCN1CCN(CCN(CC(O)CCCCCCCCCCCC)CC(O)CCCCCCCCCCCC)CC1CN(CC(O)CCCCCCCCCCCC)CN(CC(O)CCCCCCCCCCCC)CC(O)CCCCCCCCCCCC,CCCCCCCC/C=C\CCCCCCCC(=O)OC[C@H](COP(=O)(O)OCCN)OC(=O)CCCCCCC/C=C\CCCCCCCC,C[C@H](CCCC(C)C)[C@H]1CC[C@@H]2[C@@]1(CC[C@H]3[C@H]2CC=C4[C@@]3(CC[C@@H](C4)O)C)C,CCCCCCCCCCCCCCOC(=O)CCOCCOCCOCCOCCOCCOCCOCCOCCOCCOCCOCCOCCOCCOCCOCCOCCOCCOCCOCCOCCOCCOCCOCCOCCOCCOCCOCCOCCOCCOCCOCCOCCOCCOCCOCCOCCOCCOCCOCCOCCOCCOCCOCCOCCOCCOCCOCCOCCOCCOCCOCCOCCOCCOCCOCCOCCOCCOCCOCCOCCOCCOCCOCCOCCOCCOCCOCCOCCOCCOCCOCCOCCOCCOCCOCCOCCOCCOCCOCCOCCOCCOCCOCCOCCOCCOCCOCCOCCOCCO,82.0,,,0.221,,,48.0,,,,,,wt/wt,10.0,C12-200:mRNA,"synthesis_method: Microfluidic; device_used: microfluidic chip device; total_flow_rate_ml_min: ; flow_rate_ratio: 3:1 (ethanol:aqueous); aqueous_phase_composition: 10 mM citrate buffer, pH 3; organic_phase_composition: ethanol phase containing lipid mixture; mixing_time_sec: ; temperature_condition: ; post_processing: dialyzed against PBS in 20,000 MWCO cassette at 4¡ÆC for 2 hours; sterilization: ; storage_buffer: PBS",animal_model: C57BL/6 mice; administration_route: intravenous; dose: 15 ¥ìg total mRNA per mouse; gene_expression_result: 3.21 ¡¾ 1.18 ¡¿ 10^9 p/s total flux; biodistribution_result: predominantly liver expression,3.21,numeric,1.0,10.1021/acs.nanolett.5b02497,Optimization of Lipid Nanoparticle Formulations for mRNA Delivery in vivo with Fractional Factorial and Definitive Screening Designs,"['Kevin J. Kauffman', 'J. Robert Dorkin', 'Jung H. Yang', 'Michael W. Heartlein', 'Frank DeRosa', 'Faryal F. Mir', 'Owen S. Fenton', 'Daniel G. Anderson']",Nano Letters,2015.0,C12-200,DOPE,cholesterol,C14-PEG2000,False,True,True,True,False,False,Potent only,0.0,False,False,False,True
113,Custom lipid,DSPC,cholesterol,PEG-lipid,50:10:38.5:1.5,mRNA,firefly_luciferase,CCCCC/C=C\C/C=C\CCCCCCCCN(CCCCCCCC/C=C\C/C=C\CCCCC)CCO,CCCCCCCCCCCCCCCCCC(=O)OC[C@H](COP(=O)([O-])OCC[N+](C)(C)C)OC(=O)CCCCCCCCCCCCCCCCC,C[C@H](CCCC(C)C)[C@H]1CC[C@@H]2[C@@]1(CC[C@H]3[C@H]2CC=C4[C@@]3(CC[C@@H](C4)O)C)C,CCCCCCCCCCCCCCCCOC(=O)CCOCCOCCOCCOCCOCCOCCOCCOCCOCCOCCOCCOCCOCCOCCOCCOCCOCCOCCOCCOCCOCCOCCOCCOCCOCCOCCOCCOCCOCCOCCOCCOCCOCCOCCOCCOCCOCCOCCOCCOCCOCCOCCOCCOCCOCCOCCOCCOCCOCCOCCOCCOCCOCCOCCOCCOCCOCCOCCOCCOCCOCCOCCOCCOCCOCCOCCOCCOCCOCCOCCOCCOCCOCCOCCOCCOCCOCCOCCOCCOCCOCCOCCOCCOCCOCCOCCOCCOCCOCCO,93.8,,,0.14,,,96.9,,,,,,,,,"synthesis_method: Microfluidic; device_used: ; total_flow_rate_ml_min: ; flow_rate_ratio: 3:1 (aqueous:ethanol); aqueous_phase_composition: 6.25 mM sodium acetate buffer (pH 5); organic_phase_composition: ethanol; mixing_time_sec: ; temperature_condition: ; post_processing: dialyzed against PBS (pH 7.4) for at least 18 hr, concentrated using Amicon ultra centrifugal filters; sterilization: 0.22-¥ìm filter; storage_buffer: stored at 4¡ÆC",animal_model: CD-1 mice; administration_route: i.v.; dose: 0.5 mg/kg mRNA; gene_expression_result: 2-fold lower than MC3 LNP control; biodistribution_result: majority of protein expression localized in liver,2.0,numeric,0.2,https://doi.org/10.1016/j.ymthe.2018.03.010,A Novel Amino Lipid Series for mRNA Delivery: Improved Endosomal Escape and Sustained Pharmacology and Safety in Non-human Primates,"['Staci Sabnis', 'E. Sathyajith Kumarasinghe', 'Timothy Salerno', 'Cosmin Mihai', 'Tatiana Ketova', 'Joseph J. Senn', 'Andy Lynn', 'Alex Bulychev', 'Iain McFadyen', 'Joyce Chan', 'Orn Almarsson', 'Matthew G. Stanton', 'Kerry E. Benenato']",Molecular Therapy,2018.0,"2-(Di((9Z,12Z)-octadeca-9,12-dien-1-yl)amino)ethan-1-ol",DSPC,cholesterol,PEG-lipid,False,False,True,True,True,True,Developable only,0.0,False,False,False,False
116,Custom lipid,DSPC,cholesterol,PEG-lipid,50:10:38.5:1.5,mRNA,firefly_luciferase,CCCCCCCCC(CCCCCCCC)OC(=O)CCCCCCCN(CCCCCCCC/C=C\C/C=C\CCCCC)CCO,CCCCCCCCCCCCCCCCCC(=O)OC[C@H](COP(=O)([O-])OCC[N+](C)(C)C)OC(=O)CCCCCCCCCCCCCCCCC,C[C@H](CCCC(C)C)[C@H]1CC[C@@H]2[C@@]1(CC[C@H]3[C@H]2CC=C4[C@@]3(CC[C@@H](C4)O)C)C,CCCCCCCCCCCCCCCCOC(=O)CCOCCOCCOCCOCCOCCOCCOCCOCCOCCOCCOCCOCCOCCOCCOCCOCCOCCOCCOCCOCCOCCOCCOCCOCCOCCOCCOCCOCCOCCOCCOCCOCCOCCOCCOCCOCCOCCOCCOCCOCCOCCOCCOCCOCCOCCOCCOCCOCCOCCOCCOCCOCCOCCOCCOCCOCCOCCOCCOCCOCCOCCOCCOCCOCCOCCOCCOCCOCCOCCOCCOCCOCCOCCOCCOCCOCCOCCOCCOCCOCCOCCOCCOCCOCCOCCOCCOCCOCCOCCO,73.1,,,0.07,,,97.6,,,,,,,,,"synthesis_method: Microfluidic; device_used: ; total_flow_rate_ml_min: ; flow_rate_ratio: 3:1 (aqueous:ethanol); aqueous_phase_composition: 6.25 mM sodium acetate buffer (pH 5); organic_phase_composition: ethanol; mixing_time_sec: ; temperature_condition: ; post_processing: dialyzed against PBS (pH 7.4) for at least 18 hr, concentrated using Amicon ultra centrifugal filters; sterilization: 0.22-¥ìm filter; storage_buffer: stored at 4¡ÆC",animal_model: CD-1 mice; administration_route: i.v.; dose: 0.5 mg/kg mRNA; gene_expression_result: equivalent expression to MC3 LNPs,3.0,numeric,0.6,https://doi.org/10.1016/j.ymthe.2018.03.010,A Novel Amino Lipid Series for mRNA Delivery: Improved Endosomal Escape and Sustained Pharmacology and Safety in Non-human Primates,"['Staci Sabnis', 'E. Sathyajith Kumarasinghe', 'Timothy Salerno', 'Cosmin Mihai', 'Tatiana Ketova', 'Joseph J. Senn', 'Andy Lynn', 'Alex Bulychev', 'Iain McFadyen', 'Joyce Chan', 'Orn Almarsson', 'Matthew G. Stanton', 'Kerry E. Benenato']",Molecular Therapy,2018.0,"Heptadecan-9-yl 8-((2-hydroxyethyl)((9Z,12Z)-octadeca-9,12-dien-1-yl)amino)octanoate",DSPC,cholesterol,PEG-lipid,False,True,True,True,True,True,Potent + Developable,0.0,True,False,False,False
117,Heptadecan-9-yl 8-((2-hydroxyethyl)(8-(nonyloxy)-8-oxooctyl)amino)octanoate,DSPC,cholesterol,PEG-lipid,50:10:38.5:1.5,mRNA,"firefly_luciferase, epo, antibody, influenza_antigen",CCCCCCCCCOC(=O)CCCCCCCN(CCCCCCCC(=O)OC(CCCCCCCC)CCCCCCCC)CCO,CCCCCCCCCCCCCCCCCC(=O)OC[C@H](COP(=O)([O-])OCC[N+](C)(C)C)OC(=O)CCCCCCCCCCCCCCCCC,C[C@H](CCCC(C)C)[C@H]1CC[C@@H]2[C@@]1(CC[C@H]3[C@H]2CC=C4[C@@]3(CC[C@@H](C4)O)C)C,CCCCCCCCCCCCCCCCOC(=O)CCOCCOCCOCCOCCOCCOCCOCCOCCOCCOCCOCCOCCOCCOCCOCCOCCOCCOCCOCCOCCOCCOCCOCCOCCOCCOCCOCCOCCOCCOCCOCCOCCOCCOCCOCCOCCOCCOCCOCCOCCOCCOCCOCCOCCOCCOCCOCCOCCOCCOCCOCCOCCOCCOCCOCCOCCOCCOCCOCCOCCOCCOCCOCCOCCOCCOCCOCCOCCOCCOCCOCCOCCOCCOCCOCCOCCOCCOCCOCCOCCOCCOCCOCCOCCOCCOCCOCCOCCOCCO,86.2,,,0.04,,,97.5,,,,,,concentration,5.0,molecules/particle,"synthesis_method: Microfluidic; device_used: ; total_flow_rate_ml_min: ; flow_rate_ratio: 3:1 (aqueous:ethanol); aqueous_phase_composition: 6.25 mM sodium acetate buffer (pH 5); organic_phase_composition: ethanol; mixing_time_sec: ; temperature_condition: ; post_processing: dialyzed against PBS (pH 7.4) for at least 18 hr, concentrated using Amicon ultra centrifugal filters; sterilization: 0.22-¥ìm filter; storage_buffer: stored at 4¡ÆC","cell_line: HeLa cells; animal_model: CD-1 mice, Sprague-Dawley rats, cynomolgus monkeys; administration_route: i.v.; dose: 0.5 mg/kg (mice), 0.01-1 mg/kg (primates); gene_expression_result: 3-fold higher than MC3, 5-fold higher in non-human primates; biodistribution_result: liver and spleen had highest levels, significantly lower than MC3; toxicity_profile: no adverse findings in 1-month toxicity study, no liver damage or complement activation; cytokine_response: minimal elevation in MCP-1, no significant change in C5b9 levels",3.0,numeric,0.6,https://doi.org/10.1016/j.ymthe.2018.03.010,A Novel Amino Lipid Series for mRNA Delivery: Improved Endosomal Escape and Sustained Pharmacology and Safety in Non-human Primates,"['Staci Sabnis', 'E. Sathyajith Kumarasinghe', 'Timothy Salerno', 'Cosmin Mihai', 'Tatiana Ketova', 'Joseph J. Senn', 'Andy Lynn', 'Alex Bulychev', 'Iain McFadyen', 'Joyce Chan', 'Orn Almarsson', 'Matthew G. Stanton', 'Kerry E. Benenato']",Molecular Therapy,2018.0,Heptadecan-9-yl 8-((2-hydroxyethyl)(8-(nonyloxy)-8-oxooctyl)amino)octanoate,DSPC,cholesterol,PEG-lipid,False,True,True,True,True,True,Potent + Developable,0.0,True,True,False,False
120,SM-102,DSPC,cholesterol,PEG-lipid,50:10:38.5:1.5,mRNA,"firefly_luciferase, epo",CCCCCCCCCCCOC(=O)CCCCCN(CCCCCCCC(=O)OC(CCCCCCCC)CCCCCCCC)CCO  ,CCCCCCCCCCCCCCCCCC(=O)OC[C@H](COP(=O)([O-])OCC[N+](C)(C)C)OC(=O)CCCCCCCCCCCCCCCCC,C[C@H](CCCC(C)C)[C@H]1CC[C@@H]2[C@@]1(CC[C@H]3[C@H]2CC=C4[C@@]3(CC[C@@H](C4)O)C)C,CCCCCCCCCCCCCCCCOC(=O)CCOCCOCCOCCOCCOCCOCCOCCOCCOCCOCCOCCOCCOCCOCCOCCOCCOCCOCCOCCOCCOCCOCCOCCOCCOCCOCCOCCOCCOCCOCCOCCOCCOCCOCCOCCOCCOCCOCCOCCOCCOCCOCCOCCOCCOCCOCCOCCOCCOCCOCCOCCOCCOCCOCCOCCOCCOCCOCCOCCOCCOCCOCCOCCOCCOCCOCCOCCOCCOCCOCCOCCOCCOCCOCCOCCOCCOCCOCCOCCOCCOCCOCCOCCOCCOCCOCCOCCOCCOCCO,85.8,,,0.1,,,95.8,,,,,,,,,"synthesis_method: Microfluidic; device_used: ; total_flow_rate_ml_min: ; flow_rate_ratio: 3:1 (aqueous:ethanol); aqueous_phase_composition: 6.25 mM sodium acetate buffer (pH 5); organic_phase_composition: ethanol; mixing_time_sec: ; temperature_condition: ; post_processing: dialyzed against PBS (pH 7.4) for at least 18 hr, concentrated using Amicon ultra centrifugal filters; sterilization: 0.22-¥ìm filter; storage_buffer: stored at 4¡ÆC","animal_model: CD-1 mice, Sprague-Dawley rats; administration_route: i.v.; dose: 0.5 mg/kg (mice), 1 mg/kg (rats); gene_expression_result: higher expression compared to MC3",3.0,numeric,0.6,https://doi.org/10.1016/j.ymthe.2018.03.010,A Novel Amino Lipid Series for mRNA Delivery: Improved Endosomal Escape and Sustained Pharmacology and Safety in Non-human Primates,"['Staci Sabnis', 'E. Sathyajith Kumarasinghe', 'Timothy Salerno', 'Cosmin Mihai', 'Tatiana Ketova', 'Joseph J. Senn', 'Andy Lynn', 'Alex Bulychev', 'Iain McFadyen', 'Joyce Chan', 'Orn Almarsson', 'Matthew G. Stanton', 'Kerry E. Benenato']",Molecular Therapy,2018.0,Heptadecan-9-yl 8-((2-hydroxyethyl)(6-oxo-6-(undecyloxy)hexyl)amino)octanoate,DSPC,cholesterol,PEG-lipid,False,True,True,True,True,True,Potent + Developable,0.0,False,False,False,False
122,Custom lipid,DSPC,cholesterol,PEG-lipid,50:10:38.5:1.5,mRNA,firefly_luciferase,CCCCCCCCCCCOC(=O)CCCCCN(CCCCCC(=O)OC(CCCCCCCCCC)CCCCCCCCCC)CCO,CCCCCCCCCCCCCCCCCC(=O)OC[C@H](COP(=O)([O-])OCC[N+](C)(C)C)OC(=O)CCCCCCCCCCCCCCCCC,C[C@H](CCCC(C)C)[C@H]1CC[C@@H]2[C@@]1(CC[C@H]3[C@H]2CC=C4[C@@]3(CC[C@@H](C4)O)C)C,CCCCCCCCCCCCCCCCOC(=O)CCOCCOCCOCCOCCOCCOCCOCCOCCOCCOCCOCCOCCOCCOCCOCCOCCOCCOCCOCCOCCOCCOCCOCCOCCOCCOCCOCCOCCOCCOCCOCCOCCOCCOCCOCCOCCOCCOCCOCCOCCOCCOCCOCCOCCOCCOCCOCCOCCOCCOCCOCCOCCOCCOCCOCCOCCOCCOCCOCCOCCOCCOCCOCCOCCOCCOCCOCCOCCOCCOCCOCCOCCOCCOCCOCCOCCOCCOCCOCCOCCOCCOCCOCCOCCOCCOCCOCCOCCOCCO,69.6,,,0.14,,,98.3,,,,,,,,,"synthesis_method: Microfluidic; device_used: ; total_flow_rate_ml_min: ; flow_rate_ratio: 3:1 (aqueous:ethanol); aqueous_phase_composition: 6.25 mM sodium acetate buffer (pH 5); organic_phase_composition: ethanol; mixing_time_sec: ; temperature_condition: ; post_processing: dialyzed against PBS (pH 7.4) for at least 18 hr, concentrated using Amicon ultra centrifugal filters; sterilization: 0.22-¥ìm filter; storage_buffer: stored at 4¡ÆC",animal_model: CD-1 mice; administration_route: i.v.; dose: 0.5 mg/kg mRNA; gene_expression_result: comparable luciferase activity to lipid 9,9.0,numeric,1.0,https://doi.org/10.1016/j.ymthe.2018.03.010,A Novel Amino Lipid Series for mRNA Delivery: Improved Endosomal Escape and Sustained Pharmacology and Safety in Non-human Primates,"['Staci Sabnis', 'E. Sathyajith Kumarasinghe', 'Timothy Salerno', 'Cosmin Mihai', 'Tatiana Ketova', 'Joseph J. Senn', 'Andy Lynn', 'Alex Bulychev', 'Iain McFadyen', 'Joyce Chan', 'Orn Almarsson', 'Matthew G. Stanton', 'Kerry E. Benenato']",Molecular Therapy,2018.0,Henicosan-11-yl 6-((2-hydroxyethyl)(6-oxo-6-(undecyloxy)hexyl)amino)hexanoate,DSPC,cholesterol,PEG-lipid,False,True,True,True,True,True,Potent + Developable,0.0,True,False,False,True
179,Custom lipid,DOPE,cholesterol,DMG-PEG2000,20:0.75:40:30,mRNA,"firefly_luciferase, base_editor",CCC(CCCC)COC(=O)CCCCCCCN(CCC(CCCC)COC(=O)CCCCCCCC)CCCNC(=O)c1cc(C(=O)NCCN(CCC(CCCC)COC(=O)CCCCCCCC)CCC(CCCC)COC(=O)CCCCCCCC)cc(C(=O)NCCCN(CCC(CCCC)COC(=O)CCCCCCCC)CCC(CCCC)COC(=O)CCCCCCCC)c1,CCCCCCCC/C=C\CCCCCCCC(=O)OC[C@H](COP(=O)(O)OCCN)OC(=O)CCCCCCC/C=C\CCCCCCCC,C[C@H](CCCC(C)C)[C@H]1CC[C@@H]2[C@@]1(CC[C@H]3[C@H]2CC=C4[C@@]3(CC[C@@H](C4)O)C)C,CCCCCCCCCCCCCC(=O)OCC(COP(=O)([O-])OCCOCCOCCOCCOCCOCCOCCOCCOCCOCCOCCOCCOCCOCCOCCOCCOCCOCCOCCOCCOCCOCCOCCOCCOCCOCCOCCOCCOCCOCCOCCOCCOCCOCCOCCOCCOCCOCCOCCOCCOCCOCCOCCOCCOCCOCCOCCOCCOCCOCCOCCOCCOCCOCCOCCOCCOCCOCCOCCOCCOCCOCCOCCOCCOCCOCCOCCOCCOCCOCCOCCOCCOCCOCCOCCOCCOCCOCCOCCOCCOCCOCCOCCOCCOCCOCCOCCOCCOCCOCCO)OC(=O)CCCCCCCCCCCCC,86.0,,,0.25,,,91.0,,,-11.0,,,,,,synthesis_method: Microfluidic; device_used: NanoAssemblr benchtop; total_flow_rate_ml_min: ; flow_rate_ratio: ; aqueous_phase_composition: citrate acid buffer; organic_phase_composition: ethanol; mixing_time_sec: ; temperature_condition: ; post_processing: ; sterilization: ; storage_buffer: ,"cell_line: Hep3B; animal_model: C57BL/6 mice, hemophilia A mice, Balb/c mice; administration_route: IV; dose: 0.5 mg/kg (screening), 2 mg/kg (hFVIII), 0.125-1 mg/kg (base editing); gene_expression_result: ~2.0 fold vs TT3 in liver, >140 ng/ml hFVIII protein, 90% hFVIII activity, ~60% base editing efficiency; biodistribution_result: Primarily liver targeting; toxicity_profile: Well tolerated, no pathological changes",2.0,fold_change,1.0,10.1126/sciadv.abc2315,Functionalized lipid-like nanoparticles for in vivo mRNA delivery and base editing,"['Xinfu Zhang', 'Weiyu Zhao', 'Giang N. Nguyen', 'Chengxiang Zhang', 'Chunxi Zeng', 'Jingyue Yan', 'Shi Du', 'Xucheng Hou', 'Wenqing Li', 'Justin Jiang', 'Binbin Deng', 'David W. McComb', 'Robert Dorkin', 'Aalok Shah', 'Luis Barrera', 'Francine Gregoire', 'Manmohan Singh', 'Delai Chen', 'Denise E. Sabatino', 'Yizhou Dong']",Science Advances,2020.0,FTT5,DOPE,cholesterol,DMG-PEG2000,False,True,True,True,True,True,Potent + Developable,0.0,False,False,False,True
433,Custom lipid,DOPE,cholesterol,C14-PEG 2000,35:16:46.5:2.5,mRNA,firefly_luciferase,,CCCCCCCC/C=C\CCCCCCCC(=O)OC[C@H](COP(=O)(O)OCCN)OC(=O)CCCCCCC/C=C\CCCCCCCC,C[C@H](CCCC(C)C)[C@H]1CC[C@@H]2[C@@]1(CC[C@H]3[C@H]2CC=C4[C@@]3(CC[C@@H](C4)O)C)C,,93.0,,,0.047,,,98.0,,,,,,wt/wt,10.0,ionizable_lipid:RNA,"synthesis_method: Microfluidic; device_used: microfluidic chip device; total_flow_rate_ml_min: ; flow_rate_ratio: 3:1 (ethanol:aqueous); aqueous_phase_composition: 10 mM citrate buffer (pH 3); organic_phase_composition: ethanol with lipid mixture at 10 mg/mL; mixing_time_sec: ; temperature_condition: ; post_processing: dialyzed against 1X PBS in 20,000 MWCO cassette at 4¡ÆC for 2 hours; sterilization: ; storage_buffer: 1X PBS, stored at 4¡ÆC","cell_line: HeLa cells; dose: 50 ng per well; gene_expression_result: ~0.5¡¿10^6 RLU (No ApoE), ~1¡¿10^6 RLU (with ApoE); toxicity_profile: minimal toxicity observed",0.5,numeric,0.375,10.1002/anie.201809056,Customizable Lipid Nanoparticle Materials for the Delivery of siRNAs and mRNAs,"['Owen S. Fenton', 'Kevin J. Kauffman', 'Rebecca L. McClellan', 'James C. Kaczmarek', 'Manhao D. Zeng', 'Jason L. Andresen', 'Luke H. Rhym', 'Michael W. Heartlein', 'Frank DeRosa', 'Daniel G. Anderson']",Angewandte Chemie International Edition,2018.0,OF-Deg-C9,DOPE,cholesterol,C14-PEG 2000,False,False,True,True,True,True,Developable only,0.0,False,False,False,False
435,Custom lipid,DOPE,cholesterol,C14-PEG 2000,35:16:46.5:2.5,mRNA,firefly_luciferase,,CCCCCCCC/C=C\CCCCCCCC(=O)OC[C@H](COP(=O)(O)OCCN)OC(=O)CCCCCCC/C=C\CCCCCCCC,C[C@H](CCCC(C)C)[C@H]1CC[C@@H]2[C@@]1(CC[C@H]3[C@H]2CC=C4[C@@]3(CC[C@@H](C4)O)C)C,,96.0,,,0.046,,,99.0,,,,,,wt/wt,10.0,ionizable_lipid:RNA,"synthesis_method: Microfluidic; device_used: microfluidic chip device; total_flow_rate_ml_min: ; flow_rate_ratio: 3:1 (ethanol:aqueous); aqueous_phase_composition: 10 mM citrate buffer (pH 3); organic_phase_composition: ethanol with lipid mixture at 10 mg/mL; mixing_time_sec: ; temperature_condition: ; post_processing: dialyzed against 1X PBS in 20,000 MWCO cassette at 4¡ÆC for 2 hours; sterilization: ; storage_buffer: 1X PBS, stored at 4¡ÆC","cell_line: HeLa cells; dose: 50 ng per well; gene_expression_result: ~0.5¡¿10^6 RLU (No ApoE), ~1¡¿10^6 RLU (with ApoE); toxicity_profile: minimal toxicity observed",0.5,numeric,0.375,10.1002/anie.201809056,Customizable Lipid Nanoparticle Materials for the Delivery of siRNAs and mRNAs,"['Owen S. Fenton', 'Kevin J. Kauffman', 'Rebecca L. McClellan', 'James C. Kaczmarek', 'Manhao D. Zeng', 'Jason L. Andresen', 'Luke H. Rhym', 'Michael W. Heartlein', 'Frank DeRosa', 'Daniel G. Anderson']",Angewandte Chemie International Edition,2018.0,OF-Deg-C12,DOPE,cholesterol,C14-PEG 2000,False,False,True,True,True,True,Developable only,0.0,True,False,False,False
444,OF-Deg-Lin,DOPE,cholesterol,C14-PEG 2000,35:16:46.5:2.5,mRNA,firefly_luciferase,CCCCC/C=C\C/C=C\CCCCCCCC(=O)OCCN(CCOC(=O)CCCCCCC/C=C\C/C=C\CCCCC)CCCCC1NC(=O)C(NC1=O)CCCCN(CCOC(=O)CCCCCCC/C=C\C/C=C\CCCCC)CCOC(=O)CCCCCCC/C=C\C/C=C\CCCCC,CCCCCCCC/C=C\CCCCCCCC(=O)OC[C@H](COP(=O)(O)OCCN)OC(=O)CCCCCCC/C=C\CCCCCCCC,C[C@H](CCCC(C)C)[C@H]1CC[C@@H]2[C@@]1(CC[C@H]3[C@H]2CC=C4[C@@]3(CC[C@@H](C4)O)C)C,,59.0,,,0.055,,,99.0,,,,,,wt/wt,10.0,ionizable_lipid:RNA,"synthesis_method: Microfluidic; device_used: microfluidic chip device; total_flow_rate_ml_min: ; flow_rate_ratio: 3:1 (ethanol:aqueous); aqueous_phase_composition: 10 mM citrate buffer (pH 3); organic_phase_composition: ethanol with lipid mixture at 10 mg/mL; mixing_time_sec: ; temperature_condition: ; post_processing: dialyzed against 1X PBS in 20,000 MWCO cassette at 4¡ÆC for 2 hours; sterilization: ; storage_buffer: 1X PBS, stored at 4¡ÆC","cell_line: HeLa cells; dose: 50 ng per well; gene_expression_result: ~2¡¿10^6 RLU (No ApoE), ~5¡¿10^6 RLU (with ApoE); toxicity_profile: minimal toxicity observed",2.0,numeric,0.75,10.1002/anie.201809056,Customizable Lipid Nanoparticle Materials for the Delivery of siRNAs and mRNAs,"['Owen S. Fenton', 'Kevin J. Kauffman', 'Rebecca L. McClellan', 'James C. Kaczmarek', 'Manhao D. Zeng', 'Jason L. Andresen', 'Luke H. Rhym', 'Michael W. Heartlein', 'Frank DeRosa', 'Daniel G. Anderson']",Angewandte Chemie International Edition,2018.0,OF-Deg-Lin,DOPE,cholesterol,C14-PEG 2000,False,True,False,True,True,False,Potent only,1.0,False,False,False,False
446,OF-C4-Deg-Lin,DOPE,cholesterol,C14-PEG 2000,35:16:46.5:2.5,mRNA,firefly_luciferase,CCCCC/C=C\C/C=C\CCCCCCCC(=O)OCCCCN(CCCCOC(=O)CCCCCCC/C=C\C/C=C\CCCCC)CCCC[C@@H]1NC(=O)[C@@H](NC1=O)CCCCN(CCCCOC(=O)CCCCCCC/C=C\C/C=C\CCCCC)CCCCOC(=O)CCCCCCC/C=C\C/C=C\CCCCC,CCCCCCCC/C=C\CCCCCCCC(=O)OC[C@H](COP(=O)(O)OCCN)OC(=O)CCCCCCC/C=C\CCCCCCCC,C[C@H](CCCC(C)C)[C@H]1CC[C@@H]2[C@@]1(CC[C@H]3[C@H]2CC=C4[C@@]3(CC[C@@H](C4)O)C)C,,59.0,,,0.041,,,99.0,,,,,,wt/wt,10.0,ionizable_lipid:RNA,"synthesis_method: Microfluidic; device_used: microfluidic chip device; total_flow_rate_ml_min: ; flow_rate_ratio: 3:1 (ethanol:aqueous); aqueous_phase_composition: 10 mM citrate buffer (pH 3); organic_phase_composition: ethanol with lipid mixture at 10 mg/mL; mixing_time_sec: ; temperature_condition: ; post_processing: dialyzed against 1X PBS in 20,000 MWCO cassette at 4¡ÆC for 2 hours; sterilization: ; storage_buffer: 1X PBS, stored at 4¡ÆC","cell_line: HeLa cells; animal_model: female C57BL/6 mice; administration_route: IV (tail vein injection); dose: 0.75 mg/kg; gene_expression_result: ~6¡¿10^6 RLU (No ApoE), ~8¡¿10^6 RLU (with ApoE); biodistribution_result: >85% luminescence in spleen, minimal in liver and other organs",6.0,numeric,1.0,10.1002/anie.201809056,Customizable Lipid Nanoparticle Materials for the Delivery of siRNAs and mRNAs,"['Owen S. Fenton', 'Kevin J. Kauffman', 'Rebecca L. McClellan', 'James C. Kaczmarek', 'Manhao D. Zeng', 'Jason L. Andresen', 'Luke H. Rhym', 'Michael W. Heartlein', 'Frank DeRosa', 'Daniel G. Anderson']",Angewandte Chemie International Edition,2018.0,OF-C4-Deg-Lin,DOPE,cholesterol,C14-PEG 2000,False,True,False,True,True,False,Potent only,1.0,True,True,True,False
509,SM-102,DSPC,cholesterol,DMG-PEG2000,50:10:38.5:1.5,mRNA,"firefly_luciferase, epo, cre_recombinase",CCCCCCCCCCCOC(=O)CCCCCN(CCCCCCCC(=O)OC(CCCCCCCC)CCCCCCCC)CCO  ,CCCCCCCCCCCCCCCCCC(=O)OC[C@H](COP(=O)([O-])OCC[N+](C)(C)C)OC(=O)CCCCCCCCCCCCCCCCC,C[C@H](CCCC(C)C)[C@H]1CC[C@@H]2[C@@]1(CC[C@H]3[C@H]2CC=C4[C@@]3(CC[C@@H](C4)O)C)C,CCCCCCCCCCCCCC(=O)OCC(COP(=O)([O-])OCCOCCOCCOCCOCCOCCOCCOCCOCCOCCOCCOCCOCCOCCOCCOCCOCCOCCOCCOCCOCCOCCOCCOCCOCCOCCOCCOCCOCCOCCOCCOCCOCCOCCOCCOCCOCCOCCOCCOCCOCCOCCOCCOCCOCCOCCOCCOCCOCCOCCOCCOCCOCCOCCOCCOCCOCCOCCOCCOCCOCCOCCOCCOCCOCCOCCOCCOCCOCCOCCOCCOCCOCCOCCOCCOCCOCCOCCOCCOCCOCCOCCOCCOCCOCCOCCOCCOCCOCCOCCO)OC(=O)CCCCCCCCCCCCC,71.48,4.33,,0.106,0.016,,92.3,0.71,,,,,wt/wt,10.0,OTHER_wt_ratio,"synthesis_method: Microfluidic; device_used: Ignite, PNI, Canada; total_flow_rate_ml_min: 12; flow_rate_ratio: 1:3 (lipid phase:RNA phase); aqueous_phase_composition: PBS and 10.0 mM citrate buffer (volume ratio 2:1); organic_phase_composition: Ethanol; mixing_time_sec: ; temperature_condition: ; post_processing: 40-fold dilution in 1¡¿ PBS, ultrafiltration (Amicon Ultra-15 Centrifugal Filter Unit, UFC9010); sterilization: ; storage_buffer: 1¡¿ PBS","animal_model: BALB/c mice, C57BL/6 mice, LSL-tdTomato mice; administration_route: IV (intravenous); dose: 0.5 mg/kg, 0.1 mg/kg, 0.01 mg/kg; gene_expression_result: 84.5% protein expression maintained at second administration (hEPO); biodistribution_result: Primarily liver; cytokine_response: Anti-PEG IgM: 639.6 ¡¾ 131.2 U/ml, Complement C5a: 236.1 ¡¾ 52.4 pg/ml",84.5,percent,0.8,https://doi.org/10.34133/bmr.0017,Development of Lipid Nanoparticle Formulation for the Repeated Administration of mRNA Therapeutics,"['Yeji Lee', 'Michaela Jeong', 'Gyeongseok Lee', 'Jeongeun Park', 'Hyein Jung', 'Seongeun Im', 'Hyukjin Lee']",Biomaterials Research,2024.0,SM-102,DSPC,cholesterol,DMG-PEG 2000,False,True,True,True,True,True,Potent + Developable,0.0,True,False,False,False
510,SM-102,DSPC,cholesterol,C16-Ceramide-PEG2000,50:10:38.5:1.5,mRNA,"firefly_luciferase, epo, cre_recombinase",CCCCCCCCCCCOC(=O)CCCCCN(CCCCCCCC(=O)OC(CCCCCCCC)CCCCCCCC)CCO  ,CCCCCCCCCCCCCCCCCC(=O)OC[C@H](COP(=O)([O-])OCC[N+](C)(C)C)OC(=O)CCCCCCCCCCCCCCCCC,C[C@H](CCCC(C)C)[C@H]1CC[C@@H]2[C@@]1(CC[C@H]3[C@H]2CC=C4[C@@]3(CC[C@@H](C4)O)C)C,CCCCCCCCCCCCCCCC(=O)NC(COP(=O)([O-])OCCOCCOCCOCCOCCOCCOCCOCCOCCOCCOCCOCCOCCOCCOCCOCCOCCOCCOCCOCCOCCOCCOCCOCCOCCOCCOCCOCCOCCOCCOCCOCCOCCOCCOCCOCCOCCOCCOCCOCCOCCOCCOCCOCCOCCOCCOCCOCCOCCOCCOCCOCCOCCOCCOCCOCCOCCOCCOCCOCCOCCOCCOCCOCCOCCOCCOCCOCCOCCOCCOCCOCCOCCOCCOCCOCCOCCOCCOCCOCCOCCOCCOCCOCCOCCOCCOCCOCCOCCOCCO)C(O)C=CCCCCCCCCCCCC,82.84,4.86,,0.079,0.052,,92.9,0.42,,,,,wt/wt,10.0,OTHER_wt_ratio,"synthesis_method: Microfluidic; device_used: Ignite, PNI, Canada; total_flow_rate_ml_min: 12; flow_rate_ratio: 1:3 (lipid phase:RNA phase); aqueous_phase_composition: PBS and 10.0 mM citrate buffer (volume ratio 2:1); organic_phase_composition: Ethanol; mixing_time_sec: ; temperature_condition: ; post_processing: 40-fold dilution in 1¡¿ PBS, ultrafiltration (Amicon Ultra-15 Centrifugal Filter Unit, UFC9010); sterilization: ; storage_buffer: 1¡¿ PBS","animal_model: BALB/c mice, C57BL/6 mice, LSL-tdTomato mice; administration_route: IV (intravenous); dose: 0.5 mg/kg, 0.1 mg/kg, 0.01 mg/kg; gene_expression_result: 43.4% protein expression maintained at second administration (hEPO); biodistribution_result: Primarily liver; cytokine_response: Anti-PEG IgM: 1817.7 ¡¾ 398.7 U/ml, Complement C5a: 348.7 ¡¾ 89.2 pg/ml, MCP-1: 340.8 ¡¾ 15.6 pg/ml",43.4,percent,0.4,https://doi.org/10.34133/bmr.0017,Development of Lipid Nanoparticle Formulation for the Repeated Administration of mRNA Therapeutics,"['Yeji Lee', 'Michaela Jeong', 'Gyeongseok Lee', 'Jeongeun Park', 'Hyein Jung', 'Seongeun Im', 'Hyukjin Lee']",Biomaterials Research,2024.0,SM-102,DSPC,cholesterol,C16-PEG 2000 ceramide,False,False,True,True,True,True,Developable only,0.0,False,False,False,False
511,244-cis,DOPE,cholesterol,C16-Ceramide-PEG2000,26.5:20:52:1.5,mRNA,"firefly_luciferase, epo, cre_recombinase",CCCCCC/C=C\COC(=O)CCCCCCCCN1CCN(CC1)CCN(CCCCCCCCC(=O)OC/C=C\CCCCCC)CCCCCCCCC(=O)OC/C=C\CCCCCC,CCCCCCCC/C=C\CCCCCCCC(=O)OC[C@H](COP(=O)(O)OCCN)OC(=O)CCCCCCC/C=C\CCCCCCCC,C[C@H](CCCC(C)C)[C@H]1CC[C@@H]2[C@@]1(CC[C@H]3[C@H]2CC=C4[C@@]3(CC[C@@H](C4)O)C)C,CCCCCCCCCCCCCCCC(=O)NC(COP(=O)([O-])OCCOCCOCCOCCOCCOCCOCCOCCOCCOCCOCCOCCOCCOCCOCCOCCOCCOCCOCCOCCOCCOCCOCCOCCOCCOCCOCCOCCOCCOCCOCCOCCOCCOCCOCCOCCOCCOCCOCCOCCOCCOCCOCCOCCOCCOCCOCCOCCOCCOCCOCCOCCOCCOCCOCCOCCOCCOCCOCCOCCOCCOCCOCCOCCOCCOCCOCCOCCOCCOCCOCCOCCOCCOCCOCCOCCOCCOCCOCCOCCOCCOCCOCCOCCOCCOCCOCCOCCOCCOCCO)C(O)C=CCCCCCCCCCCCC,69.41,2.71,,0.077,0.008,,91.7,2.12,,,,,wt/wt,10.0,OTHER_wt_ratio,"synthesis_method: Microfluidic; device_used: Ignite, PNI, Canada; total_flow_rate_ml_min: 12; flow_rate_ratio: 1:3 (lipid phase:RNA phase); aqueous_phase_composition: PBS and 10.0 mM citrate buffer (volume ratio 2:1); organic_phase_composition: Ethanol; mixing_time_sec: ; temperature_condition: ; post_processing: 40-fold dilution in 1¡¿ PBS, ultrafiltration (Amicon Ultra-15 Centrifugal Filter Unit, UFC9010); sterilization: ; storage_buffer: 1¡¿ PBS","animal_model: BALB/c mice, C57BL/6 mice, LSL-tdTomato mice; administration_route: IV (intravenous); dose: 0.5 mg/kg, 0.1 mg/kg, 0.01 mg/kg; gene_expression_result: 22.2% protein expression maintained at second administration (hEPO), 41.2% (fLuc); biodistribution_result: Primarily liver; cytokine_response: Anti-PEG IgM: 1817.7 ¡¾ 398.7 U/ml, Complement C5a: 348.7 ¡¾ 89.2 pg/ml, MCP-1: 187.0 ¡¾ 45.4 pg/ml",22.2,percent,0.2,https://doi.org/10.34133/bmr.0017,Development of Lipid Nanoparticle Formulation for the Repeated Administration of mRNA Therapeutics,"['Yeji Lee', 'Michaela Jeong', 'Gyeongseok Lee', 'Jeongeun Park', 'Hyein Jung', 'Seongeun Im', 'Hyukjin Lee']",Biomaterials Research,2024.0,244-cis,DOPE,cholesterol,C16-PEG 2000 ceramide,False,False,True,True,True,True,Developable only,0.0,False,False,False,False
512,244-cis,DOPE,cholesterol,DMG-PEG2000,26.5:20:52:1.5,mRNA,"firefly_luciferase, epo, cre_recombinase",CCCCCC/C=C\COC(=O)CCCCCCCCN1CCN(CC1)CCN(CCCCCCCCC(=O)OC/C=C\CCCCCC)CCCCCCCCC(=O)OC/C=C\CCCCCC,CCCCCCCC/C=C\CCCCCCCC(=O)OC[C@H](COP(=O)(O)OCCN)OC(=O)CCCCCCC/C=C\CCCCCCCC,C[C@H](CCCC(C)C)[C@H]1CC[C@@H]2[C@@]1(CC[C@H]3[C@H]2CC=C4[C@@]3(CC[C@@H](C4)O)C)C,CCCCCCCCCCCCCC(=O)OCC(COP(=O)([O-])OCCOCCOCCOCCOCCOCCOCCOCCOCCOCCOCCOCCOCCOCCOCCOCCOCCOCCOCCOCCOCCOCCOCCOCCOCCOCCOCCOCCOCCOCCOCCOCCOCCOCCOCCOCCOCCOCCOCCOCCOCCOCCOCCOCCOCCOCCOCCOCCOCCOCCOCCOCCOCCOCCOCCOCCOCCOCCOCCOCCOCCOCCOCCOCCOCCOCCOCCOCCOCCOCCOCCOCCOCCOCCOCCOCCOCCOCCOCCOCCOCCOCCOCCOCCOCCOCCOCCOCCOCCOCCO)OC(=O)CCCCCCCCCCCCC,68.29,7.33,,0.11,0.018,,91.1,1.7,,,,,wt/wt,10.0,OTHER_wt_ratio,"synthesis_method: Microfluidic; device_used: Ignite, PNI, Canada; total_flow_rate_ml_min: 12; flow_rate_ratio: 1:3 (lipid phase:RNA phase); aqueous_phase_composition: PBS and 10.0 mM citrate buffer (volume ratio 2:1); organic_phase_composition: Ethanol; mixing_time_sec: ; temperature_condition: ; post_processing: 40-fold dilution in 1¡¿ PBS, ultrafiltration (Amicon Ultra-15 Centrifugal Filter Unit, UFC9010); sterilization: ; storage_buffer: 1¡¿ PBS","animal_model: BALB/c mice, C57BL/6 mice, LSL-tdTomato mice; administration_route: IV (intravenous); dose: 0.5 mg/kg, 0.1 mg/kg, 0.01 mg/kg; gene_expression_result: 70.2% protein expression maintained at second administration (hEPO), 88.0% (fLuc); biodistribution_result: Primarily liver; cytokine_response: Anti-PEG IgM: 639.6 ¡¾ 131.2 U/ml, Complement C5a: 236.1 ¡¾ 52.4 pg/ml",70.2,percent,0.6,https://doi.org/10.34133/bmr.0017,Development of Lipid Nanoparticle Formulation for the Repeated Administration of mRNA Therapeutics,"['Yeji Lee', 'Michaela Jeong', 'Gyeongseok Lee', 'Jeongeun Park', 'Hyein Jung', 'Seongeun Im', 'Hyukjin Lee']",Biomaterials Research,2024.0,244-cis,DOPE,cholesterol,DMG-PEG 2000,False,True,True,True,True,True,Potent + Developable,0.0,False,False,False,False
513,244-cis,DOPE,cholesterol,DMG-PEG2000,26.5:20:52.4:1.1,mRNA,"firefly_luciferase, epo, cre_recombinase",CCCCCC/C=C\COC(=O)CCCCCCCCN1CCN(CC1)CCN(CCCCCCCCC(=O)OC/C=C\CCCCCC)CCCCCCCCC(=O)OC/C=C\CCCCCC,CCCCCCCC/C=C\CCCCCCCC(=O)OC[C@H](COP(=O)(O)OCCN)OC(=O)CCCCCCC/C=C\CCCCCCCC,C[C@H](CCCC(C)C)[C@H]1CC[C@@H]2[C@@]1(CC[C@H]3[C@H]2CC=C4[C@@]3(CC[C@@H](C4)O)C)C,CCCCCCCCCCCCCC(=O)OCC(COP(=O)([O-])OCCOCCOCCOCCOCCOCCOCCOCCOCCOCCOCCOCCOCCOCCOCCOCCOCCOCCOCCOCCOCCOCCOCCOCCOCCOCCOCCOCCOCCOCCOCCOCCOCCOCCOCCOCCOCCOCCOCCOCCOCCOCCOCCOCCOCCOCCOCCOCCOCCOCCOCCOCCOCCOCCOCCOCCOCCOCCOCCOCCOCCOCCOCCOCCOCCOCCOCCOCCOCCOCCOCCOCCOCCOCCOCCOCCOCCOCCOCCOCCOCCOCCOCCOCCOCCOCCOCCOCCOCCOCCO)OC(=O)CCCCCCCCCCCCC,78.37,6.19,,0.074,0.006,,89.5,1.7,,,,,wt/wt,10.0,OTHER_wt_ratio,"synthesis_method: Microfluidic; device_used: Ignite, PNI, Canada; total_flow_rate_ml_min: 12; flow_rate_ratio: 1:3 (lipid phase:RNA phase); aqueous_phase_composition: PBS and 10.0 mM citrate buffer (volume ratio 2:1); organic_phase_composition: Ethanol; mixing_time_sec: ; temperature_condition: ; post_processing: 40-fold dilution in 1¡¿ PBS, ultrafiltration (Amicon Ultra-15 Centrifugal Filter Unit, UFC9010); sterilization: ; storage_buffer: 1¡¿ PBS","animal_model: BALB/c mice, C57BL/6 mice, LSL-tdTomato mice; administration_route: IV (intravenous); dose: 0.5 mg/kg, 0.1 mg/kg, 0.01 mg/kg; gene_expression_result: 99.0% protein expression maintained at second administration (hEPO), 101.2% (fLuc); biodistribution_result: Primarily liver; cytokine_response: Anti-PEG IgM: 734.5 ¡¾ 165.3 U/ml, Complement C5a: 91.2 ¡¾ 23.4 pg/ml",99.0,percent,1.0,https://doi.org/10.34133/bmr.0017,Development of Lipid Nanoparticle Formulation for the Repeated Administration of mRNA Therapeutics,"['Yeji Lee', 'Michaela Jeong', 'Gyeongseok Lee', 'Jeongeun Park', 'Hyein Jung', 'Seongeun Im', 'Hyukjin Lee']",Biomaterials Research,2024.0,244-cis,DOPE,cholesterol,DMG-PEG 2000,False,True,True,True,True,True,Potent + Developable,0.0,True,False,False,True
574,Custom lipid,DOPE,cholesterol,C14-PEG2000,35:2.5:46.5:16,mRNA,firefly_luciferase,,CCCCCCCC/C=C\CCCCCCCC(=O)OC[C@H](COP(=O)(O)OCCN)OC(=O)CCCCCCC/C=C\CCCCCCCC,C[C@H](CCCC(C)C)[C@H]1CC[C@@H]2[C@@]1(CC[C@H]3[C@H]2CC=C4[C@@]3(CC[C@@H](C4)O)C)C,CCCCCCCCCCCCCCOC(=O)CCOCCOCCOCCOCCOCCOCCOCCOCCOCCOCCOCCOCCOCCOCCOCCOCCOCCOCCOCCOCCOCCOCCOCCOCCOCCOCCOCCOCCOCCOCCOCCOCCOCCOCCOCCOCCOCCOCCOCCOCCOCCOCCOCCOCCOCCOCCOCCOCCOCCOCCOCCOCCOCCOCCOCCOCCOCCOCCOCCOCCOCCOCCOCCOCCOCCOCCOCCOCCOCCOCCOCCOCCOCCOCCOCCOCCOCCOCCOCCOCCOCCOCCOCCOCCOCCOCCOCCOCCOCCO,105.0,,,0.3,,,65.0,,,-10.5,,,wt/wt,10.0,OTHER_wt_ratio,"synthesis_method: Microfluidic; device_used: microfluidic herringbone mixing devices; total_flow_rate_ml_min: ; flow_rate_ratio: 1:3 (organic:aqueous); aqueous_phase_composition: 10 mM citrate buffer at pH 3; organic_phase_composition: ethanol; mixing_time_sec: ; temperature_condition: ; post_processing: dialyzed against 1X PBS in 20 kDa molecular weight cutoff dialysis cassettes for 2 h and sterile filtered through 0.22 ¥ìm syringe filters; sterilization: 0.22 ¥ìm sterile filtration; storage_buffer: 1X PBS, stored at 4¡ÆC",cell_line: HepG2; animal_model: BALB/cJ female mice (6-8 weeks old); administration_route: IV (lateral tail vein); dose: 0.1 mg/kg (FLuc mRNA); gene_expression_result: ~2¡¿10^7 total flux (liver); biodistribution_result: primarily liver targeting; toxicity_profile: no significant cytotoxicity observed,2.0,numeric,0.625,10.1002/jbm.a.37705,Influence of ionizable lipid tail length on lipid nanoparticle delivery of mRNA of varying length,"['Kaitlin Mrksich', 'Marshall S. Padilla', 'Ryann A. Joseph', 'Emily L. Han', 'Dongyoon Kim', 'Rohan Palanki', 'Junchao Xu', 'Michael J. Mitchell']",Journal of Biomedical Materials Research Part A,2024.0,C8-200,DOPE,cholesterol,C14-PEG2000,False,True,True,False,False,False,Potent only,0.0,False,False,False,False
575,C9-200,DOPE,cholesterol,C14-PEG2000,35:2.5:46.5:16,mRNA,firefly_luciferase,CCCCCCCC(O)CN(CCN1CCN(CCN(CC(O)CCCCCCC)CC(O)CCCCCCC)CC1)CCN(CC(O)CCCCCCC)CC(O)CCCCCCC,CCCCCCCC/C=C\CCCCCCCC(=O)OC[C@H](COP(=O)(O)OCCN)OC(=O)CCCCCCC/C=C\CCCCCCCC,C[C@H](CCCC(C)C)[C@H]1CC[C@@H]2[C@@]1(CC[C@H]3[C@H]2CC=C4[C@@]3(CC[C@@H](C4)O)C)C,CCCCCCCCCCCCCCOC(=O)CCOCCOCCOCCOCCOCCOCCOCCOCCOCCOCCOCCOCCOCCOCCOCCOCCOCCOCCOCCOCCOCCOCCOCCOCCOCCOCCOCCOCCOCCOCCOCCOCCOCCOCCOCCOCCOCCOCCOCCOCCOCCOCCOCCOCCOCCOCCOCCOCCOCCOCCOCCOCCOCCOCCOCCOCCOCCOCCOCCOCCOCCOCCOCCOCCOCCOCCOCCOCCOCCOCCOCCOCCOCCOCCOCCOCCOCCOCCOCCOCCOCCOCCOCCOCCOCCOCCOCCOCCOCCO,120.0,,,0.28,,,47.0,,,5.2,,,wt/wt,10.0,OTHER_wt_ratio,"synthesis_method: Microfluidic; device_used: microfluidic herringbone mixing devices; total_flow_rate_ml_min: ; flow_rate_ratio: 1:3 (organic:aqueous); aqueous_phase_composition: 10 mM citrate buffer at pH 3; organic_phase_composition: ethanol; mixing_time_sec: ; temperature_condition: ; post_processing: dialyzed against 1X PBS in 20 kDa molecular weight cutoff dialysis cassettes for 2 h and sterile filtered through 0.22 ¥ìm syringe filters; sterilization: 0.22 ¥ìm sterile filtration; storage_buffer: 1X PBS, stored at 4¡ÆC","cell_line: HepG2; animal_model: BALB/cJ female mice (6-8 weeks old); administration_route: IV (lateral tail vein); dose: 0.1 mg/kg (FLuc mRNA), 0.1 mg/kg (EPO mRNA), 0.5 mg/kg (Cas9 mRNA); gene_expression_result: ~3¡¿10^8 total flux (liver, FLuc); 35% indels (Cas9); biodistribution_result: primarily liver targeting; toxicity_profile: no significant cytotoxicity observed",3.0,numeric,0.8125,10.1002/jbm.a.37705,Influence of ionizable lipid tail length on lipid nanoparticle delivery of mRNA of varying length,"['Kaitlin Mrksich', 'Marshall S. Padilla', 'Ryann A. Joseph', 'Emily L. Han', 'Dongyoon Kim', 'Rohan Palanki', 'Junchao Xu', 'Michael J. Mitchell']",Journal of Biomedical Materials Research Part A,2024.0,C9-200,DOPE,cholesterol,C14-PEG2000,False,True,True,True,False,False,Potent only,0.0,False,False,False,False
576,C10-200,DOPE,cholesterol,C14-PEG2000,35:2.5:46.5:16,mRNA,firefly_luciferase,OC(CN(CCN1CCN(CC1)CCN(CC(O)CCCCCCCC)CC(O)CCCCCCCC)CCN(CC(O)CCCCCCCC)CC(O)CCCCCCCC)CCCCCCCC,CCCCCCCC/C=C\CCCCCCCC(=O)OC[C@H](COP(=O)(O)OCCN)OC(=O)CCCCCCC/C=C\CCCCCCCC,C[C@H](CCCC(C)C)[C@H]1CC[C@@H]2[C@@]1(CC[C@H]3[C@H]2CC=C4[C@@]3(CC[C@@H](C4)O)C)C,CCCCCCCCCCCCCCOC(=O)CCOCCOCCOCCOCCOCCOCCOCCOCCOCCOCCOCCOCCOCCOCCOCCOCCOCCOCCOCCOCCOCCOCCOCCOCCOCCOCCOCCOCCOCCOCCOCCOCCOCCOCCOCCOCCOCCOCCOCCOCCOCCOCCOCCOCCOCCOCCOCCOCCOCCOCCOCCOCCOCCOCCOCCOCCOCCOCCOCCOCCOCCOCCOCCOCCOCCOCCOCCOCCOCCOCCOCCOCCOCCOCCOCCOCCOCCOCCOCCOCCOCCOCCOCCOCCOCCOCCOCCOCCOCCO,85.0,,,0.18,,,95.0,,,-4.2,,,wt/wt,10.0,OTHER_wt_ratio,"synthesis_method: Microfluidic; device_used: microfluidic herringbone mixing devices; total_flow_rate_ml_min: ; flow_rate_ratio: 1:3 (organic:aqueous); aqueous_phase_composition: 10 mM citrate buffer at pH 3; organic_phase_composition: ethanol; mixing_time_sec: ; temperature_condition: ; post_processing: dialyzed against 1X PBS in 20 kDa molecular weight cutoff dialysis cassettes for 2 h and sterile filtered through 0.22 ¥ìm syringe filters; sterilization: 0.22 ¥ìm sterile filtration; storage_buffer: 1X PBS, stored at 4¡ÆC","cell_line: HepG2; animal_model: BALB/cJ female mice (6-8 weeks old); administration_route: IV (lateral tail vein); dose: 0.1 mg/kg (FLuc mRNA), 0.1 mg/kg (EPO mRNA), 0.5 mg/kg (Cas9 mRNA); gene_expression_result: ~1¡¿10^9 total flux (liver, FLuc) - 10-fold increase vs C12-200; biodistribution_result: primarily liver targeting; toxicity_profile: no significant cytotoxicity observed",1.0,numeric,0.3125,10.1002/jbm.a.37705,Influence of ionizable lipid tail length on lipid nanoparticle delivery of mRNA of varying length,"['Kaitlin Mrksich', 'Marshall S. Padilla', 'Ryann A. Joseph', 'Emily L. Han', 'Dongyoon Kim', 'Rohan Palanki', 'Junchao Xu', 'Michael J. Mitchell']",Journal of Biomedical Materials Research Part A,2024.0,C10-200,DOPE,cholesterol,C14-PEG2000,False,False,True,True,True,True,Developable only,0.0,False,False,False,False
577,Custom lipid,DOPE,cholesterol,C14-PEG2000,35:2.5:46.5:16,mRNA,firefly_luciferase,,CCCCCCCC/C=C\CCCCCCCC(=O)OC[C@H](COP(=O)(O)OCCN)OC(=O)CCCCCCC/C=C\CCCCCCCC,C[C@H](CCCC(C)C)[C@H]1CC[C@@H]2[C@@]1(CC[C@H]3[C@H]2CC=C4[C@@]3(CC[C@@H](C4)O)C)C,CCCCCCCCCCCCCCOC(=O)CCOCCOCCOCCOCCOCCOCCOCCOCCOCCOCCOCCOCCOCCOCCOCCOCCOCCOCCOCCOCCOCCOCCOCCOCCOCCOCCOCCOCCOCCOCCOCCOCCOCCOCCOCCOCCOCCOCCOCCOCCOCCOCCOCCOCCOCCOCCOCCOCCOCCOCCOCCOCCOCCOCCOCCOCCOCCOCCOCCOCCOCCOCCOCCOCCOCCOCCOCCOCCOCCOCCOCCOCCOCCOCCOCCOCCOCCOCCOCCOCCOCCOCCOCCOCCOCCOCCOCCOCCOCCO,90.0,,,0.16,,,62.0,,,7.8,,,wt/wt,10.0,OTHER_wt_ratio,"synthesis_method: Microfluidic; device_used: microfluidic herringbone mixing devices; total_flow_rate_ml_min: ; flow_rate_ratio: 1:3 (organic:aqueous); aqueous_phase_composition: 10 mM citrate buffer at pH 3; organic_phase_composition: ethanol; mixing_time_sec: ; temperature_condition: ; post_processing: dialyzed against 1X PBS in 20 kDa molecular weight cutoff dialysis cassettes for 2 h and sterile filtered through 0.22 ¥ìm syringe filters; sterilization: 0.22 ¥ìm sterile filtration; storage_buffer: 1X PBS, stored at 4¡ÆC","cell_line: HepG2; animal_model: BALB/cJ female mice (6-8 weeks old); administration_route: IV (lateral tail vein); dose: 0.1 mg/kg (FLuc mRNA), 0.1 mg/kg (EPO mRNA), 0.5 mg/kg (Cas9 mRNA); gene_expression_result: ~1¡¿10^8 total flux (liver, FLuc); biodistribution_result: primarily liver targeting; toxicity_profile: no significant cytotoxicity observed",1.0,numeric,0.3125,10.1002/jbm.a.37705,Influence of ionizable lipid tail length on lipid nanoparticle delivery of mRNA of varying length,"['Kaitlin Mrksich', 'Marshall S. Padilla', 'Ryann A. Joseph', 'Emily L. Han', 'Dongyoon Kim', 'Rohan Palanki', 'Junchao Xu', 'Michael J. Mitchell']",Journal of Biomedical Materials Research Part A,2024.0,C11-200,DOPE,cholesterol,C14-PEG2000,False,False,True,True,False,False,Neither,0.0,False,False,False,False
578,C12-200,DOPE,cholesterol,C14-PEG2000,35:2.5:46.5:16,mRNA,"firefly_luciferase, epo, cas9",NCCN1CCN(CCN(CC(O)CCCCCCCCCCCC)CC(O)CCCCCCCCCCCC)CC1CN(CC(O)CCCCCCCCCCCC)CN(CC(O)CCCCCCCCCCCC)CC(O)CCCCCCCCCCCC,CCCCCCCC/C=C\CCCCCCCC(=O)OC[C@H](COP(=O)(O)OCCN)OC(=O)CCCCCCC/C=C\CCCCCCCC,C[C@H](CCCC(C)C)[C@H]1CC[C@@H]2[C@@]1(CC[C@H]3[C@H]2CC=C4[C@@]3(CC[C@@H](C4)O)C)C,CCCCCCCCCCCCCCOC(=O)CCOCCOCCOCCOCCOCCOCCOCCOCCOCCOCCOCCOCCOCCOCCOCCOCCOCCOCCOCCOCCOCCOCCOCCOCCOCCOCCOCCOCCOCCOCCOCCOCCOCCOCCOCCOCCOCCOCCOCCOCCOCCOCCOCCOCCOCCOCCOCCOCCOCCOCCOCCOCCOCCOCCOCCOCCOCCOCCOCCOCCOCCOCCOCCOCCOCCOCCOCCOCCOCCOCCOCCOCCOCCOCCOCCOCCOCCOCCOCCOCCOCCOCCOCCOCCOCCOCCOCCOCCOCCO,82.0,,,0.22,,,87.0,,,-9.8,,,wt/wt,10.0,OTHER_wt_ratio,"synthesis_method: Microfluidic; device_used: microfluidic herringbone mixing devices; total_flow_rate_ml_min: ; flow_rate_ratio: 1:3 (organic:aqueous); aqueous_phase_composition: 10 mM citrate buffer at pH 3; organic_phase_composition: ethanol; mixing_time_sec: ; temperature_condition: ; post_processing: dialyzed against 1X PBS in 20 kDa molecular weight cutoff dialysis cassettes for 2 h and sterile filtered through 0.22 ¥ìm syringe filters; sterilization: 0.22 ¥ìm sterile filtration; storage_buffer: 1X PBS, stored at 4¡ÆC","cell_line: HepG2; animal_model: BALB/cJ female mice (6-8 weeks old); administration_route: IV (lateral tail vein); dose: 0.1 mg/kg (FLuc mRNA), 0.1 mg/kg (EPO mRNA), 0.5 mg/kg (Cas9 mRNA); gene_expression_result: ~1¡¿10^8 total flux (liver, FLuc); ~10,000 mU/mL EPO at 6h; 10% indels (Cas9); biodistribution_result: primarily liver targeting; toxicity_profile: no significant cytotoxicity observed",1.0,numeric,0.3125,10.1002/jbm.a.37705,Influence of ionizable lipid tail length on lipid nanoparticle delivery of mRNA of varying length,"['Kaitlin Mrksich', 'Marshall S. Padilla', 'Ryann A. Joseph', 'Emily L. Han', 'Dongyoon Kim', 'Rohan Palanki', 'Junchao Xu', 'Michael J. Mitchell']",Journal of Biomedical Materials Research Part A,2024.0,C12-200,DOPE,cholesterol,C14-PEG2000,False,False,True,True,True,True,Developable only,0.0,False,False,False,False
579,Custom lipid,DOPE,cholesterol,C14-PEG2000,35:2.5:46.5:16,mRNA,"firefly_luciferase, epo",,CCCCCCCC/C=C\CCCCCCCC(=O)OC[C@H](COP(=O)(O)OCCN)OC(=O)CCCCCCC/C=C\CCCCCCCC,C[C@H](CCCC(C)C)[C@H]1CC[C@@H]2[C@@]1(CC[C@H]3[C@H]2CC=C4[C@@]3(CC[C@@H](C4)O)C)C,CCCCCCCCCCCCCCOC(=O)CCOCCOCCOCCOCCOCCOCCOCCOCCOCCOCCOCCOCCOCCOCCOCCOCCOCCOCCOCCOCCOCCOCCOCCOCCOCCOCCOCCOCCOCCOCCOCCOCCOCCOCCOCCOCCOCCOCCOCCOCCOCCOCCOCCOCCOCCOCCOCCOCCOCCOCCOCCOCCOCCOCCOCCOCCOCCOCCOCCOCCOCCOCCOCCOCCOCCOCCOCCOCCOCCOCCOCCOCCOCCOCCOCCOCCOCCOCCOCCOCCOCCOCCOCCOCCOCCOCCOCCOCCOCCO,88.0,,,0.19,,,74.0,,,9.2,,,wt/wt,10.0,OTHER_wt_ratio,"synthesis_method: Microfluidic; device_used: microfluidic herringbone mixing devices; total_flow_rate_ml_min: ; flow_rate_ratio: 1:3 (organic:aqueous); aqueous_phase_composition: 10 mM citrate buffer at pH 3; organic_phase_composition: ethanol; mixing_time_sec: ; temperature_condition: ; post_processing: dialyzed against 1X PBS in 20 kDa molecular weight cutoff dialysis cassettes for 2 h and sterile filtered through 0.22 ¥ìm syringe filters; sterilization: 0.22 ¥ìm sterile filtration; storage_buffer: 1X PBS, stored at 4¡ÆC","cell_line: HepG2; animal_model: BALB/cJ female mice (6-8 weeks old); administration_route: IV (lateral tail vein); dose: 0.1 mg/kg (FLuc mRNA), 0.1 mg/kg (EPO mRNA), 0.5 mg/kg (Cas9 mRNA); gene_expression_result: ~1¡¿10^8 total flux (liver, FLuc); ~15,000 mU/mL EPO at 6h (similar to C12-200); biodistribution_result: primarily liver targeting; toxicity_profile: no significant cytotoxicity observed",1.0,numeric,0.3125,10.1002/jbm.a.37705,Influence of ionizable lipid tail length on lipid nanoparticle delivery of mRNA of varying length,"['Kaitlin Mrksich', 'Marshall S. Padilla', 'Ryann A. Joseph', 'Emily L. Han', 'Dongyoon Kim', 'Rohan Palanki', 'Junchao Xu', 'Michael J. Mitchell']",Journal of Biomedical Materials Research Part A,2024.0,C13-200,DOPE,cholesterol,C14-PEG2000,False,False,True,True,False,False,Neither,0.0,False,False,False,False
580,Custom lipid,DOPE,cholesterol,C14-PEG2000,35:2.5:46.5:16,mRNA,firefly_luciferase,,CCCCCCCC/C=C\CCCCCCCC(=O)OC[C@H](COP(=O)(O)OCCN)OC(=O)CCCCCCC/C=C\CCCCCCCC,C[C@H](CCCC(C)C)[C@H]1CC[C@@H]2[C@@]1(CC[C@H]3[C@H]2CC=C4[C@@]3(CC[C@@H](C4)O)C)C,CCCCCCCCCCCCCCOC(=O)CCOCCOCCOCCOCCOCCOCCOCCOCCOCCOCCOCCOCCOCCOCCOCCOCCOCCOCCOCCOCCOCCOCCOCCOCCOCCOCCOCCOCCOCCOCCOCCOCCOCCOCCOCCOCCOCCOCCOCCOCCOCCOCCOCCOCCOCCOCCOCCOCCOCCOCCOCCOCCOCCOCCOCCOCCOCCOCCOCCOCCOCCOCCOCCOCCOCCOCCOCCOCCOCCOCCOCCOCCOCCOCCOCCOCCOCCOCCOCCOCCOCCOCCOCCOCCOCCOCCOCCOCCOCCO,108.0,,,0.33,,,68.0,,,-5.1,,,wt/wt,10.0,OTHER_wt_ratio,"synthesis_method: Microfluidic; device_used: microfluidic herringbone mixing devices; total_flow_rate_ml_min: ; flow_rate_ratio: 1:3 (organic:aqueous); aqueous_phase_composition: 10 mM citrate buffer at pH 3; organic_phase_composition: ethanol; mixing_time_sec: ; temperature_condition: ; post_processing: dialyzed against 1X PBS in 20 kDa molecular weight cutoff dialysis cassettes for 2 h and sterile filtered through 0.22 ¥ìm syringe filters; sterilization: 0.22 ¥ìm sterile filtration; storage_buffer: 1X PBS, stored at 4¡ÆC","cell_line: HepG2; animal_model: BALB/cJ female mice (6-8 weeks old); administration_route: IV (lateral tail vein); dose: 0.1 mg/kg (FLuc mRNA), 0.1 mg/kg (EPO mRNA), 0.5 mg/kg (Cas9 mRNA); gene_expression_result: ~5¡¿10^7 total flux (liver, FLuc); biodistribution_result: primarily liver targeting; toxicity_profile: no significant cytotoxicity observed",5.0,numeric,1.0,10.1002/jbm.a.37705,Influence of ionizable lipid tail length on lipid nanoparticle delivery of mRNA of varying length,"['Kaitlin Mrksich', 'Marshall S. Padilla', 'Ryann A. Joseph', 'Emily L. Han', 'Dongyoon Kim', 'Rohan Palanki', 'Junchao Xu', 'Michael J. Mitchell']",Journal of Biomedical Materials Research Part A,2024.0,C14-200,DOPE,cholesterol,C14-PEG2000,False,True,True,False,False,False,Potent only,0.0,False,False,False,True
582,Custom lipid,DOPE,cholesterol,C14-PEG2000,35:2.5:46.5:16,mRNA,firefly_luciferase,,CCCCCCCC/C=C\CCCCCCCC(=O)OC[C@H](COP(=O)(O)OCCN)OC(=O)CCCCCCC/C=C\CCCCCCCC,C[C@H](CCCC(C)C)[C@H]1CC[C@@H]2[C@@]1(CC[C@H]3[C@H]2CC=C4[C@@]3(CC[C@@H](C4)O)C)C,CCCCCCCCCCCCCCOC(=O)CCOCCOCCOCCOCCOCCOCCOCCOCCOCCOCCOCCOCCOCCOCCOCCOCCOCCOCCOCCOCCOCCOCCOCCOCCOCCOCCOCCOCCOCCOCCOCCOCCOCCOCCOCCOCCOCCOCCOCCOCCOCCOCCOCCOCCOCCOCCOCCOCCOCCOCCOCCOCCOCCOCCOCCOCCOCCOCCOCCOCCOCCOCCOCCOCCOCCOCCOCCOCCOCCOCCOCCOCCOCCOCCOCCOCCOCCOCCOCCOCCOCCOCCOCCOCCOCCOCCOCCOCCOCCO,95.0,,,0.21,,,58.0,,,-6.1,,,wt/wt,10.0,OTHER_wt_ratio,"synthesis_method: Microfluidic; device_used: microfluidic herringbone mixing devices; total_flow_rate_ml_min: ; flow_rate_ratio: 1:3 (organic:aqueous); aqueous_phase_composition: 10 mM citrate buffer at pH 3; organic_phase_composition: ethanol; mixing_time_sec: ; temperature_condition: ; post_processing: dialyzed against 1X PBS in 20 kDa molecular weight cutoff dialysis cassettes for 2 h and sterile filtered through 0.22 ¥ìm syringe filters; sterilization: 0.22 ¥ìm sterile filtration; storage_buffer: 1X PBS, stored at 4¡ÆC","cell_line: HepG2; animal_model: BALB/cJ female mice (6-8 weeks old); administration_route: IV (lateral tail vein); dose: 0.1 mg/kg (FLuc mRNA), 0.5 mg/kg (Cas9 mRNA); gene_expression_result: ~3¡¿10^7 total flux (liver, FLuc); <2% indels (Cas9); biodistribution_result: reduced liver targeting compared to shorter chain ILs; toxicity_profile: no significant cytotoxicity observed",3.0,numeric,0.8125,10.1002/jbm.a.37705,Influence of ionizable lipid tail length on lipid nanoparticle delivery of mRNA of varying length,"['Kaitlin Mrksich', 'Marshall S. Padilla', 'Ryann A. Joseph', 'Emily L. Han', 'Dongyoon Kim', 'Rohan Palanki', 'Junchao Xu', 'Michael J. Mitchell']",Journal of Biomedical Materials Research Part A,2024.0,C16-200,DOPE,cholesterol,C14-PEG2000,False,True,True,True,False,False,Potent only,0.0,False,False,False,False
622,Custom lipid,DOPE,cholesterol,C14-PEG2000,35:16:46.5:2.5,mRNA,"luciferase, mcherry, vegf",,CCCCCCCC/C=C\CCCCCCCC(=O)OC[C@H](COP(=O)(O)OCCN)OC(=O)CCCCCCC/C=C\CCCCCCCC,C[C@H](CCCC(C)C)[C@H]1CC[C@@H]2[C@@]1(CC[C@H]3[C@H]2CC=C4[C@@]3(CC[C@@H](C4)O)C)C,CCCCCCCCCCCCCCOC(=O)CCOCCOCCOCCOCCOCCOCCOCCOCCOCCOCCOCCOCCOCCOCCOCCOCCOCCOCCOCCOCCOCCOCCOCCOCCOCCOCCOCCOCCOCCOCCOCCOCCOCCOCCOCCOCCOCCOCCOCCOCCOCCOCCOCCOCCOCCOCCOCCOCCOCCOCCOCCOCCOCCOCCOCCOCCOCCOCCOCCOCCOCCOCCOCCOCCOCCOCCOCCOCCOCCOCCOCCOCCOCCOCCOCCOCCOCCOCCOCCOCCOCCOCCOCCOCCOCCOCCOCCOCCOCCO,106.97,1.69,,0.1,0.02,,94.84,3.48,,,,,wt/wt,10.0,OTHER_wt_ratio,synthesis_method: Microfluidic; device_used: Microfluidic device with herringbone features; total_flow_rate_ml_min: ; flow_rate_ratio: ; aqueous_phase_composition: 25 ¥ìg luciferase mRNA in 10 mM citrate buffer (pH = 3); organic_phase_composition: Ethanol phase with lipids; mixing_time_sec: ; temperature_condition: ; post_processing: Dialyzed against 1X PBS with 20 kDa MWCO for 2 h; sterilization: 0.22 ¥ìm filter; storage_buffer: Stored at 4¡ÆC,"cell_line: JEG-3 choriocarcinoma cells; animal_model: Non-pregnant and pregnant mice (E16); administration_route: IV (tail vein injection); dose: 0.6 mg mRNA/kg body mass (luciferase), 1 mg mRNA/kg (mCherry, VEGF); gene_expression_result: Normalized luciferase expression in JEG-3 cells; biodistribution_result: Primarily liver and spleen delivery; toxicity_profile: No significant decrease in cell viability vs Lipofectamine",3.0,numeric,0.5555555555555556,10.1021/jacs.2c12893,Ionizable Lipid Nanoparticles for In Vivo mRNA Delivery to the Placenta during Pregnancy,"['Kelsey L. Swingle', 'Hannah C. Safford', 'Hannah C. Geisler', 'Alex G. Hamilton', 'Ajay S. Thatte', 'Margaret M. Billingsley', 'Ryann A. Joseph', 'Kaitlin Mrksich', 'Marshall S. Padilla', 'Aditi A. Ghalsasi', 'Mohamad-Gabriel Alameh', 'Drew Weissman', 'Michael J. Mitchell']",Journal of the American Chemical Society,2023.0,A1 (C12 epoxide + polyamine core 1),DOPE,cholesterol,C14-PEG2000,False,True,True,True,True,True,Potent + Developable,0.0,False,False,False,False
623,Custom lipid,DOPE,cholesterol,C14-PEG2000,35:16:46.5:2.5,mRNA,luciferase,,CCCCCCCC/C=C\CCCCCCCC(=O)OC[C@H](COP(=O)(O)OCCN)OC(=O)CCCCCCC/C=C\CCCCCCCC,C[C@H](CCCC(C)C)[C@H]1CC[C@@H]2[C@@]1(CC[C@H]3[C@H]2CC=C4[C@@]3(CC[C@@H](C4)O)C)C,CCCCCCCCCCCCCCOC(=O)CCOCCOCCOCCOCCOCCOCCOCCOCCOCCOCCOCCOCCOCCOCCOCCOCCOCCOCCOCCOCCOCCOCCOCCOCCOCCOCCOCCOCCOCCOCCOCCOCCOCCOCCOCCOCCOCCOCCOCCOCCOCCOCCOCCOCCOCCOCCOCCOCCOCCOCCOCCOCCOCCOCCOCCOCCOCCOCCOCCOCCOCCOCCOCCOCCOCCOCCOCCOCCOCCOCCOCCOCCOCCOCCOCCOCCOCCOCCOCCOCCOCCOCCOCCOCCOCCOCCOCCOCCOCCO,100.77,1.75,,0.13,0.01,,89.74,2.62,,,,,wt/wt,10.0,OTHER_wt_ratio,synthesis_method: Microfluidic; device_used: Microfluidic device with herringbone features; total_flow_rate_ml_min: ; flow_rate_ratio: ; aqueous_phase_composition: 25 ¥ìg luciferase mRNA in 10 mM citrate buffer (pH = 3); organic_phase_composition: Ethanol phase with lipids; mixing_time_sec: ; temperature_condition: ; post_processing: Dialyzed against 1X PBS with 20 kDa MWCO for 2 h; sterilization: 0.22 ¥ìm filter; storage_buffer: Stored at 4¡ÆC,"cell_line: JEG-3 choriocarcinoma cells; dose: 50 ng mRNA per 25,000 cells; gene_expression_result: Normalized luciferase expression in JEG-3 cells; toxicity_profile: No significant decrease in cell viability vs Lipofectamine",3.0,numeric,0.5555555555555556,10.1021/jacs.2c12893,Ionizable Lipid Nanoparticles for In Vivo mRNA Delivery to the Placenta during Pregnancy,"['Kelsey L. Swingle', 'Hannah C. Safford', 'Hannah C. Geisler', 'Alex G. Hamilton', 'Ajay S. Thatte', 'Margaret M. Billingsley', 'Ryann A. Joseph', 'Kaitlin Mrksich', 'Marshall S. Padilla', 'Aditi A. Ghalsasi', 'Mohamad-Gabriel Alameh', 'Drew Weissman', 'Michael J. Mitchell']",Journal of the American Chemical Society,2023.0,A2 (C12 epoxide + polyamine core 2),DOPE,cholesterol,C14-PEG2000,False,True,True,True,True,True,Potent + Developable,0.0,False,False,False,False
624,Custom lipid,DOPE,cholesterol,C14-PEG2000,35:16:46.5:2.5,mRNA,luciferase,,CCCCCCCC/C=C\CCCCCCCC(=O)OC[C@H](COP(=O)(O)OCCN)OC(=O)CCCCCCC/C=C\CCCCCCCC,C[C@H](CCCC(C)C)[C@H]1CC[C@@H]2[C@@]1(CC[C@H]3[C@H]2CC=C4[C@@]3(CC[C@@H](C4)O)C)C,CCCCCCCCCCCCCCOC(=O)CCOCCOCCOCCOCCOCCOCCOCCOCCOCCOCCOCCOCCOCCOCCOCCOCCOCCOCCOCCOCCOCCOCCOCCOCCOCCOCCOCCOCCOCCOCCOCCOCCOCCOCCOCCOCCOCCOCCOCCOCCOCCOCCOCCOCCOCCOCCOCCOCCOCCOCCOCCOCCOCCOCCOCCOCCOCCOCCOCCOCCOCCOCCOCCOCCOCCOCCOCCOCCOCCOCCOCCOCCOCCOCCOCCOCCOCCOCCOCCOCCOCCOCCOCCOCCOCCOCCOCCOCCOCCO,97.96,0.78,,0.11,0.01,,88.11,2.93,,,,,wt/wt,10.0,OTHER_wt_ratio,synthesis_method: Microfluidic; device_used: Microfluidic device with herringbone features; total_flow_rate_ml_min: ; flow_rate_ratio: ; aqueous_phase_composition: 25 ¥ìg luciferase mRNA in 10 mM citrate buffer (pH = 3); organic_phase_composition: Ethanol phase with lipids; mixing_time_sec: ; temperature_condition: ; post_processing: Dialyzed against 1X PBS with 20 kDa MWCO for 2 h; sterilization: 0.22 ¥ìm filter; storage_buffer: Stored at 4¡ÆC,"cell_line: JEG-3 choriocarcinoma cells; dose: 50 ng mRNA per 25,000 cells; gene_expression_result: Normalized luciferase expression in JEG-3 cells; toxicity_profile: No significant decrease in cell viability vs Lipofectamine",3.0,numeric,0.5555555555555556,10.1021/jacs.2c12893,Ionizable Lipid Nanoparticles for In Vivo mRNA Delivery to the Placenta during Pregnancy,"['Kelsey L. Swingle', 'Hannah C. Safford', 'Hannah C. Geisler', 'Alex G. Hamilton', 'Ajay S. Thatte', 'Margaret M. Billingsley', 'Ryann A. Joseph', 'Kaitlin Mrksich', 'Marshall S. Padilla', 'Aditi A. Ghalsasi', 'Mohamad-Gabriel Alameh', 'Drew Weissman', 'Michael J. Mitchell']",Journal of the American Chemical Society,2023.0,A3 (C12 epoxide + polyamine core 3),DOPE,cholesterol,C14-PEG2000,False,True,True,True,True,True,Potent + Developable,0.0,False,False,False,False
625,Custom lipid,DOPE,cholesterol,C14-PEG2000,35:16:46.5:2.5,mRNA,"luciferase, mcherry, vegf",,CCCCCCCC/C=C\CCCCCCCC(=O)OC[C@H](COP(=O)(O)OCCN)OC(=O)CCCCCCC/C=C\CCCCCCCC,C[C@H](CCCC(C)C)[C@H]1CC[C@@H]2[C@@]1(CC[C@H]3[C@H]2CC=C4[C@@]3(CC[C@@H](C4)O)C)C,CCCCCCCCCCCCCCOC(=O)CCOCCOCCOCCOCCOCCOCCOCCOCCOCCOCCOCCOCCOCCOCCOCCOCCOCCOCCOCCOCCOCCOCCOCCOCCOCCOCCOCCOCCOCCOCCOCCOCCOCCOCCOCCOCCOCCOCCOCCOCCOCCOCCOCCOCCOCCOCCOCCOCCOCCOCCOCCOCCOCCOCCOCCOCCOCCOCCOCCOCCOCCOCCOCCOCCOCCOCCOCCOCCOCCOCCOCCOCCOCCOCCOCCOCCOCCOCCOCCOCCOCCOCCOCCOCCOCCOCCOCCOCCOCCO,93.44,1.18,,0.16,0.01,,94.86,1.59,,,,,wt/wt,10.0,OTHER_wt_ratio,synthesis_method: Microfluidic; device_used: Microfluidic device with herringbone features; total_flow_rate_ml_min: ; flow_rate_ratio: ; aqueous_phase_composition: 25 ¥ìg luciferase mRNA in 10 mM citrate buffer (pH = 3); organic_phase_composition: Ethanol phase with lipids; mixing_time_sec: ; temperature_condition: ; post_processing: Dialyzed against 1X PBS with 20 kDa MWCO for 2 h; sterilization: 0.22 ¥ìm filter; storage_buffer: Stored at 4¡ÆC,"cell_line: JEG-3 choriocarcinoma cells; animal_model: Non-pregnant and pregnant mice (E16); administration_route: IV (tail vein injection); dose: 0.6 mg mRNA/kg body mass (luciferase), 1 mg mRNA/kg (mCherry, VEGF); gene_expression_result: Highest luciferase expression in JEG-3 cells, 4.58% mCherry+ trophoblasts; biodistribution_result: 81% of total luminescent flux from placental delivery, extrahepatic delivery to spleen; toxicity_profile: No significant liver toxicity (ALT/AST levels), minimal placental inflammation; cytokine_response: Elevated cytokines at 6h, resolved by 48h",4.58,percent,1.0,10.1021/jacs.2c12893,Ionizable Lipid Nanoparticles for In Vivo mRNA Delivery to the Placenta during Pregnancy,"['Kelsey L. Swingle', 'Hannah C. Safford', 'Hannah C. Geisler', 'Alex G. Hamilton', 'Ajay S. Thatte', 'Margaret M. Billingsley', 'Ryann A. Joseph', 'Kaitlin Mrksich', 'Marshall S. Padilla', 'Aditi A. Ghalsasi', 'Mohamad-Gabriel Alameh', 'Drew Weissman', 'Michael J. Mitchell']",Journal of the American Chemical Society,2023.0,A4 (C12 epoxide + polyamine core 4),DOPE,cholesterol,C14-PEG2000,False,True,True,True,True,True,Potent + Developable,0.0,False,False,False,True
626,Custom lipid,DOPE,cholesterol,C14-PEG2000,35:16:46.5:2.5,mRNA,luciferase,,CCCCCCCC/C=C\CCCCCCCC(=O)OC[C@H](COP(=O)(O)OCCN)OC(=O)CCCCCCC/C=C\CCCCCCCC,C[C@H](CCCC(C)C)[C@H]1CC[C@@H]2[C@@]1(CC[C@H]3[C@H]2CC=C4[C@@]3(CC[C@@H](C4)O)C)C,CCCCCCCCCCCCCCOC(=O)CCOCCOCCOCCOCCOCCOCCOCCOCCOCCOCCOCCOCCOCCOCCOCCOCCOCCOCCOCCOCCOCCOCCOCCOCCOCCOCCOCCOCCOCCOCCOCCOCCOCCOCCOCCOCCOCCOCCOCCOCCOCCOCCOCCOCCOCCOCCOCCOCCOCCOCCOCCOCCOCCOCCOCCOCCOCCOCCOCCOCCOCCOCCOCCOCCOCCOCCOCCOCCOCCOCCOCCOCCOCCOCCOCCOCCOCCOCCOCCOCCOCCOCCOCCOCCOCCOCCOCCOCCOCCO,116.6,1.77,,0.19,0.02,,93.77,2.41,,,,,wt/wt,10.0,OTHER_wt_ratio,synthesis_method: Microfluidic; device_used: Microfluidic device with herringbone features; total_flow_rate_ml_min: ; flow_rate_ratio: ; aqueous_phase_composition: 25 ¥ìg luciferase mRNA in 10 mM citrate buffer (pH = 3); organic_phase_composition: Ethanol phase with lipids; mixing_time_sec: ; temperature_condition: ; post_processing: Dialyzed against 1X PBS with 20 kDa MWCO for 2 h; sterilization: 0.22 ¥ìm filter; storage_buffer: Stored at 4¡ÆC,"cell_line: JEG-3 choriocarcinoma cells; dose: 50 ng mRNA per 25,000 cells; gene_expression_result: Normalized luciferase expression in JEG-3 cells; toxicity_profile: No significant decrease in cell viability vs Lipofectamine",3.0,numeric,0.5555555555555556,10.1021/jacs.2c12893,Ionizable Lipid Nanoparticles for In Vivo mRNA Delivery to the Placenta during Pregnancy,"['Kelsey L. Swingle', 'Hannah C. Safford', 'Hannah C. Geisler', 'Alex G. Hamilton', 'Ajay S. Thatte', 'Margaret M. Billingsley', 'Ryann A. Joseph', 'Kaitlin Mrksich', 'Marshall S. Padilla', 'Aditi A. Ghalsasi', 'Mohamad-Gabriel Alameh', 'Drew Weissman', 'Michael J. Mitchell']",Journal of the American Chemical Society,2023.0,A5 (C12 epoxide + polyamine core 5),DOPE,cholesterol,C14-PEG2000,False,True,True,True,True,True,Potent + Developable,0.0,False,False,False,False
627,Custom lipid,DOPE,cholesterol,C14-PEG2000,35:16:46.5:2.5,mRNA,luciferase,,CCCCCCCC/C=C\CCCCCCCC(=O)OC[C@H](COP(=O)(O)OCCN)OC(=O)CCCCCCC/C=C\CCCCCCCC,C[C@H](CCCC(C)C)[C@H]1CC[C@@H]2[C@@]1(CC[C@H]3[C@H]2CC=C4[C@@]3(CC[C@@H](C4)O)C)C,CCCCCCCCCCCCCCOC(=O)CCOCCOCCOCCOCCOCCOCCOCCOCCOCCOCCOCCOCCOCCOCCOCCOCCOCCOCCOCCOCCOCCOCCOCCOCCOCCOCCOCCOCCOCCOCCOCCOCCOCCOCCOCCOCCOCCOCCOCCOCCOCCOCCOCCOCCOCCOCCOCCOCCOCCOCCOCCOCCOCCOCCOCCOCCOCCOCCOCCOCCOCCOCCOCCOCCOCCOCCOCCOCCOCCOCCOCCOCCOCCOCCOCCOCCOCCOCCOCCOCCOCCOCCOCCOCCOCCOCCOCCOCCOCCO,114.57,2.88,,0.13,0.01,,75.34,7.0,,,,,wt/wt,10.0,OTHER_wt_ratio,synthesis_method: Microfluidic; device_used: Microfluidic device with herringbone features; total_flow_rate_ml_min: ; flow_rate_ratio: ; aqueous_phase_composition: 25 ¥ìg luciferase mRNA in 10 mM citrate buffer (pH = 3); organic_phase_composition: Ethanol phase with lipids; mixing_time_sec: ; temperature_condition: ; post_processing: Dialyzed against 1X PBS with 20 kDa MWCO for 2 h; sterilization: 0.22 ¥ìm filter; storage_buffer: Stored at 4¡ÆC,"cell_line: JEG-3 choriocarcinoma cells; dose: 50 ng mRNA per 25,000 cells; gene_expression_result: Normalized luciferase expression in JEG-3 cells; toxicity_profile: No significant decrease in cell viability vs Lipofectamine",3.0,numeric,0.5555555555555556,10.1021/jacs.2c12893,Ionizable Lipid Nanoparticles for In Vivo mRNA Delivery to the Placenta during Pregnancy,"['Kelsey L. Swingle', 'Hannah C. Safford', 'Hannah C. Geisler', 'Alex G. Hamilton', 'Ajay S. Thatte', 'Margaret M. Billingsley', 'Ryann A. Joseph', 'Kaitlin Mrksich', 'Marshall S. Padilla', 'Aditi A. Ghalsasi', 'Mohamad-Gabriel Alameh', 'Drew Weissman', 'Michael J. Mitchell']",Journal of the American Chemical Society,2023.0,B1 (C14 epoxide + polyamine core 1),DOPE,cholesterol,C14-PEG2000,False,True,True,True,False,False,Potent only,0.0,False,False,False,False
629,Custom lipid,DOPE,cholesterol,C14-PEG2000,35:16:46.5:2.5,mRNA,luciferase,,CCCCCCCC/C=C\CCCCCCCC(=O)OC[C@H](COP(=O)(O)OCCN)OC(=O)CCCCCCC/C=C\CCCCCCCC,C[C@H](CCCC(C)C)[C@H]1CC[C@@H]2[C@@]1(CC[C@H]3[C@H]2CC=C4[C@@]3(CC[C@@H](C4)O)C)C,CCCCCCCCCCCCCCOC(=O)CCOCCOCCOCCOCCOCCOCCOCCOCCOCCOCCOCCOCCOCCOCCOCCOCCOCCOCCOCCOCCOCCOCCOCCOCCOCCOCCOCCOCCOCCOCCOCCOCCOCCOCCOCCOCCOCCOCCOCCOCCOCCOCCOCCOCCOCCOCCOCCOCCOCCOCCOCCOCCOCCOCCOCCOCCOCCOCCOCCOCCOCCOCCOCCOCCOCCOCCOCCOCCOCCOCCOCCOCCOCCOCCOCCOCCOCCOCCOCCOCCOCCOCCOCCOCCOCCOCCOCCOCCOCCO,94.61,0.75,,0.12,0.01,,84.45,3.16,,,,,wt/wt,10.0,OTHER_wt_ratio,synthesis_method: Microfluidic; device_used: Microfluidic device with herringbone features; total_flow_rate_ml_min: ; flow_rate_ratio: ; aqueous_phase_composition: 25 ¥ìg luciferase mRNA in 10 mM citrate buffer (pH = 3); organic_phase_composition: Ethanol phase with lipids; mixing_time_sec: ; temperature_condition: ; post_processing: Dialyzed against 1X PBS with 20 kDa MWCO for 2 h; sterilization: 0.22 ¥ìm filter; storage_buffer: Stored at 4¡ÆC,"cell_line: JEG-3 choriocarcinoma cells; dose: 50 ng mRNA per 25,000 cells; gene_expression_result: Normalized luciferase expression in JEG-3 cells; toxicity_profile: No significant decrease in cell viability vs Lipofectamine",3.0,numeric,0.5555555555555556,10.1021/jacs.2c12893,Ionizable Lipid Nanoparticles for In Vivo mRNA Delivery to the Placenta during Pregnancy,"['Kelsey L. Swingle', 'Hannah C. Safford', 'Hannah C. Geisler', 'Alex G. Hamilton', 'Ajay S. Thatte', 'Margaret M. Billingsley', 'Ryann A. Joseph', 'Kaitlin Mrksich', 'Marshall S. Padilla', 'Aditi A. Ghalsasi', 'Mohamad-Gabriel Alameh', 'Drew Weissman', 'Michael J. Mitchell']",Journal of the American Chemical Society,2023.0,B3 (C14 epoxide + polyamine core 3),DOPE,cholesterol,C14-PEG2000,False,True,True,True,True,True,Potent + Developable,0.0,False,False,False,False
630,Custom lipid,DOPE,cholesterol,C14-PEG2000,35:16:46.5:2.5,mRNA,luciferase,,CCCCCCCC/C=C\CCCCCCCC(=O)OC[C@H](COP(=O)(O)OCCN)OC(=O)CCCCCCC/C=C\CCCCCCCC,C[C@H](CCCC(C)C)[C@H]1CC[C@@H]2[C@@]1(CC[C@H]3[C@H]2CC=C4[C@@]3(CC[C@@H](C4)O)C)C,CCCCCCCCCCCCCCOC(=O)CCOCCOCCOCCOCCOCCOCCOCCOCCOCCOCCOCCOCCOCCOCCOCCOCCOCCOCCOCCOCCOCCOCCOCCOCCOCCOCCOCCOCCOCCOCCOCCOCCOCCOCCOCCOCCOCCOCCOCCOCCOCCOCCOCCOCCOCCOCCOCCOCCOCCOCCOCCOCCOCCOCCOCCOCCOCCOCCOCCOCCOCCOCCOCCOCCOCCOCCOCCOCCOCCOCCOCCOCCOCCOCCOCCOCCOCCOCCOCCOCCOCCOCCOCCOCCOCCOCCOCCOCCOCCO,101.1,1.71,,0.14,0.01,,77.28,4.41,,,,,wt/wt,10.0,OTHER_wt_ratio,synthesis_method: Microfluidic; device_used: Microfluidic device with herringbone features; total_flow_rate_ml_min: ; flow_rate_ratio: ; aqueous_phase_composition: 25 ¥ìg luciferase mRNA in 10 mM citrate buffer (pH = 3); organic_phase_composition: Ethanol phase with lipids; mixing_time_sec: ; temperature_condition: ; post_processing: Dialyzed against 1X PBS with 20 kDa MWCO for 2 h; sterilization: 0.22 ¥ìm filter; storage_buffer: Stored at 4¡ÆC,"cell_line: JEG-3 choriocarcinoma cells; dose: 50 ng mRNA per 25,000 cells; gene_expression_result: Normalized luciferase expression in JEG-3 cells; toxicity_profile: No significant decrease in cell viability vs Lipofectamine",3.0,numeric,0.5555555555555556,10.1021/jacs.2c12893,Ionizable Lipid Nanoparticles for In Vivo mRNA Delivery to the Placenta during Pregnancy,"['Kelsey L. Swingle', 'Hannah C. Safford', 'Hannah C. Geisler', 'Alex G. Hamilton', 'Ajay S. Thatte', 'Margaret M. Billingsley', 'Ryann A. Joseph', 'Kaitlin Mrksich', 'Marshall S. Padilla', 'Aditi A. Ghalsasi', 'Mohamad-Gabriel Alameh', 'Drew Weissman', 'Michael J. Mitchell']",Journal of the American Chemical Society,2023.0,B4 (C14 epoxide + polyamine core 4),DOPE,cholesterol,C14-PEG2000,False,True,True,True,False,False,Potent only,0.0,False,False,False,False
633,Custom lipid,DOPE,cholesterol,C14-PEG2000,35:16:46.5:2.5,mRNA,luciferase,,CCCCCCCC/C=C\CCCCCCCC(=O)OC[C@H](COP(=O)(O)OCCN)OC(=O)CCCCCCC/C=C\CCCCCCCC,C[C@H](CCCC(C)C)[C@H]1CC[C@@H]2[C@@]1(CC[C@H]3[C@H]2CC=C4[C@@]3(CC[C@@H](C4)O)C)C,CCCCCCCCCCCCCCOC(=O)CCOCCOCCOCCOCCOCCOCCOCCOCCOCCOCCOCCOCCOCCOCCOCCOCCOCCOCCOCCOCCOCCOCCOCCOCCOCCOCCOCCOCCOCCOCCOCCOCCOCCOCCOCCOCCOCCOCCOCCOCCOCCOCCOCCOCCOCCOCCOCCOCCOCCOCCOCCOCCOCCOCCOCCOCCOCCOCCOCCOCCOCCOCCOCCOCCOCCOCCOCCOCCOCCOCCOCCOCCOCCOCCOCCOCCOCCOCCOCCOCCOCCOCCOCCOCCOCCOCCOCCOCCOCCO,102.97,2.21,,0.13,0.01,,73.75,4.41,,,,,wt/wt,10.0,OTHER_wt_ratio,synthesis_method: Microfluidic; device_used: Microfluidic device with herringbone features; total_flow_rate_ml_min: ; flow_rate_ratio: ; aqueous_phase_composition: 25 ¥ìg luciferase mRNA in 10 mM citrate buffer (pH = 3); organic_phase_composition: Ethanol phase with lipids; mixing_time_sec: ; temperature_condition: ; post_processing: Dialyzed against 1X PBS with 20 kDa MWCO for 2 h; sterilization: 0.22 ¥ìm filter; storage_buffer: Stored at 4¡ÆC,"cell_line: JEG-3 choriocarcinoma cells; dose: 50 ng mRNA per 25,000 cells; gene_expression_result: Normalized luciferase expression in JEG-3 cells; toxicity_profile: No significant decrease in cell viability vs Lipofectamine",3.0,numeric,0.5555555555555556,10.1021/jacs.2c12893,Ionizable Lipid Nanoparticles for In Vivo mRNA Delivery to the Placenta during Pregnancy,"['Kelsey L. Swingle', 'Hannah C. Safford', 'Hannah C. Geisler', 'Alex G. Hamilton', 'Ajay S. Thatte', 'Margaret M. Billingsley', 'Ryann A. Joseph', 'Kaitlin Mrksich', 'Marshall S. Padilla', 'Aditi A. Ghalsasi', 'Mohamad-Gabriel Alameh', 'Drew Weissman', 'Michael J. Mitchell']",Journal of the American Chemical Society,2023.0,C3 (C16 epoxide + polyamine core 3),DOPE,cholesterol,C14-PEG2000,False,True,True,True,False,False,Potent only,0.0,False,False,False,False
634,Custom lipid,DOPE,cholesterol,C14-PEG2000,35:16:46.5:2.5,mRNA,luciferase,,CCCCCCCC/C=C\CCCCCCCC(=O)OC[C@H](COP(=O)(O)OCCN)OC(=O)CCCCCCC/C=C\CCCCCCCC,C[C@H](CCCC(C)C)[C@H]1CC[C@@H]2[C@@]1(CC[C@H]3[C@H]2CC=C4[C@@]3(CC[C@@H](C4)O)C)C,CCCCCCCCCCCCCCOC(=O)CCOCCOCCOCCOCCOCCOCCOCCOCCOCCOCCOCCOCCOCCOCCOCCOCCOCCOCCOCCOCCOCCOCCOCCOCCOCCOCCOCCOCCOCCOCCOCCOCCOCCOCCOCCOCCOCCOCCOCCOCCOCCOCCOCCOCCOCCOCCOCCOCCOCCOCCOCCOCCOCCOCCOCCOCCOCCOCCOCCOCCOCCOCCOCCOCCOCCOCCOCCOCCOCCOCCOCCOCCOCCOCCOCCOCCOCCOCCOCCOCCOCCOCCOCCOCCOCCOCCOCCOCCOCCO,129.77,4.22,,0.24,0.02,,71.51,6.32,,,,,wt/wt,10.0,OTHER_wt_ratio,synthesis_method: Microfluidic; device_used: Microfluidic device with herringbone features; total_flow_rate_ml_min: ; flow_rate_ratio: ; aqueous_phase_composition: 25 ¥ìg luciferase mRNA in 10 mM citrate buffer (pH = 3); organic_phase_composition: Ethanol phase with lipids; mixing_time_sec: ; temperature_condition: ; post_processing: Dialyzed against 1X PBS with 20 kDa MWCO for 2 h; sterilization: 0.22 ¥ìm filter; storage_buffer: Stored at 4¡ÆC,"cell_line: JEG-3 choriocarcinoma cells; dose: 50 ng mRNA per 25,000 cells; gene_expression_result: Normalized luciferase expression in JEG-3 cells; toxicity_profile: No significant decrease in cell viability vs Lipofectamine",3.0,numeric,0.5555555555555556,10.1021/jacs.2c12893,Ionizable Lipid Nanoparticles for In Vivo mRNA Delivery to the Placenta during Pregnancy,"['Kelsey L. Swingle', 'Hannah C. Safford', 'Hannah C. Geisler', 'Alex G. Hamilton', 'Ajay S. Thatte', 'Margaret M. Billingsley', 'Ryann A. Joseph', 'Kaitlin Mrksich', 'Marshall S. Padilla', 'Aditi A. Ghalsasi', 'Mohamad-Gabriel Alameh', 'Drew Weissman', 'Michael J. Mitchell']",Journal of the American Chemical Society,2023.0,C5 (C16 epoxide + polyamine core 5),DOPE,cholesterol,C14-PEG2000,False,True,True,True,False,False,Potent only,0.0,False,False,False,False
635,C12-200,DOPE,cholesterol,C14-PEG2000,35:16:46.5:2.5,mRNA,"luciferase, mcherry, vegf",NCCN1CCN(CCN(CC(O)CCCCCCCCCCCC)CC(O)CCCCCCCCCCCC)CC1CN(CC(O)CCCCCCCCCCCC)CN(CC(O)CCCCCCCCCCCC)CC(O)CCCCCCCCCCCC,CCCCCCCC/C=C\CCCCCCCC(=O)OC[C@H](COP(=O)(O)OCCN)OC(=O)CCCCCCC/C=C\CCCCCCCC,C[C@H](CCCC(C)C)[C@H]1CC[C@@H]2[C@@]1(CC[C@H]3[C@H]2CC=C4[C@@]3(CC[C@@H](C4)O)C)C,CCCCCCCCCCCCCCOC(=O)CCOCCOCCOCCOCCOCCOCCOCCOCCOCCOCCOCCOCCOCCOCCOCCOCCOCCOCCOCCOCCOCCOCCOCCOCCOCCOCCOCCOCCOCCOCCOCCOCCOCCOCCOCCOCCOCCOCCOCCOCCOCCOCCOCCOCCOCCOCCOCCOCCOCCOCCOCCOCCOCCOCCOCCOCCOCCOCCOCCOCCOCCOCCOCCOCCOCCOCCOCCOCCOCCOCCOCCOCCOCCOCCOCCOCCOCCOCCOCCOCCOCCOCCOCCOCCOCCOCCOCCOCCOCCO,82.11,3.28,,0.11,0.01,,88.31,2.47,,,,,wt/wt,10.0,OTHER_wt_ratio,synthesis_method: Microfluidic; device_used: Microfluidic device with herringbone features; total_flow_rate_ml_min: ; flow_rate_ratio: ; aqueous_phase_composition: 25 ¥ìg luciferase mRNA in 10 mM citrate buffer (pH = 3); organic_phase_composition: Ethanol phase with lipids; mixing_time_sec: ; temperature_condition: ; post_processing: Dialyzed against 1X PBS with 20 kDa MWCO for 2 h; sterilization: 0.22 ¥ìm filter; storage_buffer: Stored at 4¡ÆC,"cell_line: JEG-3 choriocarcinoma cells; animal_model: Non-pregnant and pregnant mice (E16); administration_route: IV (tail vein injection); dose: 0.6 mg mRNA/kg body mass (luciferase), 1 mg mRNA/kg (mCherry, VEGF); gene_expression_result: Lower than A4 and B5 in JEG-3 cells, 2.44% mCherry+ endothelial cells; biodistribution_result: Primarily liver delivery (44-51% of total flux), 23% placental delivery; toxicity_profile: Significant AST elevation (3.5-fold vs PBS), hepatic toxicity; cytokine_response: Elevated cytokines at 6h, resolved by 48h",2.44,percent,0.5,10.1021/jacs.2c12893,Ionizable Lipid Nanoparticles for In Vivo mRNA Delivery to the Placenta during Pregnancy,"['Kelsey L. Swingle', 'Hannah C. Safford', 'Hannah C. Geisler', 'Alex G. Hamilton', 'Ajay S. Thatte', 'Margaret M. Billingsley', 'Ryann A. Joseph', 'Kaitlin Mrksich', 'Marshall S. Padilla', 'Aditi A. Ghalsasi', 'Mohamad-Gabriel Alameh', 'Drew Weissman', 'Michael J. Mitchell']",Journal of the American Chemical Society,2023.0,C12-200,DOPE,cholesterol,C14-PEG2000,False,False,True,True,True,True,Developable only,0.0,False,False,False,False
778,DLin-MC3-DMA,DPPC,cholesterol,DMPE-PEG2000,60:20:19:1,mRNA,nanoluciferase,CCCCC/C=C\C/C=C\CCCCCCCCC(OC(=O)CCCN(C)C)CCCCCCCC/C=C\C/C=C\CCCCC,CCCCCCCCCCCCCCCC(=O)OC[C@H](COP(=O)([O-])OCC[N+](C)(C)C)OC(=O)CCCCCCCCCCCCCCC,C[C@H](CCCC(C)C)[C@H]1CC[C@@H]2[C@@]1(CC[C@H]3[C@H]2CC=C4[C@@]3(CC[C@@H](C4)O)C)C,CCCCCCCCCCCCCC(=O)OCC(COP(=O)([O-])OCCN[C@@H](CO)C(=O)NCCOCCOCCOCCOCCOCCOCCOCCOCCOCCOCCOCCOCCOCCOCCOCCOCCOCCOCCOCCOCCOCCOCCOCCOCCOCCOCCOCCOCCOCCOCCOCCOCCOCCOCCOCCOCCOCCOCCOCCOCCOCCOCCOCCOCCOCCOCCOCCOCCOCCOCCOCCOCCOCCOCCOCCOCCOCCOCCOCCOCCOCCOCCOCCOCCOCCOCCOCCOCCOCCOCCOCCOCCOCCOCCOCCOCCOCCOCCOCCOCCOCCOCCOCCOCCOCCOCCOCCOCCOCCO)OC(=O)CCCCCCCCCCCCC,118.9,,,0.168,,,91.5,,,5.5,,,N:P,5.67,,"synthesis_method: Microfluidic; device_used: NanoAssemblr microfluidic mixer (Precision Nanosystems); total_flow_rate_ml_min: 9; flow_rate_ratio: 3:1 (organic:aqueous); aqueous_phase_composition: 50 mM sodium citrate buffer (pH 3.0); organic_phase_composition: 100% ethanol with lipids at 10 mg/mL; mixing_time_sec: ; temperature_condition: ; post_processing: Dialyzed against 1¡¿ PBS pH 7.4 overnight using 10-kDa MWCO Slide-A-Lyzer G2 Dialysis Cassettes; sterilization: ; storage_buffer: 1¡¿ PBS, stored at 4¡ÆC","cell_line: ALI Calu-3 cells; animal_model: BALB/c mice (female, 6-8 weeks); administration_route: Intratracheal (after aerosolization); dose: 1000 ng NLuc mRNA (ALI), 750 ng NLuc mRNA (in vivo); gene_expression_result: ~30,000 RLU (ALI), 4.8¡¿10^5 photons/sec/cm©÷/sr (in vivo); biodistribution_result: Distributed across all lung lobes",30.0,numeric,0.1666666666666666,10.1002/btm2.10580,Optimization of ionizable lipids for aerosolizable mRNA lipid nanoparticles,"['Mae M. Lewis', 'Melissa R. Soto', 'Esther Y. Maier', 'Steven D. Wulfe', 'Sandy Bakheet', 'Hannah Obregon', 'Debadyuti Ghosh']",Bioengineering & Translational Medicine,2023.0,MC3,DPPC,cholesterol,DMPE-PEG 2000,False,False,True,True,True,True,Developable only,0.0,False,False,False,False
779,DLin-MC3-DMA,DPPC,cholesterol,DMPE-PEG2000,45:20:34:1,mRNA,nanoluciferase,CCCCC/C=C\C/C=C\CCCCCCCCC(OC(=O)CCCN(C)C)CCCCCCCC/C=C\C/C=C\CCCCC,CCCCCCCCCCCCCCCC(=O)OC[C@H](COP(=O)([O-])OCC[N+](C)(C)C)OC(=O)CCCCCCCCCCCCCCC,C[C@H](CCCC(C)C)[C@H]1CC[C@@H]2[C@@]1(CC[C@H]3[C@H]2CC=C4[C@@]3(CC[C@@H](C4)O)C)C,CCCCCCCCCCCCCC(=O)OCC(COP(=O)([O-])OCCN[C@@H](CO)C(=O)NCCOCCOCCOCCOCCOCCOCCOCCOCCOCCOCCOCCOCCOCCOCCOCCOCCOCCOCCOCCOCCOCCOCCOCCOCCOCCOCCOCCOCCOCCOCCOCCOCCOCCOCCOCCOCCOCCOCCOCCOCCOCCOCCOCCOCCOCCOCCOCCOCCOCCOCCOCCOCCOCCOCCOCCOCCOCCOCCOCCOCCOCCOCCOCCOCCOCCOCCOCCOCCOCCOCCOCCOCCOCCOCCOCCOCCOCCOCCOCCOCCOCCOCCOCCOCCOCCOCCOCCOCCOCCO)OC(=O)CCCCCCCCCCCCC,109.9,,,0.154,,,92.8,,,7.0,,,N:P,5.67,,"synthesis_method: Microfluidic; device_used: NanoAssemblr microfluidic mixer (Precision Nanosystems); total_flow_rate_ml_min: 9; flow_rate_ratio: 3:1 (organic:aqueous); aqueous_phase_composition: 50 mM sodium citrate buffer (pH 3.0); organic_phase_composition: 100% ethanol with lipids at 10 mg/mL; mixing_time_sec: ; temperature_condition: ; post_processing: Dialyzed against 1¡¿ PBS pH 7.4 overnight using 10-kDa MWCO Slide-A-Lyzer G2 Dialysis Cassettes; sterilization: ; storage_buffer: 1¡¿ PBS, stored at 4¡ÆC","cell_line: ALI Calu-3 cells; animal_model: BALB/c mice (female, 6-8 weeks); administration_route: Intratracheal (after aerosolization); dose: 1000 ng NLuc mRNA (ALI), 750 ng NLuc mRNA (in vivo); gene_expression_result: ~120,000 RLU (ALI), 1.4¡¿10^6 photons/sec/cm©÷/sr (in vivo); biodistribution_result: Distributed across all lung lobes",120.0,numeric,0.6666666666666666,10.1002/btm2.10580,Optimization of ionizable lipids for aerosolizable mRNA lipid nanoparticles,"['Mae M. Lewis', 'Melissa R. Soto', 'Esther Y. Maier', 'Steven D. Wulfe', 'Sandy Bakheet', 'Hannah Obregon', 'Debadyuti Ghosh']",Bioengineering & Translational Medicine,2023.0,MC3,DPPC,cholesterol,DMPE-PEG 2000,False,True,True,True,True,True,Potent + Developable,0.0,False,False,False,False
780,DLin-MC3-DMA,DPPC,cholesterol,DMPE-PEG2000,45:5:49:1,mRNA,nanoluciferase,CCCCC/C=C\C/C=C\CCCCCCCCC(OC(=O)CCCN(C)C)CCCCCCCC/C=C\C/C=C\CCCCC,CCCCCCCCCCCCCCCC(=O)OC[C@H](COP(=O)([O-])OCC[N+](C)(C)C)OC(=O)CCCCCCCCCCCCCCC,C[C@H](CCCC(C)C)[C@H]1CC[C@@H]2[C@@]1(CC[C@H]3[C@H]2CC=C4[C@@]3(CC[C@@H](C4)O)C)C,CCCCCCCCCCCCCC(=O)OCC(COP(=O)([O-])OCCN[C@@H](CO)C(=O)NCCOCCOCCOCCOCCOCCOCCOCCOCCOCCOCCOCCOCCOCCOCCOCCOCCOCCOCCOCCOCCOCCOCCOCCOCCOCCOCCOCCOCCOCCOCCOCCOCCOCCOCCOCCOCCOCCOCCOCCOCCOCCOCCOCCOCCOCCOCCOCCOCCOCCOCCOCCOCCOCCOCCOCCOCCOCCOCCOCCOCCOCCOCCOCCOCCOCCOCCOCCOCCOCCOCCOCCOCCOCCOCCOCCOCCOCCOCCOCCOCCOCCOCCOCCOCCOCCOCCOCCOCCOCCO)OC(=O)CCCCCCCCCCCCC,112.9,,,0.152,,,93.4,,,6.7,,,N:P,5.67,,"synthesis_method: Microfluidic; device_used: NanoAssemblr microfluidic mixer (Precision Nanosystems); total_flow_rate_ml_min: 9; flow_rate_ratio: 3:1 (organic:aqueous); aqueous_phase_composition: 50 mM sodium citrate buffer (pH 3.0); organic_phase_composition: 100% ethanol with lipids at 10 mg/mL; mixing_time_sec: ; temperature_condition: ; post_processing: Dialyzed against 1¡¿ PBS pH 7.4 overnight using 10-kDa MWCO Slide-A-Lyzer G2 Dialysis Cassettes; sterilization: ; storage_buffer: 1¡¿ PBS, stored at 4¡ÆC","cell_line: ALI Calu-3 cells; administration_route: Intratracheal (after aerosolization); dose: 1000 ng NLuc mRNA (ALI); gene_expression_result: ~80,000 RLU (ALI)",80.0,numeric,0.5,10.1002/btm2.10580,Optimization of ionizable lipids for aerosolizable mRNA lipid nanoparticles,"['Mae M. Lewis', 'Melissa R. Soto', 'Esther Y. Maier', 'Steven D. Wulfe', 'Sandy Bakheet', 'Hannah Obregon', 'Debadyuti Ghosh']",Bioengineering & Translational Medicine,2023.0,MC3,DPPC,cholesterol,DMPE-PEG 2000,False,False,True,True,True,True,Developable only,0.0,False,False,False,False
781,DLin-MC3-DMA,DSPC,cholesterol,DMG-PEG2000,50:10:38.5:1.5,mRNA,nanoluciferase,CCCCC/C=C\C/C=C\CCCCCCCCC(OC(=O)CCCN(C)C)CCCCCCCC/C=C\C/C=C\CCCCC,CCCCCCCCCCCCCCCCCC(=O)OC[C@H](COP(=O)([O-])OCC[N+](C)(C)C)OC(=O)CCCCCCCCCCCCCCCCC,C[C@H](CCCC(C)C)[C@H]1CC[C@@H]2[C@@]1(CC[C@H]3[C@H]2CC=C4[C@@]3(CC[C@@H](C4)O)C)C,CCCCCCCCCCCCCC(=O)OCC(COP(=O)([O-])OCCOCCOCCOCCOCCOCCOCCOCCOCCOCCOCCOCCOCCOCCOCCOCCOCCOCCOCCOCCOCCOCCOCCOCCOCCOCCOCCOCCOCCOCCOCCOCCOCCOCCOCCOCCOCCOCCOCCOCCOCCOCCOCCOCCOCCOCCOCCOCCOCCOCCOCCOCCOCCOCCOCCOCCOCCOCCOCCOCCOCCOCCOCCOCCOCCOCCOCCOCCOCCOCCOCCOCCOCCOCCOCCOCCOCCOCCOCCOCCOCCOCCOCCOCCOCCOCCOCCOCCOCCOCCO)OC(=O)CCCCCCCCCCCCC,123.3,,,0.153,,,87.2,,,1.7,,,N:P,5.67,,"synthesis_method: Microfluidic; device_used: NanoAssemblr microfluidic mixer (Precision Nanosystems); total_flow_rate_ml_min: 9; flow_rate_ratio: 3:1 (organic:aqueous); aqueous_phase_composition: 50 mM sodium citrate buffer (pH 3.0); organic_phase_composition: 100% ethanol with lipids at 10 mg/mL; mixing_time_sec: ; temperature_condition: ; post_processing: Dialyzed against 1¡¿ PBS pH 7.4 overnight using 10-kDa MWCO Slide-A-Lyzer G2 Dialysis Cassettes; sterilization: ; storage_buffer: 1¡¿ PBS, stored at 4¡ÆC","cell_line: ALI Calu-3 cells; animal_model: BALB/c mice (female, 6-8 weeks); administration_route: Intratracheal (after aerosolization); dose: 1000 ng NLuc mRNA (ALI), 750 ng NLuc mRNA (in vivo); gene_expression_result: ~90,000 RLU (ALI), 1.2¡¿10^6 photons/sec/cm©÷/sr (in vivo); biodistribution_result: Distributed across all lung lobes",90.0,numeric,0.5833333333333334,10.1002/btm2.10580,Optimization of ionizable lipids for aerosolizable mRNA lipid nanoparticles,"['Mae M. Lewis', 'Melissa R. Soto', 'Esther Y. Maier', 'Steven D. Wulfe', 'Sandy Bakheet', 'Hannah Obregon', 'Debadyuti Ghosh']",Bioengineering & Translational Medicine,2023.0,MC3,DSPC,cholesterol,DMG-PEG 2000,False,True,True,True,True,True,Potent + Developable,0.0,False,False,False,False
782,SM-102,DPPC,cholesterol,DMPE-PEG2000,45:20:34:1,mRNA,"nanoluciferase, cre_recombinase",CCCCCCCCCCCOC(=O)CCCCCN(CCCCCCCC(=O)OC(CCCCCCCC)CCCCCCCC)CCO  ,CCCCCCCCCCCCCCCC(=O)OC[C@H](COP(=O)([O-])OCC[N+](C)(C)C)OC(=O)CCCCCCCCCCCCCCC,C[C@H](CCCC(C)C)[C@H]1CC[C@@H]2[C@@]1(CC[C@H]3[C@H]2CC=C4[C@@]3(CC[C@@H](C4)O)C)C,CCCCCCCCCCCCCC(=O)OCC(COP(=O)([O-])OCCN[C@@H](CO)C(=O)NCCOCCOCCOCCOCCOCCOCCOCCOCCOCCOCCOCCOCCOCCOCCOCCOCCOCCOCCOCCOCCOCCOCCOCCOCCOCCOCCOCCOCCOCCOCCOCCOCCOCCOCCOCCOCCOCCOCCOCCOCCOCCOCCOCCOCCOCCOCCOCCOCCOCCOCCOCCOCCOCCOCCOCCOCCOCCOCCOCCOCCOCCOCCOCCOCCOCCOCCOCCOCCOCCOCCOCCOCCOCCOCCOCCOCCOCCOCCOCCOCCOCCOCCOCCOCCOCCOCCOCCOCCOCCO)OC(=O)CCCCCCCCCCCCC,109.8,,,0.162,,,93.9,,,10.3,,,N:P,5.67,,"synthesis_method: Microfluidic; device_used: NanoAssemblr microfluidic mixer (Precision Nanosystems); total_flow_rate_ml_min: 9; flow_rate_ratio: 3:1 (organic:aqueous); aqueous_phase_composition: 50 mM sodium citrate buffer (pH 3.0); organic_phase_composition: 100% ethanol with lipids at 10 mg/mL; mixing_time_sec: ; temperature_condition: ; post_processing: Dialyzed against 1¡¿ PBS pH 7.4 overnight using 10-kDa MWCO Slide-A-Lyzer G2 Dialysis Cassettes; sterilization: ; storage_buffer: 1¡¿ PBS, stored at 4¡ÆC","cell_line: ALI Calu-3 cells; animal_model: BALB/c mice (female, 6-8 weeks), Ai9 mice (female, 6-8 weeks); administration_route: Intratracheal (after aerosolization); dose: 1000 ng NLuc mRNA (ALI), 750 ng NLuc mRNA (in vivo), 0.5 mg/kg Cre mRNA; gene_expression_result: ~150,000 RLU (ALI), 8.1¡¿10^6 photons/sec/cm©÷/sr (in vivo); biodistribution_result: Distributed across all lung lobes with highest expression",150.0,numeric,0.75,10.1002/btm2.10580,Optimization of ionizable lipids for aerosolizable mRNA lipid nanoparticles,"['Mae M. Lewis', 'Melissa R. Soto', 'Esther Y. Maier', 'Steven D. Wulfe', 'Sandy Bakheet', 'Hannah Obregon', 'Debadyuti Ghosh']",Bioengineering & Translational Medicine,2023.0,SM-102,DPPC,cholesterol,DMPE-PEG 2000,False,True,True,True,True,True,Potent + Developable,0.0,False,False,False,False
783,SM-102,DSPC,cholesterol,DMG-PEG2000,50:10:38.5:1.5,mRNA,nanoluciferase,CCCCCCCCCCCOC(=O)CCCCCN(CCCCCCCC(=O)OC(CCCCCCCC)CCCCCCCC)CCO  ,CCCCCCCCCCCCCCCCCC(=O)OC[C@H](COP(=O)([O-])OCC[N+](C)(C)C)OC(=O)CCCCCCCCCCCCCCCCC,C[C@H](CCCC(C)C)[C@H]1CC[C@@H]2[C@@]1(CC[C@H]3[C@H]2CC=C4[C@@]3(CC[C@@H](C4)O)C)C,CCCCCCCCCCCCCC(=O)OCC(COP(=O)([O-])OCCOCCOCCOCCOCCOCCOCCOCCOCCOCCOCCOCCOCCOCCOCCOCCOCCOCCOCCOCCOCCOCCOCCOCCOCCOCCOCCOCCOCCOCCOCCOCCOCCOCCOCCOCCOCCOCCOCCOCCOCCOCCOCCOCCOCCOCCOCCOCCOCCOCCOCCOCCOCCOCCOCCOCCOCCOCCOCCOCCOCCOCCOCCOCCOCCOCCOCCOCCOCCOCCOCCOCCOCCOCCOCCOCCOCCOCCOCCOCCOCCOCCOCCOCCOCCOCCOCCOCCOCCOCCO)OC(=O)CCCCCCCCCCCCC,111.2,,,0.172,,,89.8,,,3.8,,,N:P,5.67,,"synthesis_method: Microfluidic; device_used: NanoAssemblr microfluidic mixer (Precision Nanosystems); total_flow_rate_ml_min: 9; flow_rate_ratio: 3:1 (organic:aqueous); aqueous_phase_composition: 50 mM sodium citrate buffer (pH 3.0); organic_phase_composition: 100% ethanol with lipids at 10 mg/mL; mixing_time_sec: ; temperature_condition: ; post_processing: Dialyzed against 1¡¿ PBS pH 7.4 overnight using 10-kDa MWCO Slide-A-Lyzer G2 Dialysis Cassettes; sterilization: ; storage_buffer: 1¡¿ PBS, stored at 4¡ÆC","cell_line: ALI Calu-3 cells; administration_route: Intratracheal (after aerosolization); dose: 1000 ng NLuc mRNA (ALI); gene_expression_result: ~50,000 RLU (ALI)",50.0,numeric,0.3333333333333333,10.1002/btm2.10580,Optimization of ionizable lipids for aerosolizable mRNA lipid nanoparticles,"['Mae M. Lewis', 'Melissa R. Soto', 'Esther Y. Maier', 'Steven D. Wulfe', 'Sandy Bakheet', 'Hannah Obregon', 'Debadyuti Ghosh']",Bioengineering & Translational Medicine,2023.0,SM-102,DSPC,cholesterol,DMG-PEG 2000,False,False,True,True,True,True,Developable only,0.0,False,False,False,False
784,ALC-0315,DPPC,cholesterol,DMPE-PEG2000,45:20:34:1,mRNA,nanoluciferase,CCCCCCCCC(CCCCCC)C(=O)OCCCCCCN(CCCCCCOC(=O)C(CCCCCC)CCCCCCCC)CCCCO,CCCCCCCCCCCCCCCC(=O)OC[C@H](COP(=O)([O-])OCC[N+](C)(C)C)OC(=O)CCCCCCCCCCCCCCC,C[C@H](CCCC(C)C)[C@H]1CC[C@@H]2[C@@]1(CC[C@H]3[C@H]2CC=C4[C@@]3(CC[C@@H](C4)O)C)C,CCCCCCCCCCCCCC(=O)OCC(COP(=O)([O-])OCCN[C@@H](CO)C(=O)NCCOCCOCCOCCOCCOCCOCCOCCOCCOCCOCCOCCOCCOCCOCCOCCOCCOCCOCCOCCOCCOCCOCCOCCOCCOCCOCCOCCOCCOCCOCCOCCOCCOCCOCCOCCOCCOCCOCCOCCOCCOCCOCCOCCOCCOCCOCCOCCOCCOCCOCCOCCOCCOCCOCCOCCOCCOCCOCCOCCOCCOCCOCCOCCOCCOCCOCCOCCOCCOCCOCCOCCOCCOCCOCCOCCOCCOCCOCCOCCOCCOCCOCCOCCOCCOCCOCCOCCOCCOCCO)OC(=O)CCCCCCCCCCCCC,108.1,,,0.166,,,91.2,,,8.7,,,N:P,5.67,,"synthesis_method: Microfluidic; device_used: NanoAssemblr microfluidic mixer (Precision Nanosystems); total_flow_rate_ml_min: 9; flow_rate_ratio: 3:1 (organic:aqueous); aqueous_phase_composition: 50 mM sodium citrate buffer (pH 3.0); organic_phase_composition: 100% ethanol with lipids at 10 mg/mL; mixing_time_sec: ; temperature_condition: ; post_processing: Dialyzed against 1¡¿ PBS pH 7.4 overnight using 10-kDa MWCO Slide-A-Lyzer G2 Dialysis Cassettes; sterilization: ; storage_buffer: 1¡¿ PBS, stored at 4¡ÆC","cell_line: ALI Calu-3 cells; administration_route: Intratracheal (after aerosolization); dose: 1000 ng NLuc mRNA (ALI); gene_expression_result: ~40,000 RLU (ALI)",40.0,numeric,0.25,10.1002/btm2.10580,Optimization of ionizable lipids for aerosolizable mRNA lipid nanoparticles,"['Mae M. Lewis', 'Melissa R. Soto', 'Esther Y. Maier', 'Steven D. Wulfe', 'Sandy Bakheet', 'Hannah Obregon', 'Debadyuti Ghosh']",Bioengineering & Translational Medicine,2023.0,ALC-0315,DPPC,cholesterol,DMPE-PEG 2000,False,False,True,True,True,True,Developable only,0.0,False,False,False,False
785,ALC-0315,DSPC,cholesterol,ALC-0159,46.3:9.4:42.7:1.6,mRNA,nanoluciferase,CCCCCCCCC(CCCCCC)C(=O)OCCCCCCN(CCCCCCOC(=O)C(CCCCCC)CCCCCCCC)CCCCO,CCCCCCCCCCCCCCCCCC(=O)OC[C@H](COP(=O)([O-])OCC[N+](C)(C)C)OC(=O)CCCCCCCCCCCCCCCCC,C[C@H](CCCC(C)C)[C@H]1CC[C@@H]2[C@@]1(CC[C@H]3[C@H]2CC=C4[C@@]3(CC[C@@H](C4)O)C)C,CCCCCCCCCCCCCCCCCCCCCCCCCCCCCCCCCCCCCCCCCCCCCCCCCCCCCCCCCCN(CCCCCCCCCC(=O)OC)CC(O)COC(=O)CCCCCCCCC,113.9,,,0.174,,,88.7,,,4.2,,,N:P,5.67,,"synthesis_method: Microfluidic; device_used: NanoAssemblr microfluidic mixer (Precision Nanosystems); total_flow_rate_ml_min: 9; flow_rate_ratio: 3:1 (organic:aqueous); aqueous_phase_composition: 50 mM sodium citrate buffer (pH 3.0); organic_phase_composition: 100% ethanol with lipids at 10 mg/mL; mixing_time_sec: ; temperature_condition: ; post_processing: Dialyzed against 1¡¿ PBS pH 7.4 overnight using 10-kDa MWCO Slide-A-Lyzer G2 Dialysis Cassettes; sterilization: ; storage_buffer: 1¡¿ PBS, stored at 4¡ÆC","cell_line: ALI Calu-3 cells; administration_route: Intratracheal (after aerosolization); dose: 1000 ng NLuc mRNA (ALI); gene_expression_result: ~25,000 RLU (ALI)",25.0,numeric,0.0833333333333333,10.1002/btm2.10580,Optimization of ionizable lipids for aerosolizable mRNA lipid nanoparticles,"['Mae M. Lewis', 'Melissa R. Soto', 'Esther Y. Maier', 'Steven D. Wulfe', 'Sandy Bakheet', 'Hannah Obregon', 'Debadyuti Ghosh']",Bioengineering & Translational Medicine,2023.0,ALC-0315,DSPC,cholesterol,ALC-0159,False,False,True,True,True,True,Developable only,0.0,False,False,False,False
863,ALC-0315,DSPC,cholesterol,ALC-0159,46.3:9.4:42.7:1.6,mRNA,firefly_luciferase,CCCCCCCCC(CCCCCC)C(=O)OCCCCCCN(CCCCCCOC(=O)C(CCCCCC)CCCCCCCC)CCCCO,CCCCCCCCCCCCCCCCCC(=O)OC[C@H](COP(=O)([O-])OCC[N+](C)(C)C)OC(=O)CCCCCCCCCCCCCCCCC,C[C@H](CCCC(C)C)[C@H]1CC[C@@H]2[C@@]1(CC[C@H]3[C@H]2CC=C4[C@@]3(CC[C@@H](C4)O)C)C,CCCCCCCCCCCCCCCCCCCCCCCCCCCCCCCCCCCCCCCCCCCCCCCCCCCCCCCCCCN(CCCCCCCCCC(=O)OC)CC(O)COC(=O)CCCCCCCCC,70.0,,approx,0.2,,censored,80.0,,approx,,,,N:P,6.0,,"synthesis_method: Microfluidic mixing; device_used: NanoAssemblr Benchtop; total_flow_rate_ml_min: 12; flow_rate_ratio: 3:1 (aqueous:organic); aqueous_phase_composition: 1 mM sodium acetate buffer at pH 5.2; organic_phase_composition: Lipids dissolved in ethanol solution; mixing_time_sec: ; temperature_condition: Room temperature; post_processing: Diluted 40 times with PBS, concentrated by ultracentrifugation (30,000 Da MWCO) at 1500g, 4¡ÆC; sterilization: ; storage_buffer: PBS, stored at 4¡ÆC","cell_line: HepG2, A549; animal_model: BALB/c mice; administration_route: Subcutaneous; dose: 1 ¥ìg mRNA per mouse (in vivo), 100 ng mRNA per well (in vitro); gene_expression_result: 9.36-fold increase vs manual mixing in HepG2, 4.92-fold in A549; biodistribution_result: High liver, skin, lymph node accumulation; toxicity_profile: No significant toxicity in mice",9.36,numeric,0.4285714285714285,https://doi.org/10.1016/j.jconrel.2025.01.071,Role of PEGylated lipid in lipid nanoparticle formulation for in vitro and in vivo delivery of mRNA vaccines,"['Li Zhang', 'Brandon Yi Loong Seow', 'Ki Hyun Bae', 'Yue Zhang', 'Kuo-Chieh Liao', 'Yue Wan', 'Yi Yan Yang']",Journal of Controlled Release,2025.0,ALC-0315,DSPC,cholesterol,ALC-0159,False,False,True,True,False,False,Neither,0.0,False,False,False,False
864,ALC-0315,DSPC,cholesterol,DMG-PEG2000,46.3:9.4:42.7:1.6,mRNA,firefly_luciferase,CCCCCCCCC(CCCCCC)C(=O)OCCCCCCN(CCCCCCOC(=O)C(CCCCCC)CCCCCCCC)CCCCO,CCCCCCCCCCCCCCCCCC(=O)OC[C@H](COP(=O)([O-])OCC[N+](C)(C)C)OC(=O)CCCCCCCCCCCCCCCCC,C[C@H](CCCC(C)C)[C@H]1CC[C@@H]2[C@@]1(CC[C@H]3[C@H]2CC=C4[C@@]3(CC[C@@H](C4)O)C)C,CCCCCCCCCCCCCC(=O)OCC(COP(=O)([O-])OCCOCCOCCOCCOCCOCCOCCOCCOCCOCCOCCOCCOCCOCCOCCOCCOCCOCCOCCOCCOCCOCCOCCOCCOCCOCCOCCOCCOCCOCCOCCOCCOCCOCCOCCOCCOCCOCCOCCOCCOCCOCCOCCOCCOCCOCCOCCOCCOCCOCCOCCOCCOCCOCCOCCOCCOCCOCCOCCOCCOCCOCCOCCOCCOCCOCCOCCOCCOCCOCCOCCOCCOCCOCCOCCOCCOCCOCCOCCOCCOCCOCCOCCOCCOCCOCCOCCOCCOCCOCCO)OC(=O)CCCCCCCCCCCCC,65.0,,approx,0.2,,censored,80.0,,approx,,,,N:P,6.0,,"synthesis_method: Microfluidic mixing; device_used: NanoAssemblr Benchtop; total_flow_rate_ml_min: 12; flow_rate_ratio: 3:1 (aqueous:organic); aqueous_phase_composition: 1 mM sodium acetate buffer at pH 5.2; organic_phase_composition: Lipids dissolved in ethanol solution; mixing_time_sec: ; temperature_condition: Room temperature; post_processing: Diluted 40 times with PBS, concentrated by ultracentrifugation; sterilization: ; storage_buffer: PBS, stored at 4¡ÆC","cell_line: HepG2, A549; dose: 100 ng mRNA per well (in vitro); gene_expression_result: Comparable to ALC-0159; toxicity_profile: Cell viability >90%",159.0,numeric,1.0,https://doi.org/10.1016/j.jconrel.2025.01.071,Role of PEGylated lipid in lipid nanoparticle formulation for in vitro and in vivo delivery of mRNA vaccines,"['Li Zhang', 'Brandon Yi Loong Seow', 'Ki Hyun Bae', 'Yue Zhang', 'Kuo-Chieh Liao', 'Yue Wan', 'Yi Yan Yang']",Journal of Controlled Release,2025.0,ALC-0315,DSPC,cholesterol,DMG-PEG,False,True,True,True,False,False,Potent only,0.0,False,False,False,True
865,ALC-0315,DSPC,cholesterol,DMG-PEG2000,46.3:9.4:42.7:1.6,mRNA,firefly_luciferase,CCCCCCCCC(CCCCCC)C(=O)OCCCCCCN(CCCCCCOC(=O)C(CCCCCC)CCCCCCCC)CCCCO,CCCCCCCCCCCCCCCCCC(=O)OC[C@H](COP(=O)([O-])OCC[N+](C)(C)C)OC(=O)CCCCCCCCCCCCCCCCC,C[C@H](CCCC(C)C)[C@H]1CC[C@@H]2[C@@]1(CC[C@H]3[C@H]2CC=C4[C@@]3(CC[C@@H](C4)O)C)C,CCCCCCCCCCCCCC(=O)OCC(COP(=O)([O-])OCCOCCOCCOCCOCCOCCOCCOCCOCCOCCOCCOCCOCCOCCOCCOCCOCCOCCOCCOCCOCCOCCOCCOCCOCCOCCOCCOCCOCCOCCOCCOCCOCCOCCOCCOCCOCCOCCOCCOCCOCCOCCOCCOCCOCCOCCOCCOCCOCCOCCOCCOCCOCCOCCOCCOCCOCCOCCOCCOCCOCCOCCOCCOCCOCCOCCOCCOCCOCCOCCOCCOCCOCCOCCOCCOCCOCCOCCOCCOCCOCCOCCOCCOCCOCCOCCOCCOCCOCCOCCO)OC(=O)CCCCCCCCCCCCC,65.0,,approx,0.2,,censored,80.0,,approx,,,,N:P,6.0,,"synthesis_method: Microfluidic mixing; device_used: NanoAssemblr Benchtop; total_flow_rate_ml_min: 12; flow_rate_ratio: 3:1 (aqueous:organic); aqueous_phase_composition: 1 mM sodium acetate buffer at pH 5.2; organic_phase_composition: Lipids dissolved in ethanol solution; mixing_time_sec: ; temperature_condition: Room temperature; post_processing: Diluted 40 times with PBS, concentrated by ultracentrifugation; sterilization: ; storage_buffer: PBS, stored at 4¡ÆC","cell_line: HepG2, A549; dose: 100 ng mRNA per well (in vitro); gene_expression_result: 1.70-fold higher than DMG-PEG in HepG2, 1.25-fold in A549; toxicity_profile: Cell viability >90%",1.7,numeric,0.1428571428571428,https://doi.org/10.1016/j.jconrel.2025.01.071,Role of PEGylated lipid in lipid nanoparticle formulation for in vitro and in vivo delivery of mRNA vaccines,"['Li Zhang', 'Brandon Yi Loong Seow', 'Ki Hyun Bae', 'Yue Zhang', 'Kuo-Chieh Liao', 'Yue Wan', 'Yi Yan Yang']",Journal of Controlled Release,2025.0,ALC-0315,DSPC,cholesterol,DMG-C-PEG,False,False,True,True,False,False,Neither,0.0,False,False,False,False
866,ALC-0315,DSPC,cholesterol,DSG-PEG2000,46.3:9.4:42.7:1.6,mRNA,firefly_luciferase,CCCCCCCCC(CCCCCC)C(=O)OCCCCCCN(CCCCCCOC(=O)C(CCCCCC)CCCCCCCC)CCCCO,CCCCCCCCCCCCCCCCCC(=O)OC[C@H](COP(=O)([O-])OCC[N+](C)(C)C)OC(=O)CCCCCCCCCCCCCCCCC,C[C@H](CCCC(C)C)[C@H]1CC[C@@H]2[C@@]1(CC[C@H]3[C@H]2CC=C4[C@@]3(CC[C@@H](C4)O)C)C,CCCCCCCCCCCCCCCCCC(=O)OCC(COC(=O)CCCCCCCCCCCCCCCCC)OP(=O)([O-])OCCOCCOCCOCCOCCOCCOCCOCCOCCOCCOCCOCCOCCOCCOCCOCCOCCOCCOCCOCCOCCOCCOCCOCCOCCOCCOCCOCCOCCOCCOCCOCCOCCOCCOCCOCCOCCOCCOCCOCCOCCOCCOCCOCCOCCOCCOCCOCCOCCOCCOCCOCCOCCOCCOCCOCCOCCOCCOCCOCCOCCOCCOCCOCCOCCOCCOCCOCCOCCOCCOCCOCCOCCOCCOCCOCCOCCOCCOCCOCCOCCOCCOCCOCCOCCOCCOCCOCCOCCOCCO,65.0,,approx,0.2,,censored,80.0,,approx,,,,N:P,6.0,,"synthesis_method: Microfluidic mixing; device_used: NanoAssemblr Benchtop; total_flow_rate_ml_min: 12; flow_rate_ratio: 3:1 (aqueous:organic); aqueous_phase_composition: 1 mM sodium acetate buffer at pH 5.2; organic_phase_composition: Lipids dissolved in ethanol solution; mixing_time_sec: ; temperature_condition: Room temperature; post_processing: Diluted 40 times with PBS, concentrated by ultracentrifugation; sterilization: ; storage_buffer: PBS, stored at 4¡ÆC","cell_line: HepG2, A549; dose: 100 ng mRNA per well (in vitro); gene_expression_result: 20.57-fold lower than DMG-PEG in HepG2; toxicity_profile: Cell viability >90%",20.57,numeric,0.7142857142857143,https://doi.org/10.1016/j.jconrel.2025.01.071,Role of PEGylated lipid in lipid nanoparticle formulation for in vitro and in vivo delivery of mRNA vaccines,"['Li Zhang', 'Brandon Yi Loong Seow', 'Ki Hyun Bae', 'Yue Zhang', 'Kuo-Chieh Liao', 'Yue Wan', 'Yi Yan Yang']",Journal of Controlled Release,2025.0,ALC-0315,DSPC,cholesterol,DSG-PEG,False,True,True,True,False,False,Potent only,0.0,False,False,False,False
932,L202,DSPC,cholesterol,DMG-PEG2000,50:10:38.5:1.5,mRNA,firefly_luciferase,CCCCCCCCCCC(CCCCCCCCC(=O)OCCC(CCCCC)CCCCC)COC(=O)C1CCN(CC1)C,CCCCCCCCCCCCCCCCCC(=O)OC[C@H](COP(=O)([O-])OCC[N+](C)(C)C)OC(=O)CCCCCCCCCCCCCCCCC,C[C@H](CCCC(C)C)[C@H]1CC[C@@H]2[C@@]1(CC[C@H]3[C@H]2CC=C4[C@@]3(CC[C@@H](C4)O)C)C,CCCCCCCCCCCCCC(=O)OCC(COP(=O)([O-])OCCOCCOCCOCCOCCOCCOCCOCCOCCOCCOCCOCCOCCOCCOCCOCCOCCOCCOCCOCCOCCOCCOCCOCCOCCOCCOCCOCCOCCOCCOCCOCCOCCOCCOCCOCCOCCOCCOCCOCCOCCOCCOCCOCCOCCOCCOCCOCCOCCOCCOCCOCCOCCOCCOCCOCCOCCOCCOCCOCCOCCOCCOCCOCCOCCOCCOCCOCCOCCOCCOCCOCCOCCOCCOCCOCCOCCOCCOCCOCCOCCOCCOCCOCCOCCOCCOCCOCCOCCOCCO)OC(=O)CCCCCCCCCCCCC,213.5,,range,0.22,,range,66.5,,range,,,,wt/wt,0.05,mRNA:lipi,"synthesis_method: Microfluidic; device_used: NanoAssemblr (Precision Nanosystems); total_flow_rate_ml_min: 1-4; flow_rate_ratio: 1:1 to 3:1 (aqueous:ethanol); aqueous_phase_composition: 50 mM sodium citrate buffer, pH 3.5; organic_phase_composition: EtOH with dissolved lipids; mixing_time_sec: ; temperature_condition: 2-8¡ÆC during dialysis; post_processing: Two-stage dialysis: first against PBS (pH 7.5) for 6h at 2-8¡ÆC, then against 8% sucrose/20 mM Tris buffer (pH 7.5) overnight at 2-8¡ÆC. Concentration via ultrafiltration (100 kDa MWCO); sterilization: ; storage_buffer: 8% sucrose/20 mM Tris buffer (pH 7.5)","cell_line: Hep3B, Huh7; dose: 100 ng/mL and 500 ng/mL mRNA; gene_expression_result: Luciferase expression varied by particle size, with medium-sized LNPs (105 nm) showing highest expression",105.0,numeric,0.6,https://doi.org/10.1248/cpb.c24-00089,Understanding the Manufacturing Process of Lipid Nanoparticles for mRNA Delivery Using Machine Learning,"['Shinya Sato', 'Syusuke Sano', 'Hiroki Muto', 'Kenji Kubara', 'Keita Kondo', 'Takayuki Miyazaki', 'Yuta Suzuki', 'Yoshifumi Uemoto', 'Koji Ukai']",Chemical and Pharmaceutical Bulletin,2024.0,L202,DSPC,cholesterol,mPEG2000-DMG,False,True,False,True,False,False,Potent only,63.5,False,False,False,False
933,L202,DSPC,cholesterol,DMG-PEG2000,50:10:38.5:1.5,mRNA,firefly_luciferase,CCCCCCCCCCC(CCCCCCCCC(=O)OCCC(CCCCC)CCCCC)COC(=O)C1CCN(CC1)C,CCCCCCCCCCCCCCCCCC(=O)OC[C@H](COP(=O)([O-])OCC[N+](C)(C)C)OC(=O)CCCCCCCCCCCCCCCCC,C[C@H](CCCC(C)C)[C@H]1CC[C@@H]2[C@@]1(CC[C@H]3[C@H]2CC=C4[C@@]3(CC[C@@H](C4)O)C)C,CCCCCCCCCCCCCC(=O)OCC(COP(=O)([O-])OCCOCCOCCOCCOCCOCCOCCOCCOCCOCCOCCOCCOCCOCCOCCOCCOCCOCCOCCOCCOCCOCCOCCOCCOCCOCCOCCOCCOCCOCCOCCOCCOCCOCCOCCOCCOCCOCCOCCOCCOCCOCCOCCOCCOCCOCCOCCOCCOCCOCCOCCOCCOCCOCCOCCOCCOCCOCCOCCOCCOCCOCCOCCOCCOCCOCCOCCOCCOCCOCCOCCOCCOCCOCCOCCOCCOCCOCCOCCOCCOCCOCCOCCOCCOCCOCCOCCOCCOCCOCCO)OC(=O)CCCCCCCCCCCCC,83.0,,,0.121,,,96.0,,,,,,wt/wt,0.05,mRNA:lipi,"synthesis_method: Microfluidic; device_used: NanoAssemblr; total_flow_rate_ml_min: 4.0; flow_rate_ratio: 25% EtOH (flow rate ratio 3:1); aqueous_phase_composition: 50 mM sodium citrate buffer, pH 4.0; organic_phase_composition: EtOH; mixing_time_sec: ; temperature_condition: 2-8¡ÆC; post_processing: Two-stage dialysis with Method C (dilution with citrate buffer then dialysis); sterilization: ; storage_buffer: 8% sucrose/20 mM Tris buffer (pH 7.5)","cell_line: Hep3B, Huh7; dose: 100 ng/mL and 500 ng/mL mRNA; gene_expression_result: Target ~80 nm particle size achieved via Bayesian optimization",80.0,numeric,0.3,https://doi.org/10.1248/cpb.c24-00089,Understanding the Manufacturing Process of Lipid Nanoparticles for mRNA Delivery Using Machine Learning,"['Shinya Sato', 'Syusuke Sano', 'Hiroki Muto', 'Kenji Kubara', 'Keita Kondo', 'Takayuki Miyazaki', 'Yuta Suzuki', 'Yoshifumi Uemoto', 'Koji Ukai']",Chemical and Pharmaceutical Bulletin,2024.0,L202,DSPC,cholesterol,mPEG2000-DMG,False,False,True,True,True,True,Developable only,0.0,False,False,False,False
934,L202,DSPC,cholesterol,DMG-PEG2000,50:10:38.5:1.5,mRNA,firefly_luciferase,CCCCCCCCCCC(CCCCCCCCC(=O)OCCC(CCCCC)CCCCC)COC(=O)C1CCN(CC1)C,CCCCCCCCCCCCCCCCCC(=O)OC[C@H](COP(=O)([O-])OCC[N+](C)(C)C)OC(=O)CCCCCCCCCCCCCCCCC,C[C@H](CCCC(C)C)[C@H]1CC[C@@H]2[C@@]1(CC[C@H]3[C@H]2CC=C4[C@@]3(CC[C@@H](C4)O)C)C,CCCCCCCCCCCCCC(=O)OCC(COP(=O)([O-])OCCOCCOCCOCCOCCOCCOCCOCCOCCOCCOCCOCCOCCOCCOCCOCCOCCOCCOCCOCCOCCOCCOCCOCCOCCOCCOCCOCCOCCOCCOCCOCCOCCOCCOCCOCCOCCOCCOCCOCCOCCOCCOCCOCCOCCOCCOCCOCCOCCOCCOCCOCCOCCOCCOCCOCCOCCOCCOCCOCCOCCOCCOCCOCCOCCOCCOCCOCCOCCOCCOCCOCCOCCOCCOCCOCCOCCOCCOCCOCCOCCOCCOCCOCCOCCOCCOCCOCCOCCOCCO)OC(=O)CCCCCCCCCCCCC,77.0,,,0.081,,,96.0,,,,,,wt/wt,0.05,mRNA:lipi,"synthesis_method: Microfluidic; device_used: NanoAssemblr; total_flow_rate_ml_min: 4.0; flow_rate_ratio: 25% EtOH (flow rate ratio 3:1); aqueous_phase_composition: 50 mM sodium citrate buffer, pH 3.5; organic_phase_composition: EtOH; mixing_time_sec: ; temperature_condition: 2-8¡ÆC; post_processing: Two-stage dialysis with Method C; sterilization: ; storage_buffer: 8% sucrose/20 mM Tris buffer (pH 7.5)","cell_line: Hep3B, Huh7; dose: 100 ng/mL and 500 ng/mL mRNA; gene_expression_result: Target ~80 nm particle size achieved via Bayesian optimization",80.0,numeric,0.3,https://doi.org/10.1248/cpb.c24-00089,Understanding the Manufacturing Process of Lipid Nanoparticles for mRNA Delivery Using Machine Learning,"['Shinya Sato', 'Syusuke Sano', 'Hiroki Muto', 'Kenji Kubara', 'Keita Kondo', 'Takayuki Miyazaki', 'Yuta Suzuki', 'Yoshifumi Uemoto', 'Koji Ukai']",Chemical and Pharmaceutical Bulletin,2024.0,L202,DSPC,cholesterol,mPEG2000-DMG,False,False,True,True,True,True,Developable only,0.0,False,False,False,False
935,L202,DSPC,cholesterol,DMG-PEG2000,50:10:38.5:1.5,mRNA,firefly_luciferase,CCCCCCCCCCC(CCCCCCCCC(=O)OCCC(CCCCC)CCCCC)COC(=O)C1CCN(CC1)C,CCCCCCCCCCCCCCCCCC(=O)OC[C@H](COP(=O)([O-])OCC[N+](C)(C)C)OC(=O)CCCCCCCCCCCCCCCCC,C[C@H](CCCC(C)C)[C@H]1CC[C@@H]2[C@@]1(CC[C@H]3[C@H]2CC=C4[C@@]3(CC[C@@H](C4)O)C)C,CCCCCCCCCCCCCC(=O)OCC(COP(=O)([O-])OCCOCCOCCOCCOCCOCCOCCOCCOCCOCCOCCOCCOCCOCCOCCOCCOCCOCCOCCOCCOCCOCCOCCOCCOCCOCCOCCOCCOCCOCCOCCOCCOCCOCCOCCOCCOCCOCCOCCOCCOCCOCCOCCOCCOCCOCCOCCOCCOCCOCCOCCOCCOCCOCCOCCOCCOCCOCCOCCOCCOCCOCCOCCOCCOCCOCCOCCOCCOCCOCCOCCOCCOCCOCCOCCOCCOCCOCCOCCOCCOCCOCCOCCOCCOCCOCCOCCOCCOCCOCCO)OC(=O)CCCCCCCCCCCCC,200.0,,,0.058,,,97.0,,,,,,wt/wt,0.05,mRNA:lipi,"synthesis_method: Microfluidic; device_used: NanoAssemblr; total_flow_rate_ml_min: 2.5; flow_rate_ratio: 44% EtOH; aqueous_phase_composition: 50 mM sodium citrate buffer, pH 3.5; organic_phase_composition: EtOH; mixing_time_sec: ; temperature_condition: 2-8¡ÆC; post_processing: Two-stage dialysis with Method C; sterilization: ; storage_buffer: 8% sucrose/20 mM Tris buffer (pH 7.5)","cell_line: Hep3B, Huh7; dose: 100 ng/mL and 500 ng/mL mRNA; gene_expression_result: Target ~200 nm particle size achieved via Bayesian optimization",200.0,numeric,0.9,https://doi.org/10.1248/cpb.c24-00089,Understanding the Manufacturing Process of Lipid Nanoparticles for mRNA Delivery Using Machine Learning,"['Shinya Sato', 'Syusuke Sano', 'Hiroki Muto', 'Kenji Kubara', 'Keita Kondo', 'Takayuki Miyazaki', 'Yuta Suzuki', 'Yoshifumi Uemoto', 'Koji Ukai']",Chemical and Pharmaceutical Bulletin,2024.0,L202,DSPC,cholesterol,mPEG2000-DMG,False,True,False,True,True,False,Potent only,50.0,False,False,False,False
936,L202,DSPC,cholesterol,DMG-PEG2000,50:10:38.5:1.5,mRNA,firefly_luciferase,CCCCCCCCCCC(CCCCCCCCC(=O)OCCC(CCCCC)CCCCC)COC(=O)C1CCN(CC1)C,CCCCCCCCCCCCCCCCCC(=O)OC[C@H](COP(=O)([O-])OCC[N+](C)(C)C)OC(=O)CCCCCCCCCCCCCCCCC,C[C@H](CCCC(C)C)[C@H]1CC[C@@H]2[C@@]1(CC[C@H]3[C@H]2CC=C4[C@@]3(CC[C@@H](C4)O)C)C,CCCCCCCCCCCCCC(=O)OCC(COP(=O)([O-])OCCOCCOCCOCCOCCOCCOCCOCCOCCOCCOCCOCCOCCOCCOCCOCCOCCOCCOCCOCCOCCOCCOCCOCCOCCOCCOCCOCCOCCOCCOCCOCCOCCOCCOCCOCCOCCOCCOCCOCCOCCOCCOCCOCCOCCOCCOCCOCCOCCOCCOCCOCCOCCOCCOCCOCCOCCOCCOCCOCCOCCOCCOCCOCCOCCOCCOCCOCCOCCOCCOCCOCCOCCOCCOCCOCCOCCOCCOCCOCCOCCOCCOCCOCCOCCOCCOCCOCCOCCOCCO)OC(=O)CCCCCCCCCCCCC,186.0,,,0.072,,,97.0,,,,,,wt/wt,0.05,mRNA:lipi,"synthesis_method: Microfluidic; device_used: NanoAssemblr; total_flow_rate_ml_min: 2.5; flow_rate_ratio: 45% EtOH; aqueous_phase_composition: 50 mM sodium citrate buffer, pH 3.5; organic_phase_composition: EtOH; mixing_time_sec: ; temperature_condition: 2-8¡ÆC; post_processing: Two-stage dialysis with Method C; sterilization: ; storage_buffer: 8% sucrose/20 mM Tris buffer (pH 7.5)","cell_line: Hep3B, Huh7; dose: 100 ng/mL and 500 ng/mL mRNA; gene_expression_result: Target ~200 nm particle size achieved via Bayesian optimization",200.0,numeric,0.9,https://doi.org/10.1248/cpb.c24-00089,Understanding the Manufacturing Process of Lipid Nanoparticles for mRNA Delivery Using Machine Learning,"['Shinya Sato', 'Syusuke Sano', 'Hiroki Muto', 'Kenji Kubara', 'Keita Kondo', 'Takayuki Miyazaki', 'Yuta Suzuki', 'Yoshifumi Uemoto', 'Koji Ukai']",Chemical and Pharmaceutical Bulletin,2024.0,L202,DSPC,cholesterol,mPEG2000-DMG,False,True,False,True,True,False,Potent only,36.0,False,False,False,False
946,cKK-E12,DOPE,cholesterol,C14-PEG2000,35:16:46.5:2.5,mRNA,"firefly_luciferase, epo, cre_recombinase",CCCCCCCCCCCC(O)CN1CCCCC(C(=O)NC2CCCCCNC(=O)C3N(CC(O)CCCCCCCCCCCC)CCC(CC3)N(CC(O)CCCCCCCCCCCC)CC(O)CCCCCCCCCCCC)C1,CCCCCCCC/C=C\CCCCCCCC(=O)OC[C@H](COP(=O)(O)OCCN)OC(=O)CCCCCCC/C=C\CCCCCCCC,C[C@H](CCCC(C)C)[C@H]1CC[C@@H]2[C@@]1(CC[C@H]3[C@H]2CC=C4[C@@]3(CC[C@@H](C4)O)C)C,CCCCCCCCCCCCCCOC(=O)CCOCCOCCOCCOCCOCCOCCOCCOCCOCCOCCOCCOCCOCCOCCOCCOCCOCCOCCOCCOCCOCCOCCOCCOCCOCCOCCOCCOCCOCCOCCOCCOCCOCCOCCOCCOCCOCCOCCOCCOCCOCCOCCOCCOCCOCCOCCOCCOCCOCCOCCOCCOCCOCCOCCOCCOCCOCCOCCOCCOCCOCCOCCOCCOCCOCCOCCOCCOCCOCCOCCOCCOCCOCCOCCOCCOCCOCCOCCOCCOCCOCCOCCOCCOCCOCCOCCOCCOCCOCCO,86.7,0.5,multi_condition,0.17,,multi_method,65.5,3.8,multi_condition,-5.5,1.2,,,,,"synthesis_method: Microfluidic; device_used: microfluidic chip device; total_flow_rate_ml_min: ; flow_rate_ratio: 3:1 (aqueous:ethanol); aqueous_phase_composition: 10 mM citrate buffer (pH 3.5); organic_phase_composition: ethanol with dissolved lipids; mixing_time_sec: ; temperature_condition: ; post_processing: dialyzed against 1¡¿PBS in 20,000 MWCO cassette at 4¡ÆC for 2 h; sterilization: ; storage_buffer: 1¡¿PBS","cell_line: primary hepatocytes, HeLa cells; animal_model: C57BL/6 mice; administration_route: intravenous (IV); dose: 0.75 mg/kg mRNA; gene_expression_result: hEPO: ~14,000 ng/mL at 6h, Fluc: ~10^6 p/s/cm©÷/sr; biodistribution_result: primarily liver, followed by spleen; toxicity_profile: dose-dependent increase in AST, ALT, BUN, total bilirubin at ¡Ã2.25 mg/kg; cytokine_response: elevation of IFN, IL6, TNF¥á, groAlpha, MCP1",14.0,numeric,1.0,https://doi.org/10.1038/s41467-020-16248-y,Synergistic lipid compositions for albumin receptor mediated delivery of mRNA to the liver,"['Lei Miao', 'Jiaqi Lin', 'Yuxuan Huang', 'Linxian Li', 'Derfogail Delcassian', 'Yifan Ge', 'Yunhua Shi', 'Daniel G. Anderson']",Nature Communications,2020.0,cKK-E12,DOPE,cholesterol,C14-PEG2000,False,True,True,True,False,False,Potent only,0.0,False,False,False,True
948,Custom lipid,DOPE,cholesterol,C14-PEG2000,35:16:46.5:2.5,mRNA,"firefly_luciferase, epo, cre_recombinase",CCCCCCCCCCCC(O)CN1CCCCC(C(=O)NC2CCCCCNC(=O)C3N(CC(O)CCCCCCCCCCCC)CCC(CC3)N(CC(O)CCCCCCCCCCCC)CC(O)CCCCCCCCCCCC)C1,CCCCCCCC/C=C\CCCCCCCC(=O)OC[C@H](COP(=O)(O)OCCN)OC(=O)CCCCCCC/C=C\CCCCCCCC,C[C@H](CCCC(C)C)[C@H]1CC[C@@H]2[C@@]1(CC[C@H]3[C@H]2CC=C4[C@@]3(CC[C@@H](C4)O)C)C,CCCCCCCCCCCCCCOC(=O)CCOCCOCCOCCOCCOCCOCCOCCOCCOCCOCCOCCOCCOCCOCCOCCOCCOCCOCCOCCOCCOCCOCCOCCOCCOCCOCCOCCOCCOCCOCCOCCOCCOCCOCCOCCOCCOCCOCCOCCOCCOCCOCCOCCOCCOCCOCCOCCOCCOCCOCCOCCOCCOCCOCCOCCOCCOCCOCCOCCOCCOCCOCCOCCOCCOCCOCCOCCOCCOCCOCCOCCOCCOCCOCCOCCOCCOCCOCCOCCOCCOCCOCCOCCOCCOCCOCCOCCOCCOCCO,99.5,0.3,multi_condition,0.07,,multi_method,72.5,2.2,multi_condition,-2.1,1.3,,,,,"synthesis_method: Microfluidic; device_used: microfluidic chip device; total_flow_rate_ml_min: ; flow_rate_ratio: 3:1 (aqueous:ethanol); aqueous_phase_composition: 10 mM citrate buffer (pH 3.5); organic_phase_composition: ethanol with dissolved lipids; mixing_time_sec: ; temperature_condition: ; post_processing: dialyzed against 1¡¿PBS in 20,000 MWCO cassette at 4¡ÆC for 2 h; sterilization: ; storage_buffer: 1¡¿PBS","cell_line: primary hepatocytes, HeLa cells; animal_model: C57BL/6 mice, renal anemia mouse model; administration_route: intravenous (IV); dose: 0.75 mg/kg mRNA, 0.015-0.25 mg/kg for repeated dosing; gene_expression_result: 5.69-fold higher Fluc expression than cKK-E12, 2.52-fold higher hEPO than cKK-E12; biodistribution_result: primarily liver (73.4% hepatocytes expressing), spleen; toxicity_profile: improved tolerability, lower AST levels after repeated dosing; cytokine_response: reduced inflammatory cytokines compared to cKK-E12",5.69,numeric,0.5,https://doi.org/10.1038/s41467-020-16248-y,Synergistic lipid compositions for albumin receptor mediated delivery of mRNA to the liver,"['Lei Miao', 'Jiaqi Lin', 'Yuxuan Huang', 'Linxian Li', 'Derfogail Delcassian', 'Yifan Ge', 'Yunhua Shi', 'Daniel G. Anderson']",Nature Communications,2020.0,cKK-E12:A6 (7:3 molar ratio),DOPE,cholesterol,C14-PEG2000,False,False,True,True,False,False,Neither,0.0,False,False,False,False
949,A2-Iso5-2DC18,DOPE,cholesterol,C14-PEG2000,35:2.5:37.5:16,mRNA,"firefly_luciferase, ova, trp2",CCCCCCCC/C=C\CCCCCCCC1(N(C(N=C1)C(=O)OCC)CCCN2CCCC2)CCCCCCC/C=C\CCCCCCCC,CCCCCCCC/C=C\CCCCCCCC(=O)OC[C@H](COP(=O)(O)OCCN)OC(=O)CCCCCCC/C=C\CCCCCCCC,C[C@H](CCCC(C)C)[C@H]1CC[C@@H]2[C@@]1(CC[C@H]3[C@H]2CC=C4[C@@]3(CC[C@@H](C4)O)C)C,CCCCCCCCCCCCCCOC(=O)CCOCCOCCOCCOCCOCCOCCOCCOCCOCCOCCOCCOCCOCCOCCOCCOCCOCCOCCOCCOCCOCCOCCOCCOCCOCCOCCOCCOCCOCCOCCOCCOCCOCCOCCOCCOCCOCCOCCOCCOCCOCCOCCOCCOCCOCCOCCOCCOCCOCCOCCOCCOCCOCCOCCOCCOCCOCCOCCOCCOCCOCCOCCOCCOCCOCCOCCOCCOCCOCCOCCOCCOCCOCCOCCOCCOCCOCCOCCOCCOCCOCCOCCOCCOCCOCCOCCOCCOCCOCCO,99.9,,,0.145,,,77.0,2.6,multi_condition,4.36,,,wt/wt,10.0,lipid:mRNA,"synthesis_method: Microfluidic; device_used: microfluidic chip device; total_flow_rate_ml_min: ; flow_rate_ratio: 3:1 (ethanol:aqueous); aqueous_phase_composition: 10mM citrate buffer (pH 3.0); organic_phase_composition: ethanol; mixing_time_sec: ; temperature_condition: room temperature; post_processing: dialysis against 1X PBS in 20,000 MWCO cassette at 4¡ÆC for 1h; sterilization: ; storage_buffer: 1X PBS, stored at 4¡ÆC","cell_line: Macrophages, HeLa, BMDCs, BMDMs, B16F10, B16-OVA; animal_model: C57BL/6 mice; administration_route: subcutaneous; dose: 15 ¥ìg mRNA per mouse; gene_expression_result: 6.88¡¾0.08E+04 RLU (in vitro macrophage), 1.8¡¾0.4E+07 (in vivo s.c. 0.5mg/kg); biodistribution_result: local injection site and draining lymph nodes; toxicity_profile: AST: 31.7¡¾5.6 IU/L, ALT: 132.3¡¾22.4 IU/L, Histology: OK; cytokine_response: CTL lysis: 53.3¡¾12.6%, ELISpot: 159.7¡¾56.2 spots, Antibody titer: 200.3¡¾25.7 RLU",800.0,absolute,0.0232558139534883,https://doi.org/10.1038/s41587-019-0247-3,Delivery of mRNA vaccines with heterocyclic lipids increases anti-tumor efficacy by STING-mediated immune cell activation,"['Lei Miao', 'Linxian Li', 'Yuxuan Huang', 'Derfogail Delcassian', 'Jasdave Chahal', 'Jinsong Han', 'Yunhua Shi', 'Kaitlyn Sadtler', 'Wenting Gao', 'Jiaqi Lin', 'Joshua C. Doloff', 'Robert Langer', 'Daniel G. Anderson']",Nature Biotechnology,2019.0,A2-Iso5-2DC18,DOPE,cholesterol,C14-PEG2000,False,False,True,True,False,False,Neither,0.0,False,False,False,False
950,A12-Iso5-2DC18,DOPE,cholesterol,C14-PEG2000,35:2.5:37.5:16,mRNA,"firefly_luciferase, ova",CCCCCCCC/C=C\CCCCCCCC1(N(C(N=C1)C(=O)OCC)CCCN(C)C)CCCCCCC/C=C\CCCCCCCC,CCCCCCCC/C=C\CCCCCCCC(=O)OC[C@H](COP(=O)(O)OCCN)OC(=O)CCCCCCC/C=C\CCCCCCCC,C[C@H](CCCC(C)C)[C@H]1CC[C@@H]2[C@@]1(CC[C@H]3[C@H]2CC=C4[C@@]3(CC[C@@H](C4)O)C)C,CCCCCCCCCCCCCCOC(=O)CCOCCOCCOCCOCCOCCOCCOCCOCCOCCOCCOCCOCCOCCOCCOCCOCCOCCOCCOCCOCCOCCOCCOCCOCCOCCOCCOCCOCCOCCOCCOCCOCCOCCOCCOCCOCCOCCOCCOCCOCCOCCOCCOCCOCCOCCOCCOCCOCCOCCOCCOCCOCCOCCOCCOCCOCCOCCOCCOCCOCCOCCOCCOCCOCCOCCOCCOCCOCCOCCOCCOCCOCCOCCOCCOCCOCCOCCOCCOCCOCCOCCOCCOCCOCCOCCOCCOCCOCCOCCO,87.9,,,0.135,,,68.4,2.8,multi_condition,4.85,,,wt/wt,10.0,lipid:mRNA,"synthesis_method: Microfluidic; device_used: microfluidic chip device; total_flow_rate_ml_min: ; flow_rate_ratio: 3:1 (ethanol:aqueous); aqueous_phase_composition: 10mM citrate buffer (pH 3.0); organic_phase_composition: ethanol; mixing_time_sec: ; temperature_condition: room temperature; post_processing: dialysis against 1X PBS in 20,000 MWCO cassette at 4¡ÆC for 1h; sterilization: ; storage_buffer: 1X PBS, stored at 4¡ÆC","cell_line: Macrophages, HeLa, BMDCs, BMDMs; animal_model: C57BL/6 mice; administration_route: subcutaneous; dose: 15 ¥ìg mRNA per mouse; gene_expression_result: 5.01¡¾0.80E+04 RLU (in vitro macrophage), 1.6¡¾0.3E+07 (in vivo s.c. 0.5mg/kg); biodistribution_result: local injection site and draining lymph nodes; toxicity_profile: AST: 31.3¡¾2.8 IU/L, ALT: 113.7¡¾8.5 IU/L, Histology: OK; cytokine_response: CTL lysis: 27.2¡¾1.7%, ELISpot: 14.7¡¾2.5 spots, Antibody titer: 49.5¡¾19.8 RLU",8000.0,absolute,0.0930232558139534,https://doi.org/10.1038/s41587-019-0247-3,Delivery of mRNA vaccines with heterocyclic lipids increases anti-tumor efficacy by STING-mediated immune cell activation,"['Lei Miao', 'Linxian Li', 'Yuxuan Huang', 'Derfogail Delcassian', 'Jasdave Chahal', 'Jinsong Han', 'Yunhua Shi', 'Kaitlyn Sadtler', 'Wenting Gao', 'Jiaqi Lin', 'Joshua C. Doloff', 'Robert Langer', 'Daniel G. Anderson']",Nature Biotechnology,2019.0,A12-Iso5-2DC18,DOPE,cholesterol,C14-PEG2000,False,False,True,True,False,False,Neither,0.0,False,False,False,False
951,Custom lipid,DOPE,cholesterol,C14-PEG2000,35:2.5:37.5:16,mRNA,"firefly_luciferase, ova",CCOC(=O)C1=NC(CCCCCCCCC=CCCCCCCCC)(CCCCCCCCC=CCCCCCCCC)CN1CCCN1CCCCC1,CCCCCCCC/C=C\CCCCCCCC(=O)OC[C@H](COP(=O)(O)OCCN)OC(=O)CCCCCCC/C=C\CCCCCCCC,C[C@H](CCCC(C)C)[C@H]1CC[C@@H]2[C@@]1(CC[C@H]3[C@H]2CC=C4[C@@]3(CC[C@@H](C4)O)C)C,CCCCCCCCCCCCCCOC(=O)CCOCCOCCOCCOCCOCCOCCOCCOCCOCCOCCOCCOCCOCCOCCOCCOCCOCCOCCOCCOCCOCCOCCOCCOCCOCCOCCOCCOCCOCCOCCOCCOCCOCCOCCOCCOCCOCCOCCOCCOCCOCCOCCOCCOCCOCCOCCOCCOCCOCCOCCOCCOCCOCCOCCOCCOCCOCCOCCOCCOCCOCCOCCOCCOCCOCCOCCOCCOCCOCCOCCOCCOCCOCCOCCOCCOCCOCCOCCOCCOCCOCCOCCOCCOCCOCCOCCOCCOCCOCCO,86.9,,,0.205,,,61.2,3.7,multi_condition,8.37,,,wt/wt,10.0,lipid:mRNA,"synthesis_method: Microfluidic; device_used: microfluidic chip device; total_flow_rate_ml_min: ; flow_rate_ratio: 3:1 (ethanol:aqueous); aqueous_phase_composition: 10mM citrate buffer (pH 3.0); organic_phase_composition: ethanol; mixing_time_sec: ; temperature_condition: room temperature; post_processing: dialysis against 1X PBS in 20,000 MWCO cassette at 4¡ÆC for 1h; sterilization: ; storage_buffer: 1X PBS, stored at 4¡ÆC","cell_line: Macrophages, HeLa, BMDCs, BMDMs; animal_model: C57BL/6 mice; administration_route: subcutaneous; dose: 15 ¥ìg mRNA per mouse; gene_expression_result: 1.54¡¾0.12E+05 RLU (in vitro macrophage), 2.0¡¾0.2E+07 (in vivo s.c. 0.5mg/kg); biodistribution_result: local injection site and draining lymph nodes; toxicity_profile: AST: 29.6¡¾8.1 IU/L, ALT: 124.3¡¾52.4 IU/L, Histology: OK; cytokine_response: CTL lysis: 81.4¡¾3.3%, ELISpot: 357.3¡¾48.7 spots, Antibody titer: 258.3¡¾62.8 RLU",12000.0,absolute,0.1162790697674418,https://doi.org/10.1038/s41587-019-0247-3,Delivery of mRNA vaccines with heterocyclic lipids increases anti-tumor efficacy by STING-mediated immune cell activation,"['Lei Miao', 'Linxian Li', 'Yuxuan Huang', 'Derfogail Delcassian', 'Jasdave Chahal', 'Jinsong Han', 'Yunhua Shi', 'Kaitlyn Sadtler', 'Wenting Gao', 'Jiaqi Lin', 'Joshua C. Doloff', 'Robert Langer', 'Daniel G. Anderson']",Nature Biotechnology,2019.0,A13-Iso5-2DC18,DOPE,cholesterol,C14-PEG2000,False,False,True,True,False,False,Neither,0.0,False,False,False,False
952,Custom lipid,DOPE,cholesterol,C14-PEG2000,35:2.5:37.5:16,mRNA,"firefly_luciferase, ova",CCOC(=O)C1=NC(CCCCCCCCC=CCCCCCCCC)(CCCCCCCCC=CCCCCCCCC)CN1CCCN1CC(C)CCC1CC,CCCCCCCC/C=C\CCCCCCCC(=O)OC[C@H](COP(=O)(O)OCCN)OC(=O)CCCCCCC/C=C\CCCCCCCC,C[C@H](CCCC(C)C)[C@H]1CC[C@@H]2[C@@]1(CC[C@H]3[C@H]2CC=C4[C@@]3(CC[C@@H](C4)O)C)C,CCCCCCCCCCCCCCOC(=O)CCOCCOCCOCCOCCOCCOCCOCCOCCOCCOCCOCCOCCOCCOCCOCCOCCOCCOCCOCCOCCOCCOCCOCCOCCOCCOCCOCCOCCOCCOCCOCCOCCOCCOCCOCCOCCOCCOCCOCCOCCOCCOCCOCCOCCOCCOCCOCCOCCOCCOCCOCCOCCOCCOCCOCCOCCOCCOCCOCCOCCOCCOCCOCCOCCOCCOCCOCCOCCOCCOCCOCCOCCOCCOCCOCCOCCOCCOCCOCCOCCOCCOCCOCCOCCOCCOCCOCCOCCOCCO,89.6,,,0.159,,,63.4,4.6,multi_condition,4.54,,,wt/wt,10.0,lipid:mRNA,"synthesis_method: Microfluidic; device_used: microfluidic chip device; total_flow_rate_ml_min: ; flow_rate_ratio: 3:1 (ethanol:aqueous); aqueous_phase_composition: 10mM citrate buffer (pH 3.0); organic_phase_composition: ethanol; mixing_time_sec: ; temperature_condition: room temperature; post_processing: dialysis against 1X PBS in 20,000 MWCO cassette at 4¡ÆC for 1h; sterilization: ; storage_buffer: 1X PBS, stored at 4¡ÆC","cell_line: Macrophages, HeLa, BMDCs, BMDMs; animal_model: C57BL/6 mice; administration_route: subcutaneous; dose: 15 ¥ìg mRNA per mouse; gene_expression_result: 7.92¡¾1.69E+04 RLU (in vitro macrophage), 2.7¡¾0.4E+07 (in vivo s.c. 0.5mg/kg); biodistribution_result: local injection site and draining lymph nodes; toxicity_profile: AST: 31.5¡¾4.0 IU/L, ALT: 128.3¡¾13.3 IU/L, Histology: OK; cytokine_response: CTL lysis: 96.6¡¾2.1%, ELISpot: 854.3¡¾60.3 spots, Antibody titer: 457.2¡¾22.2 RLU",16900.0,absolute,0.1627906976744186,https://doi.org/10.1038/s41587-019-0247-3,Delivery of mRNA vaccines with heterocyclic lipids increases anti-tumor efficacy by STING-mediated immune cell activation,"['Lei Miao', 'Linxian Li', 'Yuxuan Huang', 'Derfogail Delcassian', 'Jasdave Chahal', 'Jinsong Han', 'Yunhua Shi', 'Kaitlyn Sadtler', 'Wenting Gao', 'Jiaqi Lin', 'Joshua C. Doloff', 'Robert Langer', 'Daniel G. Anderson']",Nature Biotechnology,2019.0,A17-Iso5-2DC18,DOPE,cholesterol,C14-PEG2000,False,False,True,True,False,False,Neither,0.0,False,False,False,False
953,A18-Iso5-2DC18,DOPE,cholesterol,C14-PEG2000,35:2.5:37.5:16,mRNA,"firefly_luciferase, ova, e7, trp2",CCCCCCCC/C=C\CCCCCCCC1(N(C(N=C1)C(=O)OCC)CCCN2C(CCCC2)CC)CCCCCCC/C=C\CCCCCCCC,CCCCCCCC/C=C\CCCCCCCC(=O)OC[C@H](COP(=O)(O)OCCN)OC(=O)CCCCCCC/C=C\CCCCCCCC,C[C@H](CCCC(C)C)[C@H]1CC[C@@H]2[C@@]1(CC[C@H]3[C@H]2CC=C4[C@@]3(CC[C@@H](C4)O)C)C,CCCCCCCCCCCCCCOC(=O)CCOCCOCCOCCOCCOCCOCCOCCOCCOCCOCCOCCOCCOCCOCCOCCOCCOCCOCCOCCOCCOCCOCCOCCOCCOCCOCCOCCOCCOCCOCCOCCOCCOCCOCCOCCOCCOCCOCCOCCOCCOCCOCCOCCOCCOCCOCCOCCOCCOCCOCCOCCOCCOCCOCCOCCOCCOCCOCCOCCOCCOCCOCCOCCOCCOCCOCCOCCOCCOCCOCCOCCOCCOCCOCCOCCOCCOCCOCCOCCOCCOCCOCCOCCOCCOCCOCCOCCOCCOCCO,95.9,,,0.166,,,67.6,5.1,multi_condition,6.41,,,wt/wt,10.0,lipid:mRNA,"synthesis_method: Microfluidic; device_used: microfluidic chip device; total_flow_rate_ml_min: ; flow_rate_ratio: 3:1 (ethanol:aqueous); aqueous_phase_composition: 10mM citrate buffer (pH 3.0); organic_phase_composition: ethanol; mixing_time_sec: ; temperature_condition: room temperature; post_processing: dialysis against 1X PBS in 20,000 MWCO cassette at 4¡ÆC for 1h; sterilization: ; storage_buffer: 1X PBS, stored at 4¡ÆC","cell_line: Macrophages, HeLa, BMDCs, BMDMs, B16F10, TC-1, B16-OVA; animal_model: C57BL/6 mice; administration_route: subcutaneous; dose: 15 ¥ìg mRNA per mouse; gene_expression_result: 4.01¡¾0.60E+05 RLU (in vitro macrophage), 4.4¡¾0.6E+08 (in vivo s.c. 0.5mg/kg); biodistribution_result: local injection site and draining lymph nodes; toxicity_profile: AST: 29.5¡¾1.5 IU/L, ALT: 134.3¡¾4.3 IU/L, Histology: OK; cytokine_response: CTL lysis: 88.7¡¾3.5%, ELISpot: 745.0¡¾13.8 spots, Antibody titer: 379.4¡¾23.2 RLU, strong STING pathway activation",60000.0,absolute,0.2093023255813953,https://doi.org/10.1038/s41587-019-0247-3,Delivery of mRNA vaccines with heterocyclic lipids increases anti-tumor efficacy by STING-mediated immune cell activation,"['Lei Miao', 'Linxian Li', 'Yuxuan Huang', 'Derfogail Delcassian', 'Jasdave Chahal', 'Jinsong Han', 'Yunhua Shi', 'Kaitlyn Sadtler', 'Wenting Gao', 'Jiaqi Lin', 'Joshua C. Doloff', 'Robert Langer', 'Daniel G. Anderson']",Nature Biotechnology,2019.0,A18-Iso5-2DC18,DOPE,cholesterol,C14-PEG2000,False,False,True,True,False,False,Neither,0.0,False,False,False,False
954,Custom lipid,DOPE,cholesterol,C14-PEG2000,35:2.5:37.5:16,mRNA,"firefly_luciferase, ova",CCOC(=O)C1=NC(CCCCCCCCC=CCCCCCCCC)(CCCCCCCCC=CCCCCCCCC)CN1CCCN1CCCCCC1,CCCCCCCC/C=C\CCCCCCCC(=O)OC[C@H](COP(=O)(O)OCCN)OC(=O)CCCCCCC/C=C\CCCCCCCC,C[C@H](CCCC(C)C)[C@H]1CC[C@@H]2[C@@]1(CC[C@H]3[C@H]2CC=C4[C@@]3(CC[C@@H](C4)O)C)C,CCCCCCCCCCCCCCOC(=O)CCOCCOCCOCCOCCOCCOCCOCCOCCOCCOCCOCCOCCOCCOCCOCCOCCOCCOCCOCCOCCOCCOCCOCCOCCOCCOCCOCCOCCOCCOCCOCCOCCOCCOCCOCCOCCOCCOCCOCCOCCOCCOCCOCCOCCOCCOCCOCCOCCOCCOCCOCCOCCOCCOCCOCCOCCOCCOCCOCCOCCOCCOCCOCCOCCOCCOCCOCCOCCOCCOCCOCCOCCOCCOCCOCCOCCOCCOCCOCCOCCOCCOCCOCCOCCOCCOCCOCCOCCOCCO,97.9,,,0.125,,,61.2,4.6,multi_condition,4.37,,,wt/wt,10.0,lipid:mRNA,"synthesis_method: Microfluidic; device_used: microfluidic chip device; total_flow_rate_ml_min: ; flow_rate_ratio: 3:1 (ethanol:aqueous); aqueous_phase_composition: 10mM citrate buffer (pH 3.0); organic_phase_composition: ethanol; mixing_time_sec: ; temperature_condition: room temperature; post_processing: dialysis against 1X PBS in 20,000 MWCO cassette at 4¡ÆC for 1h; sterilization: ; storage_buffer: 1X PBS, stored at 4¡ÆC","cell_line: Macrophages, HeLa, BMDCs, BMDMs; animal_model: C57BL/6 mice; administration_route: subcutaneous; dose: 15 ¥ìg mRNA per mouse; gene_expression_result: 3.08¡¾0.51E+05 RLU (in vitro macrophage), 1.6¡¾0.05E+08 (in vivo s.c. 0.5mg/kg); biodistribution_result: local injection site and draining lymph nodes; toxicity_profile: AST: 25.5¡¾0.5 IU/L, ALT: 105.5¡¾5.5 IU/L, Histology: OK; cytokine_response: CTL lysis: 93.2¡¾2.8%, ELISpot: 478.0¡¾71.2 spots, Antibody titer: 406.2¡¾95.1 RLU",51000.0,absolute,0.1860465116279069,https://doi.org/10.1038/s41587-019-0247-3,Delivery of mRNA vaccines with heterocyclic lipids increases anti-tumor efficacy by STING-mediated immune cell activation,"['Lei Miao', 'Linxian Li', 'Yuxuan Huang', 'Derfogail Delcassian', 'Jasdave Chahal', 'Jinsong Han', 'Yunhua Shi', 'Kaitlyn Sadtler', 'Wenting Gao', 'Jiaqi Lin', 'Joshua C. Doloff', 'Robert Langer', 'Daniel G. Anderson']",Nature Biotechnology,2019.0,A21-Iso5-2DC18,DOPE,cholesterol,C14-PEG2000,False,False,True,True,False,False,Neither,0.0,False,False,False,False
955,Custom lipid,DOPE,cholesterol,C14-PEG2000,35:2.5:37.5:16,mRNA,"firefly_luciferase, ova",CCOC(=O)C1=NC(CCCCCCCCC=CCCCCCCCC)(CCCCCCCCC=CCCCCCCCC)CN1CCCN(CC)CC,CCCCCCCC/C=C\CCCCCCCC(=O)OC[C@H](COP(=O)(O)OCCN)OC(=O)CCCCCCC/C=C\CCCCCCCC,C[C@H](CCCC(C)C)[C@H]1CC[C@@H]2[C@@]1(CC[C@H]3[C@H]2CC=C4[C@@]3(CC[C@@H](C4)O)C)C,CCCCCCCCCCCCCCOC(=O)CCOCCOCCOCCOCCOCCOCCOCCOCCOCCOCCOCCOCCOCCOCCOCCOCCOCCOCCOCCOCCOCCOCCOCCOCCOCCOCCOCCOCCOCCOCCOCCOCCOCCOCCOCCOCCOCCOCCOCCOCCOCCOCCOCCOCCOCCOCCOCCOCCOCCOCCOCCOCCOCCOCCOCCOCCOCCOCCOCCOCCOCCOCCOCCOCCOCCOCCOCCOCCOCCOCCOCCOCCOCCOCCOCCOCCOCCOCCOCCOCCOCCOCCOCCOCCOCCOCCOCCOCCOCCO,92.4,,,0.176,,,67.2,2.9,multi_condition,5.51,,,wt/wt,10.0,lipid:mRNA,"synthesis_method: Microfluidic; device_used: microfluidic chip device; total_flow_rate_ml_min: ; flow_rate_ratio: 3:1 (ethanol:aqueous); aqueous_phase_composition: 10mM citrate buffer (pH 3.0); organic_phase_composition: ethanol; mixing_time_sec: ; temperature_condition: room temperature; post_processing: dialysis against 1X PBS in 20,000 MWCO cassette at 4¡ÆC for 1h; sterilization: ; storage_buffer: 1X PBS, stored at 4¡ÆC","cell_line: Macrophages, HeLa, BMDCs, BMDMs; animal_model: C57BL/6 mice; administration_route: subcutaneous; dose: 15 ¥ìg mRNA per mouse; gene_expression_result: 3.41¡¾0.22E+04 RLU (in vitro macrophage), 1.2¡¾0.1E+07 (in vivo s.c. 0.5mg/kg); biodistribution_result: local injection site and draining lymph nodes; toxicity_profile: AST: 31.5¡¾0.5 IU/L, ALT: 117.5¡¾6.5 IU/L, Histology: OK; cytokine_response: CTL lysis: 20.9¡¾1.3%, ELISpot: 39.3¡¾7.4 spots, Antibody titer: 116.3¡¾73.2 RLU",2200.0,absolute,0.0465116279069767,https://doi.org/10.1038/s41587-019-0247-3,Delivery of mRNA vaccines with heterocyclic lipids increases anti-tumor efficacy by STING-mediated immune cell activation,"['Lei Miao', 'Linxian Li', 'Yuxuan Huang', 'Derfogail Delcassian', 'Jasdave Chahal', 'Jinsong Han', 'Yunhua Shi', 'Kaitlyn Sadtler', 'Wenting Gao', 'Jiaqi Lin', 'Joshua C. Doloff', 'Robert Langer', 'Daniel G. Anderson']",Nature Biotechnology,2019.0,A24-Iso5-2DC18,DOPE,cholesterol,C14-PEG2000,False,False,True,True,False,False,Neither,0.0,False,False,False,False
956,Custom lipid,DOPE,cholesterol,C14-PEG2000,35:2.5:37.5:16,mRNA,"firefly_luciferase, ova, trp2",CCOC(=O)C1=NC(CCCCCCCCC=CCCCCCCCC)(CCCCCCCCC=CCCCCCCCC)CN1CCCN(CCCC)CCCC,CCCCCCCC/C=C\CCCCCCCC(=O)OC[C@H](COP(=O)(O)OCCN)OC(=O)CCCCCCC/C=C\CCCCCCCC,C[C@H](CCCC(C)C)[C@H]1CC[C@@H]2[C@@]1(CC[C@H]3[C@H]2CC=C4[C@@]3(CC[C@@H](C4)O)C)C,CCCCCCCCCCCCCCOC(=O)CCOCCOCCOCCOCCOCCOCCOCCOCCOCCOCCOCCOCCOCCOCCOCCOCCOCCOCCOCCOCCOCCOCCOCCOCCOCCOCCOCCOCCOCCOCCOCCOCCOCCOCCOCCOCCOCCOCCOCCOCCOCCOCCOCCOCCOCCOCCOCCOCCOCCOCCOCCOCCOCCOCCOCCOCCOCCOCCOCCOCCOCCOCCOCCOCCOCCOCCOCCOCCOCCOCCOCCOCCOCCOCCOCCOCCOCCOCCOCCOCCOCCOCCOCCOCCOCCOCCOCCOCCOCCO,95.9,,,0.21,,,67.5,6.5,multi_condition,6.41,,,wt/wt,10.0,lipid:mRNA,"synthesis_method: Microfluidic; device_used: microfluidic chip device; total_flow_rate_ml_min: ; flow_rate_ratio: 3:1 (ethanol:aqueous); aqueous_phase_composition: 10mM citrate buffer (pH 3.0); organic_phase_composition: ethanol; mixing_time_sec: ; temperature_condition: room temperature; post_processing: dialysis against 1X PBS in 20,000 MWCO cassette at 4¡ÆC for 1h; sterilization: ; storage_buffer: 1X PBS, stored at 4¡ÆC","cell_line: Macrophages, HeLa, BMDCs, BMDMs; animal_model: C57BL/6 mice; administration_route: subcutaneous; dose: 15 ¥ìg mRNA per mouse; gene_expression_result: 9.71¡¾1.45E+04 RLU (in vitro macrophage), 1.4¡¾0.2E+07 (in vivo s.c. 0.5mg/kg); biodistribution_result: local injection site and draining lymph nodes; toxicity_profile: AST: 27.5¡¾2.5 IU/L, ALT: 124.5¡¾5.5 IU/L, Histology: OK; cytokine_response: CTL lysis: 11.5¡¾4.5%, ELISpot: 5.3¡¾0.6 spots, Antibody titer: 30.2¡¾1.9 RLU",14500.0,absolute,0.1395348837209302,https://doi.org/10.1038/s41587-019-0247-3,Delivery of mRNA vaccines with heterocyclic lipids increases anti-tumor efficacy by STING-mediated immune cell activation,"['Lei Miao', 'Linxian Li', 'Yuxuan Huang', 'Derfogail Delcassian', 'Jasdave Chahal', 'Jinsong Han', 'Yunhua Shi', 'Kaitlyn Sadtler', 'Wenting Gao', 'Jiaqi Lin', 'Joshua C. Doloff', 'Robert Langer', 'Daniel G. Anderson']",Nature Biotechnology,2019.0,A25-Iso5-2DC18,DOPE,cholesterol,C14-PEG2000,False,False,True,True,False,False,Neither,0.0,False,False,False,False
957,Custom lipid,DOPE,cholesterol,C14-PEG2000,35:2.5:37.5:16,mRNA,"firefly_luciferase, ova",CCOC(=O)C1=NC(CCCCCCCCC=CCCCCCCCC)(CCCCCCCCC=CCCCCCCCC)CN1CCCN(CCC)CCC,CCCCCCCC/C=C\CCCCCCCC(=O)OC[C@H](COP(=O)(O)OCCN)OC(=O)CCCCCCC/C=C\CCCCCCCC,C[C@H](CCCC(C)C)[C@H]1CC[C@@H]2[C@@]1(CC[C@H]3[C@H]2CC=C4[C@@]3(CC[C@@H](C4)O)C)C,CCCCCCCCCCCCCCOC(=O)CCOCCOCCOCCOCCOCCOCCOCCOCCOCCOCCOCCOCCOCCOCCOCCOCCOCCOCCOCCOCCOCCOCCOCCOCCOCCOCCOCCOCCOCCOCCOCCOCCOCCOCCOCCOCCOCCOCCOCCOCCOCCOCCOCCOCCOCCOCCOCCOCCOCCOCCOCCOCCOCCOCCOCCOCCOCCOCCOCCOCCOCCOCCOCCOCCOCCOCCOCCOCCOCCOCCOCCOCCOCCOCCOCCOCCOCCOCCOCCOCCOCCOCCOCCOCCOCCOCCOCCOCCOCCO,92.3,,,0.197,,,67.8,2.4,multi_condition,5.36,,,wt/wt,10.0,lipid:mRNA,"synthesis_method: Microfluidic; device_used: microfluidic chip device; total_flow_rate_ml_min: ; flow_rate_ratio: 3:1 (ethanol:aqueous); aqueous_phase_composition: 10mM citrate buffer (pH 3.0); organic_phase_composition: ethanol; mixing_time_sec: ; temperature_condition: room temperature; post_processing: dialysis against 1X PBS in 20,000 MWCO cassette at 4¡ÆC for 1h; sterilization: ; storage_buffer: 1X PBS, stored at 4¡ÆC","cell_line: Macrophages, HeLa, BMDCs, BMDMs; animal_model: C57BL/6 mice; administration_route: subcutaneous; dose: 15 ¥ìg mRNA per mouse; gene_expression_result: 1.43¡¾0.05E+05 RLU (in vitro macrophage), 1.1¡¾0.02E+07 (in vivo s.c. 0.5mg/kg); biodistribution_result: local injection site and draining lymph nodes; toxicity_profile: AST: 39.3¡¾5.8 IU/L, ALT: 122.7¡¾10.5 IU/L, Histology: OK; cytokine_response: CTL lysis: 26.5¡¾2.9%, ELISpot: 36.3¡¾2.5 spots, Antibody titer: 40.3¡¾1.8 RLU",5000.0,absolute,0.0697674418604651,https://doi.org/10.1038/s41587-019-0247-3,Delivery of mRNA vaccines with heterocyclic lipids increases anti-tumor efficacy by STING-mediated immune cell activation,"['Lei Miao', 'Linxian Li', 'Yuxuan Huang', 'Derfogail Delcassian', 'Jasdave Chahal', 'Jinsong Han', 'Yunhua Shi', 'Kaitlyn Sadtler', 'Wenting Gao', 'Jiaqi Lin', 'Joshua C. Doloff', 'Robert Langer', 'Daniel G. Anderson']",Nature Biotechnology,2019.0,A26-Iso5-2DC18,DOPE,cholesterol,C14-PEG2000,False,False,True,True,False,False,Neither,0.0,False,False,False,False
959,A2-Iso5-2DC18,DOPE,cholesterol,C14-PEG2000,45:2.5:42.5:10,mRNA,firefly_luciferase,CCCCCCCC/C=C\CCCCCCCC1(N(C(N=C1)C(=O)OCC)CCCN2CCCC2)CCCCCCC/C=C\CCCCCCCC,CCCCCCCC/C=C\CCCCCCCC(=O)OC[C@H](COP(=O)(O)OCCN)OC(=O)CCCCCCC/C=C\CCCCCCCC,C[C@H](CCCC(C)C)[C@H]1CC[C@@H]2[C@@]1(CC[C@H]3[C@H]2CC=C4[C@@]3(CC[C@@H](C4)O)C)C,CCCCCCCCCCCCCCOC(=O)CCOCCOCCOCCOCCOCCOCCOCCOCCOCCOCCOCCOCCOCCOCCOCCOCCOCCOCCOCCOCCOCCOCCOCCOCCOCCOCCOCCOCCOCCOCCOCCOCCOCCOCCOCCOCCOCCOCCOCCOCCOCCOCCOCCOCCOCCOCCOCCOCCOCCOCCOCCOCCOCCOCCOCCOCCOCCOCCOCCOCCOCCOCCOCCOCCOCCOCCOCCOCCOCCOCCOCCOCCOCCOCCOCCOCCOCCOCCOCCOCCOCCOCCOCCOCCOCCOCCOCCOCCOCCO,87.6,,,0.2,,,45.5,,,,,,wt/wt,10.0,lipid:mRNA,"synthesis_method: Microfluidic; device_used: microfluidic chip device; total_flow_rate_ml_min: ; flow_rate_ratio: 3:1 (ethanol:aqueous); aqueous_phase_composition: 10mM citrate buffer (pH 3.0); organic_phase_composition: ethanol; mixing_time_sec: ; temperature_condition: room temperature; post_processing: dialysis against 1X PBS in 20,000 MWCO cassette at 4¡ÆC for 1h; sterilization: ; storage_buffer: 1X PBS, stored at 4¡ÆC",animal_model: C57BL/6 mice; administration_route: subcutaneous; gene_expression_result: 6.0E+07 (optimized formulation),60000000.0,absolute,0.9883720930232558,https://doi.org/10.1038/s41587-019-0247-3,Delivery of mRNA vaccines with heterocyclic lipids increases anti-tumor efficacy by STING-mediated immune cell activation,"['Lei Miao', 'Linxian Li', 'Yuxuan Huang', 'Derfogail Delcassian', 'Jasdave Chahal', 'Jinsong Han', 'Yunhua Shi', 'Kaitlyn Sadtler', 'Wenting Gao', 'Jiaqi Lin', 'Joshua C. Doloff', 'Robert Langer', 'Daniel G. Anderson']",Nature Biotechnology,2019.0,A2-Iso5-2DC18,DOPE,cholesterol,C14-PEG2000,False,True,True,True,False,False,Potent only,0.0,False,False,False,False
960,A2-Iso5-2DC18,DOPE,cholesterol,C14-PEG2000,35:2.5:37.5:25,mRNA,firefly_luciferase,CCCCCCCC/C=C\CCCCCCCC1(N(C(N=C1)C(=O)OCC)CCCN2CCCC2)CCCCCCC/C=C\CCCCCCCC,CCCCCCCC/C=C\CCCCCCCC(=O)OC[C@H](COP(=O)(O)OCCN)OC(=O)CCCCCCC/C=C\CCCCCCCC,C[C@H](CCCC(C)C)[C@H]1CC[C@@H]2[C@@]1(CC[C@H]3[C@H]2CC=C4[C@@]3(CC[C@@H](C4)O)C)C,CCCCCCCCCCCCCCOC(=O)CCOCCOCCOCCOCCOCCOCCOCCOCCOCCOCCOCCOCCOCCOCCOCCOCCOCCOCCOCCOCCOCCOCCOCCOCCOCCOCCOCCOCCOCCOCCOCCOCCOCCOCCOCCOCCOCCOCCOCCOCCOCCOCCOCCOCCOCCOCCOCCOCCOCCOCCOCCOCCOCCOCCOCCOCCOCCOCCOCCOCCOCCOCCOCCOCCOCCOCCOCCOCCOCCOCCOCCOCCOCCOCCOCCOCCOCCOCCOCCOCCOCCOCCOCCOCCOCCOCCOCCOCCOCCO,99.9,,,0.1,,,61.3,,,,,,wt/wt,15.0,lipid:mRNA,"synthesis_method: Microfluidic; device_used: microfluidic chip device; total_flow_rate_ml_min: ; flow_rate_ratio: 3:1 (ethanol:aqueous); aqueous_phase_composition: 10mM citrate buffer (pH 3.0); organic_phase_composition: ethanol; mixing_time_sec: ; temperature_condition: room temperature; post_processing: dialysis against 1X PBS; sterilization: ; storage_buffer: 1X PBS, stored at 4¡ÆC","cell_line: HeLa, B16F10; animal_model: C57BL/6 mice; administration_route: intramuscular; gene_expression_result: 3.9E+07 RLU (in vivo i.m.), 2.2E+07 RLU (HeLa), 2.0E+06 RLU (B16F10)",39000000.0,absolute,0.8372093023255814,https://doi.org/10.1038/s41587-019-0247-3,Delivery of mRNA vaccines with heterocyclic lipids increases anti-tumor efficacy by STING-mediated immune cell activation,"['Lei Miao', 'Linxian Li', 'Yuxuan Huang', 'Derfogail Delcassian', 'Jasdave Chahal', 'Jinsong Han', 'Yunhua Shi', 'Kaitlyn Sadtler', 'Wenting Gao', 'Jiaqi Lin', 'Joshua C. Doloff', 'Robert Langer', 'Daniel G. Anderson']",Nature Biotechnology,2019.0,A2-Iso5-2DC18,DOPE,cholesterol,C14-PEG2000,False,True,True,True,False,False,Potent only,0.0,False,False,False,False
961,A2-Iso5-2DC18,DOPE,cholesterol,C14-PEG2000,50:1.5:32.5:16,mRNA,firefly_luciferase,CCCCCCCC/C=C\CCCCCCCC1(N(C(N=C1)C(=O)OCC)CCCN2CCCC2)CCCCCCC/C=C\CCCCCCCC,CCCCCCCC/C=C\CCCCCCCC(=O)OC[C@H](COP(=O)(O)OCCN)OC(=O)CCCCCCC/C=C\CCCCCCCC,C[C@H](CCCC(C)C)[C@H]1CC[C@@H]2[C@@]1(CC[C@H]3[C@H]2CC=C4[C@@]3(CC[C@@H](C4)O)C)C,CCCCCCCCCCCCCCOC(=O)CCOCCOCCOCCOCCOCCOCCOCCOCCOCCOCCOCCOCCOCCOCCOCCOCCOCCOCCOCCOCCOCCOCCOCCOCCOCCOCCOCCOCCOCCOCCOCCOCCOCCOCCOCCOCCOCCOCCOCCOCCOCCOCCOCCOCCOCCOCCOCCOCCOCCOCCOCCOCCOCCOCCOCCOCCOCCOCCOCCOCCOCCOCCOCCOCCOCCOCCOCCOCCOCCOCCOCCOCCOCCOCCOCCOCCOCCOCCOCCOCCOCCOCCOCCOCCOCCOCCOCCOCCOCCO,76.9,,,0.2,,,55.3,,,,,,wt/wt,10.0,lipid:mRNA,"synthesis_method: Microfluidic; device_used: microfluidic chip device; total_flow_rate_ml_min: ; flow_rate_ratio: 3:1 (ethanol:aqueous); aqueous_phase_composition: 10mM citrate buffer (pH 3.0); organic_phase_composition: ethanol; mixing_time_sec: ; temperature_condition: room temperature; post_processing: dialysis against 1X PBS; sterilization: ; storage_buffer: 1X PBS, stored at 4¡ÆC","cell_line: HeLa, B16F10; animal_model: C57BL/6 mice; administration_route: intramuscular; gene_expression_result: 3.5E+07 RLU (in vivo i.m.), 1.7E+07 RLU (HeLa), 2.0E+06 RLU (B16F10)",35000000.0,absolute,0.813953488372093,https://doi.org/10.1038/s41587-019-0247-3,Delivery of mRNA vaccines with heterocyclic lipids increases anti-tumor efficacy by STING-mediated immune cell activation,"['Lei Miao', 'Linxian Li', 'Yuxuan Huang', 'Derfogail Delcassian', 'Jasdave Chahal', 'Jinsong Han', 'Yunhua Shi', 'Kaitlyn Sadtler', 'Wenting Gao', 'Jiaqi Lin', 'Joshua C. Doloff', 'Robert Langer', 'Daniel G. Anderson']",Nature Biotechnology,2019.0,A2-Iso5-2DC18,DOPE,cholesterol,C14-PEG2000,False,True,True,True,False,False,Potent only,0.0,False,False,False,False
962,A2-Iso5-2DC18,DOPE,cholesterol,C14-PEG2000,50:2.9:31.1:16,mRNA,firefly_luciferase,CCCCCCCC/C=C\CCCCCCCC1(N(C(N=C1)C(=O)OCC)CCCN2CCCC2)CCCCCCC/C=C\CCCCCCCC,CCCCCCCC/C=C\CCCCCCCC(=O)OC[C@H](COP(=O)(O)OCCN)OC(=O)CCCCCCC/C=C\CCCCCCCC,C[C@H](CCCC(C)C)[C@H]1CC[C@@H]2[C@@]1(CC[C@H]3[C@H]2CC=C4[C@@]3(CC[C@@H](C4)O)C)C,CCCCCCCCCCCCCCOC(=O)CCOCCOCCOCCOCCOCCOCCOCCOCCOCCOCCOCCOCCOCCOCCOCCOCCOCCOCCOCCOCCOCCOCCOCCOCCOCCOCCOCCOCCOCCOCCOCCOCCOCCOCCOCCOCCOCCOCCOCCOCCOCCOCCOCCOCCOCCOCCOCCOCCOCCOCCOCCOCCOCCOCCOCCOCCOCCOCCOCCOCCOCCOCCOCCOCCOCCOCCOCCOCCOCCOCCOCCOCCOCCOCCOCCOCCOCCOCCOCCOCCOCCOCCOCCOCCOCCOCCOCCOCCOCCO,101.0,,,0.2,,,60.6,,,,,,wt/wt,10.0,lipid:mRNA,"synthesis_method: Microfluidic; device_used: microfluidic chip device; total_flow_rate_ml_min: ; flow_rate_ratio: 3:1 (ethanol:aqueous); aqueous_phase_composition: 10mM citrate buffer (pH 3.0); organic_phase_composition: ethanol; mixing_time_sec: ; temperature_condition: room temperature; post_processing: dialysis against 1X PBS; sterilization: ; storage_buffer: 1X PBS, stored at 4¡ÆC","cell_line: HeLa, B16F10; animal_model: C57BL/6 mice; administration_route: intramuscular; gene_expression_result: 5.9E+07 RLU (in vivo i.m.), 6.9E+06 RLU (HeLa), 1.3E+06 RLU (B16F10)",59000000.0,absolute,0.9534883720930232,https://doi.org/10.1038/s41587-019-0247-3,Delivery of mRNA vaccines with heterocyclic lipids increases anti-tumor efficacy by STING-mediated immune cell activation,"['Lei Miao', 'Linxian Li', 'Yuxuan Huang', 'Derfogail Delcassian', 'Jasdave Chahal', 'Jinsong Han', 'Yunhua Shi', 'Kaitlyn Sadtler', 'Wenting Gao', 'Jiaqi Lin', 'Joshua C. Doloff', 'Robert Langer', 'Daniel G. Anderson']",Nature Biotechnology,2019.0,A2-Iso5-2DC18,DOPE,cholesterol,C14-PEG2000,False,True,True,True,False,False,Potent only,0.0,False,False,False,False
963,A2-Iso5-2DC18,DOPE,cholesterol,C14-PEG2000,50:1.5:32.5:16,mRNA,firefly_luciferase,CCCCCCCC/C=C\CCCCCCCC1(N(C(N=C1)C(=O)OCC)CCCN2CCCC2)CCCCCCC/C=C\CCCCCCCC,CCCCCCCC/C=C\CCCCCCCC(=O)OC[C@H](COP(=O)(O)OCCN)OC(=O)CCCCCCC/C=C\CCCCCCCC,C[C@H](CCCC(C)C)[C@H]1CC[C@@H]2[C@@]1(CC[C@H]3[C@H]2CC=C4[C@@]3(CC[C@@H](C4)O)C)C,CCCCCCCCCCCCCCOC(=O)CCOCCOCCOCCOCCOCCOCCOCCOCCOCCOCCOCCOCCOCCOCCOCCOCCOCCOCCOCCOCCOCCOCCOCCOCCOCCOCCOCCOCCOCCOCCOCCOCCOCCOCCOCCOCCOCCOCCOCCOCCOCCOCCOCCOCCOCCOCCOCCOCCOCCOCCOCCOCCOCCOCCOCCOCCOCCOCCOCCOCCOCCOCCOCCOCCOCCOCCOCCOCCOCCOCCOCCOCCOCCOCCOCCOCCOCCOCCOCCOCCOCCOCCOCCOCCOCCOCCOCCOCCOCCO,259.6,,,0.3,,,25.5,,,,,,wt/wt,2.9,lipid:mRNA,"synthesis_method: Microfluidic; device_used: microfluidic chip device; total_flow_rate_ml_min: ; flow_rate_ratio: 3:1 (ethanol:aqueous); aqueous_phase_composition: 10mM citrate buffer (pH 3.0); organic_phase_composition: ethanol; mixing_time_sec: ; temperature_condition: room temperature; post_processing: dialysis against 1X PBS; sterilization: ; storage_buffer: 1X PBS, stored at 4¡ÆC","cell_line: HeLa, B16F10; animal_model: C57BL/6 mice; administration_route: intramuscular; gene_expression_result: 2.1E+07 RLU (in vivo i.m.), 1.2E+07 RLU (HeLa), 2.2E+06 RLU (B16F10)",21000000.0,absolute,0.5348837209302325,https://doi.org/10.1038/s41587-019-0247-3,Delivery of mRNA vaccines with heterocyclic lipids increases anti-tumor efficacy by STING-mediated immune cell activation,"['Lei Miao', 'Linxian Li', 'Yuxuan Huang', 'Derfogail Delcassian', 'Jasdave Chahal', 'Jinsong Han', 'Yunhua Shi', 'Kaitlyn Sadtler', 'Wenting Gao', 'Jiaqi Lin', 'Joshua C. Doloff', 'Robert Langer', 'Daniel G. Anderson']",Nature Biotechnology,2019.0,A2-Iso5-2DC18,DOPE,cholesterol,C14-PEG2000,False,True,False,False,False,False,Potent only,109.60000000000002,False,False,False,False
964,A2-Iso5-2DC18,DOPE,cholesterol,C14-PEG2000,35:0.5:57.5:7,mRNA,firefly_luciferase,CCCCCCCC/C=C\CCCCCCCC1(N(C(N=C1)C(=O)OCC)CCCN2CCCC2)CCCCCCC/C=C\CCCCCCCC,CCCCCCCC/C=C\CCCCCCCC(=O)OC[C@H](COP(=O)(O)OCCN)OC(=O)CCCCCCC/C=C\CCCCCCCC,C[C@H](CCCC(C)C)[C@H]1CC[C@@H]2[C@@]1(CC[C@H]3[C@H]2CC=C4[C@@]3(CC[C@@H](C4)O)C)C,CCCCCCCCCCCCCCOC(=O)CCOCCOCCOCCOCCOCCOCCOCCOCCOCCOCCOCCOCCOCCOCCOCCOCCOCCOCCOCCOCCOCCOCCOCCOCCOCCOCCOCCOCCOCCOCCOCCOCCOCCOCCOCCOCCOCCOCCOCCOCCOCCOCCOCCOCCOCCOCCOCCOCCOCCOCCOCCOCCOCCOCCOCCOCCOCCOCCOCCOCCOCCOCCOCCOCCOCCOCCOCCOCCOCCOCCOCCOCCOCCOCCOCCOCCOCCOCCOCCOCCOCCOCCOCCOCCOCCOCCOCCOCCOCCO,115.9,,,0.3,,,64.7,,,,,,wt/wt,5.0,lipid:mRNA,"synthesis_method: Microfluidic; device_used: microfluidic chip device; total_flow_rate_ml_min: ; flow_rate_ratio: 3:1 (ethanol:aqueous); aqueous_phase_composition: 10mM citrate buffer (pH 3.0); organic_phase_composition: ethanol; mixing_time_sec: ; temperature_condition: room temperature; post_processing: dialysis against 1X PBS; sterilization: ; storage_buffer: 1X PBS, stored at 4¡ÆC","cell_line: HeLa, B16F10; animal_model: C57BL/6 mice; administration_route: intramuscular; gene_expression_result: 7.5E+06 RLU (in vivo i.m.), 1.2E+07 RLU (HeLa), 6.1E+06 RLU (B16F10)",7500000.0,absolute,0.3255813953488372,https://doi.org/10.1038/s41587-019-0247-3,Delivery of mRNA vaccines with heterocyclic lipids increases anti-tumor efficacy by STING-mediated immune cell activation,"['Lei Miao', 'Linxian Li', 'Yuxuan Huang', 'Derfogail Delcassian', 'Jasdave Chahal', 'Jinsong Han', 'Yunhua Shi', 'Kaitlyn Sadtler', 'Wenting Gao', 'Jiaqi Lin', 'Joshua C. Doloff', 'Robert Langer', 'Daniel G. Anderson']",Nature Biotechnology,2019.0,A2-Iso5-2DC18,DOPE,cholesterol,C14-PEG2000,False,False,True,False,False,False,Neither,0.0,False,False,False,False
965,A2-Iso5-2DC18,DOPE,cholesterol,C14-PEG2000,65:0.5:27.5:7,mRNA,firefly_luciferase,CCCCCCCC/C=C\CCCCCCCC1(N(C(N=C1)C(=O)OCC)CCCN2CCCC2)CCCCCCC/C=C\CCCCCCCC,CCCCCCCC/C=C\CCCCCCCC(=O)OC[C@H](COP(=O)(O)OCCN)OC(=O)CCCCCCC/C=C\CCCCCCCC,C[C@H](CCCC(C)C)[C@H]1CC[C@@H]2[C@@]1(CC[C@H]3[C@H]2CC=C4[C@@]3(CC[C@@H](C4)O)C)C,CCCCCCCCCCCCCCOC(=O)CCOCCOCCOCCOCCOCCOCCOCCOCCOCCOCCOCCOCCOCCOCCOCCOCCOCCOCCOCCOCCOCCOCCOCCOCCOCCOCCOCCOCCOCCOCCOCCOCCOCCOCCOCCOCCOCCOCCOCCOCCOCCOCCOCCOCCOCCOCCOCCOCCOCCOCCOCCOCCOCCOCCOCCOCCOCCOCCOCCOCCOCCOCCOCCOCCOCCOCCOCCOCCOCCOCCOCCOCCOCCOCCOCCOCCOCCOCCOCCOCCOCCOCCOCCOCCOCCOCCOCCOCCOCCO,137.9,,,0.2,,,57.9,,,,,,wt/wt,15.0,lipid:mRNA,"synthesis_method: Microfluidic; device_used: microfluidic chip device; total_flow_rate_ml_min: ; flow_rate_ratio: 3:1 (ethanol:aqueous); aqueous_phase_composition: 10mM citrate buffer (pH 3.0); organic_phase_composition: ethanol; mixing_time_sec: ; temperature_condition: room temperature; post_processing: dialysis against 1X PBS; sterilization: ; storage_buffer: 1X PBS, stored at 4¡ÆC","cell_line: HeLa, B16F10; animal_model: C57BL/6 mice; administration_route: intramuscular; gene_expression_result: 7.9E+06 RLU (in vivo i.m.), 1.4E+04 RLU (HeLa), 4.8E+03 RLU (B16F10)",7900000.0,absolute,0.3953488372093023,https://doi.org/10.1038/s41587-019-0247-3,Delivery of mRNA vaccines with heterocyclic lipids increases anti-tumor efficacy by STING-mediated immune cell activation,"['Lei Miao', 'Linxian Li', 'Yuxuan Huang', 'Derfogail Delcassian', 'Jasdave Chahal', 'Jinsong Han', 'Yunhua Shi', 'Kaitlyn Sadtler', 'Wenting Gao', 'Jiaqi Lin', 'Joshua C. Doloff', 'Robert Langer', 'Daniel G. Anderson']",Nature Biotechnology,2019.0,A2-Iso5-2DC18,DOPE,cholesterol,C14-PEG2000,False,False,True,True,False,False,Neither,0.0,False,False,False,False
966,A2-Iso5-2DC18,DOPE,cholesterol,C14-PEG2000,65:2.5:7.5:25,mRNA,firefly_luciferase,CCCCCCCC/C=C\CCCCCCCC1(N(C(N=C1)C(=O)OCC)CCCN2CCCC2)CCCCCCC/C=C\CCCCCCCC,CCCCCCCC/C=C\CCCCCCCC(=O)OC[C@H](COP(=O)(O)OCCN)OC(=O)CCCCCCC/C=C\CCCCCCCC,C[C@H](CCCC(C)C)[C@H]1CC[C@@H]2[C@@]1(CC[C@H]3[C@H]2CC=C4[C@@]3(CC[C@@H](C4)O)C)C,CCCCCCCCCCCCCCOC(=O)CCOCCOCCOCCOCCOCCOCCOCCOCCOCCOCCOCCOCCOCCOCCOCCOCCOCCOCCOCCOCCOCCOCCOCCOCCOCCOCCOCCOCCOCCOCCOCCOCCOCCOCCOCCOCCOCCOCCOCCOCCOCCOCCOCCOCCOCCOCCOCCOCCOCCOCCOCCOCCOCCOCCOCCOCCOCCOCCOCCOCCOCCOCCOCCOCCOCCOCCOCCOCCOCCOCCOCCOCCOCCOCCOCCOCCOCCOCCOCCOCCOCCOCCOCCOCCOCCOCCOCCOCCOCCO,167.9,,,0.2,,,22.5,,,,,,wt/wt,5.0,lipid:mRNA,"synthesis_method: Microfluidic; device_used: microfluidic chip device; total_flow_rate_ml_min: ; flow_rate_ratio: 3:1 (ethanol:aqueous); aqueous_phase_composition: 10mM citrate buffer (pH 3.0); organic_phase_composition: ethanol; mixing_time_sec: ; temperature_condition: room temperature; post_processing: dialysis against 1X PBS; sterilization: ; storage_buffer: 1X PBS, stored at 4¡ÆC","cell_line: HeLa, B16F10; animal_model: C57BL/6 mice; administration_route: intramuscular; gene_expression_result: 1.1E+07 RLU (in vivo i.m.), 4.9E+06 RLU (HeLa), 2.7E+06 RLU (B16F10)",11000000.0,absolute,0.4418604651162791,https://doi.org/10.1038/s41587-019-0247-3,Delivery of mRNA vaccines with heterocyclic lipids increases anti-tumor efficacy by STING-mediated immune cell activation,"['Lei Miao', 'Linxian Li', 'Yuxuan Huang', 'Derfogail Delcassian', 'Jasdave Chahal', 'Jinsong Han', 'Yunhua Shi', 'Kaitlyn Sadtler', 'Wenting Gao', 'Jiaqi Lin', 'Joshua C. Doloff', 'Robert Langer', 'Daniel G. Anderson']",Nature Biotechnology,2019.0,A2-Iso5-2DC18,DOPE,cholesterol,C14-PEG2000,False,False,False,True,False,False,Neither,17.900000000000006,False,False,False,False
967,A2-Iso5-2DC18,DOPE,cholesterol,C14-PEG2000,50:1.5:32.5:16,mRNA,firefly_luciferase,CCCCCCCC/C=C\CCCCCCCC1(N(C(N=C1)C(=O)OCC)CCCN2CCCC2)CCCCCCC/C=C\CCCCCCCC,CCCCCCCC/C=C\CCCCCCCC(=O)OC[C@H](COP(=O)(O)OCCN)OC(=O)CCCCCCC/C=C\CCCCCCCC,C[C@H](CCCC(C)C)[C@H]1CC[C@@H]2[C@@]1(CC[C@H]3[C@H]2CC=C4[C@@]3(CC[C@@H](C4)O)C)C,CCCCCCCCCCCCCCOC(=O)CCOCCOCCOCCOCCOCCOCCOCCOCCOCCOCCOCCOCCOCCOCCOCCOCCOCCOCCOCCOCCOCCOCCOCCOCCOCCOCCOCCOCCOCCOCCOCCOCCOCCOCCOCCOCCOCCOCCOCCOCCOCCOCCOCCOCCOCCOCCOCCOCCOCCOCCOCCOCCOCCOCCOCCOCCOCCOCCOCCOCCOCCOCCOCCOCCOCCOCCOCCOCCOCCOCCOCCOCCOCCOCCOCCOCCOCCOCCOCCOCCOCCOCCOCCOCCOCCOCCOCCOCCOCCO,122.4,,,0.3,,,96.4,,,,,,wt/wt,17.1,lipid:mRNA,"synthesis_method: Microfluidic; device_used: microfluidic chip device; total_flow_rate_ml_min: ; flow_rate_ratio: 3:1 (ethanol:aqueous); aqueous_phase_composition: 10mM citrate buffer (pH 3.0); organic_phase_composition: ethanol; mixing_time_sec: ; temperature_condition: room temperature; post_processing: dialysis against 1X PBS; sterilization: ; storage_buffer: 1X PBS, stored at 4¡ÆC","cell_line: HeLa, B16F10; animal_model: C57BL/6 mice; administration_route: intramuscular; gene_expression_result: 9.6E+06 RLU (in vivo i.m.), 3.5E+06 RLU (HeLa), 9.7E+05 RLU (B16F10)",9600000.0,absolute,0.4186046511627907,https://doi.org/10.1038/s41587-019-0247-3,Delivery of mRNA vaccines with heterocyclic lipids increases anti-tumor efficacy by STING-mediated immune cell activation,"['Lei Miao', 'Linxian Li', 'Yuxuan Huang', 'Derfogail Delcassian', 'Jasdave Chahal', 'Jinsong Han', 'Yunhua Shi', 'Kaitlyn Sadtler', 'Wenting Gao', 'Jiaqi Lin', 'Joshua C. Doloff', 'Robert Langer', 'Daniel G. Anderson']",Nature Biotechnology,2019.0,A2-Iso5-2DC18,DOPE,cholesterol,C14-PEG2000,False,False,True,False,True,False,Neither,0.0,False,False,False,False
968,A2-Iso5-2DC18,DOPE,cholesterol,C14-PEG2000,50:1.5:32.5:16,mRNA,firefly_luciferase,CCCCCCCC/C=C\CCCCCCCC1(N(C(N=C1)C(=O)OCC)CCCN2CCCC2)CCCCCCC/C=C\CCCCCCCC,CCCCCCCC/C=C\CCCCCCCC(=O)OC[C@H](COP(=O)(O)OCCN)OC(=O)CCCCCCC/C=C\CCCCCCCC,C[C@H](CCCC(C)C)[C@H]1CC[C@@H]2[C@@]1(CC[C@H]3[C@H]2CC=C4[C@@]3(CC[C@@H](C4)O)C)C,CCCCCCCCCCCCCCOC(=O)CCOCCOCCOCCOCCOCCOCCOCCOCCOCCOCCOCCOCCOCCOCCOCCOCCOCCOCCOCCOCCOCCOCCOCCOCCOCCOCCOCCOCCOCCOCCOCCOCCOCCOCCOCCOCCOCCOCCOCCOCCOCCOCCOCCOCCOCCOCCOCCOCCOCCOCCOCCOCCOCCOCCOCCOCCOCCOCCOCCOCCOCCOCCOCCOCCOCCOCCOCCOCCOCCOCCOCCOCCOCCOCCOCCOCCOCCOCCOCCOCCOCCOCCOCCOCCOCCOCCOCCOCCOCCO,95.9,,,0.2,,,59.5,,,,,,wt/wt,10.0,lipid:mRNA,"synthesis_method: Microfluidic; device_used: microfluidic chip device; total_flow_rate_ml_min: ; flow_rate_ratio: 3:1 (ethanol:aqueous); aqueous_phase_composition: 10mM citrate buffer (pH 3.0); organic_phase_composition: ethanol; mixing_time_sec: ; temperature_condition: room temperature; post_processing: dialysis against 1X PBS; sterilization: ; storage_buffer: 1X PBS, stored at 4¡ÆC","cell_line: HeLa, B16F10; animal_model: C57BL/6 mice; administration_route: intramuscular; gene_expression_result: 3.2E+07 RLU (in vivo i.m.), 1.7E+07 RLU (HeLa), 1.6E+06 RLU (B16F10)",32000000.0,absolute,0.7906976744186046,https://doi.org/10.1038/s41587-019-0247-3,Delivery of mRNA vaccines with heterocyclic lipids increases anti-tumor efficacy by STING-mediated immune cell activation,"['Lei Miao', 'Linxian Li', 'Yuxuan Huang', 'Derfogail Delcassian', 'Jasdave Chahal', 'Jinsong Han', 'Yunhua Shi', 'Kaitlyn Sadtler', 'Wenting Gao', 'Jiaqi Lin', 'Joshua C. Doloff', 'Robert Langer', 'Daniel G. Anderson']",Nature Biotechnology,2019.0,A2-Iso5-2DC18,DOPE,cholesterol,C14-PEG2000,False,True,True,True,False,False,Potent only,0.0,False,False,False,False
969,A2-Iso5-2DC18,DOPE,cholesterol,C14-PEG2000,71.2:1.5:11.3:16,mRNA,firefly_luciferase,CCCCCCCC/C=C\CCCCCCCC1(N(C(N=C1)C(=O)OCC)CCCN2CCCC2)CCCCCCC/C=C\CCCCCCCC,CCCCCCCC/C=C\CCCCCCCC(=O)OC[C@H](COP(=O)(O)OCCN)OC(=O)CCCCCCC/C=C\CCCCCCCC,C[C@H](CCCC(C)C)[C@H]1CC[C@@H]2[C@@]1(CC[C@H]3[C@H]2CC=C4[C@@]3(CC[C@@H](C4)O)C)C,CCCCCCCCCCCCCCOC(=O)CCOCCOCCOCCOCCOCCOCCOCCOCCOCCOCCOCCOCCOCCOCCOCCOCCOCCOCCOCCOCCOCCOCCOCCOCCOCCOCCOCCOCCOCCOCCOCCOCCOCCOCCOCCOCCOCCOCCOCCOCCOCCOCCOCCOCCOCCOCCOCCOCCOCCOCCOCCOCCOCCOCCOCCOCCOCCOCCOCCOCCOCCOCCOCCOCCOCCOCCOCCOCCOCCOCCOCCOCCOCCOCCOCCOCCOCCOCCOCCOCCOCCOCCOCCOCCOCCOCCOCCOCCOCCO,72.3,,,0.2,,,56.4,,,,,,wt/wt,10.0,lipid:mRNA,"synthesis_method: Microfluidic; device_used: microfluidic chip device; total_flow_rate_ml_min: ; flow_rate_ratio: 3:1 (ethanol:aqueous); aqueous_phase_composition: 10mM citrate buffer (pH 3.0); organic_phase_composition: ethanol; mixing_time_sec: ; temperature_condition: room temperature; post_processing: dialysis against 1X PBS; sterilization: ; storage_buffer: 1X PBS, stored at 4¡ÆC","cell_line: HeLa, B16F10; animal_model: C57BL/6 mice; administration_route: intramuscular; gene_expression_result: 2.0E+06 RLU (in vivo i.m.), 4.2E+06 RLU (HeLa), 9.2E+05 RLU (B16F10)",2000000.0,absolute,0.2790697674418604,https://doi.org/10.1038/s41587-019-0247-3,Delivery of mRNA vaccines with heterocyclic lipids increases anti-tumor efficacy by STING-mediated immune cell activation,"['Lei Miao', 'Linxian Li', 'Yuxuan Huang', 'Derfogail Delcassian', 'Jasdave Chahal', 'Jinsong Han', 'Yunhua Shi', 'Kaitlyn Sadtler', 'Wenting Gao', 'Jiaqi Lin', 'Joshua C. Doloff', 'Robert Langer', 'Daniel G. Anderson']",Nature Biotechnology,2019.0,A2-Iso5-2DC18,DOPE,cholesterol,C14-PEG2000,False,False,True,True,False,False,Neither,0.0,False,False,False,False
970,A2-Iso5-2DC18,DOPE,cholesterol,C14-PEG2000,50:1.5:32.5:16,mRNA,firefly_luciferase,CCCCCCCC/C=C\CCCCCCCC1(N(C(N=C1)C(=O)OCC)CCCN2CCCC2)CCCCCCC/C=C\CCCCCCCC,CCCCCCCC/C=C\CCCCCCCC(=O)OC[C@H](COP(=O)(O)OCCN)OC(=O)CCCCCCC/C=C\CCCCCCCC,C[C@H](CCCC(C)C)[C@H]1CC[C@@H]2[C@@]1(CC[C@H]3[C@H]2CC=C4[C@@]3(CC[C@@H](C4)O)C)C,CCCCCCCCCCCCCCOC(=O)CCOCCOCCOCCOCCOCCOCCOCCOCCOCCOCCOCCOCCOCCOCCOCCOCCOCCOCCOCCOCCOCCOCCOCCOCCOCCOCCOCCOCCOCCOCCOCCOCCOCCOCCOCCOCCOCCOCCOCCOCCOCCOCCOCCOCCOCCOCCOCCOCCOCCOCCOCCOCCOCCOCCOCCOCCOCCOCCOCCOCCOCCOCCOCCOCCOCCOCCOCCOCCOCCOCCOCCOCCOCCOCCOCCOCCOCCOCCOCCOCCOCCOCCOCCOCCOCCOCCOCCOCCOCCO,94.0,,,0.2,,,68.1,,,,,,wt/wt,10.0,lipid:mRNA,"synthesis_method: Microfluidic; device_used: microfluidic chip device; total_flow_rate_ml_min: ; flow_rate_ratio: 3:1 (ethanol:aqueous); aqueous_phase_composition: 10mM citrate buffer (pH 3.0); organic_phase_composition: ethanol; mixing_time_sec: ; temperature_condition: room temperature; post_processing: dialysis against 1X PBS; sterilization: ; storage_buffer: 1X PBS, stored at 4¡ÆC","cell_line: HeLa, B16F10; animal_model: C57BL/6 mice; administration_route: intramuscular; gene_expression_result: 2.2E+07 RLU (in vivo i.m.), 2.5E+07 RLU (HeLa), 1.6E+06 RLU (B16F10)",22000000.0,absolute,0.5813953488372093,https://doi.org/10.1038/s41587-019-0247-3,Delivery of mRNA vaccines with heterocyclic lipids increases anti-tumor efficacy by STING-mediated immune cell activation,"['Lei Miao', 'Linxian Li', 'Yuxuan Huang', 'Derfogail Delcassian', 'Jasdave Chahal', 'Jinsong Han', 'Yunhua Shi', 'Kaitlyn Sadtler', 'Wenting Gao', 'Jiaqi Lin', 'Joshua C. Doloff', 'Robert Langer', 'Daniel G. Anderson']",Nature Biotechnology,2019.0,A2-Iso5-2DC18,DOPE,cholesterol,C14-PEG2000,False,True,True,True,False,False,Potent only,0.0,False,False,False,False
971,A2-Iso5-2DC18,DOPE,cholesterol,C14-PEG2000,28.8:1.5:53.7:16,mRNA,firefly_luciferase,CCCCCCCC/C=C\CCCCCCCC1(N(C(N=C1)C(=O)OCC)CCCN2CCCC2)CCCCCCC/C=C\CCCCCCCC,CCCCCCCC/C=C\CCCCCCCC(=O)OC[C@H](COP(=O)(O)OCCN)OC(=O)CCCCCCC/C=C\CCCCCCCC,C[C@H](CCCC(C)C)[C@H]1CC[C@@H]2[C@@]1(CC[C@H]3[C@H]2CC=C4[C@@]3(CC[C@@H](C4)O)C)C,CCCCCCCCCCCCCCOC(=O)CCOCCOCCOCCOCCOCCOCCOCCOCCOCCOCCOCCOCCOCCOCCOCCOCCOCCOCCOCCOCCOCCOCCOCCOCCOCCOCCOCCOCCOCCOCCOCCOCCOCCOCCOCCOCCOCCOCCOCCOCCOCCOCCOCCOCCOCCOCCOCCOCCOCCOCCOCCOCCOCCOCCOCCOCCOCCOCCOCCOCCOCCOCCOCCOCCOCCOCCOCCOCCOCCOCCOCCOCCOCCOCCOCCOCCOCCOCCOCCOCCOCCOCCOCCOCCOCCOCCOCCOCCOCCO,84.9,,,0.2,,,64.3,,,,,,wt/wt,10.0,lipid:mRNA,"synthesis_method: Microfluidic; device_used: microfluidic chip device; total_flow_rate_ml_min: ; flow_rate_ratio: 3:1 (ethanol:aqueous); aqueous_phase_composition: 10mM citrate buffer (pH 3.0); organic_phase_composition: ethanol; mixing_time_sec: ; temperature_condition: room temperature; post_processing: dialysis against 1X PBS; sterilization: ; storage_buffer: 1X PBS, stored at 4¡ÆC","cell_line: HeLa, B16F10; animal_model: C57BL/6 mice; administration_route: intramuscular; gene_expression_result: 4.2E+07 RLU (in vivo i.m.), 1.5E+07 RLU (HeLa), 2.0E+06 RLU (B16F10)",42000000.0,absolute,0.8604651162790697,https://doi.org/10.1038/s41587-019-0247-3,Delivery of mRNA vaccines with heterocyclic lipids increases anti-tumor efficacy by STING-mediated immune cell activation,"['Lei Miao', 'Linxian Li', 'Yuxuan Huang', 'Derfogail Delcassian', 'Jasdave Chahal', 'Jinsong Han', 'Yunhua Shi', 'Kaitlyn Sadtler', 'Wenting Gao', 'Jiaqi Lin', 'Joshua C. Doloff', 'Robert Langer', 'Daniel G. Anderson']",Nature Biotechnology,2019.0,A2-Iso5-2DC18,DOPE,cholesterol,C14-PEG2000,False,True,True,True,False,False,Potent only,0.0,False,False,False,False
972,A2-Iso5-2DC18,DOPE,cholesterol,C14-PEG2000,65:2.5:25.5:7,mRNA,firefly_luciferase,CCCCCCCC/C=C\CCCCCCCC1(N(C(N=C1)C(=O)OCC)CCCN2CCCC2)CCCCCCC/C=C\CCCCCCCC,CCCCCCCC/C=C\CCCCCCCC(=O)OC[C@H](COP(=O)(O)OCCN)OC(=O)CCCCCCC/C=C\CCCCCCCC,C[C@H](CCCC(C)C)[C@H]1CC[C@@H]2[C@@]1(CC[C@H]3[C@H]2CC=C4[C@@]3(CC[C@@H](C4)O)C)C,CCCCCCCCCCCCCCOC(=O)CCOCCOCCOCCOCCOCCOCCOCCOCCOCCOCCOCCOCCOCCOCCOCCOCCOCCOCCOCCOCCOCCOCCOCCOCCOCCOCCOCCOCCOCCOCCOCCOCCOCCOCCOCCOCCOCCOCCOCCOCCOCCOCCOCCOCCOCCOCCOCCOCCOCCOCCOCCOCCOCCOCCOCCOCCOCCOCCOCCOCCOCCOCCOCCOCCOCCOCCOCCOCCOCCOCCOCCOCCOCCOCCOCCOCCOCCOCCOCCOCCOCCOCCOCCOCCOCCOCCOCCOCCOCCO,127.8,,,0.2,,,57.2,,,,,,wt/wt,5.0,lipid:mRNA,"synthesis_method: Microfluidic; device_used: microfluidic chip device; total_flow_rate_ml_min: ; flow_rate_ratio: 3:1 (ethanol:aqueous); aqueous_phase_composition: 10mM citrate buffer (pH 3.0); organic_phase_composition: ethanol; mixing_time_sec: ; temperature_condition: room temperature; post_processing: dialysis against 1X PBS; sterilization: ; storage_buffer: 1X PBS, stored at 4¡ÆC","cell_line: HeLa, B16F10; animal_model: C57BL/6 mice; administration_route: intramuscular; gene_expression_result: 1.9E+07 RLU (in vivo i.m.), 4.0E+06 RLU (HeLa), 5.5E+05 RLU (B16F10)",19000000.0,absolute,0.4767441860465116,https://doi.org/10.1038/s41587-019-0247-3,Delivery of mRNA vaccines with heterocyclic lipids increases anti-tumor efficacy by STING-mediated immune cell activation,"['Lei Miao', 'Linxian Li', 'Yuxuan Huang', 'Derfogail Delcassian', 'Jasdave Chahal', 'Jinsong Han', 'Yunhua Shi', 'Kaitlyn Sadtler', 'Wenting Gao', 'Jiaqi Lin', 'Joshua C. Doloff', 'Robert Langer', 'Daniel G. Anderson']",Nature Biotechnology,2019.0,A2-Iso5-2DC18,DOPE,cholesterol,C14-PEG2000,False,False,True,True,False,False,Neither,0.0,False,False,False,False
973,A2-Iso5-2DC18,DOPE,cholesterol,C14-PEG2000,50:1.5:32.5:16,mRNA,firefly_luciferase,CCCCCCCC/C=C\CCCCCCCC1(N(C(N=C1)C(=O)OCC)CCCN2CCCC2)CCCCCCC/C=C\CCCCCCCC,CCCCCCCC/C=C\CCCCCCCC(=O)OC[C@H](COP(=O)(O)OCCN)OC(=O)CCCCCCC/C=C\CCCCCCCC,C[C@H](CCCC(C)C)[C@H]1CC[C@@H]2[C@@]1(CC[C@H]3[C@H]2CC=C4[C@@]3(CC[C@@H](C4)O)C)C,CCCCCCCCCCCCCCOC(=O)CCOCCOCCOCCOCCOCCOCCOCCOCCOCCOCCOCCOCCOCCOCCOCCOCCOCCOCCOCCOCCOCCOCCOCCOCCOCCOCCOCCOCCOCCOCCOCCOCCOCCOCCOCCOCCOCCOCCOCCOCCOCCOCCOCCOCCOCCOCCOCCOCCOCCOCCOCCOCCOCCOCCOCCOCCOCCOCCOCCOCCOCCOCCOCCOCCOCCOCCOCCOCCOCCOCCOCCOCCOCCOCCOCCOCCOCCOCCOCCOCCOCCOCCOCCOCCOCCOCCOCCOCCOCCO,84.9,,,0.2,,,57.5,,,,,,wt/wt,10.0,lipid:mRNA,"synthesis_method: Microfluidic; device_used: microfluidic chip device; total_flow_rate_ml_min: ; flow_rate_ratio: 3:1 (ethanol:aqueous); aqueous_phase_composition: 10mM citrate buffer (pH 3.0); organic_phase_composition: ethanol; mixing_time_sec: ; temperature_condition: room temperature; post_processing: dialysis against 1X PBS; sterilization: ; storage_buffer: 1X PBS, stored at 4¡ÆC","cell_line: HeLa, B16F10; animal_model: C57BL/6 mice; administration_route: intramuscular; gene_expression_result: 3.1E+07 RLU (in vivo i.m.), 1.4E+07 RLU (HeLa), 1.8E+06 RLU (B16F10)",31000000.0,absolute,0.7209302325581395,https://doi.org/10.1038/s41587-019-0247-3,Delivery of mRNA vaccines with heterocyclic lipids increases anti-tumor efficacy by STING-mediated immune cell activation,"['Lei Miao', 'Linxian Li', 'Yuxuan Huang', 'Derfogail Delcassian', 'Jasdave Chahal', 'Jinsong Han', 'Yunhua Shi', 'Kaitlyn Sadtler', 'Wenting Gao', 'Jiaqi Lin', 'Joshua C. Doloff', 'Robert Langer', 'Daniel G. Anderson']",Nature Biotechnology,2019.0,A2-Iso5-2DC18,DOPE,cholesterol,C14-PEG2000,False,True,True,True,False,False,Potent only,0.0,False,False,False,False
974,A2-Iso5-2DC18,DOPE,cholesterol,C14-PEG2000,35:2.5:55.5:7,mRNA,firefly_luciferase,CCCCCCCC/C=C\CCCCCCCC1(N(C(N=C1)C(=O)OCC)CCCN2CCCC2)CCCCCCC/C=C\CCCCCCCC,CCCCCCCC/C=C\CCCCCCCC(=O)OC[C@H](COP(=O)(O)OCCN)OC(=O)CCCCCCC/C=C\CCCCCCCC,C[C@H](CCCC(C)C)[C@H]1CC[C@@H]2[C@@]1(CC[C@H]3[C@H]2CC=C4[C@@]3(CC[C@@H](C4)O)C)C,CCCCCCCCCCCCCCOC(=O)CCOCCOCCOCCOCCOCCOCCOCCOCCOCCOCCOCCOCCOCCOCCOCCOCCOCCOCCOCCOCCOCCOCCOCCOCCOCCOCCOCCOCCOCCOCCOCCOCCOCCOCCOCCOCCOCCOCCOCCOCCOCCOCCOCCOCCOCCOCCOCCOCCOCCOCCOCCOCCOCCOCCOCCOCCOCCOCCOCCOCCOCCOCCOCCOCCOCCOCCOCCOCCOCCOCCOCCOCCOCCOCCOCCOCCOCCOCCOCCOCCOCCOCCOCCOCCOCCOCCOCCOCCOCCO,108.7,,,0.1,,,65.2,,,,,,wt/wt,15.0,lipid:mRNA,"synthesis_method: Microfluidic; device_used: microfluidic chip device; total_flow_rate_ml_min: ; flow_rate_ratio: 3:1 (ethanol:aqueous); aqueous_phase_composition: 10mM citrate buffer (pH 3.0); organic_phase_composition: ethanol; mixing_time_sec: ; temperature_condition: room temperature; post_processing: dialysis against 1X PBS; sterilization: ; storage_buffer: 1X PBS, stored at 4¡ÆC","cell_line: HeLa, B16F10; animal_model: C57BL/6 mice; administration_route: intramuscular; gene_expression_result: 1.9E+07 RLU (in vivo i.m.), 9.9E+06 RLU (HeLa), 1.7E+06 RLU (B16F10)",19000000.0,absolute,0.4767441860465116,https://doi.org/10.1038/s41587-019-0247-3,Delivery of mRNA vaccines with heterocyclic lipids increases anti-tumor efficacy by STING-mediated immune cell activation,"['Lei Miao', 'Linxian Li', 'Yuxuan Huang', 'Derfogail Delcassian', 'Jasdave Chahal', 'Jinsong Han', 'Yunhua Shi', 'Kaitlyn Sadtler', 'Wenting Gao', 'Jiaqi Lin', 'Joshua C. Doloff', 'Robert Langer', 'Daniel G. Anderson']",Nature Biotechnology,2019.0,A2-Iso5-2DC18,DOPE,cholesterol,C14-PEG2000,False,False,True,True,False,False,Neither,0.0,False,False,False,False
975,A2-Iso5-2DC18,DOPE,cholesterol,C14-PEG2000,50:1.5:45.2:3.3,mRNA,firefly_luciferase,CCCCCCCC/C=C\CCCCCCCC1(N(C(N=C1)C(=O)OCC)CCCN2CCCC2)CCCCCCC/C=C\CCCCCCCC,CCCCCCCC/C=C\CCCCCCCC(=O)OC[C@H](COP(=O)(O)OCCN)OC(=O)CCCCCCC/C=C\CCCCCCCC,C[C@H](CCCC(C)C)[C@H]1CC[C@@H]2[C@@]1(CC[C@H]3[C@H]2CC=C4[C@@]3(CC[C@@H](C4)O)C)C,CCCCCCCCCCCCCCOC(=O)CCOCCOCCOCCOCCOCCOCCOCCOCCOCCOCCOCCOCCOCCOCCOCCOCCOCCOCCOCCOCCOCCOCCOCCOCCOCCOCCOCCOCCOCCOCCOCCOCCOCCOCCOCCOCCOCCOCCOCCOCCOCCOCCOCCOCCOCCOCCOCCOCCOCCOCCOCCOCCOCCOCCOCCOCCOCCOCCOCCOCCOCCOCCOCCOCCOCCOCCOCCOCCOCCOCCOCCOCCOCCOCCOCCOCCOCCOCCOCCOCCOCCOCCOCCOCCOCCOCCOCCOCCOCCO,94.9,,,0.3,,,21.7,,,,,,wt/wt,10.0,lipid:mRNA,"synthesis_method: Microfluidic; device_used: microfluidic chip device; total_flow_rate_ml_min: ; flow_rate_ratio: 3:1 (ethanol:aqueous); aqueous_phase_composition: 10mM citrate buffer (pH 3.0); organic_phase_composition: ethanol; mixing_time_sec: ; temperature_condition: room temperature; post_processing: dialysis against 1X PBS; sterilization: ; storage_buffer: 1X PBS, stored at 4¡ÆC","cell_line: HeLa, B16F10; animal_model: C57BL/6 mice; administration_route: intramuscular; gene_expression_result: 3.0E+07 RLU (in vivo i.m.), 7.6E+06 RLU (HeLa), 3.8E+05 RLU (B16F10)",30000000.0,absolute,0.6744186046511628,https://doi.org/10.1038/s41587-019-0247-3,Delivery of mRNA vaccines with heterocyclic lipids increases anti-tumor efficacy by STING-mediated immune cell activation,"['Lei Miao', 'Linxian Li', 'Yuxuan Huang', 'Derfogail Delcassian', 'Jasdave Chahal', 'Jinsong Han', 'Yunhua Shi', 'Kaitlyn Sadtler', 'Wenting Gao', 'Jiaqi Lin', 'Joshua C. Doloff', 'Robert Langer', 'Daniel G. Anderson']",Nature Biotechnology,2019.0,A2-Iso5-2DC18,DOPE,cholesterol,C14-PEG2000,False,True,True,False,False,False,Potent only,0.0,False,False,False,False
976,A2-Iso5-2DC18,DOPE,cholesterol,C14-PEG2000,50:1.5:32.5:16,mRNA,firefly_luciferase,CCCCCCCC/C=C\CCCCCCCC1(N(C(N=C1)C(=O)OCC)CCCN2CCCC2)CCCCCCC/C=C\CCCCCCCC,CCCCCCCC/C=C\CCCCCCCC(=O)OC[C@H](COP(=O)(O)OCCN)OC(=O)CCCCCCC/C=C\CCCCCCCC,C[C@H](CCCC(C)C)[C@H]1CC[C@@H]2[C@@]1(CC[C@H]3[C@H]2CC=C4[C@@]3(CC[C@@H](C4)O)C)C,CCCCCCCCCCCCCCOC(=O)CCOCCOCCOCCOCCOCCOCCOCCOCCOCCOCCOCCOCCOCCOCCOCCOCCOCCOCCOCCOCCOCCOCCOCCOCCOCCOCCOCCOCCOCCOCCOCCOCCOCCOCCOCCOCCOCCOCCOCCOCCOCCOCCOCCOCCOCCOCCOCCOCCOCCOCCOCCOCCOCCOCCOCCOCCOCCOCCOCCOCCOCCOCCOCCOCCOCCOCCOCCOCCOCCOCCOCCOCCOCCOCCOCCOCCOCCOCCOCCOCCOCCOCCOCCOCCOCCOCCOCCOCCOCCO,91.8,,,0.2,,,70.2,,,,,,wt/wt,10.0,lipid:mRNA,"synthesis_method: Microfluidic; device_used: microfluidic chip device; total_flow_rate_ml_min: ; flow_rate_ratio: 3:1 (ethanol:aqueous); aqueous_phase_composition: 10mM citrate buffer (pH 3.0); organic_phase_composition: ethanol; mixing_time_sec: ; temperature_condition: room temperature; post_processing: dialysis against 1X PBS; sterilization: ; storage_buffer: 1X PBS, stored at 4¡ÆC","cell_line: HeLa, B16F10; animal_model: C57BL/6 mice; administration_route: intramuscular; gene_expression_result: 2.2E+07 RLU (in vivo i.m.), 1.9E+07 RLU (HeLa), 1.8E+06 RLU (B16F10)",22000000.0,absolute,0.5813953488372093,https://doi.org/10.1038/s41587-019-0247-3,Delivery of mRNA vaccines with heterocyclic lipids increases anti-tumor efficacy by STING-mediated immune cell activation,"['Lei Miao', 'Linxian Li', 'Yuxuan Huang', 'Derfogail Delcassian', 'Jasdave Chahal', 'Jinsong Han', 'Yunhua Shi', 'Kaitlyn Sadtler', 'Wenting Gao', 'Jiaqi Lin', 'Joshua C. Doloff', 'Robert Langer', 'Daniel G. Anderson']",Nature Biotechnology,2019.0,A2-Iso5-2DC18,DOPE,cholesterol,C14-PEG2000,False,True,True,True,False,False,Potent only,0.0,False,False,False,False
977,A2-Iso5-2DC18,DOPE,cholesterol,C14-PEG2000,35:0.5:39.5:25,mRNA,firefly_luciferase,CCCCCCCC/C=C\CCCCCCCC1(N(C(N=C1)C(=O)OCC)CCCN2CCCC2)CCCCCCC/C=C\CCCCCCCC,CCCCCCCC/C=C\CCCCCCCC(=O)OC[C@H](COP(=O)(O)OCCN)OC(=O)CCCCCCC/C=C\CCCCCCCC,C[C@H](CCCC(C)C)[C@H]1CC[C@@H]2[C@@]1(CC[C@H]3[C@H]2CC=C4[C@@]3(CC[C@@H](C4)O)C)C,CCCCCCCCCCCCCCOC(=O)CCOCCOCCOCCOCCOCCOCCOCCOCCOCCOCCOCCOCCOCCOCCOCCOCCOCCOCCOCCOCCOCCOCCOCCOCCOCCOCCOCCOCCOCCOCCOCCOCCOCCOCCOCCOCCOCCOCCOCCOCCOCCOCCOCCOCCOCCOCCOCCOCCOCCOCCOCCOCCOCCOCCOCCOCCOCCOCCOCCOCCOCCOCCOCCOCCOCCOCCOCCOCCOCCOCCOCCOCCOCCOCCOCCOCCOCCOCCOCCOCCOCCOCCOCCOCCOCCOCCOCCOCCOCCO,129.4,,,0.2,,,53.9,,,,,,wt/wt,5.0,lipid:mRNA,"synthesis_method: Microfluidic; device_used: microfluidic chip device; total_flow_rate_ml_min: ; flow_rate_ratio: 3:1 (ethanol:aqueous); aqueous_phase_composition: 10mM citrate buffer (pH 3.0); organic_phase_composition: ethanol; mixing_time_sec: ; temperature_condition: room temperature; post_processing: dialysis against 1X PBS; sterilization: ; storage_buffer: 1X PBS, stored at 4¡ÆC","cell_line: HeLa, B16F10; animal_model: C57BL/6 mice; administration_route: intramuscular; gene_expression_result: 3.2E+06 RLU (in vivo i.m.), 2.0E+07 RLU (HeLa), 3.7E+06 RLU (B16F10)",3200000.0,absolute,0.3023255813953488,https://doi.org/10.1038/s41587-019-0247-3,Delivery of mRNA vaccines with heterocyclic lipids increases anti-tumor efficacy by STING-mediated immune cell activation,"['Lei Miao', 'Linxian Li', 'Yuxuan Huang', 'Derfogail Delcassian', 'Jasdave Chahal', 'Jinsong Han', 'Yunhua Shi', 'Kaitlyn Sadtler', 'Wenting Gao', 'Jiaqi Lin', 'Joshua C. Doloff', 'Robert Langer', 'Daniel G. Anderson']",Nature Biotechnology,2019.0,A2-Iso5-2DC18,DOPE,cholesterol,C14-PEG2000,False,False,True,True,False,False,Neither,0.0,False,False,False,False
978,A2-Iso5-2DC18,DOPE,cholesterol,C14-PEG2000,50:1.5:19.8:28.7,mRNA,firefly_luciferase,CCCCCCCC/C=C\CCCCCCCC1(N(C(N=C1)C(=O)OCC)CCCN2CCCC2)CCCCCCC/C=C\CCCCCCCC,CCCCCCCC/C=C\CCCCCCCC(=O)OC[C@H](COP(=O)(O)OCCN)OC(=O)CCCCCCC/C=C\CCCCCCCC,C[C@H](CCCC(C)C)[C@H]1CC[C@@H]2[C@@]1(CC[C@H]3[C@H]2CC=C4[C@@]3(CC[C@@H](C4)O)C)C,CCCCCCCCCCCCCCOC(=O)CCOCCOCCOCCOCCOCCOCCOCCOCCOCCOCCOCCOCCOCCOCCOCCOCCOCCOCCOCCOCCOCCOCCOCCOCCOCCOCCOCCOCCOCCOCCOCCOCCOCCOCCOCCOCCOCCOCCOCCOCCOCCOCCOCCOCCOCCOCCOCCOCCOCCOCCOCCOCCOCCOCCOCCOCCOCCOCCOCCOCCOCCOCCOCCOCCOCCOCCOCCOCCOCCOCCOCCOCCOCCOCCOCCOCCOCCOCCOCCOCCOCCOCCOCCOCCOCCOCCOCCOCCOCCO,83.2,,,0.3,,,41.3,,,,,,wt/wt,10.0,lipid:mRNA,"synthesis_method: Microfluidic; device_used: microfluidic chip device; total_flow_rate_ml_min: ; flow_rate_ratio: 3:1 (ethanol:aqueous); aqueous_phase_composition: 10mM citrate buffer (pH 3.0); organic_phase_composition: ethanol; mixing_time_sec: ; temperature_condition: room temperature; post_processing: dialysis against 1X PBS; sterilization: ; storage_buffer: 1X PBS, stored at 4¡ÆC","cell_line: HeLa, B16F10; animal_model: C57BL/6 mice; administration_route: intramuscular; gene_expression_result: 7.7E+06 RLU (in vivo i.m.), 5.2E+06 RLU (HeLa), 8.6E+05 RLU (B16F10)",7700000.0,absolute,0.3604651162790697,https://doi.org/10.1038/s41587-019-0247-3,Delivery of mRNA vaccines with heterocyclic lipids increases anti-tumor efficacy by STING-mediated immune cell activation,"['Lei Miao', 'Linxian Li', 'Yuxuan Huang', 'Derfogail Delcassian', 'Jasdave Chahal', 'Jinsong Han', 'Yunhua Shi', 'Kaitlyn Sadtler', 'Wenting Gao', 'Jiaqi Lin', 'Joshua C. Doloff', 'Robert Langer', 'Daniel G. Anderson']",Nature Biotechnology,2019.0,A2-Iso5-2DC18,DOPE,cholesterol,C14-PEG2000,False,False,True,False,False,False,Neither,0.0,False,False,False,False
979,A2-Iso5-2DC18,DOPE,cholesterol,C14-PEG2000,65:0.5:9.5:25,mRNA,firefly_luciferase,CCCCCCCC/C=C\CCCCCCCC1(N(C(N=C1)C(=O)OCC)CCCN2CCCC2)CCCCCCC/C=C\CCCCCCCC,CCCCCCCC/C=C\CCCCCCCC(=O)OC[C@H](COP(=O)(O)OCCN)OC(=O)CCCCCCC/C=C\CCCCCCCC,C[C@H](CCCC(C)C)[C@H]1CC[C@@H]2[C@@]1(CC[C@H]3[C@H]2CC=C4[C@@]3(CC[C@@H](C4)O)C)C,CCCCCCCCCCCCCCOC(=O)CCOCCOCCOCCOCCOCCOCCOCCOCCOCCOCCOCCOCCOCCOCCOCCOCCOCCOCCOCCOCCOCCOCCOCCOCCOCCOCCOCCOCCOCCOCCOCCOCCOCCOCCOCCOCCOCCOCCOCCOCCOCCOCCOCCOCCOCCOCCOCCOCCOCCOCCOCCOCCOCCOCCOCCOCCOCCOCCOCCOCCOCCOCCOCCOCCOCCOCCOCCOCCOCCOCCOCCOCCOCCOCCOCCOCCOCCOCCOCCOCCOCCOCCOCCOCCOCCOCCOCCOCCOCCO,110.7,,,0.1,,,98.9,,,,,,wt/wt,15.0,lipid:mRNA,"synthesis_method: Microfluidic; device_used: microfluidic chip device; total_flow_rate_ml_min: ; flow_rate_ratio: 3:1 (ethanol:aqueous); aqueous_phase_composition: 10mM citrate buffer (pH 3.0); organic_phase_composition: ethanol; mixing_time_sec: ; temperature_condition: room temperature; post_processing: dialysis against 1X PBS; sterilization: ; storage_buffer: 1X PBS, stored at 4¡ÆC","cell_line: HeLa, B16F10; animal_model: C57BL/6 mice; administration_route: intramuscular; gene_expression_result: 9.8E+05 RLU (in vivo i.m.), 1.1E+04 RLU (HeLa), 3.5E+04 RLU (B16F10)",980000.0,absolute,0.2558139534883721,https://doi.org/10.1038/s41587-019-0247-3,Delivery of mRNA vaccines with heterocyclic lipids increases anti-tumor efficacy by STING-mediated immune cell activation,"['Lei Miao', 'Linxian Li', 'Yuxuan Huang', 'Derfogail Delcassian', 'Jasdave Chahal', 'Jinsong Han', 'Yunhua Shi', 'Kaitlyn Sadtler', 'Wenting Gao', 'Jiaqi Lin', 'Joshua C. Doloff', 'Robert Langer', 'Daniel G. Anderson']",Nature Biotechnology,2019.0,A2-Iso5-2DC18,DOPE,cholesterol,C14-PEG2000,False,False,True,True,True,True,Developable only,0.0,False,False,False,False
980,A2-Iso5-2DC18,DOPE,cholesterol,C14-PEG2000,50:0.1:33.9:16,mRNA,firefly_luciferase,CCCCCCCC/C=C\CCCCCCCC1(N(C(N=C1)C(=O)OCC)CCCN2CCCC2)CCCCCCC/C=C\CCCCCCCC,CCCCCCCC/C=C\CCCCCCCC(=O)OC[C@H](COP(=O)(O)OCCN)OC(=O)CCCCCCC/C=C\CCCCCCCC,C[C@H](CCCC(C)C)[C@H]1CC[C@@H]2[C@@]1(CC[C@H]3[C@H]2CC=C4[C@@]3(CC[C@@H](C4)O)C)C,CCCCCCCCCCCCCCOC(=O)CCOCCOCCOCCOCCOCCOCCOCCOCCOCCOCCOCCOCCOCCOCCOCCOCCOCCOCCOCCOCCOCCOCCOCCOCCOCCOCCOCCOCCOCCOCCOCCOCCOCCOCCOCCOCCOCCOCCOCCOCCOCCOCCOCCOCCOCCOCCOCCOCCOCCOCCOCCOCCOCCOCCOCCOCCOCCOCCOCCOCCOCCOCCOCCOCCOCCOCCOCCOCCOCCOCCOCCOCCOCCOCCOCCOCCOCCOCCOCCOCCOCCOCCOCCOCCOCCOCCOCCOCCOCCO,154.9,,,0.1,,,9.4,,,,,,wt/wt,10.0,lipid:mRNA,"synthesis_method: Microfluidic; device_used: microfluidic chip device; total_flow_rate_ml_min: ; flow_rate_ratio: 3:1 (ethanol:aqueous); aqueous_phase_composition: 10mM citrate buffer (pH 3.0); organic_phase_composition: ethanol; mixing_time_sec: ; temperature_condition: room temperature; post_processing: dialysis against 1X PBS; sterilization: ; storage_buffer: 1X PBS, stored at 4¡ÆC","cell_line: HeLa, B16F10; animal_model: C57BL/6 mice; administration_route: intramuscular; gene_expression_result: 3.9E+05 RLU (in vivo i.m.), 3.7E+06 RLU (HeLa), 2.2E+06 RLU (B16F10)",390000.0,absolute,0.2325581395348837,https://doi.org/10.1038/s41587-019-0247-3,Delivery of mRNA vaccines with heterocyclic lipids increases anti-tumor efficacy by STING-mediated immune cell activation,"['Lei Miao', 'Linxian Li', 'Yuxuan Huang', 'Derfogail Delcassian', 'Jasdave Chahal', 'Jinsong Han', 'Yunhua Shi', 'Kaitlyn Sadtler', 'Wenting Gao', 'Jiaqi Lin', 'Joshua C. Doloff', 'Robert Langer', 'Daniel G. Anderson']",Nature Biotechnology,2019.0,A2-Iso5-2DC18,DOPE,cholesterol,C14-PEG2000,False,False,False,True,False,False,Neither,4.900000000000006,False,False,False,False
981,A2-Iso5-2DC18,DOPE,cholesterol,C14-PEG2000,35:2.5:46.5:16,mRNA,firefly_luciferase,CCCCCCCC/C=C\CCCCCCCC1(N(C(N=C1)C(=O)OCC)CCCN2CCCC2)CCCCCCC/C=C\CCCCCCCC,CCCCCCCC/C=C\CCCCCCCC(=O)OC[C@H](COP(=O)(O)OCCN)OC(=O)CCCCCCC/C=C\CCCCCCCC,C[C@H](CCCC(C)C)[C@H]1CC[C@@H]2[C@@]1(CC[C@H]3[C@H]2CC=C4[C@@]3(CC[C@@H](C4)O)C)C,CCCCCCCCCCCCCCOC(=O)CCOCCOCCOCCOCCOCCOCCOCCOCCOCCOCCOCCOCCOCCOCCOCCOCCOCCOCCOCCOCCOCCOCCOCCOCCOCCOCCOCCOCCOCCOCCOCCOCCOCCOCCOCCOCCOCCOCCOCCOCCOCCOCCOCCOCCOCCOCCOCCOCCOCCOCCOCCOCCOCCOCCOCCOCCOCCOCCOCCOCCOCCOCCOCCOCCOCCOCCOCCOCCOCCOCCOCCOCCOCCOCCOCCOCCOCCOCCOCCOCCOCCOCCOCCOCCOCCOCCOCCOCCOCCO,102.5,,,0.2,,,60.3,,,,,,wt/wt,10.0,lipid:mRNA,"synthesis_method: Microfluidic; device_used: microfluidic chip device; total_flow_rate_ml_min: ; flow_rate_ratio: 3:1 (ethanol:aqueous); aqueous_phase_composition: 10mM citrate buffer (pH 3.0); organic_phase_composition: ethanol; mixing_time_sec: ; temperature_condition: room temperature; post_processing: dialysis against 1X PBS; sterilization: ; storage_buffer: 1X PBS, stored at 4¡ÆC","cell_line: HeLa, B16F10; animal_model: C57BL/6 mice; administration_route: intramuscular; gene_expression_result: 5.3E+07 RLU (in vivo i.m.), 6.3E+06 RLU (HeLa), 1.1E+06 RLU (B16F10)",53000000.0,absolute,0.9069767441860463,https://doi.org/10.1038/s41587-019-0247-3,Delivery of mRNA vaccines with heterocyclic lipids increases anti-tumor efficacy by STING-mediated immune cell activation,"['Lei Miao', 'Linxian Li', 'Yuxuan Huang', 'Derfogail Delcassian', 'Jasdave Chahal', 'Jinsong Han', 'Yunhua Shi', 'Kaitlyn Sadtler', 'Wenting Gao', 'Jiaqi Lin', 'Joshua C. Doloff', 'Robert Langer', 'Daniel G. Anderson']",Nature Biotechnology,2019.0,A2-Iso5-2DC18,DOPE,cholesterol,C14-PEG2000,False,True,True,True,False,False,Potent only,0.0,False,False,False,False
982,A2-Iso5-2DC18,DOPE,cholesterol,C14-PEG2000,50:1.5:23.5:25,mRNA,firefly_luciferase,CCCCCCCC/C=C\CCCCCCCC1(N(C(N=C1)C(=O)OCC)CCCN2CCCC2)CCCCCCC/C=C\CCCCCCCC,CCCCCCCC/C=C\CCCCCCCC(=O)OC[C@H](COP(=O)(O)OCCN)OC(=O)CCCCCCC/C=C\CCCCCCCC,C[C@H](CCCC(C)C)[C@H]1CC[C@@H]2[C@@]1(CC[C@H]3[C@H]2CC=C4[C@@]3(CC[C@@H](C4)O)C)C,CCCCCCCCCCCCCCOC(=O)CCOCCOCCOCCOCCOCCOCCOCCOCCOCCOCCOCCOCCOCCOCCOCCOCCOCCOCCOCCOCCOCCOCCOCCOCCOCCOCCOCCOCCOCCOCCOCCOCCOCCOCCOCCOCCOCCOCCOCCOCCOCCOCCOCCOCCOCCOCCOCCOCCOCCOCCOCCOCCOCCOCCOCCOCCOCCOCCOCCOCCOCCOCCOCCOCCOCCOCCOCCOCCOCCOCCOCCOCCOCCOCCOCCOCCOCCOCCOCCOCCOCCOCCOCCOCCOCCOCCOCCOCCOCCO,119.8,,,0.3,,,79.0,,,,,,wt/wt,10.0,lipid:mRNA,"synthesis_method: Microfluidic; device_used: microfluidic chip device; total_flow_rate_ml_min: ; flow_rate_ratio: 3:1 (ethanol:aqueous); aqueous_phase_composition: 10mM citrate buffer (pH 3.0); organic_phase_composition: ethanol; mixing_time_sec: ; temperature_condition: room temperature; post_processing: dialysis against 1X PBS; sterilization: ; storage_buffer: 1X PBS, stored at 4¡ÆC",animal_model: C57BL/6 mice; administration_route: intramuscular; gene_expression_result: 2.2E+07 RLU (in vivo i.m.),22000000.0,absolute,0.5813953488372093,https://doi.org/10.1038/s41587-019-0247-3,Delivery of mRNA vaccines with heterocyclic lipids increases anti-tumor efficacy by STING-mediated immune cell activation,"['Lei Miao', 'Linxian Li', 'Yuxuan Huang', 'Derfogail Delcassian', 'Jasdave Chahal', 'Jinsong Han', 'Yunhua Shi', 'Kaitlyn Sadtler', 'Wenting Gao', 'Jiaqi Lin', 'Joshua C. Doloff', 'Robert Langer', 'Daniel G. Anderson']",Nature Biotechnology,2019.0,A2-Iso5-2DC18,DOPE,cholesterol,C14-PEG2000,False,True,True,False,False,False,Potent only,0.0,False,False,False,False
983,A2-Iso5-2DC18,DOPE,cholesterol,C14-PEG2000,35:2.5:46.5:16,mRNA,firefly_luciferase,CCCCCCCC/C=C\CCCCCCCC1(N(C(N=C1)C(=O)OCC)CCCN2CCCC2)CCCCCCC/C=C\CCCCCCCC,CCCCCCCC/C=C\CCCCCCCC(=O)OC[C@H](COP(=O)(O)OCCN)OC(=O)CCCCCCC/C=C\CCCCCCCC,C[C@H](CCCC(C)C)[C@H]1CC[C@@H]2[C@@]1(CC[C@H]3[C@H]2CC=C4[C@@]3(CC[C@@H](C4)O)C)C,CCCCCCCCCCCCCCOC(=O)CCOCCOCCOCCOCCOCCOCCOCCOCCOCCOCCOCCOCCOCCOCCOCCOCCOCCOCCOCCOCCOCCOCCOCCOCCOCCOCCOCCOCCOCCOCCOCCOCCOCCOCCOCCOCCOCCOCCOCCOCCOCCOCCOCCOCCOCCOCCOCCOCCOCCOCCOCCOCCOCCOCCOCCOCCOCCOCCOCCOCCOCCOCCOCCOCCOCCOCCOCCOCCOCCOCCOCCOCCOCCOCCOCCOCCOCCOCCOCCOCCOCCOCCOCCOCCOCCOCCOCCOCCOCCO,102.5,,,0.2,,,60.3,,,,,,wt/wt,10.0,lipid:mRNA,"synthesis_method: Microfluidic; device_used: microfluidic chip device; total_flow_rate_ml_min: ; flow_rate_ratio: 3:1 (ethanol:aqueous); aqueous_phase_composition: 10mM citrate buffer (pH 3.0); organic_phase_composition: ethanol; mixing_time_sec: ; temperature_condition: room temperature; post_processing: dialysis against 1X PBS; sterilization: ; storage_buffer: 1X PBS, stored at 4¡ÆC",animal_model: C57BL/6 mice; administration_route: intramuscular; gene_expression_result: 5.5E+07 RLU (in vivo i.m.),55000000.0,absolute,0.9302325581395348,https://doi.org/10.1038/s41587-019-0247-3,Delivery of mRNA vaccines with heterocyclic lipids increases anti-tumor efficacy by STING-mediated immune cell activation,"['Lei Miao', 'Linxian Li', 'Yuxuan Huang', 'Derfogail Delcassian', 'Jasdave Chahal', 'Jinsong Han', 'Yunhua Shi', 'Kaitlyn Sadtler', 'Wenting Gao', 'Jiaqi Lin', 'Joshua C. Doloff', 'Robert Langer', 'Daniel G. Anderson']",Nature Biotechnology,2019.0,A2-Iso5-2DC18,DOPE,cholesterol,C14-PEG2000,False,True,True,True,False,False,Potent only,0.0,False,False,False,False
984,A2-Iso5-2DC18,DOPE,cholesterol,C14-PEG2000,35:2.5:46.5:16,mRNA,firefly_luciferase,CCCCCCCC/C=C\CCCCCCCC1(N(C(N=C1)C(=O)OCC)CCCN2CCCC2)CCCCCCC/C=C\CCCCCCCC,CCCCCCCC/C=C\CCCCCCCC(=O)OC[C@H](COP(=O)(O)OCCN)OC(=O)CCCCCCC/C=C\CCCCCCCC,C[C@H](CCCC(C)C)[C@H]1CC[C@@H]2[C@@]1(CC[C@H]3[C@H]2CC=C4[C@@]3(CC[C@@H](C4)O)C)C,CCCCCCCCCCCCCCOC(=O)CCOCCOCCOCCOCCOCCOCCOCCOCCOCCOCCOCCOCCOCCOCCOCCOCCOCCOCCOCCOCCOCCOCCOCCOCCOCCOCCOCCOCCOCCOCCOCCOCCOCCOCCOCCOCCOCCOCCOCCOCCOCCOCCOCCOCCOCCOCCOCCOCCOCCOCCOCCOCCOCCOCCOCCOCCOCCOCCOCCOCCOCCOCCOCCOCCOCCOCCOCCOCCOCCOCCOCCOCCOCCOCCOCCOCCOCCOCCOCCOCCOCCOCCOCCOCCOCCOCCOCCOCCOCCO,110.6,,,0.1,,,50.4,,,,,,wt/wt,15.0,lipid:mRNA,"synthesis_method: Microfluidic; device_used: microfluidic chip device; total_flow_rate_ml_min: ; flow_rate_ratio: 3:1 (ethanol:aqueous); aqueous_phase_composition: 10mM citrate buffer (pH 3.0); organic_phase_composition: ethanol; mixing_time_sec: ; temperature_condition: room temperature; post_processing: dialysis against 1X PBS; sterilization: ; storage_buffer: 1X PBS, stored at 4¡ÆC",animal_model: C57BL/6 mice; administration_route: intramuscular; gene_expression_result: 3.15E+07 RLU (in vivo i.m.),31500000.0,absolute,0.7674418604651163,https://doi.org/10.1038/s41587-019-0247-3,Delivery of mRNA vaccines with heterocyclic lipids increases anti-tumor efficacy by STING-mediated immune cell activation,"['Lei Miao', 'Linxian Li', 'Yuxuan Huang', 'Derfogail Delcassian', 'Jasdave Chahal', 'Jinsong Han', 'Yunhua Shi', 'Kaitlyn Sadtler', 'Wenting Gao', 'Jiaqi Lin', 'Joshua C. Doloff', 'Robert Langer', 'Daniel G. Anderson']",Nature Biotechnology,2019.0,A2-Iso5-2DC18,DOPE,cholesterol,C14-PEG2000,False,True,True,True,False,False,Potent only,0.0,False,False,False,False
985,A2-Iso5-2DC18,DOPE,cholesterol,C14-PEG2000,35:2.5:37.5:25,mRNA,firefly_luciferase,CCCCCCCC/C=C\CCCCCCCC1(N(C(N=C1)C(=O)OCC)CCCN2CCCC2)CCCCCCC/C=C\CCCCCCCC,CCCCCCCC/C=C\CCCCCCCC(=O)OC[C@H](COP(=O)(O)OCCN)OC(=O)CCCCCCC/C=C\CCCCCCCC,C[C@H](CCCC(C)C)[C@H]1CC[C@@H]2[C@@]1(CC[C@H]3[C@H]2CC=C4[C@@]3(CC[C@@H](C4)O)C)C,CCCCCCCCCCCCCCOC(=O)CCOCCOCCOCCOCCOCCOCCOCCOCCOCCOCCOCCOCCOCCOCCOCCOCCOCCOCCOCCOCCOCCOCCOCCOCCOCCOCCOCCOCCOCCOCCOCCOCCOCCOCCOCCOCCOCCOCCOCCOCCOCCOCCOCCOCCOCCOCCOCCOCCOCCOCCOCCOCCOCCOCCOCCOCCOCCOCCOCCOCCOCCOCCOCCOCCOCCOCCOCCOCCOCCOCCOCCOCCOCCOCCOCCOCCOCCOCCOCCOCCOCCOCCOCCOCCOCCOCCOCCOCCOCCO,105.5,,,0.2,,,60.3,,,,,,wt/wt,10.0,lipid:mRNA,"synthesis_method: Microfluidic; device_used: microfluidic chip device; total_flow_rate_ml_min: ; flow_rate_ratio: 3:1 (ethanol:aqueous); aqueous_phase_composition: 10mM citrate buffer (pH 3.0); organic_phase_composition: ethanol; mixing_time_sec: ; temperature_condition: room temperature; post_processing: dialysis against 1X PBS; sterilization: ; storage_buffer: 1X PBS, stored at 4¡ÆC",animal_model: C57BL/6 mice; administration_route: intramuscular; gene_expression_result: 3.13E+07 RLU (in vivo i.m.),31300000.0,absolute,0.7441860465116279,https://doi.org/10.1038/s41587-019-0247-3,Delivery of mRNA vaccines with heterocyclic lipids increases anti-tumor efficacy by STING-mediated immune cell activation,"['Lei Miao', 'Linxian Li', 'Yuxuan Huang', 'Derfogail Delcassian', 'Jasdave Chahal', 'Jinsong Han', 'Yunhua Shi', 'Kaitlyn Sadtler', 'Wenting Gao', 'Jiaqi Lin', 'Joshua C. Doloff', 'Robert Langer', 'Daniel G. Anderson']",Nature Biotechnology,2019.0,A2-Iso5-2DC18,DOPE,cholesterol,C14-PEG2000,False,True,True,True,False,False,Potent only,0.0,False,False,False,False
986,A2-Iso5-2DC18,DOPE,cholesterol,C14-PEG2000,35:2.5:34.5:28,mRNA,firefly_luciferase,CCCCCCCC/C=C\CCCCCCCC1(N(C(N=C1)C(=O)OCC)CCCN2CCCC2)CCCCCCC/C=C\CCCCCCCC,CCCCCCCC/C=C\CCCCCCCC(=O)OC[C@H](COP(=O)(O)OCCN)OC(=O)CCCCCCC/C=C\CCCCCCCC,C[C@H](CCCC(C)C)[C@H]1CC[C@@H]2[C@@]1(CC[C@H]3[C@H]2CC=C4[C@@]3(CC[C@@H](C4)O)C)C,CCCCCCCCCCCCCCOC(=O)CCOCCOCCOCCOCCOCCOCCOCCOCCOCCOCCOCCOCCOCCOCCOCCOCCOCCOCCOCCOCCOCCOCCOCCOCCOCCOCCOCCOCCOCCOCCOCCOCCOCCOCCOCCOCCOCCOCCOCCOCCOCCOCCOCCOCCOCCOCCOCCOCCOCCOCCOCCOCCOCCOCCOCCOCCOCCOCCOCCOCCOCCOCCOCCOCCOCCOCCOCCOCCOCCOCCOCCOCCOCCOCCOCCOCCOCCOCCOCCOCCOCCOCCOCCOCCOCCOCCOCCOCCOCCO,108.6,,,0.2,,,45.5,,,,,,wt/wt,10.0,lipid:mRNA,"synthesis_method: Microfluidic; device_used: microfluidic chip device; total_flow_rate_ml_min: ; flow_rate_ratio: 3:1 (ethanol:aqueous); aqueous_phase_composition: 10mM citrate buffer (pH 3.0); organic_phase_composition: ethanol; mixing_time_sec: ; temperature_condition: room temperature; post_processing: dialysis against 1X PBS; sterilization: ; storage_buffer: 1X PBS, stored at 4¡ÆC",animal_model: C57BL/6 mice; administration_route: intramuscular; gene_expression_result: 2.58E+07 RLU (in vivo i.m.),25800000.0,absolute,0.627906976744186,https://doi.org/10.1038/s41587-019-0247-3,Delivery of mRNA vaccines with heterocyclic lipids increases anti-tumor efficacy by STING-mediated immune cell activation,"['Lei Miao', 'Linxian Li', 'Yuxuan Huang', 'Derfogail Delcassian', 'Jasdave Chahal', 'Jinsong Han', 'Yunhua Shi', 'Kaitlyn Sadtler', 'Wenting Gao', 'Jiaqi Lin', 'Joshua C. Doloff', 'Robert Langer', 'Daniel G. Anderson']",Nature Biotechnology,2019.0,A2-Iso5-2DC18,DOPE,cholesterol,C14-PEG2000,False,True,True,True,False,False,Potent only,0.0,False,False,False,False
987,A2-Iso5-2DC18,DOPE,cholesterol,C14-PEG2000,35:2.5:42.5:20,mRNA,firefly_luciferase,CCCCCCCC/C=C\CCCCCCCC1(N(C(N=C1)C(=O)OCC)CCCN2CCCC2)CCCCCCC/C=C\CCCCCCCC,CCCCCCCC/C=C\CCCCCCCC(=O)OC[C@H](COP(=O)(O)OCCN)OC(=O)CCCCCCC/C=C\CCCCCCCC,C[C@H](CCCC(C)C)[C@H]1CC[C@@H]2[C@@]1(CC[C@H]3[C@H]2CC=C4[C@@]3(CC[C@@H](C4)O)C)C,CCCCCCCCCCCCCCOC(=O)CCOCCOCCOCCOCCOCCOCCOCCOCCOCCOCCOCCOCCOCCOCCOCCOCCOCCOCCOCCOCCOCCOCCOCCOCCOCCOCCOCCOCCOCCOCCOCCOCCOCCOCCOCCOCCOCCOCCOCCOCCOCCOCCOCCOCCOCCOCCOCCOCCOCCOCCOCCOCCOCCOCCOCCOCCOCCOCCOCCOCCOCCOCCOCCOCCOCCOCCOCCOCCOCCOCCOCCOCCOCCOCCOCCOCCOCCOCCOCCOCCOCCOCCOCCOCCOCCOCCOCCOCCOCCO,112.5,,,0.1,,,54.5,,,,,,wt/wt,10.0,lipid:mRNA,"synthesis_method: Microfluidic; device_used: microfluidic chip device; total_flow_rate_ml_min: ; flow_rate_ratio: 3:1 (ethanol:aqueous); aqueous_phase_composition: 10mM citrate buffer (pH 3.0); organic_phase_composition: ethanol; mixing_time_sec: ; temperature_condition: room temperature; post_processing: dialysis against 1X PBS; sterilization: ; storage_buffer: 1X PBS, stored at 4¡ÆC",animal_model: C57BL/6 mice; administration_route: intramuscular; gene_expression_result: 2.67E+07 RLU (in vivo i.m.),26700000.0,absolute,0.6511627906976745,https://doi.org/10.1038/s41587-019-0247-3,Delivery of mRNA vaccines with heterocyclic lipids increases anti-tumor efficacy by STING-mediated immune cell activation,"['Lei Miao', 'Linxian Li', 'Yuxuan Huang', 'Derfogail Delcassian', 'Jasdave Chahal', 'Jinsong Han', 'Yunhua Shi', 'Kaitlyn Sadtler', 'Wenting Gao', 'Jiaqi Lin', 'Joshua C. Doloff', 'Robert Langer', 'Daniel G. Anderson']",Nature Biotechnology,2019.0,A2-Iso5-2DC18,DOPE,cholesterol,C14-PEG2000,False,True,True,True,False,False,Potent only,0.0,False,False,False,False
988,A2-Iso5-2DC18,DOPE,cholesterol,C14-PEG2000,50:2.5:37.5:10,mRNA,firefly_luciferase,CCCCCCCC/C=C\CCCCCCCC1(N(C(N=C1)C(=O)OCC)CCCN2CCCC2)CCCCCCC/C=C\CCCCCCCC,CCCCCCCC/C=C\CCCCCCCC(=O)OC[C@H](COP(=O)(O)OCCN)OC(=O)CCCCCCC/C=C\CCCCCCCC,C[C@H](CCCC(C)C)[C@H]1CC[C@@H]2[C@@]1(CC[C@H]3[C@H]2CC=C4[C@@]3(CC[C@@H](C4)O)C)C,CCCCCCCCCCCCCCOC(=O)CCOCCOCCOCCOCCOCCOCCOCCOCCOCCOCCOCCOCCOCCOCCOCCOCCOCCOCCOCCOCCOCCOCCOCCOCCOCCOCCOCCOCCOCCOCCOCCOCCOCCOCCOCCOCCOCCOCCOCCOCCOCCOCCOCCOCCOCCOCCOCCOCCOCCOCCOCCOCCOCCOCCOCCOCCOCCOCCOCCOCCOCCOCCOCCOCCOCCOCCOCCOCCOCCOCCOCCOCCOCCOCCOCCOCCOCCOCCOCCOCCOCCOCCOCCOCCOCCOCCOCCOCCOCCO,94.8,,,0.1,,,75.5,,,,,,wt/wt,10.0,lipid:mRNA,"synthesis_method: Microfluidic; device_used: microfluidic chip device; total_flow_rate_ml_min: ; flow_rate_ratio: 3:1 (ethanol:aqueous); aqueous_phase_composition: 10mM citrate buffer (pH 3.0); organic_phase_composition: ethanol; mixing_time_sec: ; temperature_condition: room temperature; post_processing: dialysis against 1X PBS; sterilization: ; storage_buffer: 1X PBS, stored at 4¡ÆC",animal_model: C57BL/6 mice; administration_route: intramuscular; gene_expression_result: 7.70E+06 RLU (in vivo i.m.),7700000.0,absolute,0.3604651162790697,https://doi.org/10.1038/s41587-019-0247-3,Delivery of mRNA vaccines with heterocyclic lipids increases anti-tumor efficacy by STING-mediated immune cell activation,"['Lei Miao', 'Linxian Li', 'Yuxuan Huang', 'Derfogail Delcassian', 'Jasdave Chahal', 'Jinsong Han', 'Yunhua Shi', 'Kaitlyn Sadtler', 'Wenting Gao', 'Jiaqi Lin', 'Joshua C. Doloff', 'Robert Langer', 'Daniel G. Anderson']",Nature Biotechnology,2019.0,A2-Iso5-2DC18,DOPE,cholesterol,C14-PEG2000,False,False,True,True,False,False,Neither,0.0,False,False,False,False
989,A2-Iso5-2DC18,DOPE,cholesterol,C14-PEG2000,45:2.5:36.5:16,mRNA,firefly_luciferase,CCCCCCCC/C=C\CCCCCCCC1(N(C(N=C1)C(=O)OCC)CCCN2CCCC2)CCCCCCC/C=C\CCCCCCCC,CCCCCCCC/C=C\CCCCCCCC(=O)OC[C@H](COP(=O)(O)OCCN)OC(=O)CCCCCCC/C=C\CCCCCCCC,C[C@H](CCCC(C)C)[C@H]1CC[C@@H]2[C@@]1(CC[C@H]3[C@H]2CC=C4[C@@]3(CC[C@@H](C4)O)C)C,CCCCCCCCCCCCCCOC(=O)CCOCCOCCOCCOCCOCCOCCOCCOCCOCCOCCOCCOCCOCCOCCOCCOCCOCCOCCOCCOCCOCCOCCOCCOCCOCCOCCOCCOCCOCCOCCOCCOCCOCCOCCOCCOCCOCCOCCOCCOCCOCCOCCOCCOCCOCCOCCOCCOCCOCCOCCOCCOCCOCCOCCOCCOCCOCCOCCOCCOCCOCCOCCOCCOCCOCCOCCOCCOCCOCCOCCOCCOCCOCCOCCOCCOCCOCCOCCOCCOCCOCCOCCOCCOCCOCCOCCOCCOCCOCCO,115.6,,,0.2,,,76.5,,,,,,wt/wt,10.0,lipid:mRNA,"synthesis_method: Microfluidic; device_used: microfluidic chip device; total_flow_rate_ml_min: ; flow_rate_ratio: 3:1 (ethanol:aqueous); aqueous_phase_composition: 10mM citrate buffer (pH 3.0); organic_phase_composition: ethanol; mixing_time_sec: ; temperature_condition: room temperature; post_processing: dialysis against 1X PBS; sterilization: ; storage_buffer: 1X PBS, stored at 4¡ÆC",animal_model: C57BL/6 mice; administration_route: intramuscular; gene_expression_result: 1.96E+07 RLU (in vivo i.m.),19600000.0,absolute,0.5116279069767442,https://doi.org/10.1038/s41587-019-0247-3,Delivery of mRNA vaccines with heterocyclic lipids increases anti-tumor efficacy by STING-mediated immune cell activation,"['Lei Miao', 'Linxian Li', 'Yuxuan Huang', 'Derfogail Delcassian', 'Jasdave Chahal', 'Jinsong Han', 'Yunhua Shi', 'Kaitlyn Sadtler', 'Wenting Gao', 'Jiaqi Lin', 'Joshua C. Doloff', 'Robert Langer', 'Daniel G. Anderson']",Nature Biotechnology,2019.0,A2-Iso5-2DC18,DOPE,cholesterol,C14-PEG2000,False,True,True,True,False,False,Potent only,0.0,False,False,False,False
990,A2-Iso5-2DC18,DOPE,cholesterol,C14-PEG2000,45:2.5:42.5:10,mRNA,firefly_luciferase,CCCCCCCC/C=C\CCCCCCCC1(N(C(N=C1)C(=O)OCC)CCCN2CCCC2)CCCCCCC/C=C\CCCCCCCC,CCCCCCCC/C=C\CCCCCCCC(=O)OC[C@H](COP(=O)(O)OCCN)OC(=O)CCCCCCC/C=C\CCCCCCCC,C[C@H](CCCC(C)C)[C@H]1CC[C@@H]2[C@@]1(CC[C@H]3[C@H]2CC=C4[C@@]3(CC[C@@H](C4)O)C)C,CCCCCCCCCCCCCCOC(=O)CCOCCOCCOCCOCCOCCOCCOCCOCCOCCOCCOCCOCCOCCOCCOCCOCCOCCOCCOCCOCCOCCOCCOCCOCCOCCOCCOCCOCCOCCOCCOCCOCCOCCOCCOCCOCCOCCOCCOCCOCCOCCOCCOCCOCCOCCOCCOCCOCCOCCOCCOCCOCCOCCOCCOCCOCCOCCOCCOCCOCCOCCOCCOCCOCCOCCOCCOCCOCCOCCOCCOCCOCCOCCOCCOCCOCCOCCOCCOCCOCCOCCOCCOCCOCCOCCOCCOCCOCCOCCO,87.6,,,0.2,,,45.5,,,,,,wt/wt,10.0,lipid:mRNA,"synthesis_method: Microfluidic; device_used: microfluidic chip device; total_flow_rate_ml_min: ; flow_rate_ratio: 3:1 (ethanol:aqueous); aqueous_phase_composition: 10mM citrate buffer (pH 3.0); organic_phase_composition: ethanol; mixing_time_sec: ; temperature_condition: room temperature; post_processing: dialysis against 1X PBS; sterilization: ; storage_buffer: 1X PBS, stored at 4¡ÆC",animal_model: C57BL/6 mice; administration_route: intramuscular; gene_expression_result: 6.0E+07 RLU (in vivo i.m.),60000000.0,absolute,0.9883720930232558,https://doi.org/10.1038/s41587-019-0247-3,Delivery of mRNA vaccines with heterocyclic lipids increases anti-tumor efficacy by STING-mediated immune cell activation,"['Lei Miao', 'Linxian Li', 'Yuxuan Huang', 'Derfogail Delcassian', 'Jasdave Chahal', 'Jinsong Han', 'Yunhua Shi', 'Kaitlyn Sadtler', 'Wenting Gao', 'Jiaqi Lin', 'Joshua C. Doloff', 'Robert Langer', 'Daniel G. Anderson']",Nature Biotechnology,2019.0,A2-Iso5-2DC18,DOPE,cholesterol,C14-PEG2000,False,True,True,True,False,False,Potent only,0.0,False,False,False,False
991,A2-Iso5-2DC18,DOPE,cholesterol,C14-PEG2000,35:1.5:47.5:16,mRNA,firefly_luciferase,CCCCCCCC/C=C\CCCCCCCC1(N(C(N=C1)C(=O)OCC)CCCN2CCCC2)CCCCCCC/C=C\CCCCCCCC,CCCCCCCC/C=C\CCCCCCCC(=O)OC[C@H](COP(=O)(O)OCCN)OC(=O)CCCCCCC/C=C\CCCCCCCC,C[C@H](CCCC(C)C)[C@H]1CC[C@@H]2[C@@]1(CC[C@H]3[C@H]2CC=C4[C@@]3(CC[C@@H](C4)O)C)C,CCCCCCCCCCCCCCOC(=O)CCOCCOCCOCCOCCOCCOCCOCCOCCOCCOCCOCCOCCOCCOCCOCCOCCOCCOCCOCCOCCOCCOCCOCCOCCOCCOCCOCCOCCOCCOCCOCCOCCOCCOCCOCCOCCOCCOCCOCCOCCOCCOCCOCCOCCOCCOCCOCCOCCOCCOCCOCCOCCOCCOCCOCCOCCOCCOCCOCCOCCOCCOCCOCCOCCOCCOCCOCCOCCOCCOCCOCCOCCOCCOCCOCCOCCOCCOCCOCCOCCOCCOCCOCCOCCOCCOCCOCCOCCOCCO,140.6,,,0.1,,,55.5,,,,,,wt/wt,10.0,lipid:mRNA,"synthesis_method: Microfluidic; device_used: microfluidic chip device; total_flow_rate_ml_min: ; flow_rate_ratio: 3:1 (ethanol:aqueous); aqueous_phase_composition: 10mM citrate buffer (pH 3.0); organic_phase_composition: ethanol; mixing_time_sec: ; temperature_condition: room temperature; post_processing: dialysis against 1X PBS; sterilization: ; storage_buffer: 1X PBS, stored at 4¡ÆC",animal_model: C57BL/6 mice; administration_route: intramuscular; gene_expression_result: 3.04E+07 RLU (in vivo i.m.),30400000.0,absolute,0.6976744186046512,https://doi.org/10.1038/s41587-019-0247-3,Delivery of mRNA vaccines with heterocyclic lipids increases anti-tumor efficacy by STING-mediated immune cell activation,"['Lei Miao', 'Linxian Li', 'Yuxuan Huang', 'Derfogail Delcassian', 'Jasdave Chahal', 'Jinsong Han', 'Yunhua Shi', 'Kaitlyn Sadtler', 'Wenting Gao', 'Jiaqi Lin', 'Joshua C. Doloff', 'Robert Langer', 'Daniel G. Anderson']",Nature Biotechnology,2019.0,A2-Iso5-2DC18,DOPE,cholesterol,C14-PEG2000,False,True,True,True,False,False,Potent only,0.0,False,False,False,False
992,A2-Iso5-2DC18,DOPE,cholesterol,C14-PEG2000,35:2.8:46.2:16,mRNA,firefly_luciferase,CCCCCCCC/C=C\CCCCCCCC1(N(C(N=C1)C(=O)OCC)CCCN2CCCC2)CCCCCCC/C=C\CCCCCCCC,CCCCCCCC/C=C\CCCCCCCC(=O)OC[C@H](COP(=O)(O)OCCN)OC(=O)CCCCCCC/C=C\CCCCCCCC,C[C@H](CCCC(C)C)[C@H]1CC[C@@H]2[C@@]1(CC[C@H]3[C@H]2CC=C4[C@@]3(CC[C@@H](C4)O)C)C,CCCCCCCCCCCCCCOC(=O)CCOCCOCCOCCOCCOCCOCCOCCOCCOCCOCCOCCOCCOCCOCCOCCOCCOCCOCCOCCOCCOCCOCCOCCOCCOCCOCCOCCOCCOCCOCCOCCOCCOCCOCCOCCOCCOCCOCCOCCOCCOCCOCCOCCOCCOCCOCCOCCOCCOCCOCCOCCOCCOCCOCCOCCOCCOCCOCCOCCOCCOCCOCCOCCOCCOCCOCCOCCOCCOCCOCCOCCOCCOCCOCCOCCOCCOCCOCCOCCOCCOCCOCCOCCOCCOCCOCCOCCOCCOCCO,88.6,,,0.2,,,65.6,,,,,,wt/wt,10.0,lipid:mRNA,"synthesis_method: Microfluidic; device_used: microfluidic chip device; total_flow_rate_ml_min: ; flow_rate_ratio: 3:1 (ethanol:aqueous); aqueous_phase_composition: 10mM citrate buffer (pH 3.0); organic_phase_composition: ethanol; mixing_time_sec: ; temperature_condition: room temperature; post_processing: dialysis against 1X PBS; sterilization: ; storage_buffer: 1X PBS, stored at 4¡ÆC",animal_model: C57BL/6 mice; administration_route: intramuscular; gene_expression_result: 4.91E+07 RLU (in vivo i.m.),49100000.0,absolute,0.8837209302325582,https://doi.org/10.1038/s41587-019-0247-3,Delivery of mRNA vaccines with heterocyclic lipids increases anti-tumor efficacy by STING-mediated immune cell activation,"['Lei Miao', 'Linxian Li', 'Yuxuan Huang', 'Derfogail Delcassian', 'Jasdave Chahal', 'Jinsong Han', 'Yunhua Shi', 'Kaitlyn Sadtler', 'Wenting Gao', 'Jiaqi Lin', 'Joshua C. Doloff', 'Robert Langer', 'Daniel G. Anderson']",Nature Biotechnology,2019.0,A2-Iso5-2DC18,DOPE,cholesterol,C14-PEG2000,False,True,True,True,False,False,Potent only,0.0,False,False,False,False
1088,DLin-MC3-DMA,DSPC,cholesterol,DMG-PEG2000,50:1.5:38.5:10,mRNA,firefly_luciferase,CCCCC/C=C\C/C=C\CCCCCCCCC(OC(=O)CCCN(C)C)CCCCCCCC/C=C\C/C=C\CCCCC,CCCCCCCCCCCCCCCCCC(=O)OC[C@H](COP(=O)([O-])OCC[N+](C)(C)C)OC(=O)CCCCCCCCCCCCCCCCC,C[C@H](CCCC(C)C)[C@H]1CC[C@@H]2[C@@]1(CC[C@H]3[C@H]2CC=C4[C@@]3(CC[C@@H](C4)O)C)C,CCCCCCCCCCCCCC(=O)OCC(COP(=O)([O-])OCCOCCOCCOCCOCCOCCOCCOCCOCCOCCOCCOCCOCCOCCOCCOCCOCCOCCOCCOCCOCCOCCOCCOCCOCCOCCOCCOCCOCCOCCOCCOCCOCCOCCOCCOCCOCCOCCOCCOCCOCCOCCOCCOCCOCCOCCOCCOCCOCCOCCOCCOCCOCCOCCOCCOCCOCCOCCOCCOCCOCCOCCOCCOCCOCCOCCOCCOCCOCCOCCOCCOCCOCCOCCOCCOCCOCCOCCOCCOCCOCCOCCOCCOCCOCCOCCOCCOCCOCCOCCO)OC(=O)CCCCCCCCCCCCC,80.0,,,0.05,,,95.0,,,,,,wt/wt,20.0,ionizable_lipid:mRNA,synthesis_method: Microfluidic; device_used: Nanoassemblr Benchtop; total_flow_rate_ml_min: ; flow_rate_ratio: ; aqueous_phase_composition: 100 mM pH 4 citrate buffer (3-fold excess by volume compared to lipid solution); organic_phase_composition: ethanol containing lipids at total concentration of 5.5 mM; mixing_time_sec: ; temperature_condition: ; post_processing: dialyzed twice against 3 L of pH 7 PBS buffer and concentrated using appropriate centrifuge filters; sterilization: ; storage_buffer: pH 7 PBS buffer,cell_line: HeLa; dose: 50-200 ng mRNA; gene_expression_result: baseline (normalized to 1),1.0,numeric,0.2,https://dx.doi.org/10.1021/acs.nanolett.0c01386,Deconvoluting Lipid Nanoparticle Structure for Messenger RNA Delivery,"['Yulia Eygeris', 'Siddharth Patel', 'Antony Jozic', 'Gaurav Sahay']",Nano Letters,2020.0,DLin-MC3-DMA,DSPC,cholesterol,DMG-PEG2000,False,False,True,True,True,True,Developable only,0.0,False,False,False,False
1089,DLin-MC3-DMA,DSPC,¥â-sitosterol,DMG-PEG2000,50:1.5:38.5:10,mRNA,firefly_luciferase,CCCCC/C=C\C/C=C\CCCCCCCCC(OC(=O)CCCN(C)C)CCCCCCCC/C=C\C/C=C\CCCCC,CCCCCCCCCCCCCCCCCC(=O)OC[C@H](COP(=O)([O-])OCC[N+](C)(C)C)OC(=O)CCCCCCCCCCCCCCCCC,CC[C@H](CC[C@@H](C)[C@H]1CC[C@@H]2[C@@]1(CC[C@H]3[C@H]2CC=C4[C@@]3(CC[C@@H](C4)O)C)C)C(C)C,CCCCCCCCCCCCCC(=O)OCC(COP(=O)([O-])OCCOCCOCCOCCOCCOCCOCCOCCOCCOCCOCCOCCOCCOCCOCCOCCOCCOCCOCCOCCOCCOCCOCCOCCOCCOCCOCCOCCOCCOCCOCCOCCOCCOCCOCCOCCOCCOCCOCCOCCOCCOCCOCCOCCOCCOCCOCCOCCOCCOCCOCCOCCOCCOCCOCCOCCOCCOCCOCCOCCOCCOCCOCCOCCOCCOCCOCCOCCOCCOCCOCCOCCOCCOCCOCCOCCOCCOCCOCCOCCOCCOCCOCCOCCOCCOCCOCCOCCOCCOCCO)OC(=O)CCCCCCCCCCCCC,90.0,,,0.08,,,92.0,,,,,,wt/wt,20.0,ionizable_lipid:mRNA,synthesis_method: Microfluidic; device_used: Nanoassemblr Benchtop; total_flow_rate_ml_min: ; flow_rate_ratio: ; aqueous_phase_composition: 100 mM pH 4 citrate buffer (3-fold excess by volume compared to lipid solution); organic_phase_composition: ethanol containing lipids at total concentration of 5.5 mM; mixing_time_sec: ; temperature_condition: ; post_processing: dialyzed twice against 3 L of pH 7 PBS buffer and concentrated using appropriate centrifuge filters; sterilization: ; storage_buffer: pH 7 PBS buffer,cell_line: HeLa; dose: 50-200 ng mRNA; gene_expression_result: ~10-fold improvement compared to cholesterol LNPs,10.0,numeric,1.0,https://dx.doi.org/10.1021/acs.nanolett.0c01386,Deconvoluting Lipid Nanoparticle Structure for Messenger RNA Delivery,"['Yulia Eygeris', 'Siddharth Patel', 'Antony Jozic', 'Gaurav Sahay']",Nano Letters,2020.0,DLin-MC3-DMA,DSPC,¥â-sitosterol,DMG-PEG2000,False,True,True,True,True,True,Potent + Developable,0.0,True,False,False,True
1090,DLin-MC3-DMA,DSPC,fucosterol,DMG-PEG2000,50:1.5:38.5:10,mRNA,firefly_luciferase,CCCCC/C=C\C/C=C\CCCCCCCCC(OC(=O)CCCN(C)C)CCCCCCCC/C=C\C/C=C\CCCCC,CCCCCCCCCCCCCCCCCC(=O)OC[C@H](COP(=O)([O-])OCC[N+](C)(C)C)OC(=O)CCCCCCCCCCCCCCCCC,C/C=C(\CC[C@@H](C)[C@H]1CC[C@@H]2[C@@]1(CC[C@H]3[C@H]2CC=C4[C@@]3(CC[C@@H](C4)O)C)C)/C(C)C,CCCCCCCCCCCCCC(=O)OCC(COP(=O)([O-])OCCOCCOCCOCCOCCOCCOCCOCCOCCOCCOCCOCCOCCOCCOCCOCCOCCOCCOCCOCCOCCOCCOCCOCCOCCOCCOCCOCCOCCOCCOCCOCCOCCOCCOCCOCCOCCOCCOCCOCCOCCOCCOCCOCCOCCOCCOCCOCCOCCOCCOCCOCCOCCOCCOCCOCCOCCOCCOCCOCCOCCOCCOCCOCCOCCOCCOCCOCCOCCOCCOCCOCCOCCOCCOCCOCCOCCOCCOCCOCCOCCOCCOCCOCCOCCOCCOCCOCCOCCOCCO)OC(=O)CCCCCCCCCCCCC,85.0,,,0.07,,,90.0,,,,,,wt/wt,20.0,ionizable_lipid:mRNA,synthesis_method: Microfluidic; device_used: Nanoassemblr Benchtop; total_flow_rate_ml_min: ; flow_rate_ratio: ; aqueous_phase_composition: 100 mM pH 4 citrate buffer (3-fold excess by volume compared to lipid solution); organic_phase_composition: ethanol containing lipids at total concentration of 5.5 mM; mixing_time_sec: ; temperature_condition: ; post_processing: dialyzed twice against 3 L of pH 7 PBS buffer and concentrated using appropriate centrifuge filters; sterilization: ; storage_buffer: pH 7 PBS buffer,cell_line: HeLa; dose: 50-200 ng mRNA; gene_expression_result: ~2-fold improvement compared to cholesterol LNPs,2.0,numeric,0.4,https://dx.doi.org/10.1021/acs.nanolett.0c01386,Deconvoluting Lipid Nanoparticle Structure for Messenger RNA Delivery,"['Yulia Eygeris', 'Siddharth Patel', 'Antony Jozic', 'Gaurav Sahay']",Nano Letters,2020.0,DLin-MC3-DMA,DSPC,fucosterol,DMG-PEG2000,False,False,True,True,True,True,Developable only,0.0,False,False,False,False
1091,DLin-MC3-DMA,DSPC,campesterol,DMG-PEG2000,50:1.5:38.5:10,mRNA,firefly_luciferase,CCCCC/C=C\C/C=C\CCCCCCCCC(OC(=O)CCCN(C)C)CCCCCCCC/C=C\C/C=C\CCCCC,CCCCCCCCCCCCCCCCCC(=O)OC[C@H](COP(=O)([O-])OCC[N+](C)(C)C)OC(=O)CCCCCCCCCCCCCCCCC,C[C@H](CC[C@@H](C)C(C)C)[C@H]1CC[C@@H]2[C@@]1(CC[C@H]3[C@H]2CC=C4[C@@]3(CC[C@@H](C4)O)C)C,CCCCCCCCCCCCCC(=O)OCC(COP(=O)([O-])OCCOCCOCCOCCOCCOCCOCCOCCOCCOCCOCCOCCOCCOCCOCCOCCOCCOCCOCCOCCOCCOCCOCCOCCOCCOCCOCCOCCOCCOCCOCCOCCOCCOCCOCCOCCOCCOCCOCCOCCOCCOCCOCCOCCOCCOCCOCCOCCOCCOCCOCCOCCOCCOCCOCCOCCOCCOCCOCCOCCOCCOCCOCCOCCOCCOCCOCCOCCOCCOCCOCCOCCOCCOCCOCCOCCOCCOCCOCCOCCOCCOCCOCCOCCOCCOCCOCCOCCOCCOCCO)OC(=O)CCCCCCCCCCCCC,95.0,,,0.1,,,88.0,,,,,,wt/wt,20.0,ionizable_lipid:mRNA,synthesis_method: Microfluidic; device_used: Nanoassemblr Benchtop; total_flow_rate_ml_min: ; flow_rate_ratio: ; aqueous_phase_composition: 100 mM pH 4 citrate buffer (3-fold excess by volume compared to lipid solution); organic_phase_composition: ethanol containing lipids at total concentration of 5.5 mM; mixing_time_sec: ; temperature_condition: ; post_processing: dialyzed twice against 3 L of pH 7 PBS buffer and concentrated using appropriate centrifuge filters; sterilization: ; storage_buffer: pH 7 PBS buffer,cell_line: HeLa; dose: 50-200 ng mRNA; gene_expression_result: ~5-fold improvement compared to cholesterol LNPs,5.0,numeric,0.7,https://dx.doi.org/10.1021/acs.nanolett.0c01386,Deconvoluting Lipid Nanoparticle Structure for Messenger RNA Delivery,"['Yulia Eygeris', 'Siddharth Patel', 'Antony Jozic', 'Gaurav Sahay']",Nano Letters,2020.0,DLin-MC3-DMA,DSPC,campesterol,DMG-PEG2000,False,True,True,True,True,True,Potent + Developable,0.0,False,False,False,False
1092,DLin-MC3-DMA,DSPC,stigmastanol,DMG-PEG2000,50:1.5:38.5:10,mRNA,firefly_luciferase,CCCCC/C=C\C/C=C\CCCCCCCCC(OC(=O)CCCN(C)C)CCCCCCCC/C=C\C/C=C\CCCCC,CCCCCCCCCCCCCCCCCC(=O)OC[C@H](COP(=O)([O-])OCC[N+](C)(C)C)OC(=O)CCCCCCCCCCCCCCCCC,CC[C@H](CC[C@@H](C)[C@H]1CC[C@@H]2[C@@]1(CC[C@H]3[C@H]2CC[C@@H]4[C@@]3(CC[C@@H](C4)O)C)C)C(C)C,CCCCCCCCCCCCCC(=O)OCC(COP(=O)([O-])OCCOCCOCCOCCOCCOCCOCCOCCOCCOCCOCCOCCOCCOCCOCCOCCOCCOCCOCCOCCOCCOCCOCCOCCOCCOCCOCCOCCOCCOCCOCCOCCOCCOCCOCCOCCOCCOCCOCCOCCOCCOCCOCCOCCOCCOCCOCCOCCOCCOCCOCCOCCOCCOCCOCCOCCOCCOCCOCCOCCOCCOCCOCCOCCOCCOCCOCCOCCOCCOCCOCCOCCOCCOCCOCCOCCOCCOCCOCCOCCOCCOCCOCCOCCOCCOCCOCCOCCOCCOCCO)OC(=O)CCCCCCCCCCCCC,100.0,,,0.12,,,85.0,,,,,,wt/wt,20.0,ionizable_lipid:mRNA,synthesis_method: Microfluidic; device_used: Nanoassemblr Benchtop; total_flow_rate_ml_min: ; flow_rate_ratio: ; aqueous_phase_composition: 100 mM pH 4 citrate buffer (3-fold excess by volume compared to lipid solution); organic_phase_composition: ethanol containing lipids at total concentration of 5.5 mM; mixing_time_sec: ; temperature_condition: ; post_processing: dialyzed twice against 3 L of pH 7 PBS buffer and concentrated using appropriate centrifuge filters; sterilization: ; storage_buffer: pH 7 PBS buffer,cell_line: HeLa; dose: 50-200 ng mRNA; gene_expression_result: ~5-fold improvement compared to cholesterol LNPs,5.0,numeric,0.7,https://dx.doi.org/10.1021/acs.nanolett.0c01386,Deconvoluting Lipid Nanoparticle Structure for Messenger RNA Delivery,"['Yulia Eygeris', 'Siddharth Patel', 'Antony Jozic', 'Gaurav Sahay']",Nano Letters,2020.0,DLin-MC3-DMA,DSPC,stigmastanol,DMG-PEG2000,False,True,True,True,True,True,Potent + Developable,0.0,False,False,False,False
