held_out_paper_doi,model_id,model_label,lnp_id,observed,predicted,absolute_error
10.1002/adma.201606944,baseline_mean,Mean baseline,198,75.0,126.03375,51.03375
10.1002/adma.201606944,baseline_mean,Mean baseline,199,75.0,126.03375,51.03375
10.1002/adma.201606944,rf_composition,RF: composition,198,75.0,150.40460560932792,75.40460560932792
10.1002/adma.201606944,rf_composition,RF: composition,199,75.0,150.40460560932792,75.40460560932792
10.1002/adma.201606944,rf_descriptors,RF: descriptors,198,75.0,82.80144010723521,7.801440107235209
10.1002/adma.201606944,rf_descriptors,RF: descriptors,199,75.0,82.80144010723521,7.801440107235209
10.1002/adma.201606944,rf_combined,RF: combined,198,75.0,80.41057443544467,5.410574435444673
10.1002/adma.201606944,rf_combined,RF: combined,199,75.0,80.41057443544467,5.410574435444673
10.1002/anie.201809056,baseline_mean,Mean baseline,444,59.0,126.1418581081081,67.1418581081081
10.1002/anie.201809056,baseline_mean,Mean baseline,446,59.0,126.1418581081081,67.1418581081081
10.1002/anie.201809056,rf_composition,RF: composition,444,59.0,150.68615171736437,91.68615171736437
10.1002/anie.201809056,rf_composition,RF: composition,446,59.0,150.68615171736437,91.68615171736437
10.1002/anie.201809056,rf_descriptors,RF: descriptors,444,59.0,93.03349905470962,34.03349905470962
10.1002/anie.201809056,rf_descriptors,RF: descriptors,446,59.0,106.86709472291228,47.867094722912285
10.1002/anie.201809056,rf_combined,RF: combined,444,59.0,89.08506710672559,30.08506710672559
10.1002/anie.201809056,rf_combined,RF: combined,446,59.0,100.3488451926221,41.34884519262209
10.1002/btm2.10580,baseline_mean,Mean baseline,778,118.9,126.02755172413792,7.127551724137916
10.1002/btm2.10580,baseline_mean,Mean baseline,779,109.9,126.02755172413792,16.127551724137916
10.1002/btm2.10580,baseline_mean,Mean baseline,780,112.9,126.02755172413792,13.127551724137916
10.1002/btm2.10580,baseline_mean,Mean baseline,781,123.3,126.02755172413792,2.727551724137925
10.1002/btm2.10580,baseline_mean,Mean baseline,782,109.8,126.02755172413792,16.227551724137925
10.1002/btm2.10580,baseline_mean,Mean baseline,783,111.2,126.02755172413792,14.827551724137919
10.1002/btm2.10580,baseline_mean,Mean baseline,784,108.1,126.02755172413792,17.927551724137928
10.1002/btm2.10580,baseline_mean,Mean baseline,785,113.9,126.02755172413792,12.127551724137916
10.1002/btm2.10580,rf_composition,RF: composition,778,118.9,111.23228684576095,7.667713154239053
10.1002/btm2.10580,rf_composition,RF: composition,779,109.9,85.98978446424665,23.910215535753352
10.1002/btm2.10580,rf_composition,RF: composition,780,112.9,102.40444961372643,10.495550386273578
10.1002/btm2.10580,rf_composition,RF: composition,781,123.3,105.04683731755999,18.253162682440006
10.1002/btm2.10580,rf_composition,RF: composition,782,109.8,85.98978446424665,23.810215535753343
10.1002/btm2.10580,rf_composition,RF: composition,783,111.2,105.04683731755999,6.153162682440012
10.1002/btm2.10580,rf_composition,RF: composition,784,108.1,85.98978446424665,22.11021553575334
10.1002/btm2.10580,rf_composition,RF: composition,785,113.9,77.69473346992274,36.20526653007727
10.1002/btm2.10580,rf_descriptors,RF: descriptors,778,118.9,98.84362935486051,20.056370645139495
10.1002/btm2.10580,rf_descriptors,RF: descriptors,779,109.9,98.84362935486051,11.056370645139495
10.1002/btm2.10580,rf_descriptors,RF: descriptors,780,112.9,98.84362935486051,14.056370645139495
10.1002/btm2.10580,rf_descriptors,RF: descriptors,781,123.3,98.84362935486051,24.456370645139486
10.1002/btm2.10580,rf_descriptors,RF: descriptors,782,109.8,77.44950887173947,32.35049112826053
10.1002/btm2.10580,rf_descriptors,RF: descriptors,783,111.2,77.44950887173947,33.750491128260535
10.1002/btm2.10580,rf_descriptors,RF: descriptors,784,108.1,85.76573309387432,22.334266906125677
10.1002/btm2.10580,rf_descriptors,RF: descriptors,785,113.9,85.76573309387432,28.13426690612569
10.1002/btm2.10580,rf_combined,RF: combined,778,118.9,80.95947663819518,37.94052336180482
10.1002/btm2.10580,rf_combined,RF: combined,779,109.9,81.24118527128435,28.658814728715654
10.1002/btm2.10580,rf_combined,RF: combined,780,112.9,91.62870249500652,21.271297504993484
10.1002/btm2.10580,rf_combined,RF: combined,781,123.3,81.06598406352828,42.23401593647172
10.1002/btm2.10580,rf_combined,RF: combined,782,109.8,85.42195519957819,24.378044800421804
10.1002/btm2.10580,rf_combined,RF: combined,783,111.2,77.14010667293816,34.05989332706184
10.1002/btm2.10580,rf_combined,RF: combined,784,108.1,89.7973664982795,18.302633501720493
10.1002/btm2.10580,rf_combined,RF: combined,785,113.9,85.60605100978437,28.29394899021564
10.1002/jbm.a.37705,baseline_mean,Mean baseline,575,120.0,125.99657627118643,5.996576271186427
10.1002/jbm.a.37705,baseline_mean,Mean baseline,576,85.0,125.99657627118643,40.99657627118643
10.1002/jbm.a.37705,baseline_mean,Mean baseline,578,82.0,125.99657627118643,43.99657627118643
10.1002/jbm.a.37705,rf_composition,RF: composition,575,120.0,150.60507924372328,30.60507924372328
10.1002/jbm.a.37705,rf_composition,RF: composition,576,85.0,150.60507924372328,65.60507924372328
10.1002/jbm.a.37705,rf_composition,RF: composition,578,82.0,150.60507924372328,68.60507924372328
10.1002/jbm.a.37705,rf_descriptors,RF: descriptors,575,120.0,115.23738256114154,4.762617438858456
10.1002/jbm.a.37705,rf_descriptors,RF: descriptors,576,85.0,104.50319707533382,19.503197075333816
10.1002/jbm.a.37705,rf_descriptors,RF: descriptors,578,82.0,83.03362801467907,1.033628014679067
10.1002/jbm.a.37705,rf_combined,RF: combined,575,120.0,128.25644483158518,8.256444831585185
10.1002/jbm.a.37705,rf_combined,RF: combined,576,85.0,122.94953621632457,37.949536216324574
10.1002/jbm.a.37705,rf_combined,RF: combined,578,82.0,82.74102203231425,0.7410220323142482
10.1002/smll.201805097,baseline_mean,Mean baseline,1005,149.2,124.43620209059235,24.763797909407643
10.1002/smll.201805097,baseline_mean,Mean baseline,1006,161.6,124.43620209059235,37.16379790940765
10.1002/smll.201805097,baseline_mean,Mean baseline,1007,166.6,124.43620209059235,42.16379790940765
10.1002/smll.201805097,baseline_mean,Mean baseline,1008,173.9,124.43620209059235,49.46379790940766
10.1002/smll.201805097,baseline_mean,Mean baseline,1009,160.0,124.43620209059235,35.563797909407654
10.1002/smll.201805097,baseline_mean,Mean baseline,1010,163.2,124.43620209059235,38.76379790940764
10.1002/smll.201805097,baseline_mean,Mean baseline,1011,138.9,124.43620209059235,14.46379790940766
10.1002/smll.201805097,baseline_mean,Mean baseline,1012,139.5,124.43620209059235,15.063797909407654
10.1002/smll.201805097,baseline_mean,Mean baseline,1013,118.5,124.43620209059235,5.936202090592346
10.1002/smll.201805097,baseline_mean,Mean baseline,1014,180.7,124.43620209059235,56.26379790940764
10.1002/smll.201805097,baseline_mean,Mean baseline,1015,190.7,124.43620209059235,66.26379790940764
10.1002/smll.201805097,rf_composition,RF: composition,1005,149.2,148.86643704639437,0.3335629536056217
10.1002/smll.201805097,rf_composition,RF: composition,1006,161.6,148.86643704639437,12.733562953605627
10.1002/smll.201805097,rf_composition,RF: composition,1007,166.6,148.86643704639437,17.733562953605627
10.1002/smll.201805097,rf_composition,RF: composition,1008,173.9,148.86643704639437,25.03356295360564
10.1002/smll.201805097,rf_composition,RF: composition,1009,160.0,148.86643704639437,11.133562953605633
10.1002/smll.201805097,rf_composition,RF: composition,1010,163.2,148.86643704639437,14.333562953605622
10.1002/smll.201805097,rf_composition,RF: composition,1011,138.9,148.86643704639437,9.966437046394361
10.1002/smll.201805097,rf_composition,RF: composition,1012,139.5,148.86643704639437,9.366437046394367
10.1002/smll.201805097,rf_composition,RF: composition,1013,118.5,148.86643704639437,30.366437046394367
10.1002/smll.201805097,rf_composition,RF: composition,1014,180.7,148.86643704639437,31.83356295360562
10.1002/smll.201805097,rf_composition,RF: composition,1015,190.7,148.86643704639437,41.83356295360562
10.1002/smll.201805097,rf_descriptors,RF: descriptors,1005,149.2,128.45058101984156,20.749418980158424
10.1002/smll.201805097,rf_descriptors,RF: descriptors,1006,161.6,124.16083896159604,37.43916103840395
10.1002/smll.201805097,rf_descriptors,RF: descriptors,1007,166.6,93.63254745806564,72.96745254193435
10.1002/smll.201805097,rf_descriptors,RF: descriptors,1008,173.9,86.62872678805716,87.27127321194284
10.1002/smll.201805097,rf_descriptors,RF: descriptors,1009,160.0,87.8629238913024,72.1370761086976
10.1002/smll.201805097,rf_descriptors,RF: descriptors,1010,163.2,83.0039466220434,80.19605337795659
10.1002/smll.201805097,rf_descriptors,RF: descriptors,1011,138.9,82.96827603321975,55.931723966780254
10.1002/smll.201805097,rf_descriptors,RF: descriptors,1012,139.5,82.34538706954376,57.15461293045624
10.1002/smll.201805097,rf_descriptors,RF: descriptors,1013,118.5,82.02439465735765,36.47560534264235
10.1002/smll.201805097,rf_descriptors,RF: descriptors,1014,180.7,80.23296724203047,100.46703275796952
10.1002/smll.201805097,rf_descriptors,RF: descriptors,1015,190.7,77.81969412007375,112.88030587992624
10.1002/smll.201805097,rf_combined,RF: combined,1005,149.2,132.86098966527925,16.33901033472074
10.1002/smll.201805097,rf_combined,RF: combined,1006,161.6,130.67815007797435,30.921849922025643
10.1002/smll.201805097,rf_combined,RF: combined,1007,166.6,93.67596058783526,72.92403941216473
10.1002/smll.201805097,rf_combined,RF: combined,1008,173.9,84.33424445040342,89.56575554959659
10.1002/smll.201805097,rf_combined,RF: combined,1009,160.0,87.07965498136424,72.92034501863576
10.1002/smll.201805097,rf_combined,RF: combined,1010,163.2,82.62191367344016,80.57808632655983
10.1002/smll.201805097,rf_combined,RF: combined,1011,138.9,81.67387868642719,57.22612131357282
10.1002/smll.201805097,rf_combined,RF: combined,1012,139.5,81.3298133956624,58.1701866043376
10.1002/smll.201805097,rf_combined,RF: combined,1013,118.5,80.28499070649532,38.21500929350468
10.1002/smll.201805097,rf_combined,RF: combined,1014,180.7,79.36121848296303,101.33878151703696
10.1002/smll.201805097,rf_combined,RF: combined,1015,190.7,77.93188035223594,112.76811964776405
10.1016/j.jconrel.2019.10.028,baseline_mean,Mean baseline,450,82.4,128.18797872340423,45.78797872340422
10.1016/j.jconrel.2019.10.028,baseline_mean,Mean baseline,451,90.77,128.18797872340423,37.41797872340423
10.1016/j.jconrel.2019.10.028,baseline_mean,Mean baseline,452,78.53,128.18797872340423,49.65797872340423
10.1016/j.jconrel.2019.10.028,baseline_mean,Mean baseline,453,81.49,128.18797872340423,46.69797872340423
10.1016/j.jconrel.2019.10.028,baseline_mean,Mean baseline,454,74.42,128.18797872340423,53.76797872340423
10.1016/j.jconrel.2019.10.028,baseline_mean,Mean baseline,455,82.03,128.18797872340423,46.15797872340423
10.1016/j.jconrel.2019.10.028,baseline_mean,Mean baseline,456,79.23,128.18797872340423,48.957978723404224
10.1016/j.jconrel.2019.10.028,baseline_mean,Mean baseline,457,83.25,128.18797872340423,44.93797872340423
10.1016/j.jconrel.2019.10.028,baseline_mean,Mean baseline,458,81.4,128.18797872340423,46.78797872340422
10.1016/j.jconrel.2019.10.028,baseline_mean,Mean baseline,459,75.58,128.18797872340423,52.60797872340423
10.1016/j.jconrel.2019.10.028,baseline_mean,Mean baseline,460,83.55,128.18797872340423,44.63797872340423
10.1016/j.jconrel.2019.10.028,baseline_mean,Mean baseline,461,88.09,128.18797872340423,40.097978723404225
10.1016/j.jconrel.2019.10.028,baseline_mean,Mean baseline,462,83.36,128.18797872340423,44.82797872340423
10.1016/j.jconrel.2019.10.028,baseline_mean,Mean baseline,463,77.32,128.18797872340423,50.867978723404235
10.1016/j.jconrel.2019.10.028,baseline_mean,Mean baseline,464,84.71,128.18797872340423,43.477978723404235
10.1016/j.jconrel.2019.10.028,baseline_mean,Mean baseline,465,80.85,128.18797872340423,47.337978723404234
10.1016/j.jconrel.2019.10.028,rf_composition,RF: composition,450,82.4,124.25845282452534,41.85845282452533
10.1016/j.jconrel.2019.10.028,rf_composition,RF: composition,451,90.77,133.802068302316,43.032068302316006
10.1016/j.jconrel.2019.10.028,rf_composition,RF: composition,452,78.53,94.70184043705702,16.171840437057014
10.1016/j.jconrel.2019.10.028,rf_composition,RF: composition,453,81.49,94.42667640387376,12.936676403873761
10.1016/j.jconrel.2019.10.028,rf_composition,RF: composition,454,74.42,97.81232241201046,23.392322412010458
10.1016/j.jconrel.2019.10.028,rf_composition,RF: composition,455,82.03,109.10264434871449,27.07264434871449
10.1016/j.jconrel.2019.10.028,rf_composition,RF: composition,456,79.23,108.38842935946438,29.158429359464378
10.1016/j.jconrel.2019.10.028,rf_composition,RF: composition,457,83.25,110.99882295661256,27.748822956612557
10.1016/j.jconrel.2019.10.028,rf_composition,RF: composition,458,81.4,105.06922687461545,23.669226874615447
10.1016/j.jconrel.2019.10.028,rf_composition,RF: composition,459,75.58,99.48654543664632,23.906545436646326
10.1016/j.jconrel.2019.10.028,rf_composition,RF: composition,460,83.55,152.3715036019429,68.8215036019429
10.1016/j.jconrel.2019.10.028,rf_composition,RF: composition,461,88.09,152.3715036019429,64.28150360194289
10.1016/j.jconrel.2019.10.028,rf_composition,RF: composition,462,83.36,152.3715036019429,69.01150360194289
10.1016/j.jconrel.2019.10.028,rf_composition,RF: composition,463,77.32,152.3715036019429,75.0515036019429
10.1016/j.jconrel.2019.10.028,rf_composition,RF: composition,464,84.71,152.3715036019429,67.6615036019429
10.1016/j.jconrel.2019.10.028,rf_composition,RF: composition,465,80.85,152.3715036019429,71.5215036019429
10.1016/j.jconrel.2019.10.028,rf_descriptors,RF: descriptors,450,82.4,88.20272082079042,5.802720820790412
10.1016/j.jconrel.2019.10.028,rf_descriptors,RF: descriptors,451,90.77,88.20272082079042,2.567279179209578
10.1016/j.jconrel.2019.10.028,rf_descriptors,RF: descriptors,452,78.53,88.20272082079042,9.672720820790417
10.1016/j.jconrel.2019.10.028,rf_descriptors,RF: descriptors,453,81.49,88.20272082079042,6.712720820790423
10.1016/j.jconrel.2019.10.028,rf_descriptors,RF: descriptors,454,74.42,88.20272082079042,13.782720820790416
10.1016/j.jconrel.2019.10.028,rf_descriptors,RF: descriptors,455,82.03,88.20272082079042,6.172720820790417
10.1016/j.jconrel.2019.10.028,rf_descriptors,RF: descriptors,456,79.23,88.20272082079042,8.972720820790414
10.1016/j.jconrel.2019.10.028,rf_descriptors,RF: descriptors,457,83.25,88.20272082079042,4.952720820790418
10.1016/j.jconrel.2019.10.028,rf_descriptors,RF: descriptors,458,81.4,88.20272082079042,6.802720820790412
10.1016/j.jconrel.2019.10.028,rf_descriptors,RF: descriptors,459,75.58,88.20272082079042,12.62272082079042
10.1016/j.jconrel.2019.10.028,rf_descriptors,RF: descriptors,460,83.55,88.20272082079042,4.652720820790421
10.1016/j.jconrel.2019.10.028,rf_descriptors,RF: descriptors,461,88.09,88.20272082079042,0.11272082079041468
10.1016/j.jconrel.2019.10.028,rf_descriptors,RF: descriptors,462,83.36,88.20272082079042,4.842720820790419
10.1016/j.jconrel.2019.10.028,rf_descriptors,RF: descriptors,463,77.32,88.20272082079042,10.882720820790425
10.1016/j.jconrel.2019.10.028,rf_descriptors,RF: descriptors,464,84.71,88.20272082079042,3.4927208207904243
10.1016/j.jconrel.2019.10.028,rf_descriptors,RF: descriptors,465,80.85,88.20272082079042,7.352720820790424
10.1016/j.jconrel.2019.10.028,rf_combined,RF: combined,450,82.4,93.69342013336343,11.293420133363426
10.1016/j.jconrel.2019.10.028,rf_combined,RF: combined,451,90.77,108.60264336957161,17.832643369571613
10.1016/j.jconrel.2019.10.028,rf_combined,RF: combined,452,78.53,94.67582718620275,16.14582718620275
10.1016/j.jconrel.2019.10.028,rf_combined,RF: combined,453,81.49,93.81099123382182,12.320991233821829
10.1016/j.jconrel.2019.10.028,rf_combined,RF: combined,454,74.42,93.48193759096466,19.06193759096466
10.1016/j.jconrel.2019.10.028,rf_combined,RF: combined,455,82.03,87.04266410439564,5.01266410439564
10.1016/j.jconrel.2019.10.028,rf_combined,RF: combined,456,79.23,87.26744054884013,8.037440548840124
10.1016/j.jconrel.2019.10.028,rf_combined,RF: combined,457,83.25,87.40154553174608,4.1515455317460805
10.1016/j.jconrel.2019.10.028,rf_combined,RF: combined,458,81.4,89.23990779375865,7.839907793758641
10.1016/j.jconrel.2019.10.028,rf_combined,RF: combined,459,75.58,92.19929427418673,16.61929427418673
10.1016/j.jconrel.2019.10.028,rf_combined,RF: combined,460,83.55,84.85895617582423,1.3089561758242354
10.1016/j.jconrel.2019.10.028,rf_combined,RF: combined,461,88.09,84.85895617582423,3.231043824175771
10.1016/j.jconrel.2019.10.028,rf_combined,RF: combined,462,83.36,84.85895617582423,1.4989561758242331
10.1016/j.jconrel.2019.10.028,rf_combined,RF: combined,463,77.32,84.85895617582423,7.538956175824239
10.1016/j.jconrel.2019.10.028,rf_combined,RF: combined,464,84.71,84.85895617582423,0.1489561758242388
10.1016/j.jconrel.2019.10.028,rf_combined,RF: combined,465,80.85,84.85895617582423,4.008956175824238
10.1021/acs.jpcb.5b02891,baseline_mean,Mean baseline,716,180.0,125.9516896551724,54.0483103448276
10.1021/acs.jpcb.5b02891,baseline_mean,Mean baseline,717,160.0,125.9516896551724,34.0483103448276
10.1021/acs.jpcb.5b02891,baseline_mean,Mean baseline,718,180.0,125.9516896551724,54.0483103448276
10.1021/acs.jpcb.5b02891,baseline_mean,Mean baseline,719,160.0,125.9516896551724,34.0483103448276
10.1021/acs.jpcb.5b02891,baseline_mean,Mean baseline,736,50.0,125.9516896551724,75.9516896551724
10.1021/acs.jpcb.5b02891,baseline_mean,Mean baseline,737,65.0,125.9516896551724,60.9516896551724
10.1021/acs.jpcb.5b02891,baseline_mean,Mean baseline,738,95.0,125.9516896551724,30.9516896551724
10.1021/acs.jpcb.5b02891,baseline_mean,Mean baseline,739,40.0,125.9516896551724,85.9516896551724
10.1021/acs.jpcb.5b02891,rf_composition,RF: composition,716,180.0,149.99948500184786,30.00051499815214
10.1021/acs.jpcb.5b02891,rf_composition,RF: composition,717,160.0,149.99948500184786,10.000514998152141
10.1021/acs.jpcb.5b02891,rf_composition,RF: composition,718,180.0,122.5179906519723,57.4820093480277
10.1021/acs.jpcb.5b02891,rf_composition,RF: composition,719,160.0,122.5179906519723,37.4820093480277
10.1021/acs.jpcb.5b02891,rf_composition,RF: composition,736,50.0,149.99948500184786,99.99948500184786
10.1021/acs.jpcb.5b02891,rf_composition,RF: composition,737,65.0,122.5179906519723,57.5179906519723
10.1021/acs.jpcb.5b02891,rf_composition,RF: composition,738,95.0,149.99948500184786,54.99948500184786
10.1021/acs.jpcb.5b02891,rf_composition,RF: composition,739,40.0,122.5179906519723,82.5179906519723
10.1021/acs.jpcb.5b02891,rf_descriptors,RF: descriptors,716,180.0,83.96148181996689,96.03851818003311
10.1021/acs.jpcb.5b02891,rf_descriptors,RF: descriptors,717,160.0,83.96148181996689,76.03851818003311
10.1021/acs.jpcb.5b02891,rf_descriptors,RF: descriptors,718,180.0,83.96148181996689,96.03851818003311
10.1021/acs.jpcb.5b02891,rf_descriptors,RF: descriptors,719,160.0,83.96148181996689,76.03851818003311
10.1021/acs.jpcb.5b02891,rf_descriptors,RF: descriptors,736,50.0,83.96148181996689,33.96148181996689
10.1021/acs.jpcb.5b02891,rf_descriptors,RF: descriptors,737,65.0,83.96148181996689,18.96148181996689
10.1021/acs.jpcb.5b02891,rf_descriptors,RF: descriptors,738,95.0,83.96148181996689,11.038518180033108
10.1021/acs.jpcb.5b02891,rf_descriptors,RF: descriptors,739,40.0,83.96148181996689,43.96148181996689
10.1021/acs.jpcb.5b02891,rf_combined,RF: combined,716,180.0,132.17679512840982,47.82320487159018
10.1021/acs.jpcb.5b02891,rf_combined,RF: combined,717,160.0,132.17679512840982,27.82320487159018
10.1021/acs.jpcb.5b02891,rf_combined,RF: combined,718,180.0,110.09491464328504,69.90508535671496
10.1021/acs.jpcb.5b02891,rf_combined,RF: combined,719,160.0,110.09491464328504,49.90508535671496
10.1021/acs.jpcb.5b02891,rf_combined,RF: combined,736,50.0,132.17679512840982,82.17679512840982
10.1021/acs.jpcb.5b02891,rf_combined,RF: combined,737,65.0,110.09491464328504,45.09491464328504
10.1021/acs.jpcb.5b02891,rf_combined,RF: combined,738,95.0,132.17679512840982,37.17679512840982
10.1021/acs.jpcb.5b02891,rf_combined,RF: combined,739,40.0,110.09491464328504,70.09491464328504
10.1021/acs.nanolett.5b02497,baseline_mean,Mean baseline,109,113.0,125.88172297297297,12.881722972972966
10.1021/acs.nanolett.5b02497,baseline_mean,Mean baseline,110,82.0,125.88172297297297,43.881722972972966
10.1021/acs.nanolett.5b02497,rf_composition,RF: composition,109,113.0,100.8137517363595,12.186248263640493
10.1021/acs.nanolett.5b02497,rf_composition,RF: composition,110,82.0,135.02739259703122,53.02739259703122
10.1021/acs.nanolett.5b02497,rf_descriptors,RF: descriptors,109,113.0,81.44644962419667,31.553550375803326
10.1021/acs.nanolett.5b02497,rf_descriptors,RF: descriptors,110,82.0,81.44644962419667,0.5535503758033258
10.1021/acs.nanolett.5b02497,rf_combined,RF: combined,109,113.0,90.26517384207459,22.73482615792541
10.1021/acs.nanolett.5b02497,rf_combined,RF: combined,110,82.0,99.53278068742362,17.532780687423624
10.1021/jacs.2c12893,baseline_mean,Mean baseline,635,82.11,125.95121621621621,43.84121621621621
10.1021/jacs.2c12893,baseline_mean,Mean baseline,636,92.32,125.95121621621621,33.63121621621622
10.1021/jacs.2c12893,rf_composition,RF: composition,635,82.11,150.0154175375518,67.9054175375518
10.1021/jacs.2c12893,rf_composition,RF: composition,636,92.32,106.66946113382716,14.349461133827162
10.1021/jacs.2c12893,rf_descriptors,RF: descriptors,635,82.11,83.11377127005949,1.003771270059488
10.1021/jacs.2c12893,rf_descriptors,RF: descriptors,636,92.32,101.12882710518684,8.80882710518685
10.1021/jacs.2c12893,rf_combined,RF: combined,635,82.11,82.76266759953788,0.6526675995378781
10.1021/jacs.2c12893,rf_combined,RF: combined,636,92.32,87.39762061549268,4.922379384507309
10.1039/C9NR02004G,baseline_mean,Mean baseline,563,19.0,126.05047138047138,107.05047138047138
10.1039/C9NR02004G,rf_composition,RF: composition,563,19.0,112.19713449734694,93.19713449734694
10.1039/C9NR02004G,rf_descriptors,RF: descriptors,563,19.0,115.3919593607982,96.3919593607982
10.1039/C9NR02004G,rf_combined,RF: combined,563,19.0,110.03770093968025,91.03770093968025
10.1073/pnas.1209367109,baseline_mean,Mean baseline,1021,145.8,125.62353535353536,20.17646464646465
10.1073/pnas.1209367109,rf_composition,RF: composition,1021,145.8,91.56019644050265,54.23980355949736
10.1073/pnas.1209367109,rf_descriptors,RF: descriptors,1021,145.8,94.51202246844629,51.28797753155372
10.1073/pnas.1209367109,rf_combined,RF: combined,1021,145.8,96.93949074457475,48.86050925542526
https://doi.org/10.1016/j.ijpharm.2023.123050,baseline_mean,Mean baseline,756,107.0,125.87454237288135,18.87454237288135
https://doi.org/10.1016/j.ijpharm.2023.123050,baseline_mean,Mean baseline,763,145.0,125.87454237288135,19.12545762711865
https://doi.org/10.1016/j.ijpharm.2023.123050,baseline_mean,Mean baseline,773,71.0,125.87454237288135,54.87454237288135
https://doi.org/10.1016/j.ijpharm.2023.123050,rf_composition,RF: composition,756,107.0,105.12559346980218,1.8744065301978168
https://doi.org/10.1016/j.ijpharm.2023.123050,rf_composition,RF: composition,763,145.0,105.12559346980218,39.87440653019782
https://doi.org/10.1016/j.ijpharm.2023.123050,rf_composition,RF: composition,773,71.0,150.06978193379726,79.06978193379726
https://doi.org/10.1016/j.ijpharm.2023.123050,rf_descriptors,RF: descriptors,756,107.0,112.98443322768941,5.984433227689408
https://doi.org/10.1016/j.ijpharm.2023.123050,rf_descriptors,RF: descriptors,763,145.0,112.98443322768941,32.01556677231059
https://doi.org/10.1016/j.ijpharm.2023.123050,rf_descriptors,RF: descriptors,773,71.0,112.98443322768941,41.98443322768941
https://doi.org/10.1016/j.ijpharm.2023.123050,rf_combined,RF: combined,756,107.0,103.12296447108452,3.877035528915485
https://doi.org/10.1016/j.ijpharm.2023.123050,rf_combined,RF: combined,763,145.0,103.12296447108452,41.877035528915485
https://doi.org/10.1016/j.ijpharm.2023.123050,rf_combined,RF: combined,773,71.0,103.21123586163837,32.21123586163837
https://doi.org/10.1016/j.jconrel.2025.01.071,baseline_mean,Mean baseline,862,183.3,126.79065517241379,56.50934482758622
https://doi.org/10.1016/j.jconrel.2025.01.071,baseline_mean,Mean baseline,863,70.0,126.79065517241379,56.79065517241379
https://doi.org/10.1016/j.jconrel.2025.01.071,baseline_mean,Mean baseline,864,65.0,126.79065517241379,61.79065517241379
https://doi.org/10.1016/j.jconrel.2025.01.071,baseline_mean,Mean baseline,865,65.0,126.79065517241379,61.79065517241379
https://doi.org/10.1016/j.jconrel.2025.01.071,baseline_mean,Mean baseline,866,65.0,126.79065517241379,61.79065517241379
https://doi.org/10.1016/j.jconrel.2025.01.071,baseline_mean,Mean baseline,867,70.6,126.79065517241379,56.1906551724138
https://doi.org/10.1016/j.jconrel.2025.01.071,baseline_mean,Mean baseline,868,75.0,126.79065517241379,51.79065517241379
https://doi.org/10.1016/j.jconrel.2025.01.071,baseline_mean,Mean baseline,870,92.8,126.79065517241379,33.990655172413796
https://doi.org/10.1016/j.jconrel.2025.01.071,rf_composition,RF: composition,862,183.3,72.4103722764118,110.8896277235882
https://doi.org/10.1016/j.jconrel.2025.01.071,rf_composition,RF: composition,863,70.0,72.4103722764118,2.410372276411806
https://doi.org/10.1016/j.jconrel.2025.01.071,rf_composition,RF: composition,864,65.0,72.4103722764118,7.410372276411806
https://doi.org/10.1016/j.jconrel.2025.01.071,rf_composition,RF: composition,865,65.0,72.4103722764118,7.410372276411806
https://doi.org/10.1016/j.jconrel.2025.01.071,rf_composition,RF: composition,866,65.0,72.4103722764118,7.410372276411806
https://doi.org/10.1016/j.jconrel.2025.01.071,rf_composition,RF: composition,867,70.6,72.4103722764118,1.8103722764118118
https://doi.org/10.1016/j.jconrel.2025.01.071,rf_composition,RF: composition,868,75.0,72.4103722764118,2.589627723588194
https://doi.org/10.1016/j.jconrel.2025.01.071,rf_composition,RF: composition,870,92.8,72.4103722764118,20.38962772358819
https://doi.org/10.1016/j.jconrel.2025.01.071,rf_descriptors,RF: descriptors,862,183.3,100.39598054262378,82.90401945737624
https://doi.org/10.1016/j.jconrel.2025.01.071,rf_descriptors,RF: descriptors,863,70.0,100.39598054262378,30.395980542623775
https://doi.org/10.1016/j.jconrel.2025.01.071,rf_descriptors,RF: descriptors,864,65.0,100.39598054262378,35.395980542623775
https://doi.org/10.1016/j.jconrel.2025.01.071,rf_descriptors,RF: descriptors,865,65.0,100.39598054262378,35.395980542623775
https://doi.org/10.1016/j.jconrel.2025.01.071,rf_descriptors,RF: descriptors,866,65.0,100.39598054262378,35.395980542623775
https://doi.org/10.1016/j.jconrel.2025.01.071,rf_descriptors,RF: descriptors,867,70.6,100.39598054262378,29.79598054262378
https://doi.org/10.1016/j.jconrel.2025.01.071,rf_descriptors,RF: descriptors,868,75.0,100.39598054262378,25.395980542623775
https://doi.org/10.1016/j.jconrel.2025.01.071,rf_descriptors,RF: descriptors,870,92.8,100.39598054262378,7.595980542623778
https://doi.org/10.1016/j.jconrel.2025.01.071,rf_combined,RF: combined,862,183.3,94.79133183002968,88.50866816997033
https://doi.org/10.1016/j.jconrel.2025.01.071,rf_combined,RF: combined,863,70.0,94.79133183002968,24.791331830029677
https://doi.org/10.1016/j.jconrel.2025.01.071,rf_combined,RF: combined,864,65.0,94.79133183002968,29.791331830029677
https://doi.org/10.1016/j.jconrel.2025.01.071,rf_combined,RF: combined,865,65.0,94.79133183002968,29.791331830029677
https://doi.org/10.1016/j.jconrel.2025.01.071,rf_combined,RF: combined,866,65.0,94.79133183002968,29.791331830029677
https://doi.org/10.1016/j.jconrel.2025.01.071,rf_combined,RF: combined,867,70.6,94.79133183002968,24.191331830029682
https://doi.org/10.1016/j.jconrel.2025.01.071,rf_combined,RF: combined,868,75.0,94.79133183002968,19.791331830029677
https://doi.org/10.1016/j.jconrel.2025.01.071,rf_combined,RF: combined,870,92.8,94.79133183002968,1.9913318300296794
https://doi.org/10.1016/j.jpha.2024.100996,baseline_mean,Mean baseline,641,66.55,130.84638686131385,64.29638686131385
https://doi.org/10.1016/j.jpha.2024.100996,baseline_mean,Mean baseline,642,78.57,130.84638686131385,52.27638686131385
https://doi.org/10.1016/j.jpha.2024.100996,baseline_mean,Mean baseline,643,96.95,130.84638686131385,33.89638686131384
https://doi.org/10.1016/j.jpha.2024.100996,baseline_mean,Mean baseline,644,94.42,130.84638686131385,36.426386861313844
https://doi.org/10.1016/j.jpha.2024.100996,baseline_mean,Mean baseline,645,92.45,130.84638686131385,38.39638686131384
https://doi.org/10.1016/j.jpha.2024.100996,baseline_mean,Mean baseline,646,75.26,130.84638686131385,55.58638686131384
https://doi.org/10.1016/j.jpha.2024.100996,baseline_mean,Mean baseline,647,77.76,130.84638686131385,53.08638686131384
https://doi.org/10.1016/j.jpha.2024.100996,baseline_mean,Mean baseline,648,78.82,130.84638686131385,52.02638686131385
https://doi.org/10.1016/j.jpha.2024.100996,baseline_mean,Mean baseline,649,82.88,130.84638686131385,47.96638686131385
https://doi.org/10.1016/j.jpha.2024.100996,baseline_mean,Mean baseline,650,69.44,130.84638686131385,61.40638686131385
https://doi.org/10.1016/j.jpha.2024.100996,baseline_mean,Mean baseline,651,82.11,130.84638686131385,48.73638686131385
https://doi.org/10.1016/j.jpha.2024.100996,baseline_mean,Mean baseline,652,51.13,130.84638686131385,79.71638686131385
https://doi.org/10.1016/j.jpha.2024.100996,baseline_mean,Mean baseline,653,50.99,130.84638686131385,79.85638686131384
https://doi.org/10.1016/j.jpha.2024.100996,baseline_mean,Mean baseline,654,51.89,130.84638686131385,78.95638686131385
https://doi.org/10.1016/j.jpha.2024.100996,baseline_mean,Mean baseline,655,57.25,130.84638686131385,73.59638686131385
https://doi.org/10.1016/j.jpha.2024.100996,baseline_mean,Mean baseline,656,57.0,130.84638686131385,73.84638686131385
https://doi.org/10.1016/j.jpha.2024.100996,baseline_mean,Mean baseline,657,57.13,130.84638686131385,73.71638686131385
https://doi.org/10.1016/j.jpha.2024.100996,baseline_mean,Mean baseline,658,55.88,130.84638686131385,74.96638686131385
https://doi.org/10.1016/j.jpha.2024.100996,baseline_mean,Mean baseline,659,57.44,130.84638686131385,73.40638686131385
https://doi.org/10.1016/j.jpha.2024.100996,baseline_mean,Mean baseline,660,56.43,130.84638686131385,74.41638686131384
https://doi.org/10.1016/j.jpha.2024.100996,baseline_mean,Mean baseline,661,51.82,130.84638686131385,79.02638686131385
https://doi.org/10.1016/j.jpha.2024.100996,baseline_mean,Mean baseline,662,56.13,130.84638686131385,74.71638686131385
https://doi.org/10.1016/j.jpha.2024.100996,baseline_mean,Mean baseline,663,51.08,130.84638686131385,79.76638686131385
https://doi.org/10.1016/j.jpha.2024.100996,baseline_mean,Mean baseline,664,54.7,130.84638686131385,76.14638686131384
https://doi.org/10.1016/j.jpha.2024.100996,rf_composition,RF: composition,641,66.55,91.60482524605553,25.05482524605553
https://doi.org/10.1016/j.jpha.2024.100996,rf_composition,RF: composition,642,78.57,88.02248920796903,9.452489207969037
https://doi.org/10.1016/j.jpha.2024.100996,rf_composition,RF: composition,643,96.95,111.31070549362634,14.360705493626341
https://doi.org/10.1016/j.jpha.2024.100996,rf_composition,RF: composition,644,94.42,111.31070549362634,16.890705493626342
https://doi.org/10.1016/j.jpha.2024.100996,rf_composition,RF: composition,645,92.45,111.31070549362634,18.86070549362634
https://doi.org/10.1016/j.jpha.2024.100996,rf_composition,RF: composition,646,75.26,111.31070549362634,36.05070549362634
https://doi.org/10.1016/j.jpha.2024.100996,rf_composition,RF: composition,647,77.76,111.31070549362634,33.55070549362634
https://doi.org/10.1016/j.jpha.2024.100996,rf_composition,RF: composition,648,78.82,111.31070549362634,32.49070549362635
https://doi.org/10.1016/j.jpha.2024.100996,rf_composition,RF: composition,649,82.88,111.31070549362634,28.43070549362635
https://doi.org/10.1016/j.jpha.2024.100996,rf_composition,RF: composition,650,69.44,88.02248920796903,18.582489207969033
https://doi.org/10.1016/j.jpha.2024.100996,rf_composition,RF: composition,651,82.11,100.20596473844664,18.09596473844664
https://doi.org/10.1016/j.jpha.2024.100996,rf_composition,RF: composition,652,51.13,91.60482524605553,40.474825246055524
https://doi.org/10.1016/j.jpha.2024.100996,rf_composition,RF: composition,653,50.99,88.02248920796903,37.03248920796903
https://doi.org/10.1016/j.jpha.2024.100996,rf_composition,RF: composition,654,51.89,111.31070549362634,59.42070549362634
https://doi.org/10.1016/j.jpha.2024.100996,rf_composition,RF: composition,655,57.25,100.20596473844664,42.95596473844664
https://doi.org/10.1016/j.jpha.2024.100996,rf_composition,RF: composition,656,57.0,100.20596473844664,43.20596473844664
https://doi.org/10.1016/j.jpha.2024.100996,rf_composition,RF: composition,657,57.13,111.31070549362634,54.18070549362634
https://doi.org/10.1016/j.jpha.2024.100996,rf_composition,RF: composition,658,55.88,111.31070549362634,55.43070549362634
https://doi.org/10.1016/j.jpha.2024.100996,rf_composition,RF: composition,659,57.44,100.20596473844664,42.76596473844664
https://doi.org/10.1016/j.jpha.2024.100996,rf_composition,RF: composition,660,56.43,100.20596473844664,43.77596473844664
https://doi.org/10.1016/j.jpha.2024.100996,rf_composition,RF: composition,661,51.82,88.02248920796903,36.20248920796903
https://doi.org/10.1016/j.jpha.2024.100996,rf_composition,RF: composition,662,56.13,111.31070549362634,55.18070549362634
https://doi.org/10.1016/j.jpha.2024.100996,rf_composition,RF: composition,663,51.08,91.76759324841983,40.68759324841983
https://doi.org/10.1016/j.jpha.2024.100996,rf_composition,RF: composition,664,54.7,111.31070549362634,56.61070549362634
https://doi.org/10.1016/j.jpha.2024.100996,rf_descriptors,RF: descriptors,641,66.55,110.73999062627355,44.189990626273556
https://doi.org/10.1016/j.jpha.2024.100996,rf_descriptors,RF: descriptors,642,78.57,110.73999062627355,32.16999062627356
https://doi.org/10.1016/j.jpha.2024.100996,rf_descriptors,RF: descriptors,643,96.95,110.73999062627355,13.78999062627355
https://doi.org/10.1016/j.jpha.2024.100996,rf_descriptors,RF: descriptors,644,94.42,110.73999062627355,16.31999062627355
https://doi.org/10.1016/j.jpha.2024.100996,rf_descriptors,RF: descriptors,645,92.45,110.73999062627355,18.28999062627355
https://doi.org/10.1016/j.jpha.2024.100996,rf_descriptors,RF: descriptors,646,75.26,132.3531627432256,57.09316274322559
https://doi.org/10.1016/j.jpha.2024.100996,rf_descriptors,RF: descriptors,647,77.76,132.3531627432256,54.59316274322559
https://doi.org/10.1016/j.jpha.2024.100996,rf_descriptors,RF: descriptors,648,78.82,132.3531627432256,53.5331627432256
https://doi.org/10.1016/j.jpha.2024.100996,rf_descriptors,RF: descriptors,649,82.88,132.3531627432256,49.4731627432256
https://doi.org/10.1016/j.jpha.2024.100996,rf_descriptors,RF: descriptors,650,69.44,132.3531627432256,62.9131627432256
https://doi.org/10.1016/j.jpha.2024.100996,rf_descriptors,RF: descriptors,651,82.11,132.3531627432256,50.2431627432256
https://doi.org/10.1016/j.jpha.2024.100996,rf_descriptors,RF: descriptors,652,51.13,112.31042789995891,61.18042789995891
https://doi.org/10.1016/j.jpha.2024.100996,rf_descriptors,RF: descriptors,653,50.99,112.31042789995891,61.32042789995891
https://doi.org/10.1016/j.jpha.2024.100996,rf_descriptors,RF: descriptors,654,51.89,112.31042789995891,60.42042789995891
https://doi.org/10.1016/j.jpha.2024.100996,rf_descriptors,RF: descriptors,655,57.25,112.31042789995891,55.06042789995891
https://doi.org/10.1016/j.jpha.2024.100996,rf_descriptors,RF: descriptors,656,57.0,112.31042789995891,55.31042789995891
https://doi.org/10.1016/j.jpha.2024.100996,rf_descriptors,RF: descriptors,657,57.13,112.31042789995891,55.18042789995891
https://doi.org/10.1016/j.jpha.2024.100996,rf_descriptors,RF: descriptors,658,55.88,113.32398099527023,57.44398099527023
https://doi.org/10.1016/j.jpha.2024.100996,rf_descriptors,RF: descriptors,659,57.44,113.32398099527023,55.883980995270235
https://doi.org/10.1016/j.jpha.2024.100996,rf_descriptors,RF: descriptors,660,56.43,113.32398099527023,56.89398099527023
https://doi.org/10.1016/j.jpha.2024.100996,rf_descriptors,RF: descriptors,661,51.82,113.32398099527023,61.50398099527023
https://doi.org/10.1016/j.jpha.2024.100996,rf_descriptors,RF: descriptors,662,56.13,113.32398099527023,57.19398099527023
https://doi.org/10.1016/j.jpha.2024.100996,rf_descriptors,RF: descriptors,663,51.08,113.32398099527023,62.243980995270235
https://doi.org/10.1016/j.jpha.2024.100996,rf_descriptors,RF: descriptors,664,54.7,113.32398099527023,58.62398099527023
https://doi.org/10.1016/j.jpha.2024.100996,rf_combined,RF: combined,641,66.55,107.9556712019646,41.40567120196461
https://doi.org/10.1016/j.jpha.2024.100996,rf_combined,RF: combined,642,78.57,106.48410872222213,27.91410872222214
https://doi.org/10.1016/j.jpha.2024.100996,rf_combined,RF: combined,643,96.95,103.87309595809526,6.92309595809526
https://doi.org/10.1016/j.jpha.2024.100996,rf_combined,RF: combined,644,94.42,103.87309595809526,9.453095958095261
https://doi.org/10.1016/j.jpha.2024.100996,rf_combined,RF: combined,645,92.45,103.87309595809526,11.42309595809526
https://doi.org/10.1016/j.jpha.2024.100996,rf_combined,RF: combined,646,75.26,128.07161720540563,52.811617205405625
https://doi.org/10.1016/j.jpha.2024.100996,rf_combined,RF: combined,647,77.76,128.07161720540563,50.311617205405625
https://doi.org/10.1016/j.jpha.2024.100996,rf_combined,RF: combined,648,78.82,128.07161720540563,49.25161720540564
https://doi.org/10.1016/j.jpha.2024.100996,rf_combined,RF: combined,649,82.88,128.07161720540563,45.191617205405635
https://doi.org/10.1016/j.jpha.2024.100996,rf_combined,RF: combined,650,69.44,128.91016016788757,59.47016016788757
https://doi.org/10.1016/j.jpha.2024.100996,rf_combined,RF: combined,651,82.11,129.2522823852258,47.14228238522581
https://doi.org/10.1016/j.jpha.2024.100996,rf_combined,RF: combined,652,51.13,108.81403230502826,57.68403230502826
https://doi.org/10.1016/j.jpha.2024.100996,rf_combined,RF: combined,653,50.99,107.92281478921079,56.93281478921079
https://doi.org/10.1016/j.jpha.2024.100996,rf_combined,RF: combined,654,51.89,106.07136740909206,54.18136740909206
https://doi.org/10.1016/j.jpha.2024.100996,rf_combined,RF: combined,655,57.25,108.36825882301146,51.11825882301146
https://doi.org/10.1016/j.jpha.2024.100996,rf_combined,RF: combined,656,57.0,108.36825882301146,51.36825882301146
https://doi.org/10.1016/j.jpha.2024.100996,rf_combined,RF: combined,657,57.13,106.07136740909206,48.94136740909206
https://doi.org/10.1016/j.jpha.2024.100996,rf_combined,RF: combined,658,55.88,95.4596088143141,39.57960881431409
https://doi.org/10.1016/j.jpha.2024.100996,rf_combined,RF: combined,659,57.44,93.79871982590366,36.35871982590366
https://doi.org/10.1016/j.jpha.2024.100996,rf_combined,RF: combined,660,56.43,93.79871982590366,37.36871982590366
https://doi.org/10.1016/j.jpha.2024.100996,rf_combined,RF: combined,661,51.82,100.10867700784009,48.288677007840086
https://doi.org/10.1016/j.jpha.2024.100996,rf_combined,RF: combined,662,56.13,95.4596088143141,39.32960881431409
https://doi.org/10.1016/j.jpha.2024.100996,rf_combined,RF: combined,663,51.08,97.47556418216469,46.39556418216469
https://doi.org/10.1016/j.jpha.2024.100996,rf_combined,RF: combined,664,54.7,95.4596088143141,40.75960881431409
https://doi.org/10.1016/j.omtn.2019.01.013,baseline_mean,Mean baseline,63,96.0,125.8918581081081,29.891858108108096
https://doi.org/10.1016/j.omtn.2019.01.013,baseline_mean,Mean baseline,64,96.0,125.8918581081081,29.891858108108096
https://doi.org/10.1016/j.omtn.2019.01.013,rf_composition,RF: composition,63,96.0,106.83243656760239,10.832436567602386
https://doi.org/10.1016/j.omtn.2019.01.013,rf_composition,RF: composition,64,96.0,106.83243656760239,10.832436567602386
https://doi.org/10.1016/j.omtn.2019.01.013,rf_descriptors,RF: descriptors,63,96.0,100.88910689481203,4.889106894812031
https://doi.org/10.1016/j.omtn.2019.01.013,rf_descriptors,RF: descriptors,64,96.0,85.87408001354203,10.125919986457973
https://doi.org/10.1016/j.omtn.2019.01.013,rf_combined,RF: combined,63,96.0,86.27019434817731,9.729805651822687
https://doi.org/10.1016/j.omtn.2019.01.013,rf_combined,RF: combined,64,96.0,88.9098887745287,7.090111225471304
https://doi.org/10.1016/j.ymthe.2018.03.010,baseline_mean,Mean baseline,113,93.8,126.66651567944251,32.866515679442514
https://doi.org/10.1016/j.ymthe.2018.03.010,baseline_mean,Mean baseline,114,179.4,126.66651567944251,52.733484320557494
https://doi.org/10.1016/j.ymthe.2018.03.010,baseline_mean,Mean baseline,115,140.4,126.66651567944251,13.733484320557494
https://doi.org/10.1016/j.ymthe.2018.03.010,baseline_mean,Mean baseline,116,73.1,126.66651567944251,53.56651567944252
https://doi.org/10.1016/j.ymthe.2018.03.010,baseline_mean,Mean baseline,117,86.2,126.66651567944251,40.46651567944251
https://doi.org/10.1016/j.ymthe.2018.03.010,baseline_mean,Mean baseline,118,66.8,126.66651567944251,59.866515679442514
https://doi.org/10.1016/j.ymthe.2018.03.010,baseline_mean,Mean baseline,119,130.1,126.66651567944251,3.4334843205574828
https://doi.org/10.1016/j.ymthe.2018.03.010,baseline_mean,Mean baseline,120,85.8,126.66651567944251,40.866515679442514
https://doi.org/10.1016/j.ymthe.2018.03.010,baseline_mean,Mean baseline,121,91.9,126.66651567944251,34.766515679442506
https://doi.org/10.1016/j.ymthe.2018.03.010,baseline_mean,Mean baseline,122,69.6,126.66651567944251,57.06651567944252
https://doi.org/10.1016/j.ymthe.2018.03.010,baseline_mean,Mean baseline,123,85.6,126.66651567944251,41.06651567944252
https://doi.org/10.1016/j.ymthe.2018.03.010,rf_composition,RF: composition,113,93.8,109.51554520154592,15.715545201545922
https://doi.org/10.1016/j.ymthe.2018.03.010,rf_composition,RF: composition,114,179.4,109.51554520154592,69.88445479845409
https://doi.org/10.1016/j.ymthe.2018.03.010,rf_composition,RF: composition,115,140.4,109.51554520154592,30.884454798454087
https://doi.org/10.1016/j.ymthe.2018.03.010,rf_composition,RF: composition,116,73.1,109.51554520154592,36.415545201545925
https://doi.org/10.1016/j.ymthe.2018.03.010,rf_composition,RF: composition,117,86.2,109.51554520154592,23.315545201545916
https://doi.org/10.1016/j.ymthe.2018.03.010,rf_composition,RF: composition,118,66.8,109.51554520154592,42.71554520154592
https://doi.org/10.1016/j.ymthe.2018.03.010,rf_composition,RF: composition,119,130.1,109.51554520154592,20.584454798454075
https://doi.org/10.1016/j.ymthe.2018.03.010,rf_composition,RF: composition,120,85.8,109.51554520154592,23.715545201545922
https://doi.org/10.1016/j.ymthe.2018.03.010,rf_composition,RF: composition,121,91.9,109.51554520154592,17.615545201545913
https://doi.org/10.1016/j.ymthe.2018.03.010,rf_composition,RF: composition,122,69.6,109.51554520154592,39.915545201545925
https://doi.org/10.1016/j.ymthe.2018.03.010,rf_composition,RF: composition,123,85.6,109.51554520154592,23.915545201545925
https://doi.org/10.1016/j.ymthe.2018.03.010,rf_descriptors,RF: descriptors,113,93.8,129.47312079113945,35.67312079113945
https://doi.org/10.1016/j.ymthe.2018.03.010,rf_descriptors,RF: descriptors,114,179.4,125.06538414448052,54.33461585551949
https://doi.org/10.1016/j.ymthe.2018.03.010,rf_descriptors,RF: descriptors,115,140.4,128.8131311908172,11.586868809182818
https://doi.org/10.1016/j.ymthe.2018.03.010,rf_descriptors,RF: descriptors,116,73.1,110.18947068782565,37.08947068782565
https://doi.org/10.1016/j.ymthe.2018.03.010,rf_descriptors,RF: descriptors,117,86.2,88.95628667627537,2.7562866762753657
https://doi.org/10.1016/j.ymthe.2018.03.010,rf_descriptors,RF: descriptors,118,66.8,92.43481201585217,25.634812015852177
https://doi.org/10.1016/j.ymthe.2018.03.010,rf_descriptors,RF: descriptors,119,130.1,94.40319089498338,35.69680910501661
https://doi.org/10.1016/j.ymthe.2018.03.010,rf_descriptors,RF: descriptors,120,85.8,87.76445759540455,1.9644575954045536
https://doi.org/10.1016/j.ymthe.2018.03.010,rf_descriptors,RF: descriptors,121,91.9,112.42027701690215,20.520277016902142
https://doi.org/10.1016/j.ymthe.2018.03.010,rf_descriptors,RF: descriptors,122,69.6,92.41407136152169,22.814071361521698
https://doi.org/10.1016/j.ymthe.2018.03.010,rf_descriptors,RF: descriptors,123,85.6,101.96163355277821,16.361633552778216
https://doi.org/10.1016/j.ymthe.2018.03.010,rf_combined,RF: combined,113,93.8,127.38120942980409,33.58120942980409
https://doi.org/10.1016/j.ymthe.2018.03.010,rf_combined,RF: combined,114,179.4,107.61904531024535,71.78095468975465
https://doi.org/10.1016/j.ymthe.2018.03.010,rf_combined,RF: combined,115,140.4,104.87411182500826,35.52588817499175
https://doi.org/10.1016/j.ymthe.2018.03.010,rf_combined,RF: combined,116,73.1,95.70425457951812,22.604254579518127
https://doi.org/10.1016/j.ymthe.2018.03.010,rf_combined,RF: combined,117,86.2,84.16448884343434,2.0355111565656614
https://doi.org/10.1016/j.ymthe.2018.03.010,rf_combined,RF: combined,118,66.8,93.55183262446376,26.75183262446376
https://doi.org/10.1016/j.ymthe.2018.03.010,rf_combined,RF: combined,119,130.1,92.21620423447472,37.88379576552528
https://doi.org/10.1016/j.ymthe.2018.03.010,rf_combined,RF: combined,120,85.8,83.95838699728048,1.8416130027195123
https://doi.org/10.1016/j.ymthe.2018.03.010,rf_combined,RF: combined,121,91.9,97.27746114575025,5.377461145750246
https://doi.org/10.1016/j.ymthe.2018.03.010,rf_combined,RF: combined,122,69.6,90.23608082643825,20.63608082643826
https://doi.org/10.1016/j.ymthe.2018.03.010,rf_combined,RF: combined,123,85.6,87.61302991906746,2.0130299190674634
https://doi.org/10.1021/acs.nanolett.1c01353,baseline_mean,Mean baseline,885,79.85,125.84558922558922,45.99558922558923
https://doi.org/10.1021/acs.nanolett.1c01353,rf_composition,RF: composition,885,79.85,150.00325560665817,70.15325560665818
https://doi.org/10.1021/acs.nanolett.1c01353,rf_descriptors,RF: descriptors,885,79.85,83.24686983711467,3.3968698371146786
https://doi.org/10.1021/acs.nanolett.1c01353,rf_combined,RF: combined,885,79.85,83.01475123340252,3.1647512334025265
https://doi.org/10.1038/s41434-022-00370-1,baseline_mean,Mean baseline,913,52.0,125.76945762711864,73.76945762711864
https://doi.org/10.1038/s41434-022-00370-1,baseline_mean,Mean baseline,914,86.0,125.76945762711864,39.76945762711864
https://doi.org/10.1038/s41434-022-00370-1,baseline_mean,Mean baseline,915,216.0,125.76945762711864,90.23054237288136
https://doi.org/10.1038/s41434-022-00370-1,rf_composition,RF: composition,913,52.0,87.81337249508059,35.813372495080586
https://doi.org/10.1038/s41434-022-00370-1,rf_composition,RF: composition,914,86.0,106.91545515580336,20.915455155803357
https://doi.org/10.1038/s41434-022-00370-1,rf_composition,RF: composition,915,216.0,85.11605215306054,130.88394784693946
https://doi.org/10.1038/s41434-022-00370-1,rf_descriptors,RF: descriptors,913,52.0,99.04432120185797,47.04432120185797
https://doi.org/10.1038/s41434-022-00370-1,rf_descriptors,RF: descriptors,914,86.0,99.04432120185797,13.044321201857969
https://doi.org/10.1038/s41434-022-00370-1,rf_descriptors,RF: descriptors,915,216.0,99.04432120185797,116.95567879814203
https://doi.org/10.1038/s41434-022-00370-1,rf_combined,RF: combined,913,52.0,79.42684039315074,27.42684039315074
https://doi.org/10.1038/s41434-022-00370-1,rf_combined,RF: combined,914,86.0,88.92063948963603,2.920639489636031
https://doi.org/10.1038/s41434-022-00370-1,rf_combined,RF: combined,915,216.0,79.73182597032212,136.26817402967788
https://doi.org/10.1038/s41467-022-33157-4,baseline_mean,Mean baseline,803,120.5,125.29893470790377,4.7989347079037685
https://doi.org/10.1038/s41467-022-33157-4,baseline_mean,Mean baseline,804,210.0,125.29893470790377,84.70106529209623
https://doi.org/10.1038/s41467-022-33157-4,baseline_mean,Mean baseline,805,180.0,125.29893470790377,54.70106529209623
https://doi.org/10.1038/s41467-022-33157-4,baseline_mean,Mean baseline,806,150.0,125.29893470790377,24.70106529209623
https://doi.org/10.1038/s41467-022-33157-4,baseline_mean,Mean baseline,807,120.5,125.29893470790377,4.7989347079037685
https://doi.org/10.1038/s41467-022-33157-4,baseline_mean,Mean baseline,808,100.0,125.29893470790377,25.29893470790377
https://doi.org/10.1038/s41467-022-33157-4,baseline_mean,Mean baseline,812,113.0,125.29893470790377,12.298934707903769
https://doi.org/10.1038/s41467-022-33157-4,rf_composition,RF: composition,803,120.5,97.16115636347087,23.338843636529134
https://doi.org/10.1038/s41467-022-33157-4,rf_composition,RF: composition,804,210.0,102.12822338052966,107.87177661947034
https://doi.org/10.1038/s41467-022-33157-4,rf_composition,RF: composition,805,180.0,108.2835302256012,71.7164697743988
https://doi.org/10.1038/s41467-022-33157-4,rf_composition,RF: composition,806,150.0,105.31242652078318,44.68757347921682
https://doi.org/10.1038/s41467-022-33157-4,rf_composition,RF: composition,807,120.5,97.16115636347087,23.338843636529134
https://doi.org/10.1038/s41467-022-33157-4,rf_composition,RF: composition,808,100.0,105.13538005346597,5.1353800534659655
https://doi.org/10.1038/s41467-022-33157-4,rf_composition,RF: composition,812,113.0,97.16115636347087,15.838843636529134
https://doi.org/10.1038/s41467-022-33157-4,rf_descriptors,RF: descriptors,803,120.5,89.3082311527295,31.191768847270495
https://doi.org/10.1038/s41467-022-33157-4,rf_descriptors,RF: descriptors,804,210.0,89.3082311527295,120.6917688472705
https://doi.org/10.1038/s41467-022-33157-4,rf_descriptors,RF: descriptors,805,180.0,89.3082311527295,90.6917688472705
https://doi.org/10.1038/s41467-022-33157-4,rf_descriptors,RF: descriptors,806,150.0,89.3082311527295,60.691768847270495
https://doi.org/10.1038/s41467-022-33157-4,rf_descriptors,RF: descriptors,807,120.5,89.3082311527295,31.191768847270495
https://doi.org/10.1038/s41467-022-33157-4,rf_descriptors,RF: descriptors,808,100.0,89.3082311527295,10.691768847270495
https://doi.org/10.1038/s41467-022-33157-4,rf_descriptors,RF: descriptors,812,113.0,89.3082311527295,23.691768847270495
https://doi.org/10.1038/s41467-022-33157-4,rf_combined,RF: combined,803,120.5,94.7299654904638,25.770034509536202
https://doi.org/10.1038/s41467-022-33157-4,rf_combined,RF: combined,804,210.0,97.63782267519413,112.36217732480587
https://doi.org/10.1038/s41467-022-33157-4,rf_combined,RF: combined,805,180.0,100.16593283477312,79.83406716522688
https://doi.org/10.1038/s41467-022-33157-4,rf_combined,RF: combined,806,150.0,96.840850566081,53.159149433919
https://doi.org/10.1038/s41467-022-33157-4,rf_combined,RF: combined,807,120.5,94.7299654904638,25.770034509536202
https://doi.org/10.1038/s41467-022-33157-4,rf_combined,RF: combined,808,100.0,89.37627612444744,10.623723875552557
https://doi.org/10.1038/s41467-022-33157-4,rf_combined,RF: combined,812,113.0,94.7299654904638,18.270034509536202
https://doi.org/10.1038/s41467-024-45422-9,baseline_mean,Mean baseline,202,213.2,106.07039408866994,107.12960591133005
https://doi.org/10.1038/s41467-024-45422-9,baseline_mean,Mean baseline,203,221.9,106.07039408866994,115.82960591133006
https://doi.org/10.1038/s41467-024-45422-9,baseline_mean,Mean baseline,204,185.3,106.07039408866994,79.22960591133007
https://doi.org/10.1038/s41467-024-45422-9,baseline_mean,Mean baseline,205,205.6,106.07039408866994,99.52960591133005
https://doi.org/10.1038/s41467-024-45422-9,baseline_mean,Mean baseline,206,219.7,106.07039408866994,113.62960591133005
https://doi.org/10.1038/s41467-024-45422-9,baseline_mean,Mean baseline,207,214.6,106.07039408866994,108.52960591133005
https://doi.org/10.1038/s41467-024-45422-9,baseline_mean,Mean baseline,208,182.5,106.07039408866994,76.42960591133006
https://doi.org/10.1038/s41467-024-45422-9,baseline_mean,Mean baseline,209,217.0,106.07039408866994,110.92960591133006
https://doi.org/10.1038/s41467-024-45422-9,baseline_mean,Mean baseline,210,150.1,106.07039408866994,44.02960591133005
https://doi.org/10.1038/s41467-024-45422-9,baseline_mean,Mean baseline,211,214.9,106.07039408866994,108.82960591133006
https://doi.org/10.1038/s41467-024-45422-9,baseline_mean,Mean baseline,212,145.8,106.07039408866994,39.72960591133007
https://doi.org/10.1038/s41467-024-45422-9,baseline_mean,Mean baseline,213,143.6,106.07039408866994,37.52960591133005
https://doi.org/10.1038/s41467-024-45422-9,baseline_mean,Mean baseline,214,210.3,106.07039408866994,104.22960591133007
https://doi.org/10.1038/s41467-024-45422-9,baseline_mean,Mean baseline,215,182.5,106.07039408866994,76.42960591133006
https://doi.org/10.1038/s41467-024-45422-9,baseline_mean,Mean baseline,216,206.3,106.07039408866994,100.22960591133007
https://doi.org/10.1038/s41467-024-45422-9,baseline_mean,Mean baseline,217,221.1,106.07039408866994,115.02960591133005
https://doi.org/10.1038/s41467-024-45422-9,baseline_mean,Mean baseline,218,212.3,106.07039408866994,106.22960591133007
https://doi.org/10.1038/s41467-024-45422-9,baseline_mean,Mean baseline,219,173.2,106.07039408866994,67.12960591133005
https://doi.org/10.1038/s41467-024-45422-9,baseline_mean,Mean baseline,220,136.4,106.07039408866994,30.329605911330063
https://doi.org/10.1038/s41467-024-45422-9,baseline_mean,Mean baseline,221,138.3,106.07039408866994,32.22960591133007
https://doi.org/10.1038/s41467-024-45422-9,baseline_mean,Mean baseline,222,116.2,106.07039408866994,10.12960591133006
https://doi.org/10.1038/s41467-024-45422-9,baseline_mean,Mean baseline,223,110.5,106.07039408866994,4.429605911330057
https://doi.org/10.1038/s41467-024-45422-9,baseline_mean,Mean baseline,224,149.1,106.07039408866994,43.02960591133005
https://doi.org/10.1038/s41467-024-45422-9,baseline_mean,Mean baseline,225,151.5,106.07039408866994,45.42960591133006
https://doi.org/10.1038/s41467-024-45422-9,baseline_mean,Mean baseline,227,164.2,106.07039408866994,58.129605911330046
https://doi.org/10.1038/s41467-024-45422-9,baseline_mean,Mean baseline,228,186.2,106.07039408866994,80.12960591133005
https://doi.org/10.1038/s41467-024-45422-9,baseline_mean,Mean baseline,229,169.9,106.07039408866994,63.82960591133006
https://doi.org/10.1038/s41467-024-45422-9,baseline_mean,Mean baseline,230,172.1,106.07039408866994,66.02960591133005
https://doi.org/10.1038/s41467-024-45422-9,baseline_mean,Mean baseline,231,153.1,106.07039408866994,47.02960591133005
https://doi.org/10.1038/s41467-024-45422-9,baseline_mean,Mean baseline,232,135.1,106.07039408866994,29.02960591133005
https://doi.org/10.1038/s41467-024-45422-9,baseline_mean,Mean baseline,233,167.1,106.07039408866994,61.02960591133005
https://doi.org/10.1038/s41467-024-45422-9,baseline_mean,Mean baseline,234,164.2,106.07039408866994,58.129605911330046
https://doi.org/10.1038/s41467-024-45422-9,baseline_mean,Mean baseline,235,157.1,106.07039408866994,51.02960591133005
https://doi.org/10.1038/s41467-024-45422-9,baseline_mean,Mean baseline,236,171.9,106.07039408866994,65.82960591133006
https://doi.org/10.1038/s41467-024-45422-9,baseline_mean,Mean baseline,237,166.8,106.07039408866994,60.72960591133007
https://doi.org/10.1038/s41467-024-45422-9,baseline_mean,Mean baseline,238,160.8,106.07039408866994,54.72960591133007
https://doi.org/10.1038/s41467-024-45422-9,baseline_mean,Mean baseline,239,150.3,106.07039408866994,44.22960591133007
https://doi.org/10.1038/s41467-024-45422-9,baseline_mean,Mean baseline,240,154.9,106.07039408866994,48.82960591133006
https://doi.org/10.1038/s41467-024-45422-9,baseline_mean,Mean baseline,241,159.3,106.07039408866994,53.22960591133007
https://doi.org/10.1038/s41467-024-45422-9,baseline_mean,Mean baseline,242,151.4,106.07039408866994,45.32960591133006
https://doi.org/10.1038/s41467-024-45422-9,baseline_mean,Mean baseline,243,135.4,106.07039408866994,29.329605911330063
https://doi.org/10.1038/s41467-024-45422-9,baseline_mean,Mean baseline,244,156.2,106.07039408866994,50.129605911330046
https://doi.org/10.1038/s41467-024-45422-9,baseline_mean,Mean baseline,245,158.1,106.07039408866994,52.02960591133005
https://doi.org/10.1038/s41467-024-45422-9,baseline_mean,Mean baseline,246,176.0,106.07039408866994,69.92960591133006
https://doi.org/10.1038/s41467-024-45422-9,baseline_mean,Mean baseline,247,167.4,106.07039408866994,61.32960591133006
https://doi.org/10.1038/s41467-024-45422-9,baseline_mean,Mean baseline,248,159.8,106.07039408866994,53.72960591133007
https://doi.org/10.1038/s41467-024-45422-9,baseline_mean,Mean baseline,249,143.2,106.07039408866994,37.129605911330046
https://doi.org/10.1038/s41467-024-45422-9,baseline_mean,Mean baseline,250,174.6,106.07039408866994,68.52960591133005
https://doi.org/10.1038/s41467-024-45422-9,baseline_mean,Mean baseline,251,175.2,106.07039408866994,69.12960591133005
https://doi.org/10.1038/s41467-024-45422-9,baseline_mean,Mean baseline,252,163.1,106.07039408866994,57.02960591133005
https://doi.org/10.1038/s41467-024-45422-9,baseline_mean,Mean baseline,253,162.2,106.07039408866994,56.129605911330046
https://doi.org/10.1038/s41467-024-45422-9,baseline_mean,Mean baseline,254,159.9,106.07039408866994,53.82960591133006
https://doi.org/10.1038/s41467-024-45422-9,baseline_mean,Mean baseline,255,162.3,106.07039408866994,56.22960591133007
https://doi.org/10.1038/s41467-024-45422-9,baseline_mean,Mean baseline,256,151.7,106.07039408866994,45.629605911330046
https://doi.org/10.1038/s41467-024-45422-9,baseline_mean,Mean baseline,257,155.1,106.07039408866994,49.02960591133005
https://doi.org/10.1038/s41467-024-45422-9,baseline_mean,Mean baseline,258,151.7,106.07039408866994,45.629605911330046
https://doi.org/10.1038/s41467-024-45422-9,baseline_mean,Mean baseline,259,162.3,106.07039408866994,56.22960591133007
https://doi.org/10.1038/s41467-024-45422-9,baseline_mean,Mean baseline,260,140.8,106.07039408866994,34.72960591133007
https://doi.org/10.1038/s41467-024-45422-9,baseline_mean,Mean baseline,261,173.5,106.07039408866994,67.42960591133006
https://doi.org/10.1038/s41467-024-45422-9,baseline_mean,Mean baseline,262,146.7,106.07039408866994,40.629605911330046
https://doi.org/10.1038/s41467-024-45422-9,baseline_mean,Mean baseline,263,161.7,106.07039408866994,55.629605911330046
https://doi.org/10.1038/s41467-024-45422-9,baseline_mean,Mean baseline,264,168.9,106.07039408866994,62.82960591133006
https://doi.org/10.1038/s41467-024-45422-9,baseline_mean,Mean baseline,265,169.2,106.07039408866994,63.129605911330046
https://doi.org/10.1038/s41467-024-45422-9,baseline_mean,Mean baseline,266,184.3,106.07039408866994,78.22960591133007
https://doi.org/10.1038/s41467-024-45422-9,baseline_mean,Mean baseline,267,173.9,106.07039408866994,67.82960591133006
https://doi.org/10.1038/s41467-024-45422-9,baseline_mean,Mean baseline,268,154.3,106.07039408866994,48.22960591133007
https://doi.org/10.1038/s41467-024-45422-9,baseline_mean,Mean baseline,269,192.2,106.07039408866994,86.12960591133005
https://doi.org/10.1038/s41467-024-45422-9,baseline_mean,Mean baseline,270,178.9,106.07039408866994,72.82960591133006
https://doi.org/10.1038/s41467-024-45422-9,baseline_mean,Mean baseline,271,193.7,106.07039408866994,87.62960591133005
https://doi.org/10.1038/s41467-024-45422-9,baseline_mean,Mean baseline,272,181.2,106.07039408866994,75.12960591133005
https://doi.org/10.1038/s41467-024-45422-9,baseline_mean,Mean baseline,273,195.1,106.07039408866994,89.02960591133005
https://doi.org/10.1038/s41467-024-45422-9,baseline_mean,Mean baseline,274,181.8,106.07039408866994,75.72960591133007
https://doi.org/10.1038/s41467-024-45422-9,baseline_mean,Mean baseline,275,203.4,106.07039408866994,97.32960591133006
https://doi.org/10.1038/s41467-024-45422-9,baseline_mean,Mean baseline,276,174.0,106.07039408866994,67.92960591133006
https://doi.org/10.1038/s41467-024-45422-9,baseline_mean,Mean baseline,277,164.2,106.07039408866994,58.129605911330046
https://doi.org/10.1038/s41467-024-45422-9,baseline_mean,Mean baseline,278,143.6,106.07039408866994,37.52960591133005
https://doi.org/10.1038/s41467-024-45422-9,baseline_mean,Mean baseline,279,195.5,106.07039408866994,89.42960591133006
https://doi.org/10.1038/s41467-024-45422-9,baseline_mean,Mean baseline,280,179.2,106.07039408866994,73.12960591133005
https://doi.org/10.1038/s41467-024-45422-9,baseline_mean,Mean baseline,281,181.7,106.07039408866994,75.62960591133005
https://doi.org/10.1038/s41467-024-45422-9,baseline_mean,Mean baseline,282,141.6,106.07039408866994,35.52960591133005
https://doi.org/10.1038/s41467-024-45422-9,baseline_mean,Mean baseline,283,171.4,106.07039408866994,65.32960591133006
https://doi.org/10.1038/s41467-024-45422-9,baseline_mean,Mean baseline,284,155.0,106.07039408866994,48.92960591133006
https://doi.org/10.1038/s41467-024-45422-9,baseline_mean,Mean baseline,285,156.3,106.07039408866994,50.22960591133007
https://doi.org/10.1038/s41467-024-45422-9,baseline_mean,Mean baseline,286,190.5,106.07039408866994,84.42960591133006
https://doi.org/10.1038/s41467-024-45422-9,baseline_mean,Mean baseline,288,190.4,106.07039408866994,84.32960591133006
https://doi.org/10.1038/s41467-024-45422-9,baseline_mean,Mean baseline,289,204.3,106.07039408866994,98.22960591133007
https://doi.org/10.1038/s41467-024-45422-9,baseline_mean,Mean baseline,290,169.6,106.07039408866994,63.52960591133005
https://doi.org/10.1038/s41467-024-45422-9,baseline_mean,Mean baseline,291,201.5,106.07039408866994,95.42960591133006
https://doi.org/10.1038/s41467-024-45422-9,baseline_mean,Mean baseline,292,162.3,106.07039408866994,56.22960591133007
https://doi.org/10.1038/s41467-024-45422-9,baseline_mean,Mean baseline,293,143.2,106.07039408866994,37.129605911330046
https://doi.org/10.1038/s41467-024-45422-9,baseline_mean,Mean baseline,294,126.7,106.07039408866994,20.62960591133006
https://doi.org/10.1038/s41467-024-45422-9,baseline_mean,Mean baseline,295,113.9,106.07039408866994,7.829605911330063
https://doi.org/10.1038/s41467-024-45422-9,baseline_mean,Mean baseline,296,115.4,106.07039408866994,9.329605911330063
https://doi.org/10.1038/s41467-024-45422-9,baseline_mean,Mean baseline,297,109.2,106.07039408866994,3.12960591133006
https://doi.org/10.1038/s41467-024-45422-9,baseline_mean,Mean baseline,298,114.1,106.07039408866994,8.029605911330052
https://doi.org/10.1038/s41467-024-45422-9,rf_composition,RF: composition,202,213.2,121.05723216086272,92.14276783913726
https://doi.org/10.1038/s41467-024-45422-9,rf_composition,RF: composition,203,221.9,121.05723216086272,100.84276783913728
https://doi.org/10.1038/s41467-024-45422-9,rf_composition,RF: composition,204,185.3,121.05723216086272,64.24276783913729
https://doi.org/10.1038/s41467-024-45422-9,rf_composition,RF: composition,205,205.6,121.05723216086272,84.54276783913727
https://doi.org/10.1038/s41467-024-45422-9,rf_composition,RF: composition,206,219.7,121.05723216086272,98.64276783913726
https://doi.org/10.1038/s41467-024-45422-9,rf_composition,RF: composition,207,214.6,121.05723216086272,93.54276783913727
https://doi.org/10.1038/s41467-024-45422-9,rf_composition,RF: composition,208,182.5,121.05723216086272,61.442767839137275
https://doi.org/10.1038/s41467-024-45422-9,rf_composition,RF: composition,209,217.0,121.05723216086272,95.94276783913728
https://doi.org/10.1038/s41467-024-45422-9,rf_composition,RF: composition,210,150.1,121.05723216086272,29.04276783913727
https://doi.org/10.1038/s41467-024-45422-9,rf_composition,RF: composition,211,214.9,121.05723216086272,93.84276783913728
https://doi.org/10.1038/s41467-024-45422-9,rf_composition,RF: composition,212,145.8,121.05723216086272,24.742767839137287
https://doi.org/10.1038/s41467-024-45422-9,rf_composition,RF: composition,213,143.6,121.05723216086272,22.54276783913727
https://doi.org/10.1038/s41467-024-45422-9,rf_composition,RF: composition,214,210.3,121.05723216086272,89.24276783913729
https://doi.org/10.1038/s41467-024-45422-9,rf_composition,RF: composition,215,182.5,121.05723216086272,61.442767839137275
https://doi.org/10.1038/s41467-024-45422-9,rf_composition,RF: composition,216,206.3,121.05723216086272,85.24276783913729
https://doi.org/10.1038/s41467-024-45422-9,rf_composition,RF: composition,217,221.1,121.05723216086272,100.04276783913727
https://doi.org/10.1038/s41467-024-45422-9,rf_composition,RF: composition,218,212.3,121.05723216086272,91.24276783913729
https://doi.org/10.1038/s41467-024-45422-9,rf_composition,RF: composition,219,173.2,121.05723216086272,52.142767839137264
https://doi.org/10.1038/s41467-024-45422-9,rf_composition,RF: composition,220,136.4,121.05723216086272,15.34276783913728
https://doi.org/10.1038/s41467-024-45422-9,rf_composition,RF: composition,221,138.3,121.05723216086272,17.242767839137287
https://doi.org/10.1038/s41467-024-45422-9,rf_composition,RF: composition,222,116.2,121.05723216086272,4.857232160862722
https://doi.org/10.1038/s41467-024-45422-9,rf_composition,RF: composition,223,110.5,121.05723216086272,10.557232160862725
https://doi.org/10.1038/s41467-024-45422-9,rf_composition,RF: composition,224,149.1,121.05723216086272,28.04276783913727
https://doi.org/10.1038/s41467-024-45422-9,rf_composition,RF: composition,225,151.5,121.05723216086272,30.442767839137275
https://doi.org/10.1038/s41467-024-45422-9,rf_composition,RF: composition,227,164.2,121.05723216086272,43.142767839137264
https://doi.org/10.1038/s41467-024-45422-9,rf_composition,RF: composition,228,186.2,121.05723216086272,65.14276783913726
https://doi.org/10.1038/s41467-024-45422-9,rf_composition,RF: composition,229,169.9,121.05723216086272,48.84276783913728
https://doi.org/10.1038/s41467-024-45422-9,rf_composition,RF: composition,230,172.1,121.05723216086272,51.04276783913727
https://doi.org/10.1038/s41467-024-45422-9,rf_composition,RF: composition,231,153.1,121.05723216086272,32.04276783913727
https://doi.org/10.1038/s41467-024-45422-9,rf_composition,RF: composition,232,135.1,121.05723216086272,14.04276783913727
https://doi.org/10.1038/s41467-024-45422-9,rf_composition,RF: composition,233,167.1,121.05723216086272,46.04276783913727
https://doi.org/10.1038/s41467-024-45422-9,rf_composition,RF: composition,234,164.2,121.05723216086272,43.142767839137264
https://doi.org/10.1038/s41467-024-45422-9,rf_composition,RF: composition,235,157.1,121.05723216086272,36.04276783913727
https://doi.org/10.1038/s41467-024-45422-9,rf_composition,RF: composition,236,171.9,121.05723216086272,50.84276783913728
https://doi.org/10.1038/s41467-024-45422-9,rf_composition,RF: composition,237,166.8,121.05723216086272,45.74276783913729
https://doi.org/10.1038/s41467-024-45422-9,rf_composition,RF: composition,238,160.8,121.05723216086272,39.74276783913729
https://doi.org/10.1038/s41467-024-45422-9,rf_composition,RF: composition,239,150.3,121.05723216086272,29.242767839137287
https://doi.org/10.1038/s41467-024-45422-9,rf_composition,RF: composition,240,154.9,121.05723216086272,33.84276783913728
https://doi.org/10.1038/s41467-024-45422-9,rf_composition,RF: composition,241,159.3,121.05723216086272,38.24276783913729
https://doi.org/10.1038/s41467-024-45422-9,rf_composition,RF: composition,242,151.4,121.05723216086272,30.34276783913728
https://doi.org/10.1038/s41467-024-45422-9,rf_composition,RF: composition,243,135.4,121.05723216086272,14.34276783913728
https://doi.org/10.1038/s41467-024-45422-9,rf_composition,RF: composition,244,156.2,121.05723216086272,35.142767839137264
https://doi.org/10.1038/s41467-024-45422-9,rf_composition,RF: composition,245,158.1,121.05723216086272,37.04276783913727
https://doi.org/10.1038/s41467-024-45422-9,rf_composition,RF: composition,246,176.0,121.05723216086272,54.942767839137275
https://doi.org/10.1038/s41467-024-45422-9,rf_composition,RF: composition,247,167.4,121.05723216086272,46.34276783913728
https://doi.org/10.1038/s41467-024-45422-9,rf_composition,RF: composition,248,159.8,121.05723216086272,38.74276783913729
https://doi.org/10.1038/s41467-024-45422-9,rf_composition,RF: composition,249,143.2,121.05723216086272,22.142767839137264
https://doi.org/10.1038/s41467-024-45422-9,rf_composition,RF: composition,250,174.6,121.05723216086272,53.54276783913727
https://doi.org/10.1038/s41467-024-45422-9,rf_composition,RF: composition,251,175.2,121.05723216086272,54.142767839137264
https://doi.org/10.1038/s41467-024-45422-9,rf_composition,RF: composition,252,163.1,121.05723216086272,42.04276783913727
https://doi.org/10.1038/s41467-024-45422-9,rf_composition,RF: composition,253,162.2,121.05723216086272,41.142767839137264
https://doi.org/10.1038/s41467-024-45422-9,rf_composition,RF: composition,254,159.9,121.05723216086272,38.84276783913728
https://doi.org/10.1038/s41467-024-45422-9,rf_composition,RF: composition,255,162.3,121.05723216086272,41.24276783913729
https://doi.org/10.1038/s41467-024-45422-9,rf_composition,RF: composition,256,151.7,121.05723216086272,30.642767839137264
https://doi.org/10.1038/s41467-024-45422-9,rf_composition,RF: composition,257,155.1,121.05723216086272,34.04276783913727
https://doi.org/10.1038/s41467-024-45422-9,rf_composition,RF: composition,258,151.7,121.05723216086272,30.642767839137264
https://doi.org/10.1038/s41467-024-45422-9,rf_composition,RF: composition,259,162.3,121.05723216086272,41.24276783913729
https://doi.org/10.1038/s41467-024-45422-9,rf_composition,RF: composition,260,140.8,121.05723216086272,19.742767839137287
https://doi.org/10.1038/s41467-024-45422-9,rf_composition,RF: composition,261,173.5,121.05723216086272,52.442767839137275
https://doi.org/10.1038/s41467-024-45422-9,rf_composition,RF: composition,262,146.7,121.05723216086272,25.642767839137264
https://doi.org/10.1038/s41467-024-45422-9,rf_composition,RF: composition,263,161.7,121.05723216086272,40.642767839137264
https://doi.org/10.1038/s41467-024-45422-9,rf_composition,RF: composition,264,168.9,121.05723216086272,47.84276783913728
https://doi.org/10.1038/s41467-024-45422-9,rf_composition,RF: composition,265,169.2,121.05723216086272,48.142767839137264
https://doi.org/10.1038/s41467-024-45422-9,rf_composition,RF: composition,266,184.3,121.05723216086272,63.24276783913729
https://doi.org/10.1038/s41467-024-45422-9,rf_composition,RF: composition,267,173.9,121.05723216086272,52.84276783913728
https://doi.org/10.1038/s41467-024-45422-9,rf_composition,RF: composition,268,154.3,121.05723216086272,33.24276783913729
https://doi.org/10.1038/s41467-024-45422-9,rf_composition,RF: composition,269,192.2,121.05723216086272,71.14276783913726
https://doi.org/10.1038/s41467-024-45422-9,rf_composition,RF: composition,270,178.9,121.05723216086272,57.84276783913728
https://doi.org/10.1038/s41467-024-45422-9,rf_composition,RF: composition,271,193.7,121.05723216086272,72.64276783913726
https://doi.org/10.1038/s41467-024-45422-9,rf_composition,RF: composition,272,181.2,121.05723216086272,60.142767839137264
https://doi.org/10.1038/s41467-024-45422-9,rf_composition,RF: composition,273,195.1,121.05723216086272,74.04276783913727
https://doi.org/10.1038/s41467-024-45422-9,rf_composition,RF: composition,274,181.8,121.05723216086272,60.74276783913729
https://doi.org/10.1038/s41467-024-45422-9,rf_composition,RF: composition,275,203.4,121.05723216086272,82.34276783913728
https://doi.org/10.1038/s41467-024-45422-9,rf_composition,RF: composition,276,174.0,121.05723216086272,52.942767839137275
https://doi.org/10.1038/s41467-024-45422-9,rf_composition,RF: composition,277,164.2,121.05723216086272,43.142767839137264
https://doi.org/10.1038/s41467-024-45422-9,rf_composition,RF: composition,278,143.6,121.05723216086272,22.54276783913727
https://doi.org/10.1038/s41467-024-45422-9,rf_composition,RF: composition,279,195.5,121.05723216086272,74.44276783913728
https://doi.org/10.1038/s41467-024-45422-9,rf_composition,RF: composition,280,179.2,121.05723216086272,58.142767839137264
https://doi.org/10.1038/s41467-024-45422-9,rf_composition,RF: composition,281,181.7,121.05723216086272,60.642767839137264
https://doi.org/10.1038/s41467-024-45422-9,rf_composition,RF: composition,282,141.6,121.05723216086272,20.54276783913727
https://doi.org/10.1038/s41467-024-45422-9,rf_composition,RF: composition,283,171.4,121.05723216086272,50.34276783913728
https://doi.org/10.1038/s41467-024-45422-9,rf_composition,RF: composition,284,155.0,121.05723216086272,33.942767839137275
https://doi.org/10.1038/s41467-024-45422-9,rf_composition,RF: composition,285,156.3,121.05723216086272,35.24276783913729
https://doi.org/10.1038/s41467-024-45422-9,rf_composition,RF: composition,286,190.5,121.05723216086272,69.44276783913728
https://doi.org/10.1038/s41467-024-45422-9,rf_composition,RF: composition,288,190.4,121.05723216086272,69.34276783913728
https://doi.org/10.1038/s41467-024-45422-9,rf_composition,RF: composition,289,204.3,121.05723216086272,83.24276783913729
https://doi.org/10.1038/s41467-024-45422-9,rf_composition,RF: composition,290,169.6,121.05723216086272,48.54276783913727
https://doi.org/10.1038/s41467-024-45422-9,rf_composition,RF: composition,291,201.5,121.05723216086272,80.44276783913728
https://doi.org/10.1038/s41467-024-45422-9,rf_composition,RF: composition,292,162.3,121.05723216086272,41.24276783913729
https://doi.org/10.1038/s41467-024-45422-9,rf_composition,RF: composition,293,143.2,121.05723216086272,22.142767839137264
https://doi.org/10.1038/s41467-024-45422-9,rf_composition,RF: composition,294,126.7,121.05723216086272,5.642767839137278
https://doi.org/10.1038/s41467-024-45422-9,rf_composition,RF: composition,295,113.9,121.05723216086272,7.157232160862719
https://doi.org/10.1038/s41467-024-45422-9,rf_composition,RF: composition,296,115.4,121.05723216086272,5.657232160862719
https://doi.org/10.1038/s41467-024-45422-9,rf_composition,RF: composition,297,109.2,121.05723216086272,11.857232160862722
https://doi.org/10.1038/s41467-024-45422-9,rf_composition,RF: composition,298,114.1,121.05723216086272,6.9572321608627306
https://doi.org/10.1038/s41467-024-45422-9,rf_descriptors,RF: descriptors,202,213.2,130.65561987561762,82.54438012438237
https://doi.org/10.1038/s41467-024-45422-9,rf_descriptors,RF: descriptors,203,221.9,130.65561987561762,91.24438012438239
https://doi.org/10.1038/s41467-024-45422-9,rf_descriptors,RF: descriptors,204,185.3,133.89365558557427,51.406344414425746
https://doi.org/10.1038/s41467-024-45422-9,rf_descriptors,RF: descriptors,205,205.6,133.62616739378282,71.97383260621717
https://doi.org/10.1038/s41467-024-45422-9,rf_descriptors,RF: descriptors,206,219.7,133.38537996652667,86.31462003347332
https://doi.org/10.1038/s41467-024-45422-9,rf_descriptors,RF: descriptors,207,214.6,133.03410095120577,81.56589904879422
https://doi.org/10.1038/s41467-024-45422-9,rf_descriptors,RF: descriptors,208,182.5,130.65561987561762,51.84438012438238
https://doi.org/10.1038/s41467-024-45422-9,rf_descriptors,RF: descriptors,209,217.0,130.65561987561762,86.34438012438238
https://doi.org/10.1038/s41467-024-45422-9,rf_descriptors,RF: descriptors,210,150.1,133.89365558557427,16.20634441442573
https://doi.org/10.1038/s41467-024-45422-9,rf_descriptors,RF: descriptors,211,214.9,133.62616739378282,81.27383260621718
https://doi.org/10.1038/s41467-024-45422-9,rf_descriptors,RF: descriptors,212,145.8,133.38537996652667,12.41462003347334
https://doi.org/10.1038/s41467-024-45422-9,rf_descriptors,RF: descriptors,213,143.6,133.03410095120577,10.565899048794222
https://doi.org/10.1038/s41467-024-45422-9,rf_descriptors,RF: descriptors,214,210.3,130.65561987561762,79.6443801243824
https://doi.org/10.1038/s41467-024-45422-9,rf_descriptors,RF: descriptors,215,182.5,130.65561987561762,51.84438012438238
https://doi.org/10.1038/s41467-024-45422-9,rf_descriptors,RF: descriptors,216,206.3,133.89365558557427,72.40634441442575
https://doi.org/10.1038/s41467-024-45422-9,rf_descriptors,RF: descriptors,217,221.1,133.62616739378282,87.47383260621717
https://doi.org/10.1038/s41467-024-45422-9,rf_descriptors,RF: descriptors,218,212.3,133.38537996652667,78.91462003347334
https://doi.org/10.1038/s41467-024-45422-9,rf_descriptors,RF: descriptors,219,173.2,133.03410095120577,40.165899048794216
https://doi.org/10.1038/s41467-024-45422-9,rf_descriptors,RF: descriptors,220,136.4,130.65561987561762,5.744380124382388
https://doi.org/10.1038/s41467-024-45422-9,rf_descriptors,RF: descriptors,221,138.3,130.65561987561762,7.644380124382394
https://doi.org/10.1038/s41467-024-45422-9,rf_descriptors,RF: descriptors,222,116.2,133.89365558557427,17.693655585574263
https://doi.org/10.1038/s41467-024-45422-9,rf_descriptors,RF: descriptors,223,110.5,133.76876739378278,23.26876739378278
https://doi.org/10.1038/s41467-024-45422-9,rf_descriptors,RF: descriptors,224,149.1,133.38537996652667,15.714620033473324
https://doi.org/10.1038/s41467-024-45422-9,rf_descriptors,RF: descriptors,225,151.5,133.03410095120577,18.465899048794228
https://doi.org/10.1038/s41467-024-45422-9,rf_descriptors,RF: descriptors,227,164.2,130.65561987561762,33.54438012438237
https://doi.org/10.1038/s41467-024-45422-9,rf_descriptors,RF: descriptors,228,186.2,130.65561987561762,55.54438012438237
https://doi.org/10.1038/s41467-024-45422-9,rf_descriptors,RF: descriptors,229,169.9,134.0362555855743,35.863744414425696
https://doi.org/10.1038/s41467-024-45422-9,rf_descriptors,RF: descriptors,230,172.1,133.85673483967022,38.24326516032977
https://doi.org/10.1038/s41467-024-45422-9,rf_descriptors,RF: descriptors,231,153.1,133.90492836479504,19.195071635204954
https://doi.org/10.1038/s41467-024-45422-9,rf_descriptors,RF: descriptors,232,135.1,133.55364934947417,1.5463506505258238
https://doi.org/10.1038/s41467-024-45422-9,rf_descriptors,RF: descriptors,233,167.1,130.65561987561762,36.44438012438238
https://doi.org/10.1038/s41467-024-45422-9,rf_descriptors,RF: descriptors,234,164.2,131.17516827388602,33.02483172611397
https://doi.org/10.1038/s41467-024-45422-9,rf_descriptors,RF: descriptors,235,157.1,134.12422303146172,22.97577696853827
https://doi.org/10.1038/s41467-024-45422-9,rf_descriptors,RF: descriptors,236,171.9,132.11782586531126,39.782174134688745
https://doi.org/10.1038/s41467-024-45422-9,rf_descriptors,RF: descriptors,237,166.8,132.56344169812843,34.23655830187158
https://doi.org/10.1038/s41467-024-45422-9,rf_descriptors,RF: descriptors,238,160.8,132.2121626828075,28.58783731719251
https://doi.org/10.1038/s41467-024-45422-9,rf_descriptors,RF: descriptors,239,150.3,129.97898491858498,20.321015081415027
https://doi.org/10.1038/s41467-024-45422-9,rf_descriptors,RF: descriptors,240,154.9,129.8429423644724,25.0570576355276
https://doi.org/10.1038/s41467-024-45422-9,rf_descriptors,RF: descriptors,241,159.3,134.62958228655677,24.670417713443243
https://doi.org/10.1038/s41467-024-45422-9,rf_descriptors,RF: descriptors,242,151.4,133.70621616964868,17.69378383035132
https://doi.org/10.1038/s41467-024-45422-9,rf_descriptors,RF: descriptors,243,135.4,131.23701181079272,4.162988189207283
https://doi.org/10.1038/s41467-024-45422-9,rf_descriptors,RF: descriptors,244,156.2,130.8137371544462,25.3862628455538
https://doi.org/10.1038/s41467-024-45422-9,rf_descriptors,RF: descriptors,245,158.1,130.49853331685338,27.60146668314661
https://doi.org/10.1038/s41467-024-45422-9,rf_descriptors,RF: descriptors,246,176.0,128.45926840505675,47.54073159494325
https://doi.org/10.1038/s41467-024-45422-9,rf_descriptors,RF: descriptors,247,167.4,129.10194963781498,38.29805036218502
https://doi.org/10.1038/s41467-024-45422-9,rf_descriptors,RF: descriptors,248,159.8,130.96459456007602,28.83540543992399
https://doi.org/10.1038/s41467-024-45422-9,rf_descriptors,RF: descriptors,249,143.2,128.28491884065005,14.915081159349938
https://doi.org/10.1038/s41467-024-45422-9,rf_descriptors,RF: descriptors,250,174.6,127.85556085097016,46.74443914902983
https://doi.org/10.1038/s41467-024-45422-9,rf_descriptors,RF: descriptors,251,175.2,130.49853331685338,44.701466683146606
https://doi.org/10.1038/s41467-024-45422-9,rf_descriptors,RF: descriptors,252,163.1,128.45926840505675,34.64073159494325
https://doi.org/10.1038/s41467-024-45422-9,rf_descriptors,RF: descriptors,253,162.2,129.10194963781498,33.098050362185006
https://doi.org/10.1038/s41467-024-45422-9,rf_descriptors,RF: descriptors,254,159.9,130.96459456007602,28.935405439923983
https://doi.org/10.1038/s41467-024-45422-9,rf_descriptors,RF: descriptors,255,162.3,128.28491884065005,34.01508115934996
https://doi.org/10.1038/s41467-024-45422-9,rf_descriptors,RF: descriptors,256,151.7,127.85556085097016,23.844439149029824
https://doi.org/10.1038/s41467-024-45422-9,rf_descriptors,RF: descriptors,257,155.1,128.87792855494854,26.222071445051455
https://doi.org/10.1038/s41467-024-45422-9,rf_descriptors,RF: descriptors,258,151.7,125.72431356300896,25.975686436991026
https://doi.org/10.1038/s41467-024-45422-9,rf_descriptors,RF: descriptors,259,162.3,129.99726588325083,32.30273411674918
https://doi.org/10.1038/s41467-024-45422-9,rf_descriptors,RF: descriptors,260,140.8,131.27550103582254,9.524498964177468
https://doi.org/10.1038/s41467-024-45422-9,rf_descriptors,RF: descriptors,261,173.5,128.63528345969766,44.86471654030234
https://doi.org/10.1038/s41467-024-45422-9,rf_descriptors,RF: descriptors,262,146.7,128.34358047001777,18.35641952998222
https://doi.org/10.1038/s41467-024-45422-9,rf_descriptors,RF: descriptors,263,161.7,124.29480127542726,37.40519872457273
https://doi.org/10.1038/s41467-024-45422-9,rf_descriptors,RF: descriptors,264,168.9,92.625405179106,76.27459482089401
https://doi.org/10.1038/s41467-024-45422-9,rf_descriptors,RF: descriptors,265,169.2,105.70828128282422,63.49171871717577
https://doi.org/10.1038/s41467-024-45422-9,rf_descriptors,RF: descriptors,266,184.3,126.53802918385553,57.76197081614448
https://doi.org/10.1038/s41467-024-45422-9,rf_descriptors,RF: descriptors,267,173.9,114.48247386332756,59.41752613667245
https://doi.org/10.1038/s41467-024-45422-9,rf_descriptors,RF: descriptors,268,154.3,114.25712087364766,40.04287912635235
https://doi.org/10.1038/s41467-024-45422-9,rf_descriptors,RF: descriptors,269,192.2,130.7458865422843,61.45411345771569
https://doi.org/10.1038/s41467-024-45422-9,rf_descriptors,RF: descriptors,270,178.9,130.7458865422843,48.15411345771571
https://doi.org/10.1038/s41467-024-45422-9,rf_descriptors,RF: descriptors,271,193.7,133.98392225224097,59.716077747759016
https://doi.org/10.1038/s41467-024-45422-9,rf_descriptors,RF: descriptors,272,181.2,133.71643406044944,47.483565939550544
https://doi.org/10.1038/s41467-024-45422-9,rf_descriptors,RF: descriptors,273,195.1,133.47564663319332,61.62435336680667
https://doi.org/10.1038/s41467-024-45422-9,rf_descriptors,RF: descriptors,274,181.8,133.12436761787242,48.67563238212759
https://doi.org/10.1038/s41467-024-45422-9,rf_descriptors,RF: descriptors,275,203.4,130.7458865422843,72.65411345771571
https://doi.org/10.1038/s41467-024-45422-9,rf_descriptors,RF: descriptors,276,174.0,133.18222990358677,40.81777009641323
https://doi.org/10.1038/s41467-024-45422-9,rf_descriptors,RF: descriptors,277,164.2,130.03327424502598,34.16672575497401
https://doi.org/10.1038/s41467-024-45422-9,rf_descriptors,RF: descriptors,278,143.6,133.27249657025342,10.32750342974657
https://doi.org/10.1038/s41467-024-45422-9,rf_descriptors,RF: descriptors,279,195.5,128.4720964411223,67.02790355887771
https://doi.org/10.1038/s41467-024-45422-9,rf_descriptors,RF: descriptors,280,179.2,128.4720964411223,50.7279035588777
https://doi.org/10.1038/s41467-024-45422-9,rf_descriptors,RF: descriptors,281,181.7,133.18222990358677,48.517770096413216
https://doi.org/10.1038/s41467-024-45422-9,rf_descriptors,RF: descriptors,282,141.6,133.18222990358677,8.417770096413221
https://doi.org/10.1038/s41467-024-45422-9,rf_descriptors,RF: descriptors,283,171.4,134.05305731717604,37.346942682823965
https://doi.org/10.1038/s41467-024-45422-9,rf_descriptors,RF: descriptors,284,155.0,126.67633685195325,28.323663148046748
https://doi.org/10.1038/s41467-024-45422-9,rf_descriptors,RF: descriptors,285,156.3,127.6311265971183,28.668873402881715
https://doi.org/10.1038/s41467-024-45422-9,rf_descriptors,RF: descriptors,286,190.5,129.18829397662768,61.311706023372324
https://doi.org/10.1038/s41467-024-45422-9,rf_descriptors,RF: descriptors,288,190.4,133.74152101599114,56.658478984008866
https://doi.org/10.1038/s41467-024-45422-9,rf_descriptors,RF: descriptors,289,204.3,125.08549669432209,79.21450330567792
https://doi.org/10.1038/s41467-024-45422-9,rf_descriptors,RF: descriptors,290,169.6,128.8906049118529,40.70939508814709
https://doi.org/10.1038/s41467-024-45422-9,rf_descriptors,RF: descriptors,291,201.5,121.07589825174503,80.42410174825497
https://doi.org/10.1038/s41467-024-45422-9,rf_descriptors,RF: descriptors,292,162.3,127.61420551121647,34.68579448878354
https://doi.org/10.1038/s41467-024-45422-9,rf_descriptors,RF: descriptors,293,143.2,100.56772176287187,42.63227823712812
https://doi.org/10.1038/s41467-024-45422-9,rf_descriptors,RF: descriptors,294,126.7,129.4713499026583,2.7713499026582866
https://doi.org/10.1038/s41467-024-45422-9,rf_descriptors,RF: descriptors,295,113.9,98.23669361291583,15.663306387084177
https://doi.org/10.1038/s41467-024-45422-9,rf_descriptors,RF: descriptors,296,115.4,90.13101716986351,25.268982830136494
https://doi.org/10.1038/s41467-024-45422-9,rf_descriptors,RF: descriptors,297,109.2,87.56937464444086,21.630625355559147
https://doi.org/10.1038/s41467-024-45422-9,rf_descriptors,RF: descriptors,298,114.1,91.11356389934872,22.986436100651275
https://doi.org/10.1038/s41467-024-45422-9,rf_combined,RF: combined,202,213.2,132.65210773498725,80.54789226501273
https://doi.org/10.1038/s41467-024-45422-9,rf_combined,RF: combined,203,221.9,132.41014749689202,89.48985250310798
https://doi.org/10.1038/s41467-024-45422-9,rf_combined,RF: combined,204,185.3,135.01378487102113,50.28621512897888
https://doi.org/10.1038/s41467-024-45422-9,rf_combined,RF: combined,205,205.6,134.15340741680865,71.44659258319135
https://doi.org/10.1038/s41467-024-45422-9,rf_combined,RF: combined,206,219.7,134.09785253191578,85.60214746808421
https://doi.org/10.1038/s41467-024-45422-9,rf_combined,RF: combined,207,214.6,134.09785253191578,80.50214746808422
https://doi.org/10.1038/s41467-024-45422-9,rf_combined,RF: combined,208,182.5,132.65210773498725,49.847892265012746
https://doi.org/10.1038/s41467-024-45422-9,rf_combined,RF: combined,209,217.0,132.41014749689202,84.58985250310798
https://doi.org/10.1038/s41467-024-45422-9,rf_combined,RF: combined,210,150.1,135.01378487102113,15.086215128978864
https://doi.org/10.1038/s41467-024-45422-9,rf_combined,RF: combined,211,214.9,134.15340741680865,80.74659258319136
https://doi.org/10.1038/s41467-024-45422-9,rf_combined,RF: combined,212,145.8,134.09785253191578,11.702147468084235
https://doi.org/10.1038/s41467-024-45422-9,rf_combined,RF: combined,213,143.6,134.09785253191578,9.502147468084218
https://doi.org/10.1038/s41467-024-45422-9,rf_combined,RF: combined,214,210.3,132.65210773498725,77.64789226501276
https://doi.org/10.1038/s41467-024-45422-9,rf_combined,RF: combined,215,182.5,132.41014749689202,50.08985250310798
https://doi.org/10.1038/s41467-024-45422-9,rf_combined,RF: combined,216,206.3,135.01378487102113,71.28621512897888
https://doi.org/10.1038/s41467-024-45422-9,rf_combined,RF: combined,217,221.1,134.15340741680865,86.94659258319135
https://doi.org/10.1038/s41467-024-45422-9,rf_combined,RF: combined,218,212.3,134.09785253191578,78.20214746808423
https://doi.org/10.1038/s41467-024-45422-9,rf_combined,RF: combined,219,173.2,134.09785253191578,39.10214746808421
https://doi.org/10.1038/s41467-024-45422-9,rf_combined,RF: combined,220,136.4,132.65210773498725,3.7478922650127515
https://doi.org/10.1038/s41467-024-45422-9,rf_combined,RF: combined,221,138.3,132.41014749689202,5.8898525031079885
https://doi.org/10.1038/s41467-024-45422-9,rf_combined,RF: combined,222,116.2,135.01378487102113,18.813784871021127
https://doi.org/10.1038/s41467-024-45422-9,rf_combined,RF: combined,223,110.5,134.15340741680865,23.653407416808648
https://doi.org/10.1038/s41467-024-45422-9,rf_combined,RF: combined,224,149.1,134.09785253191578,15.002147468084218
https://doi.org/10.1038/s41467-024-45422-9,rf_combined,RF: combined,225,151.5,134.09785253191578,17.402147468084223
https://doi.org/10.1038/s41467-024-45422-9,rf_combined,RF: combined,227,164.2,132.65210773498725,31.547892265012734
https://doi.org/10.1038/s41467-024-45422-9,rf_combined,RF: combined,228,186.2,132.41014749689202,53.789852503107966
https://doi.org/10.1038/s41467-024-45422-9,rf_combined,RF: combined,229,169.9,135.01378487102113,34.886215128978876
https://doi.org/10.1038/s41467-024-45422-9,rf_combined,RF: combined,230,172.1,133.866330750142,38.233669249857996
https://doi.org/10.1038/s41467-024-45422-9,rf_combined,RF: combined,231,153.1,134.20175253191576,18.898247468084236
https://doi.org/10.1038/s41467-024-45422-9,rf_combined,RF: combined,232,135.1,134.20175253191576,0.8982474680842358
https://doi.org/10.1038/s41467-024-45422-9,rf_combined,RF: combined,233,167.1,132.65210773498725,34.44789226501274
https://doi.org/10.1038/s41467-024-45422-9,rf_combined,RF: combined,234,164.2,132.48331083022532,31.716689169774668
https://doi.org/10.1038/s41467-024-45422-9,rf_combined,RF: combined,235,157.1,134.71688153768775,22.38311846231224
https://doi.org/10.1038/s41467-024-45422-9,rf_combined,RF: combined,236,171.9,131.88281551204682,40.01718448795319
https://doi.org/10.1038/s41467-024-45422-9,rf_combined,RF: combined,237,166.8,132.3768006271539,34.42319937284611
https://doi.org/10.1038/s41467-024-45422-9,rf_combined,RF: combined,238,160.8,132.3768006271539,28.423199372846113
https://doi.org/10.1038/s41467-024-45422-9,rf_combined,RF: combined,239,150.3,132.22135096731049,18.078649032689526
https://doi.org/10.1038/s41467-024-45422-9,rf_combined,RF: combined,240,154.9,131.20486406254858,23.695135937451425
https://doi.org/10.1038/s41467-024-45422-9,rf_combined,RF: combined,241,159.3,134.85175226784648,24.448247732153533
https://doi.org/10.1038/s41467-024-45422-9,rf_combined,RF: combined,242,151.4,133.5890616781029,17.810938321897112
https://doi.org/10.1038/s41467-024-45422-9,rf_combined,RF: combined,243,135.4,131.21704037318565,4.182959626814352
https://doi.org/10.1038/s41467-024-45422-9,rf_combined,RF: combined,244,156.2,131.24033287318565,24.959667126814338
https://doi.org/10.1038/s41467-024-45422-9,rf_combined,RF: combined,245,158.1,132.32525096731047,25.774749032689527
https://doi.org/10.1038/s41467-024-45422-9,rf_combined,RF: combined,246,176.0,129.7679738793984,46.2320261206016
https://doi.org/10.1038/s41467-024-45422-9,rf_combined,RF: combined,247,167.4,131.1395353838939,36.260464616106105
https://doi.org/10.1038/s41467-024-45422-9,rf_combined,RF: combined,248,159.8,132.24247702491954,27.557522975080474
https://doi.org/10.1038/s41467-024-45422-9,rf_combined,RF: combined,249,143.2,128.81336582256637,14.38663417743362
https://doi.org/10.1038/s41467-024-45422-9,rf_combined,RF: combined,250,174.6,128.83665832256636,45.76334167743363
https://doi.org/10.1038/s41467-024-45422-9,rf_combined,RF: combined,251,175.2,132.32525096731047,42.87474903268952
https://doi.org/10.1038/s41467-024-45422-9,rf_combined,RF: combined,252,163.1,129.7679738793984,33.3320261206016
https://doi.org/10.1038/s41467-024-45422-9,rf_combined,RF: combined,253,162.2,131.1395353838939,31.06046461610609
https://doi.org/10.1038/s41467-024-45422-9,rf_combined,RF: combined,254,159.9,132.24247702491954,27.657522975080468
https://doi.org/10.1038/s41467-024-45422-9,rf_combined,RF: combined,255,162.3,128.81336582256637,33.48663417743364
https://doi.org/10.1038/s41467-024-45422-9,rf_combined,RF: combined,256,151.7,128.83665832256636,22.863341677433624
https://doi.org/10.1038/s41467-024-45422-9,rf_combined,RF: combined,257,155.1,130.33447239588193,24.765527604118063
https://doi.org/10.1038/s41467-024-45422-9,rf_combined,RF: combined,258,151.7,127.93166360156509,23.768336398434897
https://doi.org/10.1038/s41467-024-45422-9,rf_combined,RF: combined,259,162.3,131.66384057437008,30.636159425629927
https://doi.org/10.1038/s41467-024-45422-9,rf_combined,RF: combined,260,140.8,131.6417361380287,9.158263861971307
https://doi.org/10.1038/s41467-024-45422-9,rf_combined,RF: combined,261,173.5,129.27366874519936,44.22633125480064
https://doi.org/10.1038/s41467-024-45422-9,rf_combined,RF: combined,262,146.7,129.29696124519936,17.403038754800633
https://doi.org/10.1038/s41467-024-45422-9,rf_combined,RF: combined,263,161.7,125.03368129997781,36.666318700022174
https://doi.org/10.1038/s41467-024-45422-9,rf_combined,RF: combined,264,168.9,95.24641087423682,73.65358912576319
https://doi.org/10.1038/s41467-024-45422-9,rf_combined,RF: combined,265,169.2,105.38971938600281,63.81028061399718
https://doi.org/10.1038/s41467-024-45422-9,rf_combined,RF: combined,266,184.3,126.25866001376407,58.04133998623594
https://doi.org/10.1038/s41467-024-45422-9,rf_combined,RF: combined,267,173.9,117.74248593778448,56.157514062215526
https://doi.org/10.1038/s41467-024-45422-9,rf_combined,RF: combined,268,154.3,117.76577843778448,36.534221562215535
https://doi.org/10.1038/s41467-024-45422-9,rf_combined,RF: combined,269,192.2,132.65210773498725,59.547892265012734
https://doi.org/10.1038/s41467-024-45422-9,rf_combined,RF: combined,270,178.9,132.41014749689202,46.48985250310798
https://doi.org/10.1038/s41467-024-45422-9,rf_combined,RF: combined,271,193.7,135.01378487102113,58.68621512897886
https://doi.org/10.1038/s41467-024-45422-9,rf_combined,RF: combined,272,181.2,134.15340741680865,47.04659258319134
https://doi.org/10.1038/s41467-024-45422-9,rf_combined,RF: combined,273,195.1,134.09785253191578,61.00214746808422
https://doi.org/10.1038/s41467-024-45422-9,rf_combined,RF: combined,274,181.8,134.09785253191578,47.702147468084235
https://doi.org/10.1038/s41467-024-45422-9,rf_combined,RF: combined,275,203.4,132.65210773498725,70.74789226501275
https://doi.org/10.1038/s41467-024-45422-9,rf_combined,RF: combined,276,174.0,133.81094891864012,40.18905108135988
https://doi.org/10.1038/s41467-024-45422-9,rf_combined,RF: combined,277,164.2,132.14200640070067,32.05799359929932
https://doi.org/10.1038/s41467-024-45422-9,rf_combined,RF: combined,278,143.6,133.81094891864012,9.789051081359872
https://doi.org/10.1038/s41467-024-45422-9,rf_combined,RF: combined,279,195.5,130.58653750071167,64.91346249928833
https://doi.org/10.1038/s41467-024-45422-9,rf_combined,RF: combined,280,179.2,130.58653750071167,48.61346249928832
https://doi.org/10.1038/s41467-024-45422-9,rf_combined,RF: combined,281,181.7,133.81094891864012,47.88905108135987
https://doi.org/10.1038/s41467-024-45422-9,rf_combined,RF: combined,282,141.6,133.81094891864012,7.789051081359872
https://doi.org/10.1038/s41467-024-45422-9,rf_combined,RF: combined,283,171.4,134.15677249006868,37.24322750993133
https://doi.org/10.1038/s41467-024-45422-9,rf_combined,RF: combined,284,155.0,128.09991880518496,26.900081194815044
https://doi.org/10.1038/s41467-024-45422-9,rf_combined,RF: combined,285,156.3,129.76913977732403,26.530860222675983
https://doi.org/10.1038/s41467-024-45422-9,rf_combined,RF: combined,286,190.5,131.133160747465,59.36683925253499
https://doi.org/10.1038/s41467-024-45422-9,rf_combined,RF: combined,288,190.4,133.61668298213215,56.78331701786786
https://doi.org/10.1038/s41467-024-45422-9,rf_combined,RF: combined,289,204.3,128.05352435914085,76.24647564085916
https://doi.org/10.1038/s41467-024-45422-9,rf_combined,RF: combined,290,169.6,129.8593489459984,39.7406510540016
https://doi.org/10.1038/s41467-024-45422-9,rf_combined,RF: combined,291,201.5,122.47267138089688,79.02732861910312
https://doi.org/10.1038/s41467-024-45422-9,rf_combined,RF: combined,292,162.3,129.1225305029415,33.177469497058524
https://doi.org/10.1038/s41467-024-45422-9,rf_combined,RF: combined,293,143.2,101.41504060078793,41.784959399212056
https://doi.org/10.1038/s41467-024-45422-9,rf_combined,RF: combined,294,126.7,130.4502379553224,3.7502379553223903
https://doi.org/10.1038/s41467-024-45422-9,rf_combined,RF: combined,295,113.9,100.0503571768786,13.8496428231214
https://doi.org/10.1038/s41467-024-45422-9,rf_combined,RF: combined,296,115.4,95.5004517506937,19.899548249306307
https://doi.org/10.1038/s41467-024-45422-9,rf_combined,RF: combined,297,109.2,93.2788577283271,15.921142271672906
https://doi.org/10.1038/s41467-024-45422-9,rf_combined,RF: combined,298,114.1,93.21266833860567,20.887331661394327
https://doi.org/10.1038/s41467-024-50619-z,baseline_mean,Mean baseline,2,134.6,125.17096654275092,9.429033457249076
https://doi.org/10.1038/s41467-024-50619-z,baseline_mean,Mean baseline,3,138.0,125.17096654275092,12.829033457249082
https://doi.org/10.1038/s41467-024-50619-z,baseline_mean,Mean baseline,4,108.7,125.17096654275092,16.470966542750915
https://doi.org/10.1038/s41467-024-50619-z,baseline_mean,Mean baseline,5,110.0,125.17096654275092,15.170966542750918
https://doi.org/10.1038/s41467-024-50619-z,baseline_mean,Mean baseline,6,122.6,125.17096654275092,2.5709665427509236
https://doi.org/10.1038/s41467-024-50619-z,baseline_mean,Mean baseline,7,119.9,125.17096654275092,5.270966542750912
https://doi.org/10.1038/s41467-024-50619-z,baseline_mean,Mean baseline,8,134.8,125.17096654275092,9.629033457249093
https://doi.org/10.1038/s41467-024-50619-z,baseline_mean,Mean baseline,9,132.9,125.17096654275092,7.729033457249088
https://doi.org/10.1038/s41467-024-50619-z,baseline_mean,Mean baseline,10,127.5,125.17096654275092,2.329033457249082
https://doi.org/10.1038/s41467-024-50619-z,baseline_mean,Mean baseline,11,151.0,125.17096654275092,25.829033457249082
https://doi.org/10.1038/s41467-024-50619-z,baseline_mean,Mean baseline,12,147.5,125.17096654275092,22.329033457249082
https://doi.org/10.1038/s41467-024-50619-z,baseline_mean,Mean baseline,13,135.5,125.17096654275092,10.329033457249082
https://doi.org/10.1038/s41467-024-50619-z,baseline_mean,Mean baseline,14,128.2,125.17096654275092,3.0290334572490707
https://doi.org/10.1038/s41467-024-50619-z,baseline_mean,Mean baseline,15,117.5,125.17096654275092,7.670966542750918
https://doi.org/10.1038/s41467-024-50619-z,baseline_mean,Mean baseline,16,134.8,125.17096654275092,9.629033457249093
https://doi.org/10.1038/s41467-024-50619-z,baseline_mean,Mean baseline,17,132.9,125.17096654275092,7.729033457249088
https://doi.org/10.1038/s41467-024-50619-z,baseline_mean,Mean baseline,18,133.8,125.17096654275092,8.629033457249093
https://doi.org/10.1038/s41467-024-50619-z,baseline_mean,Mean baseline,19,137.8,125.17096654275092,12.629033457249093
https://doi.org/10.1038/s41467-024-50619-z,baseline_mean,Mean baseline,20,135.5,125.17096654275092,10.329033457249082
https://doi.org/10.1038/s41467-024-50619-z,baseline_mean,Mean baseline,21,139.0,125.17096654275092,13.829033457249082
https://doi.org/10.1038/s41467-024-50619-z,baseline_mean,Mean baseline,22,132.8,125.17096654275092,7.629033457249093
https://doi.org/10.1038/s41467-024-50619-z,baseline_mean,Mean baseline,23,133.9,125.17096654275092,8.729033457249088
https://doi.org/10.1038/s41467-024-50619-z,baseline_mean,Mean baseline,24,137.9,125.17096654275092,12.729033457249088
https://doi.org/10.1038/s41467-024-50619-z,baseline_mean,Mean baseline,25,135.4,125.17096654275092,10.229033457249088
https://doi.org/10.1038/s41467-024-50619-z,baseline_mean,Mean baseline,26,134.6,125.17096654275092,9.429033457249076
https://doi.org/10.1038/s41467-024-50619-z,baseline_mean,Mean baseline,27,138.0,125.17096654275092,12.829033457249082
https://doi.org/10.1038/s41467-024-50619-z,baseline_mean,Mean baseline,28,121.6,125.17096654275092,3.5709665427509236
https://doi.org/10.1038/s41467-024-50619-z,baseline_mean,Mean baseline,29,119.9,125.17096654275092,5.270966542750912
https://doi.org/10.1038/s41467-024-50619-z,baseline_mean,Mean baseline,30,108.4,125.17096654275092,16.770966542750912
https://doi.org/10.1038/s41467-024-50619-z,rf_composition,RF: composition,2,134.6,154.0717632556905,19.47176325569052
https://doi.org/10.1038/s41467-024-50619-z,rf_composition,RF: composition,3,138.0,154.0717632556905,16.071763255690513
https://doi.org/10.1038/s41467-024-50619-z,rf_composition,RF: composition,4,108.7,154.0717632556905,45.37176325569051
https://doi.org/10.1038/s41467-024-50619-z,rf_composition,RF: composition,5,110.0,154.0717632556905,44.07176325569051
https://doi.org/10.1038/s41467-024-50619-z,rf_composition,RF: composition,6,122.6,154.0717632556905,31.47176325569052
https://doi.org/10.1038/s41467-024-50619-z,rf_composition,RF: composition,7,119.9,154.0717632556905,34.17176325569051
https://doi.org/10.1038/s41467-024-50619-z,rf_composition,RF: composition,8,134.8,154.0717632556905,19.2717632556905
https://doi.org/10.1038/s41467-024-50619-z,rf_composition,RF: composition,9,132.9,154.0717632556905,21.171763255690507
https://doi.org/10.1038/s41467-024-50619-z,rf_composition,RF: composition,10,127.5,154.0717632556905,26.571763255690513
https://doi.org/10.1038/s41467-024-50619-z,rf_composition,RF: composition,11,151.0,154.0717632556905,3.071763255690513
https://doi.org/10.1038/s41467-024-50619-z,rf_composition,RF: composition,12,147.5,154.0717632556905,6.571763255690513
https://doi.org/10.1038/s41467-024-50619-z,rf_composition,RF: composition,13,135.5,154.0717632556905,18.571763255690513
https://doi.org/10.1038/s41467-024-50619-z,rf_composition,RF: composition,14,128.2,154.0717632556905,25.871763255690524
https://doi.org/10.1038/s41467-024-50619-z,rf_composition,RF: composition,15,117.5,154.0717632556905,36.57176325569051
https://doi.org/10.1038/s41467-024-50619-z,rf_composition,RF: composition,16,134.8,154.0717632556905,19.2717632556905
https://doi.org/10.1038/s41467-024-50619-z,rf_composition,RF: composition,17,132.9,154.0717632556905,21.171763255690507
https://doi.org/10.1038/s41467-024-50619-z,rf_composition,RF: composition,18,133.8,154.0717632556905,20.2717632556905
https://doi.org/10.1038/s41467-024-50619-z,rf_composition,RF: composition,19,137.8,154.0717632556905,16.2717632556905
https://doi.org/10.1038/s41467-024-50619-z,rf_composition,RF: composition,20,135.5,154.0717632556905,18.571763255690513
https://doi.org/10.1038/s41467-024-50619-z,rf_composition,RF: composition,21,139.0,154.0717632556905,15.071763255690513
https://doi.org/10.1038/s41467-024-50619-z,rf_composition,RF: composition,22,132.8,154.0717632556905,21.2717632556905
https://doi.org/10.1038/s41467-024-50619-z,rf_composition,RF: composition,23,133.9,154.0717632556905,20.171763255690507
https://doi.org/10.1038/s41467-024-50619-z,rf_composition,RF: composition,24,137.9,154.0717632556905,16.171763255690507
https://doi.org/10.1038/s41467-024-50619-z,rf_composition,RF: composition,25,135.4,154.0717632556905,18.671763255690507
https://doi.org/10.1038/s41467-024-50619-z,rf_composition,RF: composition,26,134.6,154.0717632556905,19.47176325569052
https://doi.org/10.1038/s41467-024-50619-z,rf_composition,RF: composition,27,138.0,154.0717632556905,16.071763255690513
https://doi.org/10.1038/s41467-024-50619-z,rf_composition,RF: composition,28,121.6,154.0717632556905,32.47176325569052
https://doi.org/10.1038/s41467-024-50619-z,rf_composition,RF: composition,29,119.9,154.0717632556905,34.17176325569051
https://doi.org/10.1038/s41467-024-50619-z,rf_composition,RF: composition,30,108.4,154.0717632556905,45.67176325569051
https://doi.org/10.1038/s41467-024-50619-z,rf_descriptors,RF: descriptors,2,134.6,140.01223218974502,5.412232189745026
https://doi.org/10.1038/s41467-024-50619-z,rf_descriptors,RF: descriptors,3,138.0,144.34637382758527,6.346373827585268
https://doi.org/10.1038/s41467-024-50619-z,rf_descriptors,RF: descriptors,4,108.7,78.41593322013085,30.28406677986915
https://doi.org/10.1038/s41467-024-50619-z,rf_descriptors,RF: descriptors,5,110.0,96.63365458781067,13.366345412189332
https://doi.org/10.1038/s41467-024-50619-z,rf_descriptors,RF: descriptors,6,122.6,89.59823306460498,33.00176693539501
https://doi.org/10.1038/s41467-024-50619-z,rf_descriptors,RF: descriptors,7,119.9,86.3177655259627,33.58223447403731
https://doi.org/10.1038/s41467-024-50619-z,rf_descriptors,RF: descriptors,8,134.8,132.24087013635994,2.5591298636400666
https://doi.org/10.1038/s41467-024-50619-z,rf_descriptors,RF: descriptors,9,132.9,125.10551638603064,7.794483613969362
https://doi.org/10.1038/s41467-024-50619-z,rf_descriptors,RF: descriptors,10,127.5,112.27517895853208,15.22482104146792
https://doi.org/10.1038/s41467-024-50619-z,rf_descriptors,RF: descriptors,11,151.0,109.68895715595687,41.31104284404313
https://doi.org/10.1038/s41467-024-50619-z,rf_descriptors,RF: descriptors,12,147.5,161.68719960523552,14.18719960523552
https://doi.org/10.1038/s41467-024-50619-z,rf_descriptors,RF: descriptors,13,135.5,91.57437089293715,43.925629107062846
https://doi.org/10.1038/s41467-024-50619-z,rf_descriptors,RF: descriptors,14,128.2,87.44947468325977,40.75052531674022
https://doi.org/10.1038/s41467-024-50619-z,rf_descriptors,RF: descriptors,15,117.5,81.88204866904961,35.61795133095039
https://doi.org/10.1038/s41467-024-50619-z,rf_descriptors,RF: descriptors,16,134.8,110.42766492219683,24.372335077803186
https://doi.org/10.1038/s41467-024-50619-z,rf_descriptors,RF: descriptors,17,132.9,110.66153407441696,22.238465925583043
https://doi.org/10.1038/s41467-024-50619-z,rf_descriptors,RF: descriptors,18,133.8,142.23449118676226,8.434491186762244
https://doi.org/10.1038/s41467-024-50619-z,rf_descriptors,RF: descriptors,19,137.8,83.00545428257551,54.7945457174245
https://doi.org/10.1038/s41467-024-50619-z,rf_descriptors,RF: descriptors,20,135.5,109.1500634704651,26.3499365295349
https://doi.org/10.1038/s41467-024-50619-z,rf_descriptors,RF: descriptors,21,139.0,104.57707602754685,34.42292397245315
https://doi.org/10.1038/s41467-024-50619-z,rf_descriptors,RF: descriptors,22,132.8,109.1500634704651,23.649936529534912
https://doi.org/10.1038/s41467-024-50619-z,rf_descriptors,RF: descriptors,23,133.9,147.39467274118135,13.494672741181347
https://doi.org/10.1038/s41467-024-50619-z,rf_descriptors,RF: descriptors,24,137.9,108.51485034011795,29.38514965988206
https://doi.org/10.1038/s41467-024-50619-z,rf_descriptors,RF: descriptors,25,135.4,114.28434268405474,21.11565731594527
https://doi.org/10.1038/s41467-024-50619-z,rf_descriptors,RF: descriptors,26,134.6,116.139718362415,18.460281637585
https://doi.org/10.1038/s41467-024-50619-z,rf_descriptors,RF: descriptors,27,138.0,142.8581829053215,4.858182905321513
https://doi.org/10.1038/s41467-024-50619-z,rf_descriptors,RF: descriptors,28,121.6,113.75383164994011,7.846168350059884
https://doi.org/10.1038/s41467-024-50619-z,rf_descriptors,RF: descriptors,29,119.9,108.69075915792824,11.209240842071765
https://doi.org/10.1038/s41467-024-50619-z,rf_descriptors,RF: descriptors,30,108.4,134.64848745805367,26.24848745805366
https://doi.org/10.1038/s41467-024-50619-z,rf_combined,RF: combined,2,134.6,144.6085679221693,10.008567922169306
https://doi.org/10.1038/s41467-024-50619-z,rf_combined,RF: combined,3,138.0,142.6814083033406,4.681408303340589
https://doi.org/10.1038/s41467-024-50619-z,rf_combined,RF: combined,4,108.7,78.08803143942329,30.611968560576713
https://doi.org/10.1038/s41467-024-50619-z,rf_combined,RF: combined,5,110.0,97.72714456970157,12.272855430298435
https://doi.org/10.1038/s41467-024-50619-z,rf_combined,RF: combined,6,122.6,91.2365101030162,31.363489896983793
https://doi.org/10.1038/s41467-024-50619-z,rf_combined,RF: combined,7,119.9,90.71100818763773,29.188991812362275
https://doi.org/10.1038/s41467-024-50619-z,rf_combined,RF: combined,8,134.8,133.6047182485065,1.1952817514935248
https://doi.org/10.1038/s41467-024-50619-z,rf_combined,RF: combined,9,132.9,125.45317813631472,7.446821863685287
https://doi.org/10.1038/s41467-024-50619-z,rf_combined,RF: combined,10,127.5,113.8536005952525,13.646399404747498
https://doi.org/10.1038/s41467-024-50619-z,rf_combined,RF: combined,11,151.0,112.94916062627702,38.05083937372298
https://doi.org/10.1038/s41467-024-50619-z,rf_combined,RF: combined,12,147.5,163.83088576801626,16.33088576801626
https://doi.org/10.1038/s41467-024-50619-z,rf_combined,RF: combined,13,135.5,96.07082122784377,39.429178772156234
https://doi.org/10.1038/s41467-024-50619-z,rf_combined,RF: combined,14,128.2,93.4264388831329,34.773561116867086
https://doi.org/10.1038/s41467-024-50619-z,rf_combined,RF: combined,15,117.5,88.34038907615583,29.15961092384417
https://doi.org/10.1038/s41467-024-50619-z,rf_combined,RF: combined,16,134.8,111.0592132408963,23.740786759103713
https://doi.org/10.1038/s41467-024-50619-z,rf_combined,RF: combined,17,132.9,112.9794383309174,19.920561669082602
https://doi.org/10.1038/s41467-024-50619-z,rf_combined,RF: combined,18,133.8,146.0716992696422,12.271699269642198
https://doi.org/10.1038/s41467-024-50619-z,rf_combined,RF: combined,19,137.8,90.00996439358033,47.79003560641968
https://doi.org/10.1038/s41467-024-50619-z,rf_combined,RF: combined,20,135.5,112.0893948982828,23.410605101717195
https://doi.org/10.1038/s41467-024-50619-z,rf_combined,RF: combined,21,139.0,108.27610290599733,30.723897094002666
https://doi.org/10.1038/s41467-024-50619-z,rf_combined,RF: combined,22,132.8,112.0893948982828,20.710605101717206
https://doi.org/10.1038/s41467-024-50619-z,rf_combined,RF: combined,23,133.9,149.53868015646123,15.63868015646122
https://doi.org/10.1038/s41467-024-50619-z,rf_combined,RF: combined,24,137.9,108.31010374539188,29.58989625460812
https://doi.org/10.1038/s41467-024-50619-z,rf_combined,RF: combined,25,135.4,114.28879750740752,21.111202492592483
https://doi.org/10.1038/s41467-024-50619-z,rf_combined,RF: combined,26,134.6,117.96891472563381,16.631085274366185
https://doi.org/10.1038/s41467-024-50619-z,rf_combined,RF: combined,27,138.0,146.85952069336884,8.859520693368836
https://doi.org/10.1038/s41467-024-50619-z,rf_combined,RF: combined,28,121.6,115.49990890931286,6.10009109068713
https://doi.org/10.1038/s41467-024-50619-z,rf_combined,RF: combined,29,119.9,114.5361061142074,5.363893885792606
https://doi.org/10.1038/s41467-024-50619-z,rf_combined,RF: combined,30,108.4,136.87235562060158,28.472355620601576
https://doi.org/10.1038/s41587-019-0247-3,baseline_mean,Mean baseline,959,87.6,127.51625,39.916250000000005
https://doi.org/10.1038/s41587-019-0247-3,baseline_mean,Mean baseline,960,99.9,127.51625,27.616249999999994
https://doi.org/10.1038/s41587-019-0247-3,baseline_mean,Mean baseline,961,76.9,127.51625,50.616249999999994
https://doi.org/10.1038/s41587-019-0247-3,baseline_mean,Mean baseline,962,101.0,127.51625,26.51625
https://doi.org/10.1038/s41587-019-0247-3,baseline_mean,Mean baseline,963,259.6,127.51625,132.08375
https://doi.org/10.1038/s41587-019-0247-3,baseline_mean,Mean baseline,964,115.9,127.51625,11.616249999999994
https://doi.org/10.1038/s41587-019-0247-3,baseline_mean,Mean baseline,965,137.9,127.51625,10.383750000000006
https://doi.org/10.1038/s41587-019-0247-3,baseline_mean,Mean baseline,966,167.9,127.51625,40.383750000000006
https://doi.org/10.1038/s41587-019-0247-3,baseline_mean,Mean baseline,967,122.4,127.51625,5.116249999999994
https://doi.org/10.1038/s41587-019-0247-3,baseline_mean,Mean baseline,968,95.9,127.51625,31.616249999999994
https://doi.org/10.1038/s41587-019-0247-3,baseline_mean,Mean baseline,969,72.3,127.51625,55.21625
https://doi.org/10.1038/s41587-019-0247-3,baseline_mean,Mean baseline,970,94.0,127.51625,33.51625
https://doi.org/10.1038/s41587-019-0247-3,baseline_mean,Mean baseline,971,84.9,127.51625,42.616249999999994
https://doi.org/10.1038/s41587-019-0247-3,baseline_mean,Mean baseline,972,127.8,127.51625,0.2837499999999977
https://doi.org/10.1038/s41587-019-0247-3,baseline_mean,Mean baseline,973,84.9,127.51625,42.616249999999994
https://doi.org/10.1038/s41587-019-0247-3,baseline_mean,Mean baseline,974,108.7,127.51625,18.816249999999997
https://doi.org/10.1038/s41587-019-0247-3,baseline_mean,Mean baseline,975,94.9,127.51625,32.616249999999994
https://doi.org/10.1038/s41587-019-0247-3,baseline_mean,Mean baseline,976,91.8,127.51625,35.71625
https://doi.org/10.1038/s41587-019-0247-3,baseline_mean,Mean baseline,977,129.4,127.51625,1.8837500000000063
https://doi.org/10.1038/s41587-019-0247-3,baseline_mean,Mean baseline,978,83.2,127.51625,44.31625
https://doi.org/10.1038/s41587-019-0247-3,baseline_mean,Mean baseline,979,110.7,127.51625,16.816249999999997
https://doi.org/10.1038/s41587-019-0247-3,baseline_mean,Mean baseline,980,154.9,127.51625,27.383750000000006
https://doi.org/10.1038/s41587-019-0247-3,baseline_mean,Mean baseline,981,102.5,127.51625,25.01625
https://doi.org/10.1038/s41587-019-0247-3,baseline_mean,Mean baseline,982,119.8,127.51625,7.716250000000002
https://doi.org/10.1038/s41587-019-0247-3,baseline_mean,Mean baseline,983,102.5,127.51625,25.01625
https://doi.org/10.1038/s41587-019-0247-3,baseline_mean,Mean baseline,984,110.6,127.51625,16.916250000000005
https://doi.org/10.1038/s41587-019-0247-3,baseline_mean,Mean baseline,985,105.5,127.51625,22.01625
https://doi.org/10.1038/s41587-019-0247-3,baseline_mean,Mean baseline,986,108.6,127.51625,18.916250000000005
https://doi.org/10.1038/s41587-019-0247-3,baseline_mean,Mean baseline,987,112.5,127.51625,15.01625
https://doi.org/10.1038/s41587-019-0247-3,baseline_mean,Mean baseline,988,94.8,127.51625,32.71625
https://doi.org/10.1038/s41587-019-0247-3,baseline_mean,Mean baseline,989,115.6,127.51625,11.916250000000005
https://doi.org/10.1038/s41587-019-0247-3,baseline_mean,Mean baseline,990,87.6,127.51625,39.916250000000005
https://doi.org/10.1038/s41587-019-0247-3,baseline_mean,Mean baseline,991,140.6,127.51625,13.083749999999995
https://doi.org/10.1038/s41587-019-0247-3,baseline_mean,Mean baseline,992,88.6,127.51625,38.916250000000005
https://doi.org/10.1038/s41587-019-0247-3,rf_composition,RF: composition,959,87.6,65.91374966906827,21.686250330931728
https://doi.org/10.1038/s41587-019-0247-3,rf_composition,RF: composition,960,99.9,79.85015176159686,20.049848238403143
https://doi.org/10.1038/s41587-019-0247-3,rf_composition,RF: composition,961,76.9,87.66260700056145,10.762607000561445
https://doi.org/10.1038/s41587-019-0247-3,rf_composition,RF: composition,962,101.0,81.04378182395887,19.956218176041133
https://doi.org/10.1038/s41587-019-0247-3,rf_composition,RF: composition,963,259.6,87.66260700056145,171.93739299943857
https://doi.org/10.1038/s41587-019-0247-3,rf_composition,RF: composition,964,115.9,90.29480935053142,25.605190649468582
https://doi.org/10.1038/s41587-019-0247-3,rf_composition,RF: composition,965,137.9,115.10440040396261,22.79559959603739
https://doi.org/10.1038/s41587-019-0247-3,rf_composition,RF: composition,966,167.9,96.56321918398785,71.33678081601215
https://doi.org/10.1038/s41587-019-0247-3,rf_composition,RF: composition,967,122.4,87.66260700056145,34.737392999438555
https://doi.org/10.1038/s41587-019-0247-3,rf_composition,RF: composition,968,95.9,87.66260700056145,8.237392999438555
https://doi.org/10.1038/s41587-019-0247-3,rf_composition,RF: composition,969,72.3,87.2559355064986,14.955935506498605
https://doi.org/10.1038/s41587-019-0247-3,rf_composition,RF: composition,970,94.0,87.66260700056145,6.337392999438549
https://doi.org/10.1038/s41587-019-0247-3,rf_composition,RF: composition,971,84.9,79.90911446892089,4.990885531079115
https://doi.org/10.1038/s41587-019-0247-3,rf_composition,RF: composition,972,127.8,66.38970800771455,61.41029199228545
https://doi.org/10.1038/s41587-019-0247-3,rf_composition,RF: composition,973,84.9,87.66260700056145,2.762607000561445
https://doi.org/10.1038/s41587-019-0247-3,rf_composition,RF: composition,974,108.7,86.98152160871399,21.718478391286013
https://doi.org/10.1038/s41587-019-0247-3,rf_composition,RF: composition,975,94.9,79.6962751488009,15.203724851199112
https://doi.org/10.1038/s41587-019-0247-3,rf_composition,RF: composition,976,91.8,87.66260700056145,4.137392999438546
https://doi.org/10.1038/s41587-019-0247-3,rf_composition,RF: composition,977,129.4,100.27937600898458,29.12062399101542
https://doi.org/10.1038/s41587-019-0247-3,rf_composition,RF: composition,978,83.2,86.80630472872078,3.6063047287207723
https://doi.org/10.1038/s41587-019-0247-3,rf_composition,RF: composition,979,110.7,95.73604029296389,14.96395970703611
https://doi.org/10.1038/s41587-019-0247-3,rf_composition,RF: composition,980,154.9,106.48547827267173,48.41452172732828
https://doi.org/10.1038/s41587-019-0247-3,rf_composition,RF: composition,981,102.5,150.50858035251838,48.00858035251838
https://doi.org/10.1038/s41587-019-0247-3,rf_composition,RF: composition,982,119.8,88.30559104604767,31.49440895395233
https://doi.org/10.1038/s41587-019-0247-3,rf_composition,RF: composition,983,102.5,150.50858035251838,48.00858035251838
https://doi.org/10.1038/s41587-019-0247-3,rf_composition,RF: composition,984,110.6,150.50858035251838,39.908580352518385
https://doi.org/10.1038/s41587-019-0247-3,rf_composition,RF: composition,985,105.5,79.85015176159686,25.649848238403138
https://doi.org/10.1038/s41587-019-0247-3,rf_composition,RF: composition,986,108.6,78.08114527336079,30.518854726639205
https://doi.org/10.1038/s41587-019-0247-3,rf_composition,RF: composition,987,112.5,111.5982258724209,0.9017741275791025
https://doi.org/10.1038/s41587-019-0247-3,rf_composition,RF: composition,988,94.8,61.51263618087472,33.287363819125275
https://doi.org/10.1038/s41587-019-0247-3,rf_composition,RF: composition,989,115.6,78.32891974040044,37.27108025959956
https://doi.org/10.1038/s41587-019-0247-3,rf_composition,RF: composition,990,87.6,65.91374966906827,21.686250330931728
https://doi.org/10.1038/s41587-019-0247-3,rf_composition,RF: composition,991,140.6,100.00067448144047,40.599325518559525
https://doi.org/10.1038/s41587-019-0247-3,rf_composition,RF: composition,992,88.6,145.45076836113466,56.85076836113467
https://doi.org/10.1038/s41587-019-0247-3,rf_descriptors,RF: descriptors,959,87.6,97.52390682531541,9.923906825315413
https://doi.org/10.1038/s41587-019-0247-3,rf_descriptors,RF: descriptors,960,99.9,97.52390682531541,2.3760931746845984
https://doi.org/10.1038/s41587-019-0247-3,rf_descriptors,RF: descriptors,961,76.9,97.52390682531541,20.6239068253154
https://doi.org/10.1038/s41587-019-0247-3,rf_descriptors,RF: descriptors,962,101.0,97.52390682531541,3.4760931746845927
https://doi.org/10.1038/s41587-019-0247-3,rf_descriptors,RF: descriptors,963,259.6,97.52390682531541,162.07609317468462
https://doi.org/10.1038/s41587-019-0247-3,rf_descriptors,RF: descriptors,964,115.9,97.52390682531541,18.3760931746846
https://doi.org/10.1038/s41587-019-0247-3,rf_descriptors,RF: descriptors,965,137.9,97.52390682531541,40.3760931746846
https://doi.org/10.1038/s41587-019-0247-3,rf_descriptors,RF: descriptors,966,167.9,97.52390682531541,70.3760931746846
https://doi.org/10.1038/s41587-019-0247-3,rf_descriptors,RF: descriptors,967,122.4,97.52390682531541,24.8760931746846
https://doi.org/10.1038/s41587-019-0247-3,rf_descriptors,RF: descriptors,968,95.9,97.52390682531541,1.6239068253154016
https://doi.org/10.1038/s41587-019-0247-3,rf_descriptors,RF: descriptors,969,72.3,97.52390682531541,25.22390682531541
https://doi.org/10.1038/s41587-019-0247-3,rf_descriptors,RF: descriptors,970,94.0,97.52390682531541,3.5239068253154073
https://doi.org/10.1038/s41587-019-0247-3,rf_descriptors,RF: descriptors,971,84.9,97.52390682531541,12.623906825315402
https://doi.org/10.1038/s41587-019-0247-3,rf_descriptors,RF: descriptors,972,127.8,97.52390682531541,30.27609317468459
https://doi.org/10.1038/s41587-019-0247-3,rf_descriptors,RF: descriptors,973,84.9,97.52390682531541,12.623906825315402
https://doi.org/10.1038/s41587-019-0247-3,rf_descriptors,RF: descriptors,974,108.7,97.52390682531541,11.176093174684596
https://doi.org/10.1038/s41587-019-0247-3,rf_descriptors,RF: descriptors,975,94.9,97.52390682531541,2.6239068253154016
https://doi.org/10.1038/s41587-019-0247-3,rf_descriptors,RF: descriptors,976,91.8,97.52390682531541,5.72390682531541
https://doi.org/10.1038/s41587-019-0247-3,rf_descriptors,RF: descriptors,977,129.4,97.52390682531541,31.8760931746846
https://doi.org/10.1038/s41587-019-0247-3,rf_descriptors,RF: descriptors,978,83.2,97.52390682531541,14.323906825315404
https://doi.org/10.1038/s41587-019-0247-3,rf_descriptors,RF: descriptors,979,110.7,97.52390682531541,13.176093174684596
https://doi.org/10.1038/s41587-019-0247-3,rf_descriptors,RF: descriptors,980,154.9,97.52390682531541,57.3760931746846
https://doi.org/10.1038/s41587-019-0247-3,rf_descriptors,RF: descriptors,981,102.5,97.52390682531541,4.976093174684593
https://doi.org/10.1038/s41587-019-0247-3,rf_descriptors,RF: descriptors,982,119.8,97.52390682531541,22.27609317468459
https://doi.org/10.1038/s41587-019-0247-3,rf_descriptors,RF: descriptors,983,102.5,97.52390682531541,4.976093174684593
https://doi.org/10.1038/s41587-019-0247-3,rf_descriptors,RF: descriptors,984,110.6,97.52390682531541,13.076093174684587
https://doi.org/10.1038/s41587-019-0247-3,rf_descriptors,RF: descriptors,985,105.5,97.52390682531541,7.976093174684593
https://doi.org/10.1038/s41587-019-0247-3,rf_descriptors,RF: descriptors,986,108.6,97.52390682531541,11.076093174684587
https://doi.org/10.1038/s41587-019-0247-3,rf_descriptors,RF: descriptors,987,112.5,97.52390682531541,14.976093174684593
https://doi.org/10.1038/s41587-019-0247-3,rf_descriptors,RF: descriptors,988,94.8,97.52390682531541,2.72390682531541
https://doi.org/10.1038/s41587-019-0247-3,rf_descriptors,RF: descriptors,989,115.6,97.52390682531541,18.076093174684587
https://doi.org/10.1038/s41587-019-0247-3,rf_descriptors,RF: descriptors,990,87.6,97.52390682531541,9.923906825315413
https://doi.org/10.1038/s41587-019-0247-3,rf_descriptors,RF: descriptors,991,140.6,97.52390682531541,43.07609317468459
https://doi.org/10.1038/s41587-019-0247-3,rf_descriptors,RF: descriptors,992,88.6,97.52390682531541,8.923906825315413
https://doi.org/10.1038/s41587-019-0247-3,rf_combined,RF: combined,959,87.6,79.77456480523726,7.825435194762733
https://doi.org/10.1038/s41587-019-0247-3,rf_combined,RF: combined,960,99.9,97.0702394776334,2.8297605223666125
https://doi.org/10.1038/s41587-019-0247-3,rf_combined,RF: combined,961,76.9,93.34470151592842,16.444701515928415
https://doi.org/10.1038/s41587-019-0247-3,rf_combined,RF: combined,962,101.0,90.15816773182365,10.841832268176347
https://doi.org/10.1038/s41587-019-0247-3,rf_combined,RF: combined,963,259.6,93.34470151592842,166.2552984840716
https://doi.org/10.1038/s41587-019-0247-3,rf_combined,RF: combined,964,115.9,117.77334386172706,1.8733438617270508
https://doi.org/10.1038/s41587-019-0247-3,rf_combined,RF: combined,965,137.9,114.95330048565764,22.94669951434237
https://doi.org/10.1038/s41587-019-0247-3,rf_combined,RF: combined,966,167.9,102.50408033910533,65.39591966089468
https://doi.org/10.1038/s41587-019-0247-3,rf_combined,RF: combined,967,122.4,93.34470151592842,29.055298484071585
https://doi.org/10.1038/s41587-019-0247-3,rf_combined,RF: combined,968,95.9,93.34470151592842,2.555298484071585
https://doi.org/10.1038/s41587-019-0247-3,rf_combined,RF: combined,969,72.3,94.25890852022826,21.958908520228263
https://doi.org/10.1038/s41587-019-0247-3,rf_combined,RF: combined,970,94.0,93.34470151592842,0.6552984840715794
https://doi.org/10.1038/s41587-019-0247-3,rf_combined,RF: combined,971,84.9,96.83957232140075,11.939572321400746
https://doi.org/10.1038/s41587-019-0247-3,rf_combined,RF: combined,972,127.8,79.3990049383394,48.400995061660595
https://doi.org/10.1038/s41587-019-0247-3,rf_combined,RF: combined,973,84.9,93.34470151592842,8.444701515928415
https://doi.org/10.1038/s41587-019-0247-3,rf_combined,RF: combined,974,108.7,100.4332956542678,8.266704345732208
https://doi.org/10.1038/s41587-019-0247-3,rf_combined,RF: combined,975,94.9,88.8283590040931,6.071640995906904
https://doi.org/10.1038/s41587-019-0247-3,rf_combined,RF: combined,976,91.8,93.34470151592842,1.5447015159284234
https://doi.org/10.1038/s41587-019-0247-3,rf_combined,RF: combined,977,129.4,116.3191238820303,13.080876117969709
https://doi.org/10.1038/s41587-019-0247-3,rf_combined,RF: combined,978,83.2,92.13530206171598,8.935302061715973
https://doi.org/10.1038/s41587-019-0247-3,rf_combined,RF: combined,979,110.7,98.35349330919077,12.346506690809235
https://doi.org/10.1038/s41587-019-0247-3,rf_combined,RF: combined,980,154.9,114.50942126157179,40.39057873842822
https://doi.org/10.1038/s41587-019-0247-3,rf_combined,RF: combined,981,102.5,115.63325691776573,13.133256917765735
https://doi.org/10.1038/s41587-019-0247-3,rf_combined,RF: combined,982,119.8,92.12230406171598,27.677695938284018
https://doi.org/10.1038/s41587-019-0247-3,rf_combined,RF: combined,983,102.5,115.63325691776573,13.133256917765735
https://doi.org/10.1038/s41587-019-0247-3,rf_combined,RF: combined,984,110.6,115.63325691776573,5.0332569177657405
https://doi.org/10.1038/s41587-019-0247-3,rf_combined,RF: combined,985,105.5,97.0702394776334,8.429760522366607
https://doi.org/10.1038/s41587-019-0247-3,rf_combined,RF: combined,986,108.6,91.84423100937948,16.75576899062051
https://doi.org/10.1038/s41587-019-0247-3,rf_combined,RF: combined,987,112.5,106.98240908587535,5.5175909141246535
https://doi.org/10.1038/s41587-019-0247-3,rf_combined,RF: combined,988,94.8,77.082795576701,17.717204423298995
https://doi.org/10.1038/s41587-019-0247-3,rf_combined,RF: combined,989,115.6,93.08300289016535,22.516997109834648
https://doi.org/10.1038/s41587-019-0247-3,rf_combined,RF: combined,990,87.6,79.77456480523726,7.825435194762733
https://doi.org/10.1038/s41587-019-0247-3,rf_combined,RF: combined,991,140.6,104.45422942226777,36.14577057773222
https://doi.org/10.1038/s41587-019-0247-3,rf_combined,RF: combined,992,88.6,112.07146264792445,23.471462647924454
https://doi.org/10.1073/pnas.2303567120,baseline_mean,Mean baseline,922,70.0,125.95250847457626,55.95250847457626
https://doi.org/10.1073/pnas.2303567120,baseline_mean,Mean baseline,923,70.0,125.95250847457626,55.95250847457626
https://doi.org/10.1073/pnas.2303567120,baseline_mean,Mean baseline,931,160.0,125.95250847457626,34.04749152542374
https://doi.org/10.1073/pnas.2303567120,rf_composition,RF: composition,922,70.0,101.46773735877389,31.46773735877389
https://doi.org/10.1073/pnas.2303567120,rf_composition,RF: composition,923,70.0,101.46773735877389,31.46773735877389
https://doi.org/10.1073/pnas.2303567120,rf_composition,RF: composition,931,160.0,101.46773735877389,58.53226264122611
https://doi.org/10.1073/pnas.2303567120,rf_descriptors,RF: descriptors,922,70.0,100.72562085346566,30.725620853465657
https://doi.org/10.1073/pnas.2303567120,rf_descriptors,RF: descriptors,923,70.0,100.72562085346566,30.725620853465657
https://doi.org/10.1073/pnas.2303567120,rf_descriptors,RF: descriptors,931,160.0,100.72562085346566,59.27437914653434
https://doi.org/10.1073/pnas.2303567120,rf_combined,RF: combined,922,70.0,100.30154713175715,30.301547131757147
https://doi.org/10.1073/pnas.2303567120,rf_combined,RF: combined,923,70.0,100.30154713175715,30.301547131757147
https://doi.org/10.1073/pnas.2303567120,rf_combined,RF: combined,931,160.0,100.30154713175715,59.69845286824285
https://doi.org/10.1101/2023.11.09.565872,baseline_mean,Mean baseline,875,78.7,125.96327702702702,47.263277027027016
https://doi.org/10.1101/2023.11.09.565872,baseline_mean,Mean baseline,876,92.16,125.96327702702702,33.80327702702702
https://doi.org/10.1101/2023.11.09.565872,rf_composition,RF: composition,875,78.7,107.53648115260711,28.836481152607107
https://doi.org/10.1101/2023.11.09.565872,rf_composition,RF: composition,876,92.16,107.53648115260711,15.376481152607113
https://doi.org/10.1101/2023.11.09.565872,rf_descriptors,RF: descriptors,875,78.7,86.99280481337615,8.29280481337615
https://doi.org/10.1101/2023.11.09.565872,rf_descriptors,RF: descriptors,876,92.16,89.65525694210073,2.5047430578992618
https://doi.org/10.1101/2023.11.09.565872,rf_combined,RF: combined,875,78.7,103.66763131418571,24.96763131418571
https://doi.org/10.1101/2023.11.09.565872,rf_combined,RF: combined,876,92.16,104.40990350166496,12.24990350166496
https://doi.org/10.1101/2024.09.27.614859,baseline_mean,Mean baseline,911,63.5,125.90063973063972,62.400639730639725
https://doi.org/10.1101/2024.09.27.614859,rf_composition,RF: composition,911,63.5,107.32552817623245,43.82552817623245
https://doi.org/10.1101/2024.09.27.614859,rf_descriptors,RF: descriptors,911,63.5,89.23679427500286,25.736794275002865
https://doi.org/10.1101/2024.09.27.614859,rf_combined,RF: combined,911,63.5,86.78600947025193,23.286009470251926
https://doi.org/10.1248/cpb.c24-00089,baseline_mean,Mean baseline,932,213.5,125.15048442906574,88.34951557093426
https://doi.org/10.1248/cpb.c24-00089,baseline_mean,Mean baseline,933,83.0,125.15048442906574,42.15048442906574
https://doi.org/10.1248/cpb.c24-00089,baseline_mean,Mean baseline,934,77.0,125.15048442906574,48.15048442906574
https://doi.org/10.1248/cpb.c24-00089,baseline_mean,Mean baseline,935,200.0,125.15048442906574,74.84951557093426
https://doi.org/10.1248/cpb.c24-00089,baseline_mean,Mean baseline,936,186.0,125.15048442906574,60.84951557093426
https://doi.org/10.1248/cpb.c24-00089,baseline_mean,Mean baseline,937,81.0,125.15048442906574,44.15048442906574
https://doi.org/10.1248/cpb.c24-00089,baseline_mean,Mean baseline,938,109.0,125.15048442906574,16.15048442906574
https://doi.org/10.1248/cpb.c24-00089,baseline_mean,Mean baseline,939,139.0,125.15048442906574,13.849515570934258
https://doi.org/10.1248/cpb.c24-00089,baseline_mean,Mean baseline,940,199.0,125.15048442906574,73.84951557093426
https://doi.org/10.1248/cpb.c24-00089,rf_composition,RF: composition,932,213.5,93.71198031240809,119.78801968759191
https://doi.org/10.1248/cpb.c24-00089,rf_composition,RF: composition,933,83.0,93.71198031240809,10.711980312408087
https://doi.org/10.1248/cpb.c24-00089,rf_composition,RF: composition,934,77.0,93.71198031240809,16.711980312408087
https://doi.org/10.1248/cpb.c24-00089,rf_composition,RF: composition,935,200.0,93.71198031240809,106.28801968759191
https://doi.org/10.1248/cpb.c24-00089,rf_composition,RF: composition,936,186.0,93.71198031240809,92.28801968759191
https://doi.org/10.1248/cpb.c24-00089,rf_composition,RF: composition,937,81.0,93.71198031240809,12.711980312408087
https://doi.org/10.1248/cpb.c24-00089,rf_composition,RF: composition,938,109.0,93.71198031240809,15.288019687591913
https://doi.org/10.1248/cpb.c24-00089,rf_composition,RF: composition,939,139.0,93.71198031240809,45.28801968759191
https://doi.org/10.1248/cpb.c24-00089,rf_composition,RF: composition,940,199.0,93.71198031240809,105.28801968759191
https://doi.org/10.1248/cpb.c24-00089,rf_descriptors,RF: descriptors,932,213.5,130.01060593752632,83.48939406247368
https://doi.org/10.1248/cpb.c24-00089,rf_descriptors,RF: descriptors,933,83.0,130.01060593752632,47.01060593752632
https://doi.org/10.1248/cpb.c24-00089,rf_descriptors,RF: descriptors,934,77.0,130.01060593752632,53.01060593752632
https://doi.org/10.1248/cpb.c24-00089,rf_descriptors,RF: descriptors,935,200.0,130.01060593752632,69.98939406247368
https://doi.org/10.1248/cpb.c24-00089,rf_descriptors,RF: descriptors,936,186.0,130.01060593752632,55.98939406247368
https://doi.org/10.1248/cpb.c24-00089,rf_descriptors,RF: descriptors,937,81.0,130.01060593752632,49.01060593752632
https://doi.org/10.1248/cpb.c24-00089,rf_descriptors,RF: descriptors,938,109.0,130.01060593752632,21.01060593752632
https://doi.org/10.1248/cpb.c24-00089,rf_descriptors,RF: descriptors,939,139.0,130.01060593752632,8.989394062473679
https://doi.org/10.1248/cpb.c24-00089,rf_descriptors,RF: descriptors,940,199.0,130.01060593752632,68.98939406247368
https://doi.org/10.1248/cpb.c24-00089,rf_combined,RF: combined,932,213.5,122.56250288888882,90.93749711111118
https://doi.org/10.1248/cpb.c24-00089,rf_combined,RF: combined,933,83.0,122.56250288888882,39.562502888888815
https://doi.org/10.1248/cpb.c24-00089,rf_combined,RF: combined,934,77.0,122.56250288888882,45.562502888888815
https://doi.org/10.1248/cpb.c24-00089,rf_combined,RF: combined,935,200.0,122.56250288888882,77.43749711111118
https://doi.org/10.1248/cpb.c24-00089,rf_combined,RF: combined,936,186.0,122.56250288888882,63.437497111111185
https://doi.org/10.1248/cpb.c24-00089,rf_combined,RF: combined,937,81.0,122.56250288888882,41.562502888888815
https://doi.org/10.1248/cpb.c24-00089,rf_combined,RF: combined,938,109.0,122.56250288888882,13.562502888888815
https://doi.org/10.1248/cpb.c24-00089,rf_combined,RF: combined,939,139.0,122.56250288888882,16.437497111111185
https://doi.org/10.1248/cpb.c24-00089,rf_combined,RF: combined,940,199.0,122.56250288888882,76.43749711111118
https://doi.org/10.34133/bmr.0017,baseline_mean,Mean baseline,509,71.48,126.57201365187713,55.092013651877124
https://doi.org/10.34133/bmr.0017,baseline_mean,Mean baseline,510,82.84,126.57201365187713,43.732013651877125
https://doi.org/10.34133/bmr.0017,baseline_mean,Mean baseline,511,69.41,126.57201365187713,57.16201365187713
https://doi.org/10.34133/bmr.0017,baseline_mean,Mean baseline,512,68.29,126.57201365187713,58.28201365187712
https://doi.org/10.34133/bmr.0017,baseline_mean,Mean baseline,513,78.37,126.57201365187713,48.202013651877124
https://doi.org/10.34133/bmr.0017,rf_composition,RF: composition,509,71.48,107.89514860556719,36.41514860556718
https://doi.org/10.34133/bmr.0017,rf_composition,RF: composition,510,82.84,107.89514860556719,25.055148605567183
https://doi.org/10.34133/bmr.0017,rf_composition,RF: composition,511,69.41,126.02681123788464,56.61681123788465
https://doi.org/10.34133/bmr.0017,rf_composition,RF: composition,512,68.29,126.02681123788464,57.73681123788464
https://doi.org/10.34133/bmr.0017,rf_composition,RF: composition,513,78.37,126.12128234899575,47.751282348995744
https://doi.org/10.34133/bmr.0017,rf_descriptors,RF: descriptors,509,71.48,88.73053757281613,17.25053757281613
https://doi.org/10.34133/bmr.0017,rf_descriptors,RF: descriptors,510,82.84,88.73053757281613,5.890537572816129
https://doi.org/10.34133/bmr.0017,rf_descriptors,RF: descriptors,511,69.41,129.20668770830918,59.79668770830918
https://doi.org/10.34133/bmr.0017,rf_descriptors,RF: descriptors,512,68.29,129.20668770830918,60.91668770830917
https://doi.org/10.34133/bmr.0017,rf_descriptors,RF: descriptors,513,78.37,129.20668770830918,50.83668770830917
https://doi.org/10.34133/bmr.0017,rf_combined,RF: combined,509,71.48,85.64178494277951,14.161784942779505
https://doi.org/10.34133/bmr.0017,rf_combined,RF: combined,510,82.84,85.64178494277951,2.8017849427795056
https://doi.org/10.34133/bmr.0017,rf_combined,RF: combined,511,69.41,130.3222649749139,60.91226497491391
https://doi.org/10.34133/bmr.0017,rf_combined,RF: combined,512,68.29,130.3222649749139,62.0322649749139
https://doi.org/10.34133/bmr.0017,rf_combined,RF: combined,513,78.37,130.95755497491393,52.58755497491393
https://dx.doi.org/10.1021/acs.nanolett.0c01386,baseline_mean,Mean baseline,1088,80.0,126.30030716723549,46.30030716723549
https://dx.doi.org/10.1021/acs.nanolett.0c01386,baseline_mean,Mean baseline,1089,90.0,126.30030716723549,36.30030716723549
https://dx.doi.org/10.1021/acs.nanolett.0c01386,baseline_mean,Mean baseline,1090,85.0,126.30030716723549,41.30030716723549
https://dx.doi.org/10.1021/acs.nanolett.0c01386,baseline_mean,Mean baseline,1091,95.0,126.30030716723549,31.300307167235488
https://dx.doi.org/10.1021/acs.nanolett.0c01386,baseline_mean,Mean baseline,1092,100.0,126.30030716723549,26.300307167235488
https://dx.doi.org/10.1021/acs.nanolett.0c01386,rf_composition,RF: composition,1088,80.0,109.83086132281079,29.83086132281079
https://dx.doi.org/10.1021/acs.nanolett.0c01386,rf_composition,RF: composition,1089,90.0,109.83086132281079,19.83086132281079
https://dx.doi.org/10.1021/acs.nanolett.0c01386,rf_composition,RF: composition,1090,85.0,109.83086132281079,24.83086132281079
https://dx.doi.org/10.1021/acs.nanolett.0c01386,rf_composition,RF: composition,1091,95.0,109.83086132281079,14.83086132281079
https://dx.doi.org/10.1021/acs.nanolett.0c01386,rf_composition,RF: composition,1092,100.0,109.83086132281079,9.83086132281079
https://dx.doi.org/10.1021/acs.nanolett.0c01386,rf_descriptors,RF: descriptors,1088,80.0,102.4601877604499,22.460187760449898
https://dx.doi.org/10.1021/acs.nanolett.0c01386,rf_descriptors,RF: descriptors,1089,90.0,102.4601877604499,12.460187760449898
https://dx.doi.org/10.1021/acs.nanolett.0c01386,rf_descriptors,RF: descriptors,1090,85.0,102.4601877604499,17.460187760449898
https://dx.doi.org/10.1021/acs.nanolett.0c01386,rf_descriptors,RF: descriptors,1091,95.0,102.4601877604499,7.460187760449898
https://dx.doi.org/10.1021/acs.nanolett.0c01386,rf_descriptors,RF: descriptors,1092,100.0,102.4601877604499,2.460187760449898
https://dx.doi.org/10.1021/acs.nanolett.0c01386,rf_combined,RF: combined,1088,80.0,108.68974353687382,28.68974353687382
https://dx.doi.org/10.1021/acs.nanolett.0c01386,rf_combined,RF: combined,1089,90.0,108.68974353687382,18.68974353687382
https://dx.doi.org/10.1021/acs.nanolett.0c01386,rf_combined,RF: combined,1090,85.0,108.68974353687382,23.68974353687382
https://dx.doi.org/10.1021/acs.nanolett.0c01386,rf_combined,RF: combined,1091,95.0,108.68974353687382,13.68974353687382
https://dx.doi.org/10.1021/acs.nanolett.0c01386,rf_combined,RF: combined,1092,100.0,108.68974353687382,8.68974353687382
