endpoint,endpoint_column,model_id,model_label,feature_set,fold,lnp_id,paper_doi,observed,predicted
transfection,transfection_pctile,baseline_mean,Mean baseline,none,1,959,https://doi.org/10.1038/s41587-019-0247-3,0.9883720930232558,0.5892156862745098
transfection,transfection_pctile,baseline_mean,Mean baseline,none,1,960,https://doi.org/10.1038/s41587-019-0247-3,0.8372093023255814,0.5892156862745098
transfection,transfection_pctile,baseline_mean,Mean baseline,none,1,961,https://doi.org/10.1038/s41587-019-0247-3,0.813953488372093,0.5892156862745098
transfection,transfection_pctile,baseline_mean,Mean baseline,none,1,962,https://doi.org/10.1038/s41587-019-0247-3,0.9534883720930232,0.5892156862745098
transfection,transfection_pctile,baseline_mean,Mean baseline,none,1,963,https://doi.org/10.1038/s41587-019-0247-3,0.5348837209302325,0.5892156862745098
transfection,transfection_pctile,baseline_mean,Mean baseline,none,1,964,https://doi.org/10.1038/s41587-019-0247-3,0.3255813953488372,0.5892156862745098
transfection,transfection_pctile,baseline_mean,Mean baseline,none,1,965,https://doi.org/10.1038/s41587-019-0247-3,0.3953488372093023,0.5892156862745098
transfection,transfection_pctile,baseline_mean,Mean baseline,none,1,966,https://doi.org/10.1038/s41587-019-0247-3,0.4418604651162791,0.5892156862745098
transfection,transfection_pctile,baseline_mean,Mean baseline,none,1,967,https://doi.org/10.1038/s41587-019-0247-3,0.4186046511627907,0.5892156862745098
transfection,transfection_pctile,baseline_mean,Mean baseline,none,1,968,https://doi.org/10.1038/s41587-019-0247-3,0.7906976744186046,0.5892156862745098
transfection,transfection_pctile,baseline_mean,Mean baseline,none,1,969,https://doi.org/10.1038/s41587-019-0247-3,0.2790697674418604,0.5892156862745098
transfection,transfection_pctile,baseline_mean,Mean baseline,none,1,970,https://doi.org/10.1038/s41587-019-0247-3,0.5813953488372093,0.5892156862745098
transfection,transfection_pctile,baseline_mean,Mean baseline,none,1,971,https://doi.org/10.1038/s41587-019-0247-3,0.8604651162790697,0.5892156862745098
transfection,transfection_pctile,baseline_mean,Mean baseline,none,1,972,https://doi.org/10.1038/s41587-019-0247-3,0.4767441860465116,0.5892156862745098
transfection,transfection_pctile,baseline_mean,Mean baseline,none,1,973,https://doi.org/10.1038/s41587-019-0247-3,0.7209302325581395,0.5892156862745098
transfection,transfection_pctile,baseline_mean,Mean baseline,none,1,974,https://doi.org/10.1038/s41587-019-0247-3,0.4767441860465116,0.5892156862745098
transfection,transfection_pctile,baseline_mean,Mean baseline,none,1,975,https://doi.org/10.1038/s41587-019-0247-3,0.6744186046511628,0.5892156862745098
transfection,transfection_pctile,baseline_mean,Mean baseline,none,1,976,https://doi.org/10.1038/s41587-019-0247-3,0.5813953488372093,0.5892156862745098
transfection,transfection_pctile,baseline_mean,Mean baseline,none,1,977,https://doi.org/10.1038/s41587-019-0247-3,0.3023255813953488,0.5892156862745098
transfection,transfection_pctile,baseline_mean,Mean baseline,none,1,978,https://doi.org/10.1038/s41587-019-0247-3,0.3604651162790697,0.5892156862745098
transfection,transfection_pctile,baseline_mean,Mean baseline,none,1,979,https://doi.org/10.1038/s41587-019-0247-3,0.2558139534883721,0.5892156862745098
transfection,transfection_pctile,baseline_mean,Mean baseline,none,1,980,https://doi.org/10.1038/s41587-019-0247-3,0.2325581395348837,0.5892156862745098
transfection,transfection_pctile,baseline_mean,Mean baseline,none,1,981,https://doi.org/10.1038/s41587-019-0247-3,0.9069767441860463,0.5892156862745098
transfection,transfection_pctile,baseline_mean,Mean baseline,none,1,982,https://doi.org/10.1038/s41587-019-0247-3,0.5813953488372093,0.5892156862745098
transfection,transfection_pctile,baseline_mean,Mean baseline,none,1,983,https://doi.org/10.1038/s41587-019-0247-3,0.9302325581395348,0.5892156862745098
transfection,transfection_pctile,baseline_mean,Mean baseline,none,1,984,https://doi.org/10.1038/s41587-019-0247-3,0.7674418604651163,0.5892156862745098
transfection,transfection_pctile,baseline_mean,Mean baseline,none,1,985,https://doi.org/10.1038/s41587-019-0247-3,0.7441860465116279,0.5892156862745098
transfection,transfection_pctile,baseline_mean,Mean baseline,none,1,986,https://doi.org/10.1038/s41587-019-0247-3,0.627906976744186,0.5892156862745098
transfection,transfection_pctile,baseline_mean,Mean baseline,none,1,987,https://doi.org/10.1038/s41587-019-0247-3,0.6511627906976745,0.5892156862745098
transfection,transfection_pctile,baseline_mean,Mean baseline,none,1,988,https://doi.org/10.1038/s41587-019-0247-3,0.3604651162790697,0.5892156862745098
transfection,transfection_pctile,baseline_mean,Mean baseline,none,1,989,https://doi.org/10.1038/s41587-019-0247-3,0.5116279069767442,0.5892156862745098
transfection,transfection_pctile,baseline_mean,Mean baseline,none,1,990,https://doi.org/10.1038/s41587-019-0247-3,0.9883720930232558,0.5892156862745098
transfection,transfection_pctile,baseline_mean,Mean baseline,none,1,991,https://doi.org/10.1038/s41587-019-0247-3,0.6976744186046512,0.5892156862745098
transfection,transfection_pctile,baseline_mean,Mean baseline,none,1,992,https://doi.org/10.1038/s41587-019-0247-3,0.8837209302325582,0.5892156862745098
transfection,transfection_pctile,baseline_mean,Mean baseline,none,2,2,https://doi.org/10.1038/s41467-024-50619-z,0.875,0.6094369078380707
transfection,transfection_pctile,baseline_mean,Mean baseline,none,2,3,https://doi.org/10.1038/s41467-024-50619-z,0.65625,0.6094369078380707
transfection,transfection_pctile,baseline_mean,Mean baseline,none,2,4,https://doi.org/10.1038/s41467-024-50619-z,0.75,0.6094369078380707
transfection,transfection_pctile,baseline_mean,Mean baseline,none,2,5,https://doi.org/10.1038/s41467-024-50619-z,0.8125,0.6094369078380707
transfection,transfection_pctile,baseline_mean,Mean baseline,none,2,6,https://doi.org/10.1038/s41467-024-50619-z,0.96875,0.6094369078380707
transfection,transfection_pctile,baseline_mean,Mean baseline,none,2,7,https://doi.org/10.1038/s41467-024-50619-z,0.9375,0.6094369078380707
transfection,transfection_pctile,baseline_mean,Mean baseline,none,2,8,https://doi.org/10.1038/s41467-024-50619-z,0.40625,0.6094369078380707
transfection,transfection_pctile,baseline_mean,Mean baseline,none,2,9,https://doi.org/10.1038/s41467-024-50619-z,0.375,0.6094369078380707
transfection,transfection_pctile,baseline_mean,Mean baseline,none,2,10,https://doi.org/10.1038/s41467-024-50619-z,0.6875,0.6094369078380707
transfection,transfection_pctile,baseline_mean,Mean baseline,none,2,11,https://doi.org/10.1038/s41467-024-50619-z,0.84375,0.6094369078380707
transfection,transfection_pctile,baseline_mean,Mean baseline,none,2,12,https://doi.org/10.1038/s41467-024-50619-z,1.0,0.6094369078380707
transfection,transfection_pctile,baseline_mean,Mean baseline,none,2,13,https://doi.org/10.1038/s41467-024-50619-z,0.90625,0.6094369078380707
transfection,transfection_pctile,baseline_mean,Mean baseline,none,2,14,https://doi.org/10.1038/s41467-024-50619-z,0.78125,0.6094369078380707
transfection,transfection_pctile,baseline_mean,Mean baseline,none,2,15,https://doi.org/10.1038/s41467-024-50619-z,0.46875,0.6094369078380707
transfection,transfection_pctile,baseline_mean,Mean baseline,none,2,16,https://doi.org/10.1038/s41467-024-50619-z,0.625,0.6094369078380707
transfection,transfection_pctile,baseline_mean,Mean baseline,none,2,17,https://doi.org/10.1038/s41467-024-50619-z,0.578125,0.6094369078380707
transfection,transfection_pctile,baseline_mean,Mean baseline,none,2,18,https://doi.org/10.1038/s41467-024-50619-z,0.515625,0.6094369078380707
transfection,transfection_pctile,baseline_mean,Mean baseline,none,2,19,https://doi.org/10.1038/s41467-024-50619-z,0.25,0.6094369078380707
transfection,transfection_pctile,baseline_mean,Mean baseline,none,2,20,https://doi.org/10.1038/s41467-024-50619-z,0.28125,0.6094369078380707
transfection,transfection_pctile,baseline_mean,Mean baseline,none,2,21,https://doi.org/10.1038/s41467-024-50619-z,0.3125,0.6094369078380707
transfection,transfection_pctile,baseline_mean,Mean baseline,none,2,22,https://doi.org/10.1038/s41467-024-50619-z,0.578125,0.6094369078380707
transfection,transfection_pctile,baseline_mean,Mean baseline,none,2,23,https://doi.org/10.1038/s41467-024-50619-z,0.71875,0.6094369078380707
transfection,transfection_pctile,baseline_mean,Mean baseline,none,2,24,https://doi.org/10.1038/s41467-024-50619-z,0.34375,0.6094369078380707
transfection,transfection_pctile,baseline_mean,Mean baseline,none,2,25,https://doi.org/10.1038/s41467-024-50619-z,0.09375,0.6094369078380707
transfection,transfection_pctile,baseline_mean,Mean baseline,none,2,26,https://doi.org/10.1038/s41467-024-50619-z,0.125,0.6094369078380707
transfection,transfection_pctile,baseline_mean,Mean baseline,none,2,27,https://doi.org/10.1038/s41467-024-50619-z,0.15625,0.6094369078380707
transfection,transfection_pctile,baseline_mean,Mean baseline,none,2,28,https://doi.org/10.1038/s41467-024-50619-z,0.515625,0.6094369078380707
transfection,transfection_pctile,baseline_mean,Mean baseline,none,2,29,https://doi.org/10.1038/s41467-024-50619-z,0.1875,0.6094369078380707
transfection,transfection_pctile,baseline_mean,Mean baseline,none,2,30,https://doi.org/10.1038/s41467-024-50619-z,0.4375,0.6094369078380707
transfection,transfection_pctile,baseline_mean,Mean baseline,none,3,109,10.1021/acs.nanolett.5b02497,0.5,0.6003682170542636
transfection,transfection_pctile,baseline_mean,Mean baseline,none,3,110,10.1021/acs.nanolett.5b02497,1.0,0.6003682170542636
transfection,transfection_pctile,baseline_mean,Mean baseline,none,3,113,https://doi.org/10.1016/j.ymthe.2018.03.010,0.2,0.6003682170542636
transfection,transfection_pctile,baseline_mean,Mean baseline,none,3,116,https://doi.org/10.1016/j.ymthe.2018.03.010,0.6,0.6003682170542636
transfection,transfection_pctile,baseline_mean,Mean baseline,none,3,117,https://doi.org/10.1016/j.ymthe.2018.03.010,0.6,0.6003682170542636
transfection,transfection_pctile,baseline_mean,Mean baseline,none,3,120,https://doi.org/10.1016/j.ymthe.2018.03.010,0.6,0.6003682170542636
transfection,transfection_pctile,baseline_mean,Mean baseline,none,3,122,https://doi.org/10.1016/j.ymthe.2018.03.010,1.0,0.6003682170542636
transfection,transfection_pctile,baseline_mean,Mean baseline,none,3,778,10.1002/btm2.10580,0.1666666666666666,0.6003682170542636
transfection,transfection_pctile,baseline_mean,Mean baseline,none,3,779,10.1002/btm2.10580,0.6666666666666666,0.6003682170542636
transfection,transfection_pctile,baseline_mean,Mean baseline,none,3,780,10.1002/btm2.10580,0.5,0.6003682170542636
transfection,transfection_pctile,baseline_mean,Mean baseline,none,3,781,10.1002/btm2.10580,0.5833333333333334,0.6003682170542636
transfection,transfection_pctile,baseline_mean,Mean baseline,none,3,782,10.1002/btm2.10580,0.75,0.6003682170542636
transfection,transfection_pctile,baseline_mean,Mean baseline,none,3,783,10.1002/btm2.10580,0.3333333333333333,0.6003682170542636
transfection,transfection_pctile,baseline_mean,Mean baseline,none,3,784,10.1002/btm2.10580,0.25,0.6003682170542636
transfection,transfection_pctile,baseline_mean,Mean baseline,none,3,785,10.1002/btm2.10580,0.0833333333333333,0.6003682170542636
transfection,transfection_pctile,baseline_mean,Mean baseline,none,3,786,10.1002/btm2.10580,1.0,0.6003682170542636
transfection,transfection_pctile,baseline_mean,Mean baseline,none,3,787,10.1002/btm2.10580,0.875,0.6003682170542636
transfection,transfection_pctile,baseline_mean,Mean baseline,none,3,788,10.1002/btm2.10580,0.875,0.6003682170542636
transfection,transfection_pctile,baseline_mean,Mean baseline,none,3,789,10.1002/btm2.10580,0.4166666666666667,0.6003682170542636
transfection,transfection_pctile,baseline_mean,Mean baseline,none,4,444,10.1002/anie.201809056,0.75,0.5947432170542636
transfection,transfection_pctile,baseline_mean,Mean baseline,none,4,446,10.1002/anie.201809056,1.0,0.5947432170542636
transfection,transfection_pctile,baseline_mean,Mean baseline,none,4,575,10.1002/jbm.a.37705,0.8125,0.5947432170542636
transfection,transfection_pctile,baseline_mean,Mean baseline,none,4,576,10.1002/jbm.a.37705,0.3125,0.5947432170542636
transfection,transfection_pctile,baseline_mean,Mean baseline,none,4,578,10.1002/jbm.a.37705,0.3125,0.5947432170542636
transfection,transfection_pctile,baseline_mean,Mean baseline,none,4,863,https://doi.org/10.1016/j.jconrel.2025.01.071,0.4285714285714285,0.5947432170542636
transfection,transfection_pctile,baseline_mean,Mean baseline,none,4,864,https://doi.org/10.1016/j.jconrel.2025.01.071,1.0,0.5947432170542636
transfection,transfection_pctile,baseline_mean,Mean baseline,none,4,865,https://doi.org/10.1016/j.jconrel.2025.01.071,0.1428571428571428,0.5947432170542636
transfection,transfection_pctile,baseline_mean,Mean baseline,none,4,866,https://doi.org/10.1016/j.jconrel.2025.01.071,0.7142857142857143,0.5947432170542636
transfection,transfection_pctile,baseline_mean,Mean baseline,none,4,867,https://doi.org/10.1016/j.jconrel.2025.01.071,0.5714285714285714,0.5947432170542636
transfection,transfection_pctile,baseline_mean,Mean baseline,none,4,868,https://doi.org/10.1016/j.jconrel.2025.01.071,0.2857142857142857,0.5947432170542636
transfection,transfection_pctile,baseline_mean,Mean baseline,none,4,869,https://doi.org/10.1016/j.jconrel.2025.01.071,0.8571428571428571,0.5947432170542636
transfection,transfection_pctile,baseline_mean,Mean baseline,none,4,875,https://doi.org/10.1101/2023.11.09.565872,0.6875,0.5947432170542636
transfection,transfection_pctile,baseline_mean,Mean baseline,none,4,876,https://doi.org/10.1101/2023.11.09.565872,0.6875,0.5947432170542636
transfection,transfection_pctile,baseline_mean,Mean baseline,none,4,932,https://doi.org/10.1248/cpb.c24-00089,0.6,0.5947432170542636
transfection,transfection_pctile,baseline_mean,Mean baseline,none,4,933,https://doi.org/10.1248/cpb.c24-00089,0.3,0.5947432170542636
transfection,transfection_pctile,baseline_mean,Mean baseline,none,4,934,https://doi.org/10.1248/cpb.c24-00089,0.3,0.5947432170542636
transfection,transfection_pctile,baseline_mean,Mean baseline,none,4,935,https://doi.org/10.1248/cpb.c24-00089,0.9,0.5947432170542636
transfection,transfection_pctile,baseline_mean,Mean baseline,none,4,936,https://doi.org/10.1248/cpb.c24-00089,0.9,0.5947432170542636
transfection,transfection_pctile,baseline_mean,Mean baseline,none,5,509,https://doi.org/10.34133/bmr.0017,0.8,0.5911236472484458
transfection,transfection_pctile,baseline_mean,Mean baseline,none,5,510,https://doi.org/10.34133/bmr.0017,0.4,0.5911236472484458
transfection,transfection_pctile,baseline_mean,Mean baseline,none,5,511,https://doi.org/10.34133/bmr.0017,0.2,0.5911236472484458
transfection,transfection_pctile,baseline_mean,Mean baseline,none,5,512,https://doi.org/10.34133/bmr.0017,0.6,0.5911236472484458
transfection,transfection_pctile,baseline_mean,Mean baseline,none,5,513,https://doi.org/10.34133/bmr.0017,1.0,0.5911236472484458
transfection,transfection_pctile,baseline_mean,Mean baseline,none,5,635,10.1021/jacs.2c12893,0.5,0.5911236472484458
transfection,transfection_pctile,baseline_mean,Mean baseline,none,5,637,https://doi.org/10.1016/j.jconrel.2021.11.022,0.3333333333333333,0.5911236472484458
transfection,transfection_pctile,baseline_mean,Mean baseline,none,5,639,https://doi.org/10.1016/j.jconrel.2021.11.022,1.0,0.5911236472484458
transfection,transfection_pctile,baseline_mean,Mean baseline,none,5,922,https://doi.org/10.1073/pnas.2303567120,0.8333333333333334,0.5911236472484458
transfection,transfection_pctile,baseline_mean,Mean baseline,none,5,923,https://doi.org/10.1073/pnas.2303567120,0.8333333333333334,0.5911236472484458
transfection,transfection_pctile,baseline_mean,Mean baseline,none,5,928,https://doi.org/10.1073/pnas.2303567120,0.75,0.5911236472484458
transfection,transfection_pctile,baseline_mean,Mean baseline,none,5,929,https://doi.org/10.1073/pnas.2303567120,0.75,0.5911236472484458
transfection,transfection_pctile,baseline_mean,Mean baseline,none,5,931,https://doi.org/10.1073/pnas.2303567120,0.3333333333333333,0.5911236472484458
transfection,transfection_pctile,baseline_mean,Mean baseline,none,5,1088,https://dx.doi.org/10.1021/acs.nanolett.0c01386,0.2,0.5911236472484458
transfection,transfection_pctile,baseline_mean,Mean baseline,none,5,1089,https://dx.doi.org/10.1021/acs.nanolett.0c01386,1.0,0.5911236472484458
transfection,transfection_pctile,baseline_mean,Mean baseline,none,5,1090,https://dx.doi.org/10.1021/acs.nanolett.0c01386,0.4,0.5911236472484458
transfection,transfection_pctile,baseline_mean,Mean baseline,none,5,1091,https://dx.doi.org/10.1021/acs.nanolett.0c01386,0.7,0.5911236472484458
transfection,transfection_pctile,baseline_mean,Mean baseline,none,5,1092,https://dx.doi.org/10.1021/acs.nanolett.0c01386,0.7,0.5911236472484458
transfection,transfection_pctile,ridge_composition,Ridge: composition,composition,1,959,https://doi.org/10.1038/s41587-019-0247-3,0.9883720930232558,0.5891938469701631
transfection,transfection_pctile,ridge_composition,Ridge: composition,composition,1,960,https://doi.org/10.1038/s41587-019-0247-3,0.8372093023255814,0.5825349636183169
transfection,transfection_pctile,ridge_composition,Ridge: composition,composition,1,961,https://doi.org/10.1038/s41587-019-0247-3,0.813953488372093,0.5750465879117297
transfection,transfection_pctile,ridge_composition,Ridge: composition,composition,1,962,https://doi.org/10.1038/s41587-019-0247-3,0.9534883720930232,0.5816870312534659
transfection,transfection_pctile,ridge_composition,Ridge: composition,composition,1,963,https://doi.org/10.1038/s41587-019-0247-3,0.5348837209302325,0.5750465879117297
transfection,transfection_pctile,ridge_composition,Ridge: composition,composition,1,964,https://doi.org/10.1038/s41587-019-0247-3,0.3255813953488372,0.5815940399008223
transfection,transfection_pctile,ridge_composition,Ridge: composition,composition,1,965,https://doi.org/10.1038/s41587-019-0247-3,0.3953488372093023,0.5656385532547641
transfection,transfection_pctile,ridge_composition,Ridge: composition,composition,1,966,https://doi.org/10.1038/s41587-019-0247-3,0.4418604651162791,0.55695739055392
transfection,transfection_pctile,ridge_composition,Ridge: composition,composition,1,967,https://doi.org/10.1038/s41587-019-0247-3,0.4186046511627907,0.5750465879117297
transfection,transfection_pctile,ridge_composition,Ridge: composition,composition,1,968,https://doi.org/10.1038/s41587-019-0247-3,0.7906976744186046,0.5750465879117297
transfection,transfection_pctile,ridge_composition,Ridge: composition,composition,1,969,https://doi.org/10.1038/s41587-019-0247-3,0.2790697674418604,0.558924859622311
transfection,transfection_pctile,ridge_composition,Ridge: composition,composition,1,970,https://doi.org/10.1038/s41587-019-0247-3,0.5813953488372093,0.5750465879117297
transfection,transfection_pctile,ridge_composition,Ridge: composition,composition,1,971,https://doi.org/10.1038/s41587-019-0247-3,0.8604651162790697,0.5875530129047692
transfection,transfection_pctile,ridge_composition,Ridge: composition,composition,1,972,https://doi.org/10.1038/s41587-019-0247-3,0.4767441860465116,0.5822031422323724
transfection,transfection_pctile,ridge_composition,Ridge: composition,composition,1,973,https://doi.org/10.1038/s41587-019-0247-3,0.7209302325581395,0.5750465879117297
transfection,transfection_pctile,ridge_composition,Ridge: composition,composition,1,974,https://doi.org/10.1038/s41587-019-0247-3,0.4767441860465116,0.598601256252978
transfection,transfection_pctile,ridge_composition,Ridge: composition,composition,1,975,https://doi.org/10.1038/s41587-019-0247-3,0.6744186046511628,0.5932457945330114
transfection,transfection_pctile,ridge_composition,Ridge: composition,composition,1,976,https://doi.org/10.1038/s41587-019-0247-3,0.5813953488372093,0.5750465879117297
transfection,transfection_pctile,ridge_composition,Ridge: composition,composition,1,977,https://doi.org/10.1038/s41587-019-0247-3,0.3023255813953488,0.5657104882337199
transfection,transfection_pctile,ridge_composition,Ridge: composition,composition,1,978,https://doi.org/10.1038/s41587-019-0247-3,0.3604651162790697,0.5641887495212915
transfection,transfection_pctile,ridge_composition,Ridge: composition,composition,1,979,https://doi.org/10.1038/s41587-019-0247-3,0.2558139534883721,0.5421683737976659
transfection,transfection_pctile,ridge_composition,Ridge: composition,composition,1,980,https://doi.org/10.1038/s41587-019-0247-3,0.2325581395348837,0.5462381864429927
transfection,transfection_pctile,ridge_composition,Ridge: composition,composition,1,981,https://doi.org/10.1038/s41587-019-0247-3,0.9069767441860463,0.5890247840646912
transfection,transfection_pctile,ridge_composition,Ridge: composition,composition,1,982,https://doi.org/10.1038/s41587-019-0247-3,0.5813953488372093,0.5673523686482986
transfection,transfection_pctile,ridge_composition,Ridge: composition,composition,1,983,https://doi.org/10.1038/s41587-019-0247-3,0.9302325581395348,0.5890247840646912
transfection,transfection_pctile,ridge_composition,Ridge: composition,composition,1,984,https://doi.org/10.1038/s41587-019-0247-3,0.7674418604651163,0.5890247840646912
transfection,transfection_pctile,ridge_composition,Ridge: composition,composition,1,985,https://doi.org/10.1038/s41587-019-0247-3,0.7441860465116279,0.5825349636183169
transfection,transfection_pctile,ridge_composition,Ridge: composition,composition,1,986,https://doi.org/10.1038/s41587-019-0247-3,0.627906976744186,0.5805695828379531
transfection,transfection_pctile,ridge_composition,Ridge: composition,composition,1,987,https://doi.org/10.1038/s41587-019-0247-3,0.6511627906976745,0.5859741992177929
transfection,transfection_pctile,ridge_composition,Ridge: composition,composition,1,988,https://doi.org/10.1038/s41587-019-0247-3,0.3604651162790697,0.5864823745233039
transfection,transfection_pctile,ridge_composition,Ridge: composition,composition,1,989,https://doi.org/10.1038/s41587-019-0247-3,0.5116279069767442,0.5831797230590066
transfection,transfection_pctile,ridge_composition,Ridge: composition,composition,1,990,https://doi.org/10.1038/s41587-019-0247-3,0.9883720930232558,0.5891938469701631
transfection,transfection_pctile,ridge_composition,Ridge: composition,composition,1,991,https://doi.org/10.1038/s41587-019-0247-3,0.6976744186046512,0.5837376173611372
transfection,transfection_pctile,ridge_composition,Ridge: composition,composition,1,992,https://doi.org/10.1038/s41587-019-0247-3,0.8837209302325582,0.5901784264568629
transfection,transfection_pctile,ridge_composition,Ridge: composition,composition,2,2,https://doi.org/10.1038/s41467-024-50619-z,0.875,0.6981842446732388
transfection,transfection_pctile,ridge_composition,Ridge: composition,composition,2,3,https://doi.org/10.1038/s41467-024-50619-z,0.65625,0.6981842446732388
transfection,transfection_pctile,ridge_composition,Ridge: composition,composition,2,4,https://doi.org/10.1038/s41467-024-50619-z,0.75,0.6981842446732388
transfection,transfection_pctile,ridge_composition,Ridge: composition,composition,2,5,https://doi.org/10.1038/s41467-024-50619-z,0.8125,0.6981842446732388
transfection,transfection_pctile,ridge_composition,Ridge: composition,composition,2,6,https://doi.org/10.1038/s41467-024-50619-z,0.96875,0.6981842446732388
transfection,transfection_pctile,ridge_composition,Ridge: composition,composition,2,7,https://doi.org/10.1038/s41467-024-50619-z,0.9375,0.6981842446732388
transfection,transfection_pctile,ridge_composition,Ridge: composition,composition,2,8,https://doi.org/10.1038/s41467-024-50619-z,0.40625,0.6981842446732388
transfection,transfection_pctile,ridge_composition,Ridge: composition,composition,2,9,https://doi.org/10.1038/s41467-024-50619-z,0.375,0.6981842446732388
transfection,transfection_pctile,ridge_composition,Ridge: composition,composition,2,10,https://doi.org/10.1038/s41467-024-50619-z,0.6875,0.6981842446732388
transfection,transfection_pctile,ridge_composition,Ridge: composition,composition,2,11,https://doi.org/10.1038/s41467-024-50619-z,0.84375,0.6981842446732388
transfection,transfection_pctile,ridge_composition,Ridge: composition,composition,2,12,https://doi.org/10.1038/s41467-024-50619-z,1.0,0.6981842446732388
transfection,transfection_pctile,ridge_composition,Ridge: composition,composition,2,13,https://doi.org/10.1038/s41467-024-50619-z,0.90625,0.6981842446732388
transfection,transfection_pctile,ridge_composition,Ridge: composition,composition,2,14,https://doi.org/10.1038/s41467-024-50619-z,0.78125,0.6981842446732388
transfection,transfection_pctile,ridge_composition,Ridge: composition,composition,2,15,https://doi.org/10.1038/s41467-024-50619-z,0.46875,0.6981842446732388
transfection,transfection_pctile,ridge_composition,Ridge: composition,composition,2,16,https://doi.org/10.1038/s41467-024-50619-z,0.625,0.6981842446732388
transfection,transfection_pctile,ridge_composition,Ridge: composition,composition,2,17,https://doi.org/10.1038/s41467-024-50619-z,0.578125,0.6981842446732388
transfection,transfection_pctile,ridge_composition,Ridge: composition,composition,2,18,https://doi.org/10.1038/s41467-024-50619-z,0.515625,0.6981842446732388
transfection,transfection_pctile,ridge_composition,Ridge: composition,composition,2,19,https://doi.org/10.1038/s41467-024-50619-z,0.25,0.6981842446732388
transfection,transfection_pctile,ridge_composition,Ridge: composition,composition,2,20,https://doi.org/10.1038/s41467-024-50619-z,0.28125,0.6981842446732388
transfection,transfection_pctile,ridge_composition,Ridge: composition,composition,2,21,https://doi.org/10.1038/s41467-024-50619-z,0.3125,0.6981842446732388
transfection,transfection_pctile,ridge_composition,Ridge: composition,composition,2,22,https://doi.org/10.1038/s41467-024-50619-z,0.578125,0.6981842446732388
transfection,transfection_pctile,ridge_composition,Ridge: composition,composition,2,23,https://doi.org/10.1038/s41467-024-50619-z,0.71875,0.6981842446732388
transfection,transfection_pctile,ridge_composition,Ridge: composition,composition,2,24,https://doi.org/10.1038/s41467-024-50619-z,0.34375,0.6981842446732388
transfection,transfection_pctile,ridge_composition,Ridge: composition,composition,2,25,https://doi.org/10.1038/s41467-024-50619-z,0.09375,0.6981842446732388
transfection,transfection_pctile,ridge_composition,Ridge: composition,composition,2,26,https://doi.org/10.1038/s41467-024-50619-z,0.125,0.6981842446732388
transfection,transfection_pctile,ridge_composition,Ridge: composition,composition,2,27,https://doi.org/10.1038/s41467-024-50619-z,0.15625,0.6981842446732388
transfection,transfection_pctile,ridge_composition,Ridge: composition,composition,2,28,https://doi.org/10.1038/s41467-024-50619-z,0.515625,0.6981842446732388
transfection,transfection_pctile,ridge_composition,Ridge: composition,composition,2,29,https://doi.org/10.1038/s41467-024-50619-z,0.1875,0.6981842446732388
transfection,transfection_pctile,ridge_composition,Ridge: composition,composition,2,30,https://doi.org/10.1038/s41467-024-50619-z,0.4375,0.6981842446732388
transfection,transfection_pctile,ridge_composition,Ridge: composition,composition,3,109,10.1021/acs.nanolett.5b02497,0.5,0.6478091542932207
transfection,transfection_pctile,ridge_composition,Ridge: composition,composition,3,110,10.1021/acs.nanolett.5b02497,1.0,0.6746420830550008
transfection,transfection_pctile,ridge_composition,Ridge: composition,composition,3,113,https://doi.org/10.1016/j.ymthe.2018.03.010,0.2,0.5835494270862026
transfection,transfection_pctile,ridge_composition,Ridge: composition,composition,3,116,https://doi.org/10.1016/j.ymthe.2018.03.010,0.6,0.5835494270862026
transfection,transfection_pctile,ridge_composition,Ridge: composition,composition,3,117,https://doi.org/10.1016/j.ymthe.2018.03.010,0.6,0.5835494270862026
transfection,transfection_pctile,ridge_composition,Ridge: composition,composition,3,120,https://doi.org/10.1016/j.ymthe.2018.03.010,0.6,0.5835494270862026
transfection,transfection_pctile,ridge_composition,Ridge: composition,composition,3,122,https://doi.org/10.1016/j.ymthe.2018.03.010,1.0,0.5835494270862026
transfection,transfection_pctile,ridge_composition,Ridge: composition,composition,3,778,10.1002/btm2.10580,0.1666666666666666,0.5374530727344676
transfection,transfection_pctile,ridge_composition,Ridge: composition,composition,3,779,10.1002/btm2.10580,0.6666666666666666,0.567590349462195
transfection,transfection_pctile,ridge_composition,Ridge: composition,composition,3,780,10.1002/btm2.10580,0.5,0.5932077864167746
transfection,transfection_pctile,ridge_composition,Ridge: composition,composition,3,781,10.1002/btm2.10580,0.5833333333333334,0.5835494270862026
transfection,transfection_pctile,ridge_composition,Ridge: composition,composition,3,782,10.1002/btm2.10580,0.75,0.567590349462195
transfection,transfection_pctile,ridge_composition,Ridge: composition,composition,3,783,10.1002/btm2.10580,0.3333333333333333,0.5835494270862026
transfection,transfection_pctile,ridge_composition,Ridge: composition,composition,3,784,10.1002/btm2.10580,0.25,0.567590349462195
transfection,transfection_pctile,ridge_composition,Ridge: composition,composition,3,785,10.1002/btm2.10580,0.0833333333333333,0.5921827003506751
transfection,transfection_pctile,ridge_composition,Ridge: composition,composition,3,786,10.1002/btm2.10580,1.0,0.567590349462195
transfection,transfection_pctile,ridge_composition,Ridge: composition,composition,3,787,10.1002/btm2.10580,0.875,0.567590349462195
transfection,transfection_pctile,ridge_composition,Ridge: composition,composition,3,788,10.1002/btm2.10580,0.875,0.567590349462195
transfection,transfection_pctile,ridge_composition,Ridge: composition,composition,3,789,10.1002/btm2.10580,0.4166666666666667,0.567590349462195
transfection,transfection_pctile,ridge_composition,Ridge: composition,composition,4,444,10.1002/anie.201809056,0.75,0.6233334951209698
transfection,transfection_pctile,ridge_composition,Ridge: composition,composition,4,446,10.1002/anie.201809056,1.0,0.6233334951209698
transfection,transfection_pctile,ridge_composition,Ridge: composition,composition,4,575,10.1002/jbm.a.37705,0.8125,0.6233334951209698
transfection,transfection_pctile,ridge_composition,Ridge: composition,composition,4,576,10.1002/jbm.a.37705,0.3125,0.6233334951209698
transfection,transfection_pctile,ridge_composition,Ridge: composition,composition,4,578,10.1002/jbm.a.37705,0.3125,0.6233334951209698
transfection,transfection_pctile,ridge_composition,Ridge: composition,composition,4,863,https://doi.org/10.1016/j.jconrel.2025.01.071,0.4285714285714285,0.576662003918288
transfection,transfection_pctile,ridge_composition,Ridge: composition,composition,4,864,https://doi.org/10.1016/j.jconrel.2025.01.071,1.0,0.576662003918288
transfection,transfection_pctile,ridge_composition,Ridge: composition,composition,4,865,https://doi.org/10.1016/j.jconrel.2025.01.071,0.1428571428571428,0.576662003918288
transfection,transfection_pctile,ridge_composition,Ridge: composition,composition,4,866,https://doi.org/10.1016/j.jconrel.2025.01.071,0.7142857142857143,0.576662003918288
transfection,transfection_pctile,ridge_composition,Ridge: composition,composition,4,867,https://doi.org/10.1016/j.jconrel.2025.01.071,0.5714285714285714,0.576662003918288
transfection,transfection_pctile,ridge_composition,Ridge: composition,composition,4,868,https://doi.org/10.1016/j.jconrel.2025.01.071,0.2857142857142857,0.576662003918288
transfection,transfection_pctile,ridge_composition,Ridge: composition,composition,4,869,https://doi.org/10.1016/j.jconrel.2025.01.071,0.8571428571428571,0.576662003918288
transfection,transfection_pctile,ridge_composition,Ridge: composition,composition,4,875,https://doi.org/10.1101/2023.11.09.565872,0.6875,0.544534381310598
transfection,transfection_pctile,ridge_composition,Ridge: composition,composition,4,876,https://doi.org/10.1101/2023.11.09.565872,0.6875,0.544534381310598
transfection,transfection_pctile,ridge_composition,Ridge: composition,composition,4,932,https://doi.org/10.1248/cpb.c24-00089,0.6,0.5621838793260033
transfection,transfection_pctile,ridge_composition,Ridge: composition,composition,4,933,https://doi.org/10.1248/cpb.c24-00089,0.3,0.5621838793260033
transfection,transfection_pctile,ridge_composition,Ridge: composition,composition,4,934,https://doi.org/10.1248/cpb.c24-00089,0.3,0.5621838793260033
transfection,transfection_pctile,ridge_composition,Ridge: composition,composition,4,935,https://doi.org/10.1248/cpb.c24-00089,0.9,0.5621838793260033
transfection,transfection_pctile,ridge_composition,Ridge: composition,composition,4,936,https://doi.org/10.1248/cpb.c24-00089,0.9,0.5621838793260033
transfection,transfection_pctile,ridge_composition,Ridge: composition,composition,5,509,https://doi.org/10.34133/bmr.0017,0.8,0.5780287439221402
transfection,transfection_pctile,ridge_composition,Ridge: composition,composition,5,510,https://doi.org/10.34133/bmr.0017,0.4,0.5780287439221402
transfection,transfection_pctile,ridge_composition,Ridge: composition,composition,5,511,https://doi.org/10.34133/bmr.0017,0.2,0.6144786422451791
transfection,transfection_pctile,ridge_composition,Ridge: composition,composition,5,512,https://doi.org/10.34133/bmr.0017,0.6,0.6144786422451791
transfection,transfection_pctile,ridge_composition,Ridge: composition,composition,5,513,https://doi.org/10.34133/bmr.0017,1.0,0.6038647371569722
transfection,transfection_pctile,ridge_composition,Ridge: composition,composition,5,635,10.1021/jacs.2c12893,0.5,0.6161435737175144
transfection,transfection_pctile,ridge_composition,Ridge: composition,composition,5,637,https://doi.org/10.1016/j.jconrel.2021.11.022,0.3333333333333333,0.6161435737175144
transfection,transfection_pctile,ridge_composition,Ridge: composition,composition,5,639,https://doi.org/10.1016/j.jconrel.2021.11.022,1.0,0.6161435737175144
transfection,transfection_pctile,ridge_composition,Ridge: composition,composition,5,922,https://doi.org/10.1073/pnas.2303567120,0.8333333333333334,0.6630864197056716
transfection,transfection_pctile,ridge_composition,Ridge: composition,composition,5,923,https://doi.org/10.1073/pnas.2303567120,0.8333333333333334,0.6630864197056716
transfection,transfection_pctile,ridge_composition,Ridge: composition,composition,5,928,https://doi.org/10.1073/pnas.2303567120,0.75,0.6630864197056716
transfection,transfection_pctile,ridge_composition,Ridge: composition,composition,5,929,https://doi.org/10.1073/pnas.2303567120,0.75,0.6630864197056716
transfection,transfection_pctile,ridge_composition,Ridge: composition,composition,5,931,https://doi.org/10.1073/pnas.2303567120,0.3333333333333333,0.6630864197056716
transfection,transfection_pctile,ridge_composition,Ridge: composition,composition,5,1088,https://dx.doi.org/10.1021/acs.nanolett.0c01386,0.2,0.6630864197056716
transfection,transfection_pctile,ridge_composition,Ridge: composition,composition,5,1089,https://dx.doi.org/10.1021/acs.nanolett.0c01386,1.0,0.6630864197056716
transfection,transfection_pctile,ridge_composition,Ridge: composition,composition,5,1090,https://dx.doi.org/10.1021/acs.nanolett.0c01386,0.4,0.6630864197056716
transfection,transfection_pctile,ridge_composition,Ridge: composition,composition,5,1091,https://dx.doi.org/10.1021/acs.nanolett.0c01386,0.7,0.6630864197056716
transfection,transfection_pctile,ridge_composition,Ridge: composition,composition,5,1092,https://dx.doi.org/10.1021/acs.nanolett.0c01386,0.7,0.6630864197056716
transfection,transfection_pctile,rf_composition,RF: composition,composition,1,959,https://doi.org/10.1038/s41587-019-0247-3,0.9883720930232558,0.5409258058161941
transfection,transfection_pctile,rf_composition,RF: composition,composition,1,960,https://doi.org/10.1038/s41587-019-0247-3,0.8372093023255814,0.5699945463066629
transfection,transfection_pctile,rf_composition,RF: composition,composition,1,961,https://doi.org/10.1038/s41587-019-0247-3,0.813953488372093,0.5889880078741326
transfection,transfection_pctile,rf_composition,RF: composition,composition,1,962,https://doi.org/10.1038/s41587-019-0247-3,0.9534883720930232,0.6000365229263136
transfection,transfection_pctile,rf_composition,RF: composition,composition,1,963,https://doi.org/10.1038/s41587-019-0247-3,0.5348837209302325,0.5889880078741326
transfection,transfection_pctile,rf_composition,RF: composition,composition,1,964,https://doi.org/10.1038/s41587-019-0247-3,0.3255813953488372,0.589029751804626
transfection,transfection_pctile,rf_composition,RF: composition,composition,1,965,https://doi.org/10.1038/s41587-019-0247-3,0.3953488372093023,0.637615266061992
transfection,transfection_pctile,rf_composition,RF: composition,composition,1,966,https://doi.org/10.1038/s41587-019-0247-3,0.4418604651162791,0.6320540015969943
transfection,transfection_pctile,rf_composition,RF: composition,composition,1,967,https://doi.org/10.1038/s41587-019-0247-3,0.4186046511627907,0.5889880078741326
transfection,transfection_pctile,rf_composition,RF: composition,composition,1,968,https://doi.org/10.1038/s41587-019-0247-3,0.7906976744186046,0.5889880078741326
transfection,transfection_pctile,rf_composition,RF: composition,composition,1,969,https://doi.org/10.1038/s41587-019-0247-3,0.2790697674418604,0.6320540015969943
transfection,transfection_pctile,rf_composition,RF: composition,composition,1,970,https://doi.org/10.1038/s41587-019-0247-3,0.5813953488372093,0.5889880078741326
transfection,transfection_pctile,rf_composition,RF: composition,composition,1,971,https://doi.org/10.1038/s41587-019-0247-3,0.8604651162790697,0.5662024348296051
transfection,transfection_pctile,rf_composition,RF: composition,composition,1,972,https://doi.org/10.1038/s41587-019-0247-3,0.4767441860465116,0.5880193638967276
transfection,transfection_pctile,rf_composition,RF: composition,composition,1,973,https://doi.org/10.1038/s41587-019-0247-3,0.7209302325581395,0.5889880078741326
transfection,transfection_pctile,rf_composition,RF: composition,composition,1,974,https://doi.org/10.1038/s41587-019-0247-3,0.4767441860465116,0.5497036714926253
transfection,transfection_pctile,rf_composition,RF: composition,composition,1,975,https://doi.org/10.1038/s41587-019-0247-3,0.6744186046511628,0.5986002585110789
transfection,transfection_pctile,rf_composition,RF: composition,composition,1,976,https://doi.org/10.1038/s41587-019-0247-3,0.5813953488372093,0.5889880078741326
transfection,transfection_pctile,rf_composition,RF: composition,composition,1,977,https://doi.org/10.1038/s41587-019-0247-3,0.3023255813953488,0.6142774109103524
transfection,transfection_pctile,rf_composition,RF: composition,composition,1,978,https://doi.org/10.1038/s41587-019-0247-3,0.3604651162790697,0.6000365229263136
transfection,transfection_pctile,rf_composition,RF: composition,composition,1,979,https://doi.org/10.1038/s41587-019-0247-3,0.2558139534883721,0.5889880078741326
transfection,transfection_pctile,rf_composition,RF: composition,composition,1,980,https://doi.org/10.1038/s41587-019-0247-3,0.2325581395348837,0.6377676790666075
transfection,transfection_pctile,rf_composition,RF: composition,composition,1,981,https://doi.org/10.1038/s41587-019-0247-3,0.9069767441860463,0.5709818737377316
transfection,transfection_pctile,rf_composition,RF: composition,composition,1,982,https://doi.org/10.1038/s41587-019-0247-3,0.5813953488372093,0.6000365229263136
transfection,transfection_pctile,rf_composition,RF: composition,composition,1,983,https://doi.org/10.1038/s41587-019-0247-3,0.9302325581395348,0.5709818737377316
transfection,transfection_pctile,rf_composition,RF: composition,composition,1,984,https://doi.org/10.1038/s41587-019-0247-3,0.7674418604651163,0.5709818737377316
transfection,transfection_pctile,rf_composition,RF: composition,composition,1,985,https://doi.org/10.1038/s41587-019-0247-3,0.7441860465116279,0.5699945463066629
transfection,transfection_pctile,rf_composition,RF: composition,composition,1,986,https://doi.org/10.1038/s41587-019-0247-3,0.627906976744186,0.5688179757640088
transfection,transfection_pctile,rf_composition,RF: composition,composition,1,987,https://doi.org/10.1038/s41587-019-0247-3,0.6511627906976745,0.567615600921124
transfection,transfection_pctile,rf_composition,RF: composition,composition,1,988,https://doi.org/10.1038/s41587-019-0247-3,0.3604651162790697,0.5880193638967276
transfection,transfection_pctile,rf_composition,RF: composition,composition,1,989,https://doi.org/10.1038/s41587-019-0247-3,0.5116279069767442,0.5708049026669086
transfection,transfection_pctile,rf_composition,RF: composition,composition,1,990,https://doi.org/10.1038/s41587-019-0247-3,0.9883720930232558,0.5409258058161941
transfection,transfection_pctile,rf_composition,RF: composition,composition,1,991,https://doi.org/10.1038/s41587-019-0247-3,0.6976744186046512,0.5880283409191586
transfection,transfection_pctile,rf_composition,RF: composition,composition,1,992,https://doi.org/10.1038/s41587-019-0247-3,0.8837209302325582,0.5709818737377316
transfection,transfection_pctile,rf_composition,RF: composition,composition,2,2,https://doi.org/10.1038/s41467-024-50619-z,0.875,0.6964964886376246
transfection,transfection_pctile,rf_composition,RF: composition,composition,2,3,https://doi.org/10.1038/s41467-024-50619-z,0.65625,0.6964964886376246
transfection,transfection_pctile,rf_composition,RF: composition,composition,2,4,https://doi.org/10.1038/s41467-024-50619-z,0.75,0.6964964886376246
transfection,transfection_pctile,rf_composition,RF: composition,composition,2,5,https://doi.org/10.1038/s41467-024-50619-z,0.8125,0.6964964886376246
transfection,transfection_pctile,rf_composition,RF: composition,composition,2,6,https://doi.org/10.1038/s41467-024-50619-z,0.96875,0.6964964886376246
transfection,transfection_pctile,rf_composition,RF: composition,composition,2,7,https://doi.org/10.1038/s41467-024-50619-z,0.9375,0.6964964886376246
transfection,transfection_pctile,rf_composition,RF: composition,composition,2,8,https://doi.org/10.1038/s41467-024-50619-z,0.40625,0.6964964886376246
transfection,transfection_pctile,rf_composition,RF: composition,composition,2,9,https://doi.org/10.1038/s41467-024-50619-z,0.375,0.6964964886376246
transfection,transfection_pctile,rf_composition,RF: composition,composition,2,10,https://doi.org/10.1038/s41467-024-50619-z,0.6875,0.6964964886376246
transfection,transfection_pctile,rf_composition,RF: composition,composition,2,11,https://doi.org/10.1038/s41467-024-50619-z,0.84375,0.6964964886376246
transfection,transfection_pctile,rf_composition,RF: composition,composition,2,12,https://doi.org/10.1038/s41467-024-50619-z,1.0,0.6964964886376246
transfection,transfection_pctile,rf_composition,RF: composition,composition,2,13,https://doi.org/10.1038/s41467-024-50619-z,0.90625,0.6964964886376246
transfection,transfection_pctile,rf_composition,RF: composition,composition,2,14,https://doi.org/10.1038/s41467-024-50619-z,0.78125,0.6964964886376246
transfection,transfection_pctile,rf_composition,RF: composition,composition,2,15,https://doi.org/10.1038/s41467-024-50619-z,0.46875,0.6964964886376246
transfection,transfection_pctile,rf_composition,RF: composition,composition,2,16,https://doi.org/10.1038/s41467-024-50619-z,0.625,0.6964964886376246
transfection,transfection_pctile,rf_composition,RF: composition,composition,2,17,https://doi.org/10.1038/s41467-024-50619-z,0.578125,0.6964964886376246
transfection,transfection_pctile,rf_composition,RF: composition,composition,2,18,https://doi.org/10.1038/s41467-024-50619-z,0.515625,0.6964964886376246
transfection,transfection_pctile,rf_composition,RF: composition,composition,2,19,https://doi.org/10.1038/s41467-024-50619-z,0.25,0.6964964886376246
transfection,transfection_pctile,rf_composition,RF: composition,composition,2,20,https://doi.org/10.1038/s41467-024-50619-z,0.28125,0.6964964886376246
transfection,transfection_pctile,rf_composition,RF: composition,composition,2,21,https://doi.org/10.1038/s41467-024-50619-z,0.3125,0.6964964886376246
transfection,transfection_pctile,rf_composition,RF: composition,composition,2,22,https://doi.org/10.1038/s41467-024-50619-z,0.578125,0.6964964886376246
transfection,transfection_pctile,rf_composition,RF: composition,composition,2,23,https://doi.org/10.1038/s41467-024-50619-z,0.71875,0.6964964886376246
transfection,transfection_pctile,rf_composition,RF: composition,composition,2,24,https://doi.org/10.1038/s41467-024-50619-z,0.34375,0.6964964886376246
transfection,transfection_pctile,rf_composition,RF: composition,composition,2,25,https://doi.org/10.1038/s41467-024-50619-z,0.09375,0.6964964886376246
transfection,transfection_pctile,rf_composition,RF: composition,composition,2,26,https://doi.org/10.1038/s41467-024-50619-z,0.125,0.6964964886376246
transfection,transfection_pctile,rf_composition,RF: composition,composition,2,27,https://doi.org/10.1038/s41467-024-50619-z,0.15625,0.6964964886376246
transfection,transfection_pctile,rf_composition,RF: composition,composition,2,28,https://doi.org/10.1038/s41467-024-50619-z,0.515625,0.6964964886376246
transfection,transfection_pctile,rf_composition,RF: composition,composition,2,29,https://doi.org/10.1038/s41467-024-50619-z,0.1875,0.6964964886376246
transfection,transfection_pctile,rf_composition,RF: composition,composition,2,30,https://doi.org/10.1038/s41467-024-50619-z,0.4375,0.6964964886376246
transfection,transfection_pctile,rf_composition,RF: composition,composition,3,109,10.1021/acs.nanolett.5b02497,0.5,0.6504898751710836
transfection,transfection_pctile,rf_composition,RF: composition,composition,3,110,10.1021/acs.nanolett.5b02497,1.0,0.6704961014848803
transfection,transfection_pctile,rf_composition,RF: composition,composition,3,113,https://doi.org/10.1016/j.ymthe.2018.03.010,0.2,0.6057725534121607
transfection,transfection_pctile,rf_composition,RF: composition,composition,3,116,https://doi.org/10.1016/j.ymthe.2018.03.010,0.6,0.6057725534121607
transfection,transfection_pctile,rf_composition,RF: composition,composition,3,117,https://doi.org/10.1016/j.ymthe.2018.03.010,0.6,0.6057725534121607
transfection,transfection_pctile,rf_composition,RF: composition,composition,3,120,https://doi.org/10.1016/j.ymthe.2018.03.010,0.6,0.6057725534121607
transfection,transfection_pctile,rf_composition,RF: composition,composition,3,122,https://doi.org/10.1016/j.ymthe.2018.03.010,1.0,0.6057725534121607
transfection,transfection_pctile,rf_composition,RF: composition,composition,3,778,10.1002/btm2.10580,0.1666666666666666,0.48641422228759906
transfection,transfection_pctile,rf_composition,RF: composition,composition,3,779,10.1002/btm2.10580,0.6666666666666666,0.6572100600177609
transfection,transfection_pctile,rf_composition,RF: composition,composition,3,780,10.1002/btm2.10580,0.5,0.6407739657068728
transfection,transfection_pctile,rf_composition,RF: composition,composition,3,781,10.1002/btm2.10580,0.5833333333333334,0.6057725534121607
transfection,transfection_pctile,rf_composition,RF: composition,composition,3,782,10.1002/btm2.10580,0.75,0.6572100600177609
transfection,transfection_pctile,rf_composition,RF: composition,composition,3,783,10.1002/btm2.10580,0.3333333333333333,0.6057725534121607
transfection,transfection_pctile,rf_composition,RF: composition,composition,3,784,10.1002/btm2.10580,0.25,0.6572100600177609
transfection,transfection_pctile,rf_composition,RF: composition,composition,3,785,10.1002/btm2.10580,0.0833333333333333,0.5747449287300844
transfection,transfection_pctile,rf_composition,RF: composition,composition,3,786,10.1002/btm2.10580,1.0,0.6572100600177609
transfection,transfection_pctile,rf_composition,RF: composition,composition,3,787,10.1002/btm2.10580,0.875,0.6572100600177609
transfection,transfection_pctile,rf_composition,RF: composition,composition,3,788,10.1002/btm2.10580,0.875,0.6572100600177609
transfection,transfection_pctile,rf_composition,RF: composition,composition,3,789,10.1002/btm2.10580,0.4166666666666667,0.6572100600177609
transfection,transfection_pctile,rf_composition,RF: composition,composition,4,444,10.1002/anie.201809056,0.75,0.5877831406539991
transfection,transfection_pctile,rf_composition,RF: composition,composition,4,446,10.1002/anie.201809056,1.0,0.5877831406539991
transfection,transfection_pctile,rf_composition,RF: composition,composition,4,575,10.1002/jbm.a.37705,0.8125,0.5877831406539991
transfection,transfection_pctile,rf_composition,RF: composition,composition,4,576,10.1002/jbm.a.37705,0.3125,0.5877831406539991
transfection,transfection_pctile,rf_composition,RF: composition,composition,4,578,10.1002/jbm.a.37705,0.3125,0.5877831406539991
transfection,transfection_pctile,rf_composition,RF: composition,composition,4,863,https://doi.org/10.1016/j.jconrel.2025.01.071,0.4285714285714285,0.4567317870931003
transfection,transfection_pctile,rf_composition,RF: composition,composition,4,864,https://doi.org/10.1016/j.jconrel.2025.01.071,1.0,0.4567317870931003
transfection,transfection_pctile,rf_composition,RF: composition,composition,4,865,https://doi.org/10.1016/j.jconrel.2025.01.071,0.1428571428571428,0.4567317870931003
transfection,transfection_pctile,rf_composition,RF: composition,composition,4,866,https://doi.org/10.1016/j.jconrel.2025.01.071,0.7142857142857143,0.4567317870931003
transfection,transfection_pctile,rf_composition,RF: composition,composition,4,867,https://doi.org/10.1016/j.jconrel.2025.01.071,0.5714285714285714,0.4567317870931003
transfection,transfection_pctile,rf_composition,RF: composition,composition,4,868,https://doi.org/10.1016/j.jconrel.2025.01.071,0.2857142857142857,0.4567317870931003
transfection,transfection_pctile,rf_composition,RF: composition,composition,4,869,https://doi.org/10.1016/j.jconrel.2025.01.071,0.8571428571428571,0.4567317870931003
transfection,transfection_pctile,rf_composition,RF: composition,composition,4,875,https://doi.org/10.1101/2023.11.09.565872,0.6875,0.6831707761569834
transfection,transfection_pctile,rf_composition,RF: composition,composition,4,876,https://doi.org/10.1101/2023.11.09.565872,0.6875,0.6831707761569834
transfection,transfection_pctile,rf_composition,RF: composition,composition,4,932,https://doi.org/10.1248/cpb.c24-00089,0.6,0.5605123124492262
transfection,transfection_pctile,rf_composition,RF: composition,composition,4,933,https://doi.org/10.1248/cpb.c24-00089,0.3,0.5605123124492262
transfection,transfection_pctile,rf_composition,RF: composition,composition,4,934,https://doi.org/10.1248/cpb.c24-00089,0.3,0.5605123124492262
transfection,transfection_pctile,rf_composition,RF: composition,composition,4,935,https://doi.org/10.1248/cpb.c24-00089,0.9,0.5605123124492262
transfection,transfection_pctile,rf_composition,RF: composition,composition,4,936,https://doi.org/10.1248/cpb.c24-00089,0.9,0.5605123124492262
transfection,transfection_pctile,rf_composition,RF: composition,composition,5,509,https://doi.org/10.34133/bmr.0017,0.8,0.5723446473299985
transfection,transfection_pctile,rf_composition,RF: composition,composition,5,510,https://doi.org/10.34133/bmr.0017,0.4,0.5723446473299985
transfection,transfection_pctile,rf_composition,RF: composition,composition,5,511,https://doi.org/10.34133/bmr.0017,0.2,0.6701209489334593
transfection,transfection_pctile,rf_composition,RF: composition,composition,5,512,https://doi.org/10.34133/bmr.0017,0.6,0.6701209489334593
transfection,transfection_pctile,rf_composition,RF: composition,composition,5,513,https://doi.org/10.34133/bmr.0017,1.0,0.6181132346049231
transfection,transfection_pctile,rf_composition,RF: composition,composition,5,635,10.1021/jacs.2c12893,0.5,0.5933778262091199
transfection,transfection_pctile,rf_composition,RF: composition,composition,5,637,https://doi.org/10.1016/j.jconrel.2021.11.022,0.3333333333333333,0.5933778262091199
transfection,transfection_pctile,rf_composition,RF: composition,composition,5,639,https://doi.org/10.1016/j.jconrel.2021.11.022,1.0,0.5933778262091199
transfection,transfection_pctile,rf_composition,RF: composition,composition,5,922,https://doi.org/10.1073/pnas.2303567120,0.8333333333333334,0.6534657771198096
transfection,transfection_pctile,rf_composition,RF: composition,composition,5,923,https://doi.org/10.1073/pnas.2303567120,0.8333333333333334,0.6534657771198096
transfection,transfection_pctile,rf_composition,RF: composition,composition,5,928,https://doi.org/10.1073/pnas.2303567120,0.75,0.6534657771198096
transfection,transfection_pctile,rf_composition,RF: composition,composition,5,929,https://doi.org/10.1073/pnas.2303567120,0.75,0.6534657771198096
transfection,transfection_pctile,rf_composition,RF: composition,composition,5,931,https://doi.org/10.1073/pnas.2303567120,0.3333333333333333,0.6534657771198096
transfection,transfection_pctile,rf_composition,RF: composition,composition,5,1088,https://dx.doi.org/10.1021/acs.nanolett.0c01386,0.2,0.6534657771198096
transfection,transfection_pctile,rf_composition,RF: composition,composition,5,1089,https://dx.doi.org/10.1021/acs.nanolett.0c01386,1.0,0.6534657771198096
transfection,transfection_pctile,rf_composition,RF: composition,composition,5,1090,https://dx.doi.org/10.1021/acs.nanolett.0c01386,0.4,0.6534657771198096
transfection,transfection_pctile,rf_composition,RF: composition,composition,5,1091,https://dx.doi.org/10.1021/acs.nanolett.0c01386,0.7,0.6534657771198096
transfection,transfection_pctile,rf_composition,RF: composition,composition,5,1092,https://dx.doi.org/10.1021/acs.nanolett.0c01386,0.7,0.6534657771198096
transfection,transfection_pctile,ridge_descriptors,Ridge: descriptors,descriptors,1,959,https://doi.org/10.1038/s41587-019-0247-3,0.9883720930232558,0.5076740406862364
transfection,transfection_pctile,ridge_descriptors,Ridge: descriptors,descriptors,1,960,https://doi.org/10.1038/s41587-019-0247-3,0.8372093023255814,0.5076740406862364
transfection,transfection_pctile,ridge_descriptors,Ridge: descriptors,descriptors,1,961,https://doi.org/10.1038/s41587-019-0247-3,0.813953488372093,0.5076740406862364
transfection,transfection_pctile,ridge_descriptors,Ridge: descriptors,descriptors,1,962,https://doi.org/10.1038/s41587-019-0247-3,0.9534883720930232,0.5076740406862364
transfection,transfection_pctile,ridge_descriptors,Ridge: descriptors,descriptors,1,963,https://doi.org/10.1038/s41587-019-0247-3,0.5348837209302325,0.5076740406862364
transfection,transfection_pctile,ridge_descriptors,Ridge: descriptors,descriptors,1,964,https://doi.org/10.1038/s41587-019-0247-3,0.3255813953488372,0.5076740406862364
transfection,transfection_pctile,ridge_descriptors,Ridge: descriptors,descriptors,1,965,https://doi.org/10.1038/s41587-019-0247-3,0.3953488372093023,0.5076740406862364
transfection,transfection_pctile,ridge_descriptors,Ridge: descriptors,descriptors,1,966,https://doi.org/10.1038/s41587-019-0247-3,0.4418604651162791,0.5076740406862364
transfection,transfection_pctile,ridge_descriptors,Ridge: descriptors,descriptors,1,967,https://doi.org/10.1038/s41587-019-0247-3,0.4186046511627907,0.5076740406862364
transfection,transfection_pctile,ridge_descriptors,Ridge: descriptors,descriptors,1,968,https://doi.org/10.1038/s41587-019-0247-3,0.7906976744186046,0.5076740406862364
transfection,transfection_pctile,ridge_descriptors,Ridge: descriptors,descriptors,1,969,https://doi.org/10.1038/s41587-019-0247-3,0.2790697674418604,0.5076740406862364
transfection,transfection_pctile,ridge_descriptors,Ridge: descriptors,descriptors,1,970,https://doi.org/10.1038/s41587-019-0247-3,0.5813953488372093,0.5076740406862364
transfection,transfection_pctile,ridge_descriptors,Ridge: descriptors,descriptors,1,971,https://doi.org/10.1038/s41587-019-0247-3,0.8604651162790697,0.5076740406862364
transfection,transfection_pctile,ridge_descriptors,Ridge: descriptors,descriptors,1,972,https://doi.org/10.1038/s41587-019-0247-3,0.4767441860465116,0.5076740406862364
transfection,transfection_pctile,ridge_descriptors,Ridge: descriptors,descriptors,1,973,https://doi.org/10.1038/s41587-019-0247-3,0.7209302325581395,0.5076740406862364
transfection,transfection_pctile,ridge_descriptors,Ridge: descriptors,descriptors,1,974,https://doi.org/10.1038/s41587-019-0247-3,0.4767441860465116,0.5076740406862364
transfection,transfection_pctile,ridge_descriptors,Ridge: descriptors,descriptors,1,975,https://doi.org/10.1038/s41587-019-0247-3,0.6744186046511628,0.5076740406862364
transfection,transfection_pctile,ridge_descriptors,Ridge: descriptors,descriptors,1,976,https://doi.org/10.1038/s41587-019-0247-3,0.5813953488372093,0.5076740406862364
transfection,transfection_pctile,ridge_descriptors,Ridge: descriptors,descriptors,1,977,https://doi.org/10.1038/s41587-019-0247-3,0.3023255813953488,0.5076740406862364
transfection,transfection_pctile,ridge_descriptors,Ridge: descriptors,descriptors,1,978,https://doi.org/10.1038/s41587-019-0247-3,0.3604651162790697,0.5076740406862364
transfection,transfection_pctile,ridge_descriptors,Ridge: descriptors,descriptors,1,979,https://doi.org/10.1038/s41587-019-0247-3,0.2558139534883721,0.5076740406862364
transfection,transfection_pctile,ridge_descriptors,Ridge: descriptors,descriptors,1,980,https://doi.org/10.1038/s41587-019-0247-3,0.2325581395348837,0.5076740406862364
transfection,transfection_pctile,ridge_descriptors,Ridge: descriptors,descriptors,1,981,https://doi.org/10.1038/s41587-019-0247-3,0.9069767441860463,0.5076740406862364
transfection,transfection_pctile,ridge_descriptors,Ridge: descriptors,descriptors,1,982,https://doi.org/10.1038/s41587-019-0247-3,0.5813953488372093,0.5076740406862364
transfection,transfection_pctile,ridge_descriptors,Ridge: descriptors,descriptors,1,983,https://doi.org/10.1038/s41587-019-0247-3,0.9302325581395348,0.5076740406862364
transfection,transfection_pctile,ridge_descriptors,Ridge: descriptors,descriptors,1,984,https://doi.org/10.1038/s41587-019-0247-3,0.7674418604651163,0.5076740406862364
transfection,transfection_pctile,ridge_descriptors,Ridge: descriptors,descriptors,1,985,https://doi.org/10.1038/s41587-019-0247-3,0.7441860465116279,0.5076740406862364
transfection,transfection_pctile,ridge_descriptors,Ridge: descriptors,descriptors,1,986,https://doi.org/10.1038/s41587-019-0247-3,0.627906976744186,0.5076740406862364
transfection,transfection_pctile,ridge_descriptors,Ridge: descriptors,descriptors,1,987,https://doi.org/10.1038/s41587-019-0247-3,0.6511627906976745,0.5076740406862364
transfection,transfection_pctile,ridge_descriptors,Ridge: descriptors,descriptors,1,988,https://doi.org/10.1038/s41587-019-0247-3,0.3604651162790697,0.5076740406862364
transfection,transfection_pctile,ridge_descriptors,Ridge: descriptors,descriptors,1,989,https://doi.org/10.1038/s41587-019-0247-3,0.5116279069767442,0.5076740406862364
transfection,transfection_pctile,ridge_descriptors,Ridge: descriptors,descriptors,1,990,https://doi.org/10.1038/s41587-019-0247-3,0.9883720930232558,0.5076740406862364
transfection,transfection_pctile,ridge_descriptors,Ridge: descriptors,descriptors,1,991,https://doi.org/10.1038/s41587-019-0247-3,0.6976744186046512,0.5076740406862364
transfection,transfection_pctile,ridge_descriptors,Ridge: descriptors,descriptors,1,992,https://doi.org/10.1038/s41587-019-0247-3,0.8837209302325582,0.5076740406862364
transfection,transfection_pctile,ridge_descriptors,Ridge: descriptors,descriptors,2,2,https://doi.org/10.1038/s41467-024-50619-z,0.875,0.5431318435279225
transfection,transfection_pctile,ridge_descriptors,Ridge: descriptors,descriptors,2,3,https://doi.org/10.1038/s41467-024-50619-z,0.65625,0.5941851136202706
transfection,transfection_pctile,ridge_descriptors,Ridge: descriptors,descriptors,2,4,https://doi.org/10.1038/s41467-024-50619-z,0.75,0.5514348518412046
transfection,transfection_pctile,ridge_descriptors,Ridge: descriptors,descriptors,2,5,https://doi.org/10.1038/s41467-024-50619-z,0.8125,0.5878302725944677
transfection,transfection_pctile,ridge_descriptors,Ridge: descriptors,descriptors,2,6,https://doi.org/10.1038/s41467-024-50619-z,0.96875,0.540641312315668
transfection,transfection_pctile,ridge_descriptors,Ridge: descriptors,descriptors,2,7,https://doi.org/10.1038/s41467-024-50619-z,0.9375,0.5890287312243229
transfection,transfection_pctile,ridge_descriptors,Ridge: descriptors,descriptors,2,8,https://doi.org/10.1038/s41467-024-50619-z,0.40625,0.5962166670737006
transfection,transfection_pctile,ridge_descriptors,Ridge: descriptors,descriptors,2,9,https://doi.org/10.1038/s41467-024-50619-z,0.375,0.598079968414486
transfection,transfection_pctile,ridge_descriptors,Ridge: descriptors,descriptors,2,10,https://doi.org/10.1038/s41467-024-50619-z,0.6875,0.6010773439030713
transfection,transfection_pctile,ridge_descriptors,Ridge: descriptors,descriptors,2,11,https://doi.org/10.1038/s41467-024-50619-z,0.84375,0.6029054150082208
transfection,transfection_pctile,ridge_descriptors,Ridge: descriptors,descriptors,2,12,https://doi.org/10.1038/s41467-024-50619-z,1.0,0.5969784301357067
transfection,transfection_pctile,ridge_descriptors,Ridge: descriptors,descriptors,2,13,https://doi.org/10.1038/s41467-024-50619-z,0.90625,0.5897176678591033
transfection,transfection_pctile,ridge_descriptors,Ridge: descriptors,descriptors,2,14,https://doi.org/10.1038/s41467-024-50619-z,0.78125,0.5915120745168673
transfection,transfection_pctile,ridge_descriptors,Ridge: descriptors,descriptors,2,15,https://doi.org/10.1038/s41467-024-50619-z,0.46875,0.5905640254470809
transfection,transfection_pctile,ridge_descriptors,Ridge: descriptors,descriptors,2,16,https://doi.org/10.1038/s41467-024-50619-z,0.625,0.5962844754547018
transfection,transfection_pctile,ridge_descriptors,Ridge: descriptors,descriptors,2,17,https://doi.org/10.1038/s41467-024-50619-z,0.578125,0.5982933991837831
transfection,transfection_pctile,ridge_descriptors,Ridge: descriptors,descriptors,2,18,https://doi.org/10.1038/s41467-024-50619-z,0.515625,0.590867200927441
transfection,transfection_pctile,ridge_descriptors,Ridge: descriptors,descriptors,2,19,https://doi.org/10.1038/s41467-024-50619-z,0.25,0.5923753449936145
transfection,transfection_pctile,ridge_descriptors,Ridge: descriptors,descriptors,2,20,https://doi.org/10.1038/s41467-024-50619-z,0.28125,0.5910374912558167
transfection,transfection_pctile,ridge_descriptors,Ridge: descriptors,descriptors,2,21,https://doi.org/10.1038/s41467-024-50619-z,0.3125,0.5929377004625066
transfection,transfection_pctile,ridge_descriptors,Ridge: descriptors,descriptors,2,22,https://doi.org/10.1038/s41467-024-50619-z,0.578125,0.5910374912558167
transfection,transfection_pctile,ridge_descriptors,Ridge: descriptors,descriptors,2,23,https://doi.org/10.1038/s41467-024-50619-z,0.71875,0.5857996067156706
transfection,transfection_pctile,ridge_descriptors,Ridge: descriptors,descriptors,2,24,https://doi.org/10.1038/s41467-024-50619-z,0.34375,0.5939145683968309
transfection,transfection_pctile,ridge_descriptors,Ridge: descriptors,descriptors,2,25,https://doi.org/10.1038/s41467-024-50619-z,0.09375,0.6068505366983085
transfection,transfection_pctile,ridge_descriptors,Ridge: descriptors,descriptors,2,26,https://doi.org/10.1038/s41467-024-50619-z,0.125,0.6086449433560723
transfection,transfection_pctile,ridge_descriptors,Ridge: descriptors,descriptors,2,27,https://doi.org/10.1038/s41467-024-50619-z,0.15625,0.6012790947797995
transfection,transfection_pctile,ridge_descriptors,Ridge: descriptors,descriptors,2,28,https://doi.org/10.1038/s41467-024-50619-z,0.515625,0.6028057494171929
transfection,transfection_pctile,ridge_descriptors,Ridge: descriptors,descriptors,2,29,https://doi.org/10.1038/s41467-024-50619-z,0.1875,0.6037693108236913
transfection,transfection_pctile,ridge_descriptors,Ridge: descriptors,descriptors,2,30,https://doi.org/10.1038/s41467-024-50619-z,0.4375,0.5967677556951078
transfection,transfection_pctile,ridge_descriptors,Ridge: descriptors,descriptors,3,109,10.1021/acs.nanolett.5b02497,0.5,0.5082591434976149
transfection,transfection_pctile,ridge_descriptors,Ridge: descriptors,descriptors,3,110,10.1021/acs.nanolett.5b02497,1.0,0.5082591434976149
transfection,transfection_pctile,ridge_descriptors,Ridge: descriptors,descriptors,3,113,https://doi.org/10.1016/j.ymthe.2018.03.010,0.2,0.6016037308031295
transfection,transfection_pctile,ridge_descriptors,Ridge: descriptors,descriptors,3,116,https://doi.org/10.1016/j.ymthe.2018.03.010,0.6,0.6126335383281614
transfection,transfection_pctile,ridge_descriptors,Ridge: descriptors,descriptors,3,117,https://doi.org/10.1016/j.ymthe.2018.03.010,0.6,0.6039574477264633
transfection,transfection_pctile,ridge_descriptors,Ridge: descriptors,descriptors,3,120,https://doi.org/10.1016/j.ymthe.2018.03.010,0.6,0.6060596941129475
transfection,transfection_pctile,ridge_descriptors,Ridge: descriptors,descriptors,3,122,https://doi.org/10.1016/j.ymthe.2018.03.010,1.0,0.6097386736988266
transfection,transfection_pctile,ridge_descriptors,Ridge: descriptors,descriptors,3,778,10.1002/btm2.10580,0.1666666666666666,0.6530855165857536
transfection,transfection_pctile,ridge_descriptors,Ridge: descriptors,descriptors,3,779,10.1002/btm2.10580,0.6666666666666666,0.6530855165857536
transfection,transfection_pctile,ridge_descriptors,Ridge: descriptors,descriptors,3,780,10.1002/btm2.10580,0.5,0.6530855165857536
transfection,transfection_pctile,ridge_descriptors,Ridge: descriptors,descriptors,3,781,10.1002/btm2.10580,0.5833333333333334,0.6530855165857536
transfection,transfection_pctile,ridge_descriptors,Ridge: descriptors,descriptors,3,782,10.1002/btm2.10580,0.75,0.6060596941129475
transfection,transfection_pctile,ridge_descriptors,Ridge: descriptors,descriptors,3,783,10.1002/btm2.10580,0.3333333333333333,0.6060596941129475
transfection,transfection_pctile,ridge_descriptors,Ridge: descriptors,descriptors,3,784,10.1002/btm2.10580,0.25,0.6138604537411695
transfection,transfection_pctile,ridge_descriptors,Ridge: descriptors,descriptors,3,785,10.1002/btm2.10580,0.0833333333333333,0.6138604537411695
transfection,transfection_pctile,ridge_descriptors,Ridge: descriptors,descriptors,3,786,10.1002/btm2.10580,1.0,0.6060596941129475
transfection,transfection_pctile,ridge_descriptors,Ridge: descriptors,descriptors,3,787,10.1002/btm2.10580,0.875,0.6060596941129475
transfection,transfection_pctile,ridge_descriptors,Ridge: descriptors,descriptors,3,788,10.1002/btm2.10580,0.875,0.6060596941129475
transfection,transfection_pctile,ridge_descriptors,Ridge: descriptors,descriptors,3,789,10.1002/btm2.10580,0.4166666666666667,0.6060596941129475
transfection,transfection_pctile,ridge_descriptors,Ridge: descriptors,descriptors,4,444,10.1002/anie.201809056,0.75,0.4915215925119453
transfection,transfection_pctile,ridge_descriptors,Ridge: descriptors,descriptors,4,446,10.1002/anie.201809056,1.0,0.505577383737901
transfection,transfection_pctile,ridge_descriptors,Ridge: descriptors,descriptors,4,575,10.1002/jbm.a.37705,0.8125,0.596038217717677
transfection,transfection_pctile,ridge_descriptors,Ridge: descriptors,descriptors,4,576,10.1002/jbm.a.37705,0.3125,0.6027275962054178
transfection,transfection_pctile,ridge_descriptors,Ridge: descriptors,descriptors,4,578,10.1002/jbm.a.37705,0.3125,0.5986724018758852
transfection,transfection_pctile,ridge_descriptors,Ridge: descriptors,descriptors,4,863,https://doi.org/10.1016/j.jconrel.2025.01.071,0.4285714285714285,0.6239976959672279
transfection,transfection_pctile,ridge_descriptors,Ridge: descriptors,descriptors,4,864,https://doi.org/10.1016/j.jconrel.2025.01.071,1.0,0.6239976959672279
transfection,transfection_pctile,ridge_descriptors,Ridge: descriptors,descriptors,4,865,https://doi.org/10.1016/j.jconrel.2025.01.071,0.1428571428571428,0.6239976959672279
transfection,transfection_pctile,ridge_descriptors,Ridge: descriptors,descriptors,4,866,https://doi.org/10.1016/j.jconrel.2025.01.071,0.7142857142857143,0.6239976959672279
transfection,transfection_pctile,ridge_descriptors,Ridge: descriptors,descriptors,4,867,https://doi.org/10.1016/j.jconrel.2025.01.071,0.5714285714285714,0.6239976959672279
transfection,transfection_pctile,ridge_descriptors,Ridge: descriptors,descriptors,4,868,https://doi.org/10.1016/j.jconrel.2025.01.071,0.2857142857142857,0.6239976959672279
transfection,transfection_pctile,ridge_descriptors,Ridge: descriptors,descriptors,4,869,https://doi.org/10.1016/j.jconrel.2025.01.071,0.8571428571428571,0.6239976959672279
transfection,transfection_pctile,ridge_descriptors,Ridge: descriptors,descriptors,4,875,https://doi.org/10.1101/2023.11.09.565872,0.6875,0.6235084658273848
transfection,transfection_pctile,ridge_descriptors,Ridge: descriptors,descriptors,4,876,https://doi.org/10.1101/2023.11.09.565872,0.6875,0.6239976959672279
transfection,transfection_pctile,ridge_descriptors,Ridge: descriptors,descriptors,4,932,https://doi.org/10.1248/cpb.c24-00089,0.6,0.611613178609137
transfection,transfection_pctile,ridge_descriptors,Ridge: descriptors,descriptors,4,933,https://doi.org/10.1248/cpb.c24-00089,0.3,0.611613178609137
transfection,transfection_pctile,ridge_descriptors,Ridge: descriptors,descriptors,4,934,https://doi.org/10.1248/cpb.c24-00089,0.3,0.611613178609137
transfection,transfection_pctile,ridge_descriptors,Ridge: descriptors,descriptors,4,935,https://doi.org/10.1248/cpb.c24-00089,0.9,0.611613178609137
transfection,transfection_pctile,ridge_descriptors,Ridge: descriptors,descriptors,4,936,https://doi.org/10.1248/cpb.c24-00089,0.9,0.611613178609137
transfection,transfection_pctile,ridge_descriptors,Ridge: descriptors,descriptors,5,509,https://doi.org/10.34133/bmr.0017,0.8,0.6049515962897313
transfection,transfection_pctile,ridge_descriptors,Ridge: descriptors,descriptors,5,510,https://doi.org/10.34133/bmr.0017,0.4,0.6049515962897313
transfection,transfection_pctile,ridge_descriptors,Ridge: descriptors,descriptors,5,511,https://doi.org/10.34133/bmr.0017,0.2,0.642330957694237
transfection,transfection_pctile,ridge_descriptors,Ridge: descriptors,descriptors,5,512,https://doi.org/10.34133/bmr.0017,0.6,0.642330957694237
transfection,transfection_pctile,ridge_descriptors,Ridge: descriptors,descriptors,5,513,https://doi.org/10.34133/bmr.0017,1.0,0.642330957694237
transfection,transfection_pctile,ridge_descriptors,Ridge: descriptors,descriptors,5,635,10.1021/jacs.2c12893,0.5,0.6454669511993918
transfection,transfection_pctile,ridge_descriptors,Ridge: descriptors,descriptors,5,637,https://doi.org/10.1016/j.jconrel.2021.11.022,0.3333333333333333,0.6454669511993918
transfection,transfection_pctile,ridge_descriptors,Ridge: descriptors,descriptors,5,639,https://doi.org/10.1016/j.jconrel.2021.11.022,1.0,0.5913620779518185
transfection,transfection_pctile,ridge_descriptors,Ridge: descriptors,descriptors,5,922,https://doi.org/10.1073/pnas.2303567120,0.8333333333333334,0.5849791163148124
transfection,transfection_pctile,ridge_descriptors,Ridge: descriptors,descriptors,5,923,https://doi.org/10.1073/pnas.2303567120,0.8333333333333334,0.5849791163148124
transfection,transfection_pctile,ridge_descriptors,Ridge: descriptors,descriptors,5,928,https://doi.org/10.1073/pnas.2303567120,0.75,0.5849791163148124
transfection,transfection_pctile,ridge_descriptors,Ridge: descriptors,descriptors,5,929,https://doi.org/10.1073/pnas.2303567120,0.75,0.5849791163148124
transfection,transfection_pctile,ridge_descriptors,Ridge: descriptors,descriptors,5,931,https://doi.org/10.1073/pnas.2303567120,0.3333333333333333,0.5849791163148124
transfection,transfection_pctile,ridge_descriptors,Ridge: descriptors,descriptors,5,1088,https://dx.doi.org/10.1021/acs.nanolett.0c01386,0.2,0.5849791163148124
transfection,transfection_pctile,ridge_descriptors,Ridge: descriptors,descriptors,5,1089,https://dx.doi.org/10.1021/acs.nanolett.0c01386,1.0,0.5849791163148124
transfection,transfection_pctile,ridge_descriptors,Ridge: descriptors,descriptors,5,1090,https://dx.doi.org/10.1021/acs.nanolett.0c01386,0.4,0.5849791163148124
transfection,transfection_pctile,ridge_descriptors,Ridge: descriptors,descriptors,5,1091,https://dx.doi.org/10.1021/acs.nanolett.0c01386,0.7,0.5849791163148124
transfection,transfection_pctile,ridge_descriptors,Ridge: descriptors,descriptors,5,1092,https://dx.doi.org/10.1021/acs.nanolett.0c01386,0.7,0.5849791163148124
transfection,transfection_pctile,rf_descriptors,RF: descriptors,descriptors,1,959,https://doi.org/10.1038/s41587-019-0247-3,0.9883720930232558,0.5511141640742931
transfection,transfection_pctile,rf_descriptors,RF: descriptors,descriptors,1,960,https://doi.org/10.1038/s41587-019-0247-3,0.8372093023255814,0.5511141640742931
transfection,transfection_pctile,rf_descriptors,RF: descriptors,descriptors,1,961,https://doi.org/10.1038/s41587-019-0247-3,0.813953488372093,0.5511141640742931
transfection,transfection_pctile,rf_descriptors,RF: descriptors,descriptors,1,962,https://doi.org/10.1038/s41587-019-0247-3,0.9534883720930232,0.5511141640742931
transfection,transfection_pctile,rf_descriptors,RF: descriptors,descriptors,1,963,https://doi.org/10.1038/s41587-019-0247-3,0.5348837209302325,0.5511141640742931
transfection,transfection_pctile,rf_descriptors,RF: descriptors,descriptors,1,964,https://doi.org/10.1038/s41587-019-0247-3,0.3255813953488372,0.5511141640742931
transfection,transfection_pctile,rf_descriptors,RF: descriptors,descriptors,1,965,https://doi.org/10.1038/s41587-019-0247-3,0.3953488372093023,0.5511141640742931
transfection,transfection_pctile,rf_descriptors,RF: descriptors,descriptors,1,966,https://doi.org/10.1038/s41587-019-0247-3,0.4418604651162791,0.5511141640742931
transfection,transfection_pctile,rf_descriptors,RF: descriptors,descriptors,1,967,https://doi.org/10.1038/s41587-019-0247-3,0.4186046511627907,0.5511141640742931
transfection,transfection_pctile,rf_descriptors,RF: descriptors,descriptors,1,968,https://doi.org/10.1038/s41587-019-0247-3,0.7906976744186046,0.5511141640742931
transfection,transfection_pctile,rf_descriptors,RF: descriptors,descriptors,1,969,https://doi.org/10.1038/s41587-019-0247-3,0.2790697674418604,0.5511141640742931
transfection,transfection_pctile,rf_descriptors,RF: descriptors,descriptors,1,970,https://doi.org/10.1038/s41587-019-0247-3,0.5813953488372093,0.5511141640742931
transfection,transfection_pctile,rf_descriptors,RF: descriptors,descriptors,1,971,https://doi.org/10.1038/s41587-019-0247-3,0.8604651162790697,0.5511141640742931
transfection,transfection_pctile,rf_descriptors,RF: descriptors,descriptors,1,972,https://doi.org/10.1038/s41587-019-0247-3,0.4767441860465116,0.5511141640742931
transfection,transfection_pctile,rf_descriptors,RF: descriptors,descriptors,1,973,https://doi.org/10.1038/s41587-019-0247-3,0.7209302325581395,0.5511141640742931
transfection,transfection_pctile,rf_descriptors,RF: descriptors,descriptors,1,974,https://doi.org/10.1038/s41587-019-0247-3,0.4767441860465116,0.5511141640742931
transfection,transfection_pctile,rf_descriptors,RF: descriptors,descriptors,1,975,https://doi.org/10.1038/s41587-019-0247-3,0.6744186046511628,0.5511141640742931
transfection,transfection_pctile,rf_descriptors,RF: descriptors,descriptors,1,976,https://doi.org/10.1038/s41587-019-0247-3,0.5813953488372093,0.5511141640742931
transfection,transfection_pctile,rf_descriptors,RF: descriptors,descriptors,1,977,https://doi.org/10.1038/s41587-019-0247-3,0.3023255813953488,0.5511141640742931
transfection,transfection_pctile,rf_descriptors,RF: descriptors,descriptors,1,978,https://doi.org/10.1038/s41587-019-0247-3,0.3604651162790697,0.5511141640742931
transfection,transfection_pctile,rf_descriptors,RF: descriptors,descriptors,1,979,https://doi.org/10.1038/s41587-019-0247-3,0.2558139534883721,0.5511141640742931
transfection,transfection_pctile,rf_descriptors,RF: descriptors,descriptors,1,980,https://doi.org/10.1038/s41587-019-0247-3,0.2325581395348837,0.5511141640742931
transfection,transfection_pctile,rf_descriptors,RF: descriptors,descriptors,1,981,https://doi.org/10.1038/s41587-019-0247-3,0.9069767441860463,0.5511141640742931
transfection,transfection_pctile,rf_descriptors,RF: descriptors,descriptors,1,982,https://doi.org/10.1038/s41587-019-0247-3,0.5813953488372093,0.5511141640742931
transfection,transfection_pctile,rf_descriptors,RF: descriptors,descriptors,1,983,https://doi.org/10.1038/s41587-019-0247-3,0.9302325581395348,0.5511141640742931
transfection,transfection_pctile,rf_descriptors,RF: descriptors,descriptors,1,984,https://doi.org/10.1038/s41587-019-0247-3,0.7674418604651163,0.5511141640742931
transfection,transfection_pctile,rf_descriptors,RF: descriptors,descriptors,1,985,https://doi.org/10.1038/s41587-019-0247-3,0.7441860465116279,0.5511141640742931
transfection,transfection_pctile,rf_descriptors,RF: descriptors,descriptors,1,986,https://doi.org/10.1038/s41587-019-0247-3,0.627906976744186,0.5511141640742931
transfection,transfection_pctile,rf_descriptors,RF: descriptors,descriptors,1,987,https://doi.org/10.1038/s41587-019-0247-3,0.6511627906976745,0.5511141640742931
transfection,transfection_pctile,rf_descriptors,RF: descriptors,descriptors,1,988,https://doi.org/10.1038/s41587-019-0247-3,0.3604651162790697,0.5511141640742931
transfection,transfection_pctile,rf_descriptors,RF: descriptors,descriptors,1,989,https://doi.org/10.1038/s41587-019-0247-3,0.5116279069767442,0.5511141640742931
transfection,transfection_pctile,rf_descriptors,RF: descriptors,descriptors,1,990,https://doi.org/10.1038/s41587-019-0247-3,0.9883720930232558,0.5511141640742931
transfection,transfection_pctile,rf_descriptors,RF: descriptors,descriptors,1,991,https://doi.org/10.1038/s41587-019-0247-3,0.6976744186046512,0.5511141640742931
transfection,transfection_pctile,rf_descriptors,RF: descriptors,descriptors,1,992,https://doi.org/10.1038/s41587-019-0247-3,0.8837209302325582,0.5511141640742931
transfection,transfection_pctile,rf_descriptors,RF: descriptors,descriptors,2,2,https://doi.org/10.1038/s41467-024-50619-z,0.875,0.5379551816979645
transfection,transfection_pctile,rf_descriptors,RF: descriptors,descriptors,2,3,https://doi.org/10.1038/s41467-024-50619-z,0.65625,0.6095794860114504
transfection,transfection_pctile,rf_descriptors,RF: descriptors,descriptors,2,4,https://doi.org/10.1038/s41467-024-50619-z,0.75,0.5530478987534394
transfection,transfection_pctile,rf_descriptors,RF: descriptors,descriptors,2,5,https://doi.org/10.1038/s41467-024-50619-z,0.8125,0.6136212591183534
transfection,transfection_pctile,rf_descriptors,RF: descriptors,descriptors,2,6,https://doi.org/10.1038/s41467-024-50619-z,0.96875,0.5660463704263435
transfection,transfection_pctile,rf_descriptors,RF: descriptors,descriptors,2,7,https://doi.org/10.1038/s41467-024-50619-z,0.9375,0.6407837794433472
transfection,transfection_pctile,rf_descriptors,RF: descriptors,descriptors,2,8,https://doi.org/10.1038/s41467-024-50619-z,0.40625,0.6204710396107522
transfection,transfection_pctile,rf_descriptors,RF: descriptors,descriptors,2,9,https://doi.org/10.1038/s41467-024-50619-z,0.375,0.6285892270847375
transfection,transfection_pctile,rf_descriptors,RF: descriptors,descriptors,2,10,https://doi.org/10.1038/s41467-024-50619-z,0.6875,0.6666345446601873
transfection,transfection_pctile,rf_descriptors,RF: descriptors,descriptors,2,11,https://doi.org/10.1038/s41467-024-50619-z,0.84375,0.6375254899034805
transfection,transfection_pctile,rf_descriptors,RF: descriptors,descriptors,2,12,https://doi.org/10.1038/s41467-024-50619-z,1.0,0.6424185298351004
transfection,transfection_pctile,rf_descriptors,RF: descriptors,descriptors,2,13,https://doi.org/10.1038/s41467-024-50619-z,0.90625,0.62426046411982
transfection,transfection_pctile,rf_descriptors,RF: descriptors,descriptors,2,14,https://doi.org/10.1038/s41467-024-50619-z,0.78125,0.6246631126632671
transfection,transfection_pctile,rf_descriptors,RF: descriptors,descriptors,2,15,https://doi.org/10.1038/s41467-024-50619-z,0.46875,0.6052572798098637
transfection,transfection_pctile,rf_descriptors,RF: descriptors,descriptors,2,16,https://doi.org/10.1038/s41467-024-50619-z,0.625,0.62931207901147
transfection,transfection_pctile,rf_descriptors,RF: descriptors,descriptors,2,17,https://doi.org/10.1038/s41467-024-50619-z,0.578125,0.6302112412266269
transfection,transfection_pctile,rf_descriptors,RF: descriptors,descriptors,2,18,https://doi.org/10.1038/s41467-024-50619-z,0.515625,0.61953090703148
transfection,transfection_pctile,rf_descriptors,RF: descriptors,descriptors,2,19,https://doi.org/10.1038/s41467-024-50619-z,0.25,0.6650443687236898
transfection,transfection_pctile,rf_descriptors,RF: descriptors,descriptors,2,20,https://doi.org/10.1038/s41467-024-50619-z,0.28125,0.6477038126953093
transfection,transfection_pctile,rf_descriptors,RF: descriptors,descriptors,2,21,https://doi.org/10.1038/s41467-024-50619-z,0.3125,0.6446027096112357
transfection,transfection_pctile,rf_descriptors,RF: descriptors,descriptors,2,22,https://doi.org/10.1038/s41467-024-50619-z,0.578125,0.6477038126953093
transfection,transfection_pctile,rf_descriptors,RF: descriptors,descriptors,2,23,https://doi.org/10.1038/s41467-024-50619-z,0.71875,0.618066923908808
transfection,transfection_pctile,rf_descriptors,RF: descriptors,descriptors,2,24,https://doi.org/10.1038/s41467-024-50619-z,0.34375,0.6418893924427811
transfection,transfection_pctile,rf_descriptors,RF: descriptors,descriptors,2,25,https://doi.org/10.1038/s41467-024-50619-z,0.09375,0.6674222352359197
transfection,transfection_pctile,rf_descriptors,RF: descriptors,descriptors,2,26,https://doi.org/10.1038/s41467-024-50619-z,0.125,0.6350970204566411
transfection,transfection_pctile,rf_descriptors,RF: descriptors,descriptors,2,27,https://doi.org/10.1038/s41467-024-50619-z,0.15625,0.6492673108180587
transfection,transfection_pctile,rf_descriptors,RF: descriptors,descriptors,2,28,https://doi.org/10.1038/s41467-024-50619-z,0.515625,0.654192494024169
transfection,transfection_pctile,rf_descriptors,RF: descriptors,descriptors,2,29,https://doi.org/10.1038/s41467-024-50619-z,0.1875,0.7001969240875295
transfection,transfection_pctile,rf_descriptors,RF: descriptors,descriptors,2,30,https://doi.org/10.1038/s41467-024-50619-z,0.4375,0.6490848684054668
transfection,transfection_pctile,rf_descriptors,RF: descriptors,descriptors,3,109,10.1021/acs.nanolett.5b02497,0.5,0.3985606286468391
transfection,transfection_pctile,rf_descriptors,RF: descriptors,descriptors,3,110,10.1021/acs.nanolett.5b02497,1.0,0.3985606286468391
transfection,transfection_pctile,rf_descriptors,RF: descriptors,descriptors,3,113,https://doi.org/10.1016/j.ymthe.2018.03.010,0.2,0.6932428695029964
transfection,transfection_pctile,rf_descriptors,RF: descriptors,descriptors,3,116,https://doi.org/10.1016/j.ymthe.2018.03.010,0.6,0.6456349745121406
transfection,transfection_pctile,rf_descriptors,RF: descriptors,descriptors,3,117,https://doi.org/10.1016/j.ymthe.2018.03.010,0.6,0.6396525487819205
transfection,transfection_pctile,rf_descriptors,RF: descriptors,descriptors,3,120,https://doi.org/10.1016/j.ymthe.2018.03.010,0.6,0.6373245939416978
transfection,transfection_pctile,rf_descriptors,RF: descriptors,descriptors,3,122,https://doi.org/10.1016/j.ymthe.2018.03.010,1.0,0.6041937612371986
transfection,transfection_pctile,rf_descriptors,RF: descriptors,descriptors,3,778,10.1002/btm2.10580,0.1666666666666666,0.6498835324125765
transfection,transfection_pctile,rf_descriptors,RF: descriptors,descriptors,3,779,10.1002/btm2.10580,0.6666666666666666,0.6498835324125765
transfection,transfection_pctile,rf_descriptors,RF: descriptors,descriptors,3,780,10.1002/btm2.10580,0.5,0.6498835324125765
transfection,transfection_pctile,rf_descriptors,RF: descriptors,descriptors,3,781,10.1002/btm2.10580,0.5833333333333334,0.6498835324125765
transfection,transfection_pctile,rf_descriptors,RF: descriptors,descriptors,3,782,10.1002/btm2.10580,0.75,0.6373245939416978
transfection,transfection_pctile,rf_descriptors,RF: descriptors,descriptors,3,783,10.1002/btm2.10580,0.3333333333333333,0.6373245939416978
transfection,transfection_pctile,rf_descriptors,RF: descriptors,descriptors,3,784,10.1002/btm2.10580,0.25,0.5833570604506374
transfection,transfection_pctile,rf_descriptors,RF: descriptors,descriptors,3,785,10.1002/btm2.10580,0.0833333333333333,0.5833570604506374
transfection,transfection_pctile,rf_descriptors,RF: descriptors,descriptors,3,786,10.1002/btm2.10580,1.0,0.6373245939416978
transfection,transfection_pctile,rf_descriptors,RF: descriptors,descriptors,3,787,10.1002/btm2.10580,0.875,0.6373245939416978
transfection,transfection_pctile,rf_descriptors,RF: descriptors,descriptors,3,788,10.1002/btm2.10580,0.875,0.6373245939416978
transfection,transfection_pctile,rf_descriptors,RF: descriptors,descriptors,3,789,10.1002/btm2.10580,0.4166666666666667,0.6373245939416978
transfection,transfection_pctile,rf_descriptors,RF: descriptors,descriptors,4,444,10.1002/anie.201809056,0.75,0.5440231610654456
transfection,transfection_pctile,rf_descriptors,RF: descriptors,descriptors,4,446,10.1002/anie.201809056,1.0,0.5440231610654456
transfection,transfection_pctile,rf_descriptors,RF: descriptors,descriptors,4,575,10.1002/jbm.a.37705,0.8125,0.5344198590313068
transfection,transfection_pctile,rf_descriptors,RF: descriptors,descriptors,4,576,10.1002/jbm.a.37705,0.3125,0.5646050985672643
transfection,transfection_pctile,rf_descriptors,RF: descriptors,descriptors,4,578,10.1002/jbm.a.37705,0.3125,0.5763164457533207
transfection,transfection_pctile,rf_descriptors,RF: descriptors,descriptors,4,863,https://doi.org/10.1016/j.jconrel.2025.01.071,0.4285714285714285,0.3553629087904377
transfection,transfection_pctile,rf_descriptors,RF: descriptors,descriptors,4,864,https://doi.org/10.1016/j.jconrel.2025.01.071,1.0,0.3553629087904377
transfection,transfection_pctile,rf_descriptors,RF: descriptors,descriptors,4,865,https://doi.org/10.1016/j.jconrel.2025.01.071,0.1428571428571428,0.3553629087904377
transfection,transfection_pctile,rf_descriptors,RF: descriptors,descriptors,4,866,https://doi.org/10.1016/j.jconrel.2025.01.071,0.7142857142857143,0.3553629087904377
transfection,transfection_pctile,rf_descriptors,RF: descriptors,descriptors,4,867,https://doi.org/10.1016/j.jconrel.2025.01.071,0.5714285714285714,0.3553629087904377
transfection,transfection_pctile,rf_descriptors,RF: descriptors,descriptors,4,868,https://doi.org/10.1016/j.jconrel.2025.01.071,0.2857142857142857,0.3553629087904377
transfection,transfection_pctile,rf_descriptors,RF: descriptors,descriptors,4,869,https://doi.org/10.1016/j.jconrel.2025.01.071,0.8571428571428571,0.3553629087904377
transfection,transfection_pctile,rf_descriptors,RF: descriptors,descriptors,4,875,https://doi.org/10.1101/2023.11.09.565872,0.6875,0.6691638301418618
transfection,transfection_pctile,rf_descriptors,RF: descriptors,descriptors,4,876,https://doi.org/10.1101/2023.11.09.565872,0.6875,0.3553629087904377
transfection,transfection_pctile,rf_descriptors,RF: descriptors,descriptors,4,932,https://doi.org/10.1248/cpb.c24-00089,0.6,0.45149858840907175
transfection,transfection_pctile,rf_descriptors,RF: descriptors,descriptors,4,933,https://doi.org/10.1248/cpb.c24-00089,0.3,0.45149858840907175
transfection,transfection_pctile,rf_descriptors,RF: descriptors,descriptors,4,934,https://doi.org/10.1248/cpb.c24-00089,0.3,0.45149858840907175
transfection,transfection_pctile,rf_descriptors,RF: descriptors,descriptors,4,935,https://doi.org/10.1248/cpb.c24-00089,0.9,0.45149858840907175
transfection,transfection_pctile,rf_descriptors,RF: descriptors,descriptors,4,936,https://doi.org/10.1248/cpb.c24-00089,0.9,0.45149858840907175
transfection,transfection_pctile,rf_descriptors,RF: descriptors,descriptors,5,509,https://doi.org/10.34133/bmr.0017,0.8,0.6906208800419961
transfection,transfection_pctile,rf_descriptors,RF: descriptors,descriptors,5,510,https://doi.org/10.34133/bmr.0017,0.4,0.6906208800419961
transfection,transfection_pctile,rf_descriptors,RF: descriptors,descriptors,5,511,https://doi.org/10.34133/bmr.0017,0.2,0.7198414241579089
transfection,transfection_pctile,rf_descriptors,RF: descriptors,descriptors,5,512,https://doi.org/10.34133/bmr.0017,0.6,0.7198414241579089
transfection,transfection_pctile,rf_descriptors,RF: descriptors,descriptors,5,513,https://doi.org/10.34133/bmr.0017,1.0,0.7198414241579089
transfection,transfection_pctile,rf_descriptors,RF: descriptors,descriptors,5,635,10.1021/jacs.2c12893,0.5,0.6079277848527675
transfection,transfection_pctile,rf_descriptors,RF: descriptors,descriptors,5,637,https://doi.org/10.1016/j.jconrel.2021.11.022,0.3333333333333333,0.6079277848527675
transfection,transfection_pctile,rf_descriptors,RF: descriptors,descriptors,5,639,https://doi.org/10.1016/j.jconrel.2021.11.022,1.0,0.5608423221821022
transfection,transfection_pctile,rf_descriptors,RF: descriptors,descriptors,5,922,https://doi.org/10.1073/pnas.2303567120,0.8333333333333334,0.47112932789686357
transfection,transfection_pctile,rf_descriptors,RF: descriptors,descriptors,5,923,https://doi.org/10.1073/pnas.2303567120,0.8333333333333334,0.47112932789686357
transfection,transfection_pctile,rf_descriptors,RF: descriptors,descriptors,5,928,https://doi.org/10.1073/pnas.2303567120,0.75,0.47112932789686357
transfection,transfection_pctile,rf_descriptors,RF: descriptors,descriptors,5,929,https://doi.org/10.1073/pnas.2303567120,0.75,0.47112932789686357
transfection,transfection_pctile,rf_descriptors,RF: descriptors,descriptors,5,931,https://doi.org/10.1073/pnas.2303567120,0.3333333333333333,0.47112932789686357
transfection,transfection_pctile,rf_descriptors,RF: descriptors,descriptors,5,1088,https://dx.doi.org/10.1021/acs.nanolett.0c01386,0.2,0.47112932789686357
transfection,transfection_pctile,rf_descriptors,RF: descriptors,descriptors,5,1089,https://dx.doi.org/10.1021/acs.nanolett.0c01386,1.0,0.47112932789686357
transfection,transfection_pctile,rf_descriptors,RF: descriptors,descriptors,5,1090,https://dx.doi.org/10.1021/acs.nanolett.0c01386,0.4,0.47112932789686357
transfection,transfection_pctile,rf_descriptors,RF: descriptors,descriptors,5,1091,https://dx.doi.org/10.1021/acs.nanolett.0c01386,0.7,0.47112932789686357
transfection,transfection_pctile,rf_descriptors,RF: descriptors,descriptors,5,1092,https://dx.doi.org/10.1021/acs.nanolett.0c01386,0.7,0.47112932789686357
transfection,transfection_pctile,ridge_combined,Ridge: combined,combined,1,959,https://doi.org/10.1038/s41587-019-0247-3,0.9883720930232558,0.4975641998681765
transfection,transfection_pctile,ridge_combined,Ridge: combined,combined,1,960,https://doi.org/10.1038/s41587-019-0247-3,0.8372093023255814,0.49394630692977004
transfection,transfection_pctile,ridge_combined,Ridge: combined,combined,1,961,https://doi.org/10.1038/s41587-019-0247-3,0.813953488372093,0.4764269753028833
transfection,transfection_pctile,ridge_combined,Ridge: combined,combined,1,962,https://doi.org/10.1038/s41587-019-0247-3,0.9534883720930232,0.48686135111985596
transfection,transfection_pctile,ridge_combined,Ridge: combined,combined,1,963,https://doi.org/10.1038/s41587-019-0247-3,0.5348837209302325,0.4764269753028833
transfection,transfection_pctile,ridge_combined,Ridge: combined,combined,1,964,https://doi.org/10.1038/s41587-019-0247-3,0.3255813953488372,0.4860867916923184
transfection,transfection_pctile,ridge_combined,Ridge: combined,combined,1,965,https://doi.org/10.1038/s41587-019-0247-3,0.3953488372093023,0.4543786883162143
transfection,transfection_pctile,ridge_combined,Ridge: combined,combined,1,966,https://doi.org/10.1038/s41587-019-0247-3,0.4418604651162791,0.44513567127097076
transfection,transfection_pctile,ridge_combined,Ridge: combined,combined,1,967,https://doi.org/10.1038/s41587-019-0247-3,0.4186046511627907,0.4764269753028833
transfection,transfection_pctile,ridge_combined,Ridge: combined,combined,1,968,https://doi.org/10.1038/s41587-019-0247-3,0.7906976744186046,0.4764269753028833
transfection,transfection_pctile,ridge_combined,Ridge: combined,combined,1,969,https://doi.org/10.1038/s41587-019-0247-3,0.2790697674418604,0.4458598750584548
transfection,transfection_pctile,ridge_combined,Ridge: combined,combined,1,970,https://doi.org/10.1038/s41587-019-0247-3,0.5813953488372093,0.4764269753028833
transfection,transfection_pctile,ridge_combined,Ridge: combined,combined,1,971,https://doi.org/10.1038/s41587-019-0247-3,0.8604651162790697,0.5016401056959705
transfection,transfection_pctile,ridge_combined,Ridge: combined,combined,1,972,https://doi.org/10.1038/s41587-019-0247-3,0.4767441860465116,0.4804800042639343
transfection,transfection_pctile,ridge_combined,Ridge: combined,combined,1,973,https://doi.org/10.1038/s41587-019-0247-3,0.7209302325581395,0.4764269753028833
transfection,transfection_pctile,ridge_combined,Ridge: combined,combined,1,974,https://doi.org/10.1038/s41587-019-0247-3,0.4767441860465116,0.5129748443864447
transfection,transfection_pctile,ridge_combined,Ridge: combined,combined,1,975,https://doi.org/10.1038/s41587-019-0247-3,0.6744186046511628,0.49695845270669653
transfection,transfection_pctile,ridge_combined,Ridge: combined,combined,1,976,https://doi.org/10.1038/s41587-019-0247-3,0.5813953488372093,0.4764269753028833
transfection,transfection_pctile,ridge_combined,Ridge: combined,combined,1,977,https://doi.org/10.1038/s41587-019-0247-3,0.3023255813953488,0.4673830625112263
transfection,transfection_pctile,ridge_combined,Ridge: combined,combined,1,978,https://doi.org/10.1038/s41587-019-0247-3,0.3604651162790697,0.4615015065618048
transfection,transfection_pctile,ridge_combined,Ridge: combined,combined,1,979,https://doi.org/10.1038/s41587-019-0247-3,0.2558139534883721,0.4221903009171387
transfection,transfection_pctile,ridge_combined,Ridge: combined,combined,1,980,https://doi.org/10.1038/s41587-019-0247-3,0.2325581395348837,0.4308437877436103
transfection,transfection_pctile,ridge_combined,Ridge: combined,combined,1,981,https://doi.org/10.1038/s41587-019-0247-3,0.9069767441860463,0.5021410360639925
transfection,transfection_pctile,ridge_combined,Ridge: combined,combined,1,982,https://doi.org/10.1038/s41587-019-0247-3,0.5813953488372093,0.4660915181857264
transfection,transfection_pctile,ridge_combined,Ridge: combined,combined,1,983,https://doi.org/10.1038/s41587-019-0247-3,0.9302325581395348,0.5021410360639925
transfection,transfection_pctile,ridge_combined,Ridge: combined,combined,1,984,https://doi.org/10.1038/s41587-019-0247-3,0.7674418604651163,0.5021410360639925
transfection,transfection_pctile,ridge_combined,Ridge: combined,combined,1,985,https://doi.org/10.1038/s41587-019-0247-3,0.7441860465116279,0.49394630692977004
transfection,transfection_pctile,ridge_combined,Ridge: combined,combined,1,986,https://doi.org/10.1038/s41587-019-0247-3,0.627906976744186,0.491301250537387
transfection,transfection_pctile,ridge_combined,Ridge: combined,combined,1,987,https://doi.org/10.1038/s41587-019-0247-3,0.6511627906976745,0.49838907018452905
transfection,transfection_pctile,ridge_combined,Ridge: combined,combined,1,988,https://doi.org/10.1038/s41587-019-0247-3,0.3604651162790697,0.49217485920940357
transfection,transfection_pctile,ridge_combined,Ridge: combined,combined,1,989,https://doi.org/10.1038/s41587-019-0247-3,0.5116279069767442,0.49039250244239263
transfection,transfection_pctile,ridge_combined,Ridge: combined,combined,1,990,https://doi.org/10.1038/s41587-019-0247-3,0.9883720930232558,0.4975641998681765
transfection,transfection_pctile,ridge_combined,Ridge: combined,combined,1,991,https://doi.org/10.1038/s41587-019-0247-3,0.6976744186046512,0.4938039060652132
transfection,transfection_pctile,ridge_combined,Ridge: combined,combined,1,992,https://doi.org/10.1038/s41587-019-0247-3,0.8837209302325582,0.5039562922434463
transfection,transfection_pctile,ridge_combined,Ridge: combined,combined,2,2,https://doi.org/10.1038/s41467-024-50619-z,0.875,0.5845645361028119
transfection,transfection_pctile,ridge_combined,Ridge: combined,combined,2,3,https://doi.org/10.1038/s41467-024-50619-z,0.65625,0.6271201005995727
transfection,transfection_pctile,ridge_combined,Ridge: combined,combined,2,4,https://doi.org/10.1038/s41467-024-50619-z,0.75,0.5782108915661459
transfection,transfection_pctile,ridge_combined,Ridge: combined,combined,2,5,https://doi.org/10.1038/s41467-024-50619-z,0.8125,0.6144444560156432
transfection,transfection_pctile,ridge_combined,Ridge: combined,combined,2,6,https://doi.org/10.1038/s41467-024-50619-z,0.96875,0.5670893326949341
transfection,transfection_pctile,ridge_combined,Ridge: combined,combined,2,7,https://doi.org/10.1038/s41467-024-50619-z,0.9375,0.611859415104882
transfection,transfection_pctile,ridge_combined,Ridge: combined,combined,2,8,https://doi.org/10.1038/s41467-024-50619-z,0.40625,0.6330236473955114
transfection,transfection_pctile,ridge_combined,Ridge: combined,combined,2,9,https://doi.org/10.1038/s41467-024-50619-z,0.375,0.6312241286428596
transfection,transfection_pctile,ridge_combined,Ridge: combined,combined,2,10,https://doi.org/10.1038/s41467-024-50619-z,0.6875,0.6316706256616916
transfection,transfection_pctile,ridge_combined,Ridge: combined,combined,2,11,https://doi.org/10.1038/s41467-024-50619-z,0.84375,0.629908062446027
transfection,transfection_pctile,ridge_combined,Ridge: combined,combined,2,12,https://doi.org/10.1038/s41467-024-50619-z,1.0,0.6353365862004149
transfection,transfection_pctile,ridge_combined,Ridge: combined,combined,2,13,https://doi.org/10.1038/s41467-024-50619-z,0.90625,0.6193817014445426
transfection,transfection_pctile,ridge_combined,Ridge: combined,combined,2,14,https://doi.org/10.1038/s41467-024-50619-z,0.78125,0.6176544512975548
transfection,transfection_pctile,ridge_combined,Ridge: combined,combined,2,15,https://doi.org/10.1038/s41467-024-50619-z,0.46875,0.6132342208126033
transfection,transfection_pctile,ridge_combined,Ridge: combined,combined,2,16,https://doi.org/10.1038/s41467-024-50619-z,0.625,0.6323929035865788
transfection,transfection_pctile,ridge_combined,Ridge: combined,combined,2,17,https://doi.org/10.1038/s41467-024-50619-z,0.578125,0.6314260068925156
transfection,transfection_pctile,ridge_combined,Ridge: combined,combined,2,18,https://doi.org/10.1038/s41467-024-50619-z,0.515625,0.633480845009896
transfection,transfection_pctile,ridge_combined,Ridge: combined,combined,2,19,https://doi.org/10.1038/s41467-024-50619-z,0.25,0.6172658916608456
transfection,transfection_pctile,ridge_combined,Ridge: combined,combined,2,20,https://doi.org/10.1038/s41467-024-50619-z,0.28125,0.6224460144150136
transfection,transfection_pctile,ridge_combined,Ridge: combined,combined,2,21,https://doi.org/10.1038/s41467-024-50619-z,0.3125,0.6206077803378988
transfection,transfection_pctile,ridge_combined,Ridge: combined,combined,2,22,https://doi.org/10.1038/s41467-024-50619-z,0.578125,0.6224460144150136
transfection,transfection_pctile,ridge_combined,Ridge: combined,combined,2,23,https://doi.org/10.1038/s41467-024-50619-z,0.71875,0.6238433285048671
transfection,transfection_pctile,ridge_combined,Ridge: combined,combined,2,24,https://doi.org/10.1038/s41467-024-50619-z,0.34375,0.622548920382263
transfection,transfection_pctile,ridge_combined,Ridge: combined,combined,2,25,https://doi.org/10.1038/s41467-024-50619-z,0.09375,0.6431355934701339
transfection,transfection_pctile,ridge_combined,Ridge: combined,combined,2,26,https://doi.org/10.1038/s41467-024-50619-z,0.125,0.6414083433231461
transfection,transfection_pctile,ridge_combined,Ridge: combined,combined,2,27,https://doi.org/10.1038/s41467-024-50619-z,0.15625,0.6433998763052157
transfection,transfection_pctile,ridge_combined,Ridge: combined,combined,2,28,https://doi.org/10.1038/s41467-024-50619-z,0.515625,0.6396794909407988
transfection,transfection_pctile,ridge_combined,Ridge: combined,combined,2,29,https://doi.org/10.1038/s41467-024-50619-z,0.1875,0.6353700988972489
transfection,transfection_pctile,ridge_combined,Ridge: combined,combined,2,30,https://doi.org/10.1038/s41467-024-50619-z,0.4375,0.6389502499729143
transfection,transfection_pctile,ridge_combined,Ridge: combined,combined,3,109,10.1021/acs.nanolett.5b02497,0.5,0.5246104470991528
transfection,transfection_pctile,ridge_combined,Ridge: combined,combined,3,110,10.1021/acs.nanolett.5b02497,1.0,0.5613364733102145
transfection,transfection_pctile,ridge_combined,Ridge: combined,combined,3,113,https://doi.org/10.1016/j.ymthe.2018.03.010,0.2,0.5644033842297698
transfection,transfection_pctile,ridge_combined,Ridge: combined,combined,3,116,https://doi.org/10.1016/j.ymthe.2018.03.010,0.6,0.5852134700503199
transfection,transfection_pctile,ridge_combined,Ridge: combined,combined,3,117,https://doi.org/10.1016/j.ymthe.2018.03.010,0.6,0.5812508764916011
transfection,transfection_pctile,ridge_combined,Ridge: combined,combined,3,120,https://doi.org/10.1016/j.ymthe.2018.03.010,0.6,0.583857320823489
transfection,transfection_pctile,ridge_combined,Ridge: combined,combined,3,122,https://doi.org/10.1016/j.ymthe.2018.03.010,1.0,0.5878221952838919
transfection,transfection_pctile,ridge_combined,Ridge: combined,combined,3,778,10.1002/btm2.10580,0.1666666666666666,0.5748676498757065
transfection,transfection_pctile,ridge_combined,Ridge: combined,combined,3,779,10.1002/btm2.10580,0.6666666666666666,0.6150699120545031
transfection,transfection_pctile,ridge_combined,Ridge: combined,combined,3,780,10.1002/btm2.10580,0.5,0.6349888755722617
transfection,transfection_pctile,ridge_combined,Ridge: combined,combined,3,781,10.1002/btm2.10580,0.5833333333333334,0.6253732546249686
transfection,transfection_pctile,ridge_combined,Ridge: combined,combined,3,782,10.1002/btm2.10580,0.75,0.5735539782530235
transfection,transfection_pctile,ridge_combined,Ridge: combined,combined,3,783,10.1002/btm2.10580,0.3333333333333333,0.583857320823489
transfection,transfection_pctile,ridge_combined,Ridge: combined,combined,3,784,10.1002/btm2.10580,0.25,0.5830467676206963
transfection,transfection_pctile,ridge_combined,Ridge: combined,combined,3,785,10.1002/btm2.10580,0.0833333333333333,0.6036407419368784
transfection,transfection_pctile,ridge_combined,Ridge: combined,combined,3,786,10.1002/btm2.10580,1.0,0.5735539782530235
transfection,transfection_pctile,ridge_combined,Ridge: combined,combined,3,787,10.1002/btm2.10580,0.875,0.5735539782530235
transfection,transfection_pctile,ridge_combined,Ridge: combined,combined,3,788,10.1002/btm2.10580,0.875,0.5735539782530235
transfection,transfection_pctile,ridge_combined,Ridge: combined,combined,3,789,10.1002/btm2.10580,0.4166666666666667,0.5735539782530235
transfection,transfection_pctile,ridge_combined,Ridge: combined,combined,4,444,10.1002/anie.201809056,0.75,0.45428471342686283
transfection,transfection_pctile,ridge_combined,Ridge: combined,combined,4,446,10.1002/anie.201809056,1.0,0.4675451446492274
transfection,transfection_pctile,ridge_combined,Ridge: combined,combined,4,575,10.1002/jbm.a.37705,0.8125,0.6010156121604255
transfection,transfection_pctile,ridge_combined,Ridge: combined,combined,4,576,10.1002/jbm.a.37705,0.3125,0.6063179942575743
transfection,transfection_pctile,ridge_combined,Ridge: combined,combined,4,578,10.1002/jbm.a.37705,0.3125,0.5869033033939524
transfection,transfection_pctile,ridge_combined,Ridge: combined,combined,4,863,https://doi.org/10.1016/j.jconrel.2025.01.071,0.4285714285714285,0.6187613899747471
transfection,transfection_pctile,ridge_combined,Ridge: combined,combined,4,864,https://doi.org/10.1016/j.jconrel.2025.01.071,1.0,0.6187613899747471
transfection,transfection_pctile,ridge_combined,Ridge: combined,combined,4,865,https://doi.org/10.1016/j.jconrel.2025.01.071,0.1428571428571428,0.6187613899747471
transfection,transfection_pctile,ridge_combined,Ridge: combined,combined,4,866,https://doi.org/10.1016/j.jconrel.2025.01.071,0.7142857142857143,0.6187613899747471
transfection,transfection_pctile,ridge_combined,Ridge: combined,combined,4,867,https://doi.org/10.1016/j.jconrel.2025.01.071,0.5714285714285714,0.6187613899747471
transfection,transfection_pctile,ridge_combined,Ridge: combined,combined,4,868,https://doi.org/10.1016/j.jconrel.2025.01.071,0.2857142857142857,0.6187613899747471
transfection,transfection_pctile,ridge_combined,Ridge: combined,combined,4,869,https://doi.org/10.1016/j.jconrel.2025.01.071,0.8571428571428571,0.6187613899747471
transfection,transfection_pctile,ridge_combined,Ridge: combined,combined,4,875,https://doi.org/10.1101/2023.11.09.565872,0.6875,0.5909044189132832
transfection,transfection_pctile,ridge_combined,Ridge: combined,combined,4,876,https://doi.org/10.1101/2023.11.09.565872,0.6875,0.5891505928867474
transfection,transfection_pctile,ridge_combined,Ridge: combined,combined,4,932,https://doi.org/10.1248/cpb.c24-00089,0.6,0.6072087803411569
transfection,transfection_pctile,ridge_combined,Ridge: combined,combined,4,933,https://doi.org/10.1248/cpb.c24-00089,0.3,0.6072087803411569
transfection,transfection_pctile,ridge_combined,Ridge: combined,combined,4,934,https://doi.org/10.1248/cpb.c24-00089,0.3,0.6072087803411569
transfection,transfection_pctile,ridge_combined,Ridge: combined,combined,4,935,https://doi.org/10.1248/cpb.c24-00089,0.9,0.6072087803411569
transfection,transfection_pctile,ridge_combined,Ridge: combined,combined,4,936,https://doi.org/10.1248/cpb.c24-00089,0.9,0.6072087803411569
transfection,transfection_pctile,ridge_combined,Ridge: combined,combined,5,509,https://doi.org/10.34133/bmr.0017,0.8,0.6336595890222049
transfection,transfection_pctile,ridge_combined,Ridge: combined,combined,5,510,https://doi.org/10.34133/bmr.0017,0.4,0.6336595890222049
transfection,transfection_pctile,ridge_combined,Ridge: combined,combined,5,511,https://doi.org/10.34133/bmr.0017,0.2,1.0361521380989782
transfection,transfection_pctile,ridge_combined,Ridge: combined,combined,5,512,https://doi.org/10.34133/bmr.0017,0.6,1.0361521380989782
transfection,transfection_pctile,ridge_combined,Ridge: combined,combined,5,513,https://doi.org/10.34133/bmr.0017,1.0,0.9828686697374178
transfection,transfection_pctile,ridge_combined,Ridge: combined,combined,5,635,10.1021/jacs.2c12893,0.5,0.4664789466115599
transfection,transfection_pctile,ridge_combined,Ridge: combined,combined,5,637,https://doi.org/10.1016/j.jconrel.2021.11.022,0.3333333333333333,0.4664789466115599
transfection,transfection_pctile,ridge_combined,Ridge: combined,combined,5,639,https://doi.org/10.1016/j.jconrel.2021.11.022,1.0,0.738210213923169
transfection,transfection_pctile,ridge_combined,Ridge: combined,combined,5,922,https://doi.org/10.1073/pnas.2303567120,0.8333333333333334,0.8097036957672852
transfection,transfection_pctile,ridge_combined,Ridge: combined,combined,5,923,https://doi.org/10.1073/pnas.2303567120,0.8333333333333334,0.8097036957672852
transfection,transfection_pctile,ridge_combined,Ridge: combined,combined,5,928,https://doi.org/10.1073/pnas.2303567120,0.75,0.8097036957672852
transfection,transfection_pctile,ridge_combined,Ridge: combined,combined,5,929,https://doi.org/10.1073/pnas.2303567120,0.75,0.8097036957672852
transfection,transfection_pctile,ridge_combined,Ridge: combined,combined,5,931,https://doi.org/10.1073/pnas.2303567120,0.3333333333333333,0.8097036957672852
transfection,transfection_pctile,ridge_combined,Ridge: combined,combined,5,1088,https://dx.doi.org/10.1021/acs.nanolett.0c01386,0.2,0.8097036957672852
transfection,transfection_pctile,ridge_combined,Ridge: combined,combined,5,1089,https://dx.doi.org/10.1021/acs.nanolett.0c01386,1.0,0.8097036957672852
transfection,transfection_pctile,ridge_combined,Ridge: combined,combined,5,1090,https://dx.doi.org/10.1021/acs.nanolett.0c01386,0.4,0.8097036957672852
transfection,transfection_pctile,ridge_combined,Ridge: combined,combined,5,1091,https://dx.doi.org/10.1021/acs.nanolett.0c01386,0.7,0.8097036957672853
transfection,transfection_pctile,ridge_combined,Ridge: combined,combined,5,1092,https://dx.doi.org/10.1021/acs.nanolett.0c01386,0.7,0.8097036957672853
transfection,transfection_pctile,rf_combined,RF: combined,combined,1,959,https://doi.org/10.1038/s41587-019-0247-3,0.9883720930232558,0.5371179106019836
transfection,transfection_pctile,rf_combined,RF: combined,combined,1,960,https://doi.org/10.1038/s41587-019-0247-3,0.8372093023255814,0.5153353040815203
transfection,transfection_pctile,rf_combined,RF: combined,combined,1,961,https://doi.org/10.1038/s41587-019-0247-3,0.813953488372093,0.5059477992616046
transfection,transfection_pctile,rf_combined,RF: combined,combined,1,962,https://doi.org/10.1038/s41587-019-0247-3,0.9534883720930232,0.5187711275768081
transfection,transfection_pctile,rf_combined,RF: combined,combined,1,963,https://doi.org/10.1038/s41587-019-0247-3,0.5348837209302325,0.5059477992616046
transfection,transfection_pctile,rf_combined,RF: combined,combined,1,964,https://doi.org/10.1038/s41587-019-0247-3,0.3255813953488372,0.5447597161608426
transfection,transfection_pctile,rf_combined,RF: combined,combined,1,965,https://doi.org/10.1038/s41587-019-0247-3,0.3953488372093023,0.5460667397886697
transfection,transfection_pctile,rf_combined,RF: combined,combined,1,966,https://doi.org/10.1038/s41587-019-0247-3,0.4418604651162791,0.5411786509215185
transfection,transfection_pctile,rf_combined,RF: combined,combined,1,967,https://doi.org/10.1038/s41587-019-0247-3,0.4186046511627907,0.5059477992616046
transfection,transfection_pctile,rf_combined,RF: combined,combined,1,968,https://doi.org/10.1038/s41587-019-0247-3,0.7906976744186046,0.5059477992616046
transfection,transfection_pctile,rf_combined,RF: combined,combined,1,969,https://doi.org/10.1038/s41587-019-0247-3,0.2790697674418604,0.5411786509215185
transfection,transfection_pctile,rf_combined,RF: combined,combined,1,970,https://doi.org/10.1038/s41587-019-0247-3,0.5813953488372093,0.5059477992616046
transfection,transfection_pctile,rf_combined,RF: combined,combined,1,971,https://doi.org/10.1038/s41587-019-0247-3,0.8604651162790697,0.5362759724310274
transfection,transfection_pctile,rf_combined,RF: combined,combined,1,972,https://doi.org/10.1038/s41587-019-0247-3,0.4767441860465116,0.5402878670410471
transfection,transfection_pctile,rf_combined,RF: combined,combined,1,973,https://doi.org/10.1038/s41587-019-0247-3,0.7209302325581395,0.5059477992616046
transfection,transfection_pctile,rf_combined,RF: combined,combined,1,974,https://doi.org/10.1038/s41587-019-0247-3,0.4767441860465116,0.5353331173760294
transfection,transfection_pctile,rf_combined,RF: combined,combined,1,975,https://doi.org/10.1038/s41587-019-0247-3,0.6744186046511628,0.5522247986658726
transfection,transfection_pctile,rf_combined,RF: combined,combined,1,976,https://doi.org/10.1038/s41587-019-0247-3,0.5813953488372093,0.5059477992616046
transfection,transfection_pctile,rf_combined,RF: combined,combined,1,977,https://doi.org/10.1038/s41587-019-0247-3,0.3023255813953488,0.5191819183138486
transfection,transfection_pctile,rf_combined,RF: combined,combined,1,978,https://doi.org/10.1038/s41587-019-0247-3,0.3604651162790697,0.5187044609101414
transfection,transfection_pctile,rf_combined,RF: combined,combined,1,979,https://doi.org/10.1038/s41587-019-0247-3,0.2558139534883721,0.5059477992616046
transfection,transfection_pctile,rf_combined,RF: combined,combined,1,980,https://doi.org/10.1038/s41587-019-0247-3,0.2325581395348837,0.5202890303568982
transfection,transfection_pctile,rf_combined,RF: combined,combined,1,981,https://doi.org/10.1038/s41587-019-0247-3,0.9069767441860463,0.5276352667593845
transfection,transfection_pctile,rf_combined,RF: combined,combined,1,982,https://doi.org/10.1038/s41587-019-0247-3,0.5813953488372093,0.5187044609101414
transfection,transfection_pctile,rf_combined,RF: combined,combined,1,983,https://doi.org/10.1038/s41587-019-0247-3,0.9302325581395348,0.5276352667593845
transfection,transfection_pctile,rf_combined,RF: combined,combined,1,984,https://doi.org/10.1038/s41587-019-0247-3,0.7674418604651163,0.5276352667593845
transfection,transfection_pctile,rf_combined,RF: combined,combined,1,985,https://doi.org/10.1038/s41587-019-0247-3,0.7441860465116279,0.5153353040815203
transfection,transfection_pctile,rf_combined,RF: combined,combined,1,986,https://doi.org/10.1038/s41587-019-0247-3,0.627906976744186,0.5167166929704091
transfection,transfection_pctile,rf_combined,RF: combined,combined,1,987,https://doi.org/10.1038/s41587-019-0247-3,0.6511627906976745,0.5150558199330628
transfection,transfection_pctile,rf_combined,RF: combined,combined,1,988,https://doi.org/10.1038/s41587-019-0247-3,0.3604651162790697,0.5402212003743805
transfection,transfection_pctile,rf_combined,RF: combined,combined,1,989,https://doi.org/10.1038/s41587-019-0247-3,0.5116279069767442,0.5195900223741404
transfection,transfection_pctile,rf_combined,RF: combined,combined,1,990,https://doi.org/10.1038/s41587-019-0247-3,0.9883720930232558,0.5371179106019836
transfection,transfection_pctile,rf_combined,RF: combined,combined,1,991,https://doi.org/10.1038/s41587-019-0247-3,0.6976744186046512,0.5312739626930804
transfection,transfection_pctile,rf_combined,RF: combined,combined,1,992,https://doi.org/10.1038/s41587-019-0247-3,0.8837209302325582,0.5276352667593845
transfection,transfection_pctile,rf_combined,RF: combined,combined,2,2,https://doi.org/10.1038/s41467-024-50619-z,0.875,0.6912495053618929
transfection,transfection_pctile,rf_combined,RF: combined,combined,2,3,https://doi.org/10.1038/s41467-024-50619-z,0.65625,0.7473760920795163
transfection,transfection_pctile,rf_combined,RF: combined,combined,2,4,https://doi.org/10.1038/s41467-024-50619-z,0.75,0.7211469920959436
transfection,transfection_pctile,rf_combined,RF: combined,combined,2,5,https://doi.org/10.1038/s41467-024-50619-z,0.8125,0.7664096173592498
transfection,transfection_pctile,rf_combined,RF: combined,combined,2,6,https://doi.org/10.1038/s41467-024-50619-z,0.96875,0.7063067832264821
transfection,transfection_pctile,rf_combined,RF: combined,combined,2,7,https://doi.org/10.1038/s41467-024-50619-z,0.9375,0.7856742286594177
transfection,transfection_pctile,rf_combined,RF: combined,combined,2,8,https://doi.org/10.1038/s41467-024-50619-z,0.40625,0.7763741382108184
transfection,transfection_pctile,rf_combined,RF: combined,combined,2,9,https://doi.org/10.1038/s41467-024-50619-z,0.375,0.7864447428828477
transfection,transfection_pctile,rf_combined,RF: combined,combined,2,10,https://doi.org/10.1038/s41467-024-50619-z,0.6875,0.7902200374752064
transfection,transfection_pctile,rf_combined,RF: combined,combined,2,11,https://doi.org/10.1038/s41467-024-50619-z,0.84375,0.7820037793653143
transfection,transfection_pctile,rf_combined,RF: combined,combined,2,12,https://doi.org/10.1038/s41467-024-50619-z,1.0,0.7492653953161159
transfection,transfection_pctile,rf_combined,RF: combined,combined,2,13,https://doi.org/10.1038/s41467-024-50619-z,0.90625,0.7733633070828901
transfection,transfection_pctile,rf_combined,RF: combined,combined,2,14,https://doi.org/10.1038/s41467-024-50619-z,0.78125,0.7805150025553458
transfection,transfection_pctile,rf_combined,RF: combined,combined,2,15,https://doi.org/10.1038/s41467-024-50619-z,0.46875,0.7795573096368257
transfection,transfection_pctile,rf_combined,RF: combined,combined,2,16,https://doi.org/10.1038/s41467-024-50619-z,0.625,0.7853880047856734
transfection,transfection_pctile,rf_combined,RF: combined,combined,2,17,https://doi.org/10.1038/s41467-024-50619-z,0.578125,0.7901486745444247
transfection,transfection_pctile,rf_combined,RF: combined,combined,2,18,https://doi.org/10.1038/s41467-024-50619-z,0.515625,0.74865575926741
transfection,transfection_pctile,rf_combined,RF: combined,combined,2,19,https://doi.org/10.1038/s41467-024-50619-z,0.25,0.8220812807747114
transfection,transfection_pctile,rf_combined,RF: combined,combined,2,20,https://doi.org/10.1038/s41467-024-50619-z,0.28125,0.7755418289632184
transfection,transfection_pctile,rf_combined,RF: combined,combined,2,21,https://doi.org/10.1038/s41467-024-50619-z,0.3125,0.7793903424576913
transfection,transfection_pctile,rf_combined,RF: combined,combined,2,22,https://doi.org/10.1038/s41467-024-50619-z,0.578125,0.7755418289632184
transfection,transfection_pctile,rf_combined,RF: combined,combined,2,23,https://doi.org/10.1038/s41467-024-50619-z,0.71875,0.7406754463094808
transfection,transfection_pctile,rf_combined,RF: combined,combined,2,24,https://doi.org/10.1038/s41467-024-50619-z,0.34375,0.775745385689653
transfection,transfection_pctile,rf_combined,RF: combined,combined,2,25,https://doi.org/10.1038/s41467-024-50619-z,0.09375,0.7967470475656757
transfection,transfection_pctile,rf_combined,RF: combined,combined,2,26,https://doi.org/10.1038/s41467-024-50619-z,0.125,0.7855072454050885
transfection,transfection_pctile,rf_combined,RF: combined,combined,2,27,https://doi.org/10.1038/s41467-024-50619-z,0.15625,0.7580467769340674
transfection,transfection_pctile,rf_combined,RF: combined,combined,2,28,https://doi.org/10.1038/s41467-024-50619-z,0.515625,0.7890360441564019
transfection,transfection_pctile,rf_combined,RF: combined,combined,2,29,https://doi.org/10.1038/s41467-024-50619-z,0.1875,0.829881554019063
transfection,transfection_pctile,rf_combined,RF: combined,combined,2,30,https://doi.org/10.1038/s41467-024-50619-z,0.4375,0.7682015402709674
transfection,transfection_pctile,rf_combined,RF: combined,combined,3,109,10.1021/acs.nanolett.5b02497,0.5,0.4236862569773032
transfection,transfection_pctile,rf_combined,RF: combined,combined,3,110,10.1021/acs.nanolett.5b02497,1.0,0.41888300136210216
transfection,transfection_pctile,rf_combined,RF: combined,combined,3,113,https://doi.org/10.1016/j.ymthe.2018.03.010,0.2,0.6607916603400907
transfection,transfection_pctile,rf_combined,RF: combined,combined,3,116,https://doi.org/10.1016/j.ymthe.2018.03.010,0.6,0.6019154177612238
transfection,transfection_pctile,rf_combined,RF: combined,combined,3,117,https://doi.org/10.1016/j.ymthe.2018.03.010,0.6,0.6111754215312737
transfection,transfection_pctile,rf_combined,RF: combined,combined,3,120,https://doi.org/10.1016/j.ymthe.2018.03.010,0.6,0.6101472059294497
transfection,transfection_pctile,rf_combined,RF: combined,combined,3,122,https://doi.org/10.1016/j.ymthe.2018.03.010,1.0,0.6004280521517293
transfection,transfection_pctile,rf_combined,RF: combined,combined,3,778,10.1002/btm2.10580,0.1666666666666666,0.5193881938620875
transfection,transfection_pctile,rf_combined,RF: combined,combined,3,779,10.1002/btm2.10580,0.6666666666666666,0.6326892530009429
transfection,transfection_pctile,rf_combined,RF: combined,combined,3,780,10.1002/btm2.10580,0.5,0.6333547801897105
transfection,transfection_pctile,rf_combined,RF: combined,combined,3,781,10.1002/btm2.10580,0.5833333333333334,0.6359314884366792
transfection,transfection_pctile,rf_combined,RF: combined,combined,3,782,10.1002/btm2.10580,0.75,0.635677279260512
transfection,transfection_pctile,rf_combined,RF: combined,combined,3,783,10.1002/btm2.10580,0.3333333333333333,0.6101472059294497
transfection,transfection_pctile,rf_combined,RF: combined,combined,3,784,10.1002/btm2.10580,0.25,0.6161080707254262
transfection,transfection_pctile,rf_combined,RF: combined,combined,3,785,10.1002/btm2.10580,0.0833333333333333,0.5755845846036433
transfection,transfection_pctile,rf_combined,RF: combined,combined,3,786,10.1002/btm2.10580,1.0,0.635677279260512
transfection,transfection_pctile,rf_combined,RF: combined,combined,3,787,10.1002/btm2.10580,0.875,0.635677279260512
transfection,transfection_pctile,rf_combined,RF: combined,combined,3,788,10.1002/btm2.10580,0.875,0.635677279260512
transfection,transfection_pctile,rf_combined,RF: combined,combined,3,789,10.1002/btm2.10580,0.4166666666666667,0.635677279260512
transfection,transfection_pctile,rf_combined,RF: combined,combined,4,444,10.1002/anie.201809056,0.75,0.5817743975713676
transfection,transfection_pctile,rf_combined,RF: combined,combined,4,446,10.1002/anie.201809056,1.0,0.5817743975713676
transfection,transfection_pctile,rf_combined,RF: combined,combined,4,575,10.1002/jbm.a.37705,0.8125,0.5224057648886428
transfection,transfection_pctile,rf_combined,RF: combined,combined,4,576,10.1002/jbm.a.37705,0.3125,0.5432588073355372
transfection,transfection_pctile,rf_combined,RF: combined,combined,4,578,10.1002/jbm.a.37705,0.3125,0.5384454019814706
transfection,transfection_pctile,rf_combined,RF: combined,combined,4,863,https://doi.org/10.1016/j.jconrel.2025.01.071,0.4285714285714285,0.3524742107432297
transfection,transfection_pctile,rf_combined,RF: combined,combined,4,864,https://doi.org/10.1016/j.jconrel.2025.01.071,1.0,0.3524742107432297
transfection,transfection_pctile,rf_combined,RF: combined,combined,4,865,https://doi.org/10.1016/j.jconrel.2025.01.071,0.1428571428571428,0.3524742107432297
transfection,transfection_pctile,rf_combined,RF: combined,combined,4,866,https://doi.org/10.1016/j.jconrel.2025.01.071,0.7142857142857143,0.3524742107432297
transfection,transfection_pctile,rf_combined,RF: combined,combined,4,867,https://doi.org/10.1016/j.jconrel.2025.01.071,0.5714285714285714,0.3524742107432297
transfection,transfection_pctile,rf_combined,RF: combined,combined,4,868,https://doi.org/10.1016/j.jconrel.2025.01.071,0.2857142857142857,0.3524742107432297
transfection,transfection_pctile,rf_combined,RF: combined,combined,4,869,https://doi.org/10.1016/j.jconrel.2025.01.071,0.8571428571428571,0.3524742107432297
transfection,transfection_pctile,rf_combined,RF: combined,combined,4,875,https://doi.org/10.1101/2023.11.09.565872,0.6875,0.7726767959358162
transfection,transfection_pctile,rf_combined,RF: combined,combined,4,876,https://doi.org/10.1101/2023.11.09.565872,0.6875,0.38493117612308014
transfection,transfection_pctile,rf_combined,RF: combined,combined,4,932,https://doi.org/10.1248/cpb.c24-00089,0.6,0.41578239506254416
transfection,transfection_pctile,rf_combined,RF: combined,combined,4,933,https://doi.org/10.1248/cpb.c24-00089,0.3,0.41578239506254416
transfection,transfection_pctile,rf_combined,RF: combined,combined,4,934,https://doi.org/10.1248/cpb.c24-00089,0.3,0.41578239506254416
transfection,transfection_pctile,rf_combined,RF: combined,combined,4,935,https://doi.org/10.1248/cpb.c24-00089,0.9,0.41578239506254416
transfection,transfection_pctile,rf_combined,RF: combined,combined,4,936,https://doi.org/10.1248/cpb.c24-00089,0.9,0.41578239506254416
transfection,transfection_pctile,rf_combined,RF: combined,combined,5,509,https://doi.org/10.34133/bmr.0017,0.8,0.5690665665078889
transfection,transfection_pctile,rf_combined,RF: combined,combined,5,510,https://doi.org/10.34133/bmr.0017,0.4,0.5690665665078889
transfection,transfection_pctile,rf_combined,RF: combined,combined,5,511,https://doi.org/10.34133/bmr.0017,0.2,0.676938622246616
transfection,transfection_pctile,rf_combined,RF: combined,combined,5,512,https://doi.org/10.34133/bmr.0017,0.6,0.676938622246616
transfection,transfection_pctile,rf_combined,RF: combined,combined,5,513,https://doi.org/10.34133/bmr.0017,1.0,0.6267022343644726
transfection,transfection_pctile,rf_combined,RF: combined,combined,5,635,10.1021/jacs.2c12893,0.5,0.5745526423337107
transfection,transfection_pctile,rf_combined,RF: combined,combined,5,637,https://doi.org/10.1016/j.jconrel.2021.11.022,0.3333333333333333,0.5745526423337107
transfection,transfection_pctile,rf_combined,RF: combined,combined,5,639,https://doi.org/10.1016/j.jconrel.2021.11.022,1.0,0.5664806734043994
transfection,transfection_pctile,rf_combined,RF: combined,combined,5,922,https://doi.org/10.1073/pnas.2303567120,0.8333333333333334,0.5302782393435211
transfection,transfection_pctile,rf_combined,RF: combined,combined,5,923,https://doi.org/10.1073/pnas.2303567120,0.8333333333333334,0.5302782393435211
transfection,transfection_pctile,rf_combined,RF: combined,combined,5,928,https://doi.org/10.1073/pnas.2303567120,0.75,0.5302782393435211
transfection,transfection_pctile,rf_combined,RF: combined,combined,5,929,https://doi.org/10.1073/pnas.2303567120,0.75,0.5302782393435211
transfection,transfection_pctile,rf_combined,RF: combined,combined,5,931,https://doi.org/10.1073/pnas.2303567120,0.3333333333333333,0.5302782393435211
transfection,transfection_pctile,rf_combined,RF: combined,combined,5,1088,https://dx.doi.org/10.1021/acs.nanolett.0c01386,0.2,0.5302782393435211
transfection,transfection_pctile,rf_combined,RF: combined,combined,5,1089,https://dx.doi.org/10.1021/acs.nanolett.0c01386,1.0,0.5302782393435211
transfection,transfection_pctile,rf_combined,RF: combined,combined,5,1090,https://dx.doi.org/10.1021/acs.nanolett.0c01386,0.4,0.5302782393435211
transfection,transfection_pctile,rf_combined,RF: combined,combined,5,1091,https://dx.doi.org/10.1021/acs.nanolett.0c01386,0.7,0.5302782393435211
transfection,transfection_pctile,rf_combined,RF: combined,combined,5,1092,https://dx.doi.org/10.1021/acs.nanolett.0c01386,0.7,0.5302782393435211
particle_size,size_mean,baseline_mean,Mean baseline,none,1,202,https://doi.org/10.1038/s41467-024-45422-9,213.2,106.07039408866994
particle_size,size_mean,baseline_mean,Mean baseline,none,1,203,https://doi.org/10.1038/s41467-024-45422-9,221.9,106.07039408866994
particle_size,size_mean,baseline_mean,Mean baseline,none,1,204,https://doi.org/10.1038/s41467-024-45422-9,185.3,106.07039408866994
particle_size,size_mean,baseline_mean,Mean baseline,none,1,205,https://doi.org/10.1038/s41467-024-45422-9,205.6,106.07039408866994
particle_size,size_mean,baseline_mean,Mean baseline,none,1,206,https://doi.org/10.1038/s41467-024-45422-9,219.7,106.07039408866994
particle_size,size_mean,baseline_mean,Mean baseline,none,1,207,https://doi.org/10.1038/s41467-024-45422-9,214.6,106.07039408866994
particle_size,size_mean,baseline_mean,Mean baseline,none,1,208,https://doi.org/10.1038/s41467-024-45422-9,182.5,106.07039408866994
particle_size,size_mean,baseline_mean,Mean baseline,none,1,209,https://doi.org/10.1038/s41467-024-45422-9,217.0,106.07039408866994
particle_size,size_mean,baseline_mean,Mean baseline,none,1,210,https://doi.org/10.1038/s41467-024-45422-9,150.1,106.07039408866994
particle_size,size_mean,baseline_mean,Mean baseline,none,1,211,https://doi.org/10.1038/s41467-024-45422-9,214.9,106.07039408866994
particle_size,size_mean,baseline_mean,Mean baseline,none,1,212,https://doi.org/10.1038/s41467-024-45422-9,145.8,106.07039408866994
particle_size,size_mean,baseline_mean,Mean baseline,none,1,213,https://doi.org/10.1038/s41467-024-45422-9,143.6,106.07039408866994
particle_size,size_mean,baseline_mean,Mean baseline,none,1,214,https://doi.org/10.1038/s41467-024-45422-9,210.3,106.07039408866994
particle_size,size_mean,baseline_mean,Mean baseline,none,1,215,https://doi.org/10.1038/s41467-024-45422-9,182.5,106.07039408866994
particle_size,size_mean,baseline_mean,Mean baseline,none,1,216,https://doi.org/10.1038/s41467-024-45422-9,206.3,106.07039408866994
particle_size,size_mean,baseline_mean,Mean baseline,none,1,217,https://doi.org/10.1038/s41467-024-45422-9,221.1,106.07039408866994
particle_size,size_mean,baseline_mean,Mean baseline,none,1,218,https://doi.org/10.1038/s41467-024-45422-9,212.3,106.07039408866994
particle_size,size_mean,baseline_mean,Mean baseline,none,1,219,https://doi.org/10.1038/s41467-024-45422-9,173.2,106.07039408866994
particle_size,size_mean,baseline_mean,Mean baseline,none,1,220,https://doi.org/10.1038/s41467-024-45422-9,136.4,106.07039408866994
particle_size,size_mean,baseline_mean,Mean baseline,none,1,221,https://doi.org/10.1038/s41467-024-45422-9,138.3,106.07039408866994
particle_size,size_mean,baseline_mean,Mean baseline,none,1,222,https://doi.org/10.1038/s41467-024-45422-9,116.2,106.07039408866994
particle_size,size_mean,baseline_mean,Mean baseline,none,1,223,https://doi.org/10.1038/s41467-024-45422-9,110.5,106.07039408866994
particle_size,size_mean,baseline_mean,Mean baseline,none,1,224,https://doi.org/10.1038/s41467-024-45422-9,149.1,106.07039408866994
particle_size,size_mean,baseline_mean,Mean baseline,none,1,225,https://doi.org/10.1038/s41467-024-45422-9,151.5,106.07039408866994
particle_size,size_mean,baseline_mean,Mean baseline,none,1,227,https://doi.org/10.1038/s41467-024-45422-9,164.2,106.07039408866994
particle_size,size_mean,baseline_mean,Mean baseline,none,1,228,https://doi.org/10.1038/s41467-024-45422-9,186.2,106.07039408866994
particle_size,size_mean,baseline_mean,Mean baseline,none,1,229,https://doi.org/10.1038/s41467-024-45422-9,169.9,106.07039408866994
particle_size,size_mean,baseline_mean,Mean baseline,none,1,230,https://doi.org/10.1038/s41467-024-45422-9,172.1,106.07039408866994
particle_size,size_mean,baseline_mean,Mean baseline,none,1,231,https://doi.org/10.1038/s41467-024-45422-9,153.1,106.07039408866994
particle_size,size_mean,baseline_mean,Mean baseline,none,1,232,https://doi.org/10.1038/s41467-024-45422-9,135.1,106.07039408866994
particle_size,size_mean,baseline_mean,Mean baseline,none,1,233,https://doi.org/10.1038/s41467-024-45422-9,167.1,106.07039408866994
particle_size,size_mean,baseline_mean,Mean baseline,none,1,234,https://doi.org/10.1038/s41467-024-45422-9,164.2,106.07039408866994
particle_size,size_mean,baseline_mean,Mean baseline,none,1,235,https://doi.org/10.1038/s41467-024-45422-9,157.1,106.07039408866994
particle_size,size_mean,baseline_mean,Mean baseline,none,1,236,https://doi.org/10.1038/s41467-024-45422-9,171.9,106.07039408866994
particle_size,size_mean,baseline_mean,Mean baseline,none,1,237,https://doi.org/10.1038/s41467-024-45422-9,166.8,106.07039408866994
particle_size,size_mean,baseline_mean,Mean baseline,none,1,238,https://doi.org/10.1038/s41467-024-45422-9,160.8,106.07039408866994
particle_size,size_mean,baseline_mean,Mean baseline,none,1,239,https://doi.org/10.1038/s41467-024-45422-9,150.3,106.07039408866994
particle_size,size_mean,baseline_mean,Mean baseline,none,1,240,https://doi.org/10.1038/s41467-024-45422-9,154.9,106.07039408866994
particle_size,size_mean,baseline_mean,Mean baseline,none,1,241,https://doi.org/10.1038/s41467-024-45422-9,159.3,106.07039408866994
particle_size,size_mean,baseline_mean,Mean baseline,none,1,242,https://doi.org/10.1038/s41467-024-45422-9,151.4,106.07039408866994
particle_size,size_mean,baseline_mean,Mean baseline,none,1,243,https://doi.org/10.1038/s41467-024-45422-9,135.4,106.07039408866994
particle_size,size_mean,baseline_mean,Mean baseline,none,1,244,https://doi.org/10.1038/s41467-024-45422-9,156.2,106.07039408866994
particle_size,size_mean,baseline_mean,Mean baseline,none,1,245,https://doi.org/10.1038/s41467-024-45422-9,158.1,106.07039408866994
particle_size,size_mean,baseline_mean,Mean baseline,none,1,246,https://doi.org/10.1038/s41467-024-45422-9,176.0,106.07039408866994
particle_size,size_mean,baseline_mean,Mean baseline,none,1,247,https://doi.org/10.1038/s41467-024-45422-9,167.4,106.07039408866994
particle_size,size_mean,baseline_mean,Mean baseline,none,1,248,https://doi.org/10.1038/s41467-024-45422-9,159.8,106.07039408866994
particle_size,size_mean,baseline_mean,Mean baseline,none,1,249,https://doi.org/10.1038/s41467-024-45422-9,143.2,106.07039408866994
particle_size,size_mean,baseline_mean,Mean baseline,none,1,250,https://doi.org/10.1038/s41467-024-45422-9,174.6,106.07039408866994
particle_size,size_mean,baseline_mean,Mean baseline,none,1,251,https://doi.org/10.1038/s41467-024-45422-9,175.2,106.07039408866994
particle_size,size_mean,baseline_mean,Mean baseline,none,1,252,https://doi.org/10.1038/s41467-024-45422-9,163.1,106.07039408866994
particle_size,size_mean,baseline_mean,Mean baseline,none,1,253,https://doi.org/10.1038/s41467-024-45422-9,162.2,106.07039408866994
particle_size,size_mean,baseline_mean,Mean baseline,none,1,254,https://doi.org/10.1038/s41467-024-45422-9,159.9,106.07039408866994
particle_size,size_mean,baseline_mean,Mean baseline,none,1,255,https://doi.org/10.1038/s41467-024-45422-9,162.3,106.07039408866994
particle_size,size_mean,baseline_mean,Mean baseline,none,1,256,https://doi.org/10.1038/s41467-024-45422-9,151.7,106.07039408866994
particle_size,size_mean,baseline_mean,Mean baseline,none,1,257,https://doi.org/10.1038/s41467-024-45422-9,155.1,106.07039408866994
particle_size,size_mean,baseline_mean,Mean baseline,none,1,258,https://doi.org/10.1038/s41467-024-45422-9,151.7,106.07039408866994
particle_size,size_mean,baseline_mean,Mean baseline,none,1,259,https://doi.org/10.1038/s41467-024-45422-9,162.3,106.07039408866994
particle_size,size_mean,baseline_mean,Mean baseline,none,1,260,https://doi.org/10.1038/s41467-024-45422-9,140.8,106.07039408866994
particle_size,size_mean,baseline_mean,Mean baseline,none,1,261,https://doi.org/10.1038/s41467-024-45422-9,173.5,106.07039408866994
particle_size,size_mean,baseline_mean,Mean baseline,none,1,262,https://doi.org/10.1038/s41467-024-45422-9,146.7,106.07039408866994
particle_size,size_mean,baseline_mean,Mean baseline,none,1,263,https://doi.org/10.1038/s41467-024-45422-9,161.7,106.07039408866994
particle_size,size_mean,baseline_mean,Mean baseline,none,1,264,https://doi.org/10.1038/s41467-024-45422-9,168.9,106.07039408866994
particle_size,size_mean,baseline_mean,Mean baseline,none,1,265,https://doi.org/10.1038/s41467-024-45422-9,169.2,106.07039408866994
particle_size,size_mean,baseline_mean,Mean baseline,none,1,266,https://doi.org/10.1038/s41467-024-45422-9,184.3,106.07039408866994
particle_size,size_mean,baseline_mean,Mean baseline,none,1,267,https://doi.org/10.1038/s41467-024-45422-9,173.9,106.07039408866994
particle_size,size_mean,baseline_mean,Mean baseline,none,1,268,https://doi.org/10.1038/s41467-024-45422-9,154.3,106.07039408866994
particle_size,size_mean,baseline_mean,Mean baseline,none,1,269,https://doi.org/10.1038/s41467-024-45422-9,192.2,106.07039408866994
particle_size,size_mean,baseline_mean,Mean baseline,none,1,270,https://doi.org/10.1038/s41467-024-45422-9,178.9,106.07039408866994
particle_size,size_mean,baseline_mean,Mean baseline,none,1,271,https://doi.org/10.1038/s41467-024-45422-9,193.7,106.07039408866994
particle_size,size_mean,baseline_mean,Mean baseline,none,1,272,https://doi.org/10.1038/s41467-024-45422-9,181.2,106.07039408866994
particle_size,size_mean,baseline_mean,Mean baseline,none,1,273,https://doi.org/10.1038/s41467-024-45422-9,195.1,106.07039408866994
particle_size,size_mean,baseline_mean,Mean baseline,none,1,274,https://doi.org/10.1038/s41467-024-45422-9,181.8,106.07039408866994
particle_size,size_mean,baseline_mean,Mean baseline,none,1,275,https://doi.org/10.1038/s41467-024-45422-9,203.4,106.07039408866994
particle_size,size_mean,baseline_mean,Mean baseline,none,1,276,https://doi.org/10.1038/s41467-024-45422-9,174.0,106.07039408866994
particle_size,size_mean,baseline_mean,Mean baseline,none,1,277,https://doi.org/10.1038/s41467-024-45422-9,164.2,106.07039408866994
particle_size,size_mean,baseline_mean,Mean baseline,none,1,278,https://doi.org/10.1038/s41467-024-45422-9,143.6,106.07039408866994
particle_size,size_mean,baseline_mean,Mean baseline,none,1,279,https://doi.org/10.1038/s41467-024-45422-9,195.5,106.07039408866994
particle_size,size_mean,baseline_mean,Mean baseline,none,1,280,https://doi.org/10.1038/s41467-024-45422-9,179.2,106.07039408866994
particle_size,size_mean,baseline_mean,Mean baseline,none,1,281,https://doi.org/10.1038/s41467-024-45422-9,181.7,106.07039408866994
particle_size,size_mean,baseline_mean,Mean baseline,none,1,282,https://doi.org/10.1038/s41467-024-45422-9,141.6,106.07039408866994
particle_size,size_mean,baseline_mean,Mean baseline,none,1,283,https://doi.org/10.1038/s41467-024-45422-9,171.4,106.07039408866994
particle_size,size_mean,baseline_mean,Mean baseline,none,1,284,https://doi.org/10.1038/s41467-024-45422-9,155.0,106.07039408866994
particle_size,size_mean,baseline_mean,Mean baseline,none,1,285,https://doi.org/10.1038/s41467-024-45422-9,156.3,106.07039408866994
particle_size,size_mean,baseline_mean,Mean baseline,none,1,286,https://doi.org/10.1038/s41467-024-45422-9,190.5,106.07039408866994
particle_size,size_mean,baseline_mean,Mean baseline,none,1,288,https://doi.org/10.1038/s41467-024-45422-9,190.4,106.07039408866994
particle_size,size_mean,baseline_mean,Mean baseline,none,1,289,https://doi.org/10.1038/s41467-024-45422-9,204.3,106.07039408866994
particle_size,size_mean,baseline_mean,Mean baseline,none,1,290,https://doi.org/10.1038/s41467-024-45422-9,169.6,106.07039408866994
particle_size,size_mean,baseline_mean,Mean baseline,none,1,291,https://doi.org/10.1038/s41467-024-45422-9,201.5,106.07039408866994
particle_size,size_mean,baseline_mean,Mean baseline,none,1,292,https://doi.org/10.1038/s41467-024-45422-9,162.3,106.07039408866994
particle_size,size_mean,baseline_mean,Mean baseline,none,1,293,https://doi.org/10.1038/s41467-024-45422-9,143.2,106.07039408866994
particle_size,size_mean,baseline_mean,Mean baseline,none,1,294,https://doi.org/10.1038/s41467-024-45422-9,126.7,106.07039408866994
particle_size,size_mean,baseline_mean,Mean baseline,none,1,295,https://doi.org/10.1038/s41467-024-45422-9,113.9,106.07039408866994
particle_size,size_mean,baseline_mean,Mean baseline,none,1,296,https://doi.org/10.1038/s41467-024-45422-9,115.4,106.07039408866994
particle_size,size_mean,baseline_mean,Mean baseline,none,1,297,https://doi.org/10.1038/s41467-024-45422-9,109.2,106.07039408866994
particle_size,size_mean,baseline_mean,Mean baseline,none,1,298,https://doi.org/10.1038/s41467-024-45422-9,114.1,106.07039408866994
particle_size,size_mean,baseline_mean,Mean baseline,none,2,509,https://doi.org/10.34133/bmr.0017,71.48,129.74137651821863
particle_size,size_mean,baseline_mean,Mean baseline,none,2,510,https://doi.org/10.34133/bmr.0017,82.84,129.74137651821863
particle_size,size_mean,baseline_mean,Mean baseline,none,2,511,https://doi.org/10.34133/bmr.0017,69.41,129.74137651821863
particle_size,size_mean,baseline_mean,Mean baseline,none,2,512,https://doi.org/10.34133/bmr.0017,68.29,129.74137651821863
particle_size,size_mean,baseline_mean,Mean baseline,none,2,513,https://doi.org/10.34133/bmr.0017,78.37,129.74137651821863
particle_size,size_mean,baseline_mean,Mean baseline,none,2,635,10.1021/jacs.2c12893,82.11,129.74137651821863
particle_size,size_mean,baseline_mean,Mean baseline,none,2,636,10.1021/jacs.2c12893,92.32,129.74137651821863
particle_size,size_mean,baseline_mean,Mean baseline,none,2,716,10.1021/acs.jpcb.5b02891,180.0,129.74137651821863
particle_size,size_mean,baseline_mean,Mean baseline,none,2,717,10.1021/acs.jpcb.5b02891,160.0,129.74137651821863
particle_size,size_mean,baseline_mean,Mean baseline,none,2,718,10.1021/acs.jpcb.5b02891,180.0,129.74137651821863
particle_size,size_mean,baseline_mean,Mean baseline,none,2,719,10.1021/acs.jpcb.5b02891,160.0,129.74137651821863
particle_size,size_mean,baseline_mean,Mean baseline,none,2,736,10.1021/acs.jpcb.5b02891,50.0,129.74137651821863
particle_size,size_mean,baseline_mean,Mean baseline,none,2,737,10.1021/acs.jpcb.5b02891,65.0,129.74137651821863
particle_size,size_mean,baseline_mean,Mean baseline,none,2,738,10.1021/acs.jpcb.5b02891,95.0,129.74137651821863
particle_size,size_mean,baseline_mean,Mean baseline,none,2,739,10.1021/acs.jpcb.5b02891,40.0,129.74137651821863
particle_size,size_mean,baseline_mean,Mean baseline,none,2,885,https://doi.org/10.1021/acs.nanolett.1c01353,79.85,129.74137651821863
particle_size,size_mean,baseline_mean,Mean baseline,none,2,911,https://doi.org/10.1101/2024.09.27.614859,63.5,129.74137651821863
particle_size,size_mean,baseline_mean,Mean baseline,none,2,959,https://doi.org/10.1038/s41587-019-0247-3,87.6,129.74137651821863
particle_size,size_mean,baseline_mean,Mean baseline,none,2,960,https://doi.org/10.1038/s41587-019-0247-3,99.9,129.74137651821863
particle_size,size_mean,baseline_mean,Mean baseline,none,2,961,https://doi.org/10.1038/s41587-019-0247-3,76.9,129.74137651821863
particle_size,size_mean,baseline_mean,Mean baseline,none,2,962,https://doi.org/10.1038/s41587-019-0247-3,101.0,129.74137651821863
particle_size,size_mean,baseline_mean,Mean baseline,none,2,963,https://doi.org/10.1038/s41587-019-0247-3,259.6,129.74137651821863
particle_size,size_mean,baseline_mean,Mean baseline,none,2,964,https://doi.org/10.1038/s41587-019-0247-3,115.9,129.74137651821863
particle_size,size_mean,baseline_mean,Mean baseline,none,2,965,https://doi.org/10.1038/s41587-019-0247-3,137.9,129.74137651821863
particle_size,size_mean,baseline_mean,Mean baseline,none,2,966,https://doi.org/10.1038/s41587-019-0247-3,167.9,129.74137651821863
particle_size,size_mean,baseline_mean,Mean baseline,none,2,967,https://doi.org/10.1038/s41587-019-0247-3,122.4,129.74137651821863
particle_size,size_mean,baseline_mean,Mean baseline,none,2,968,https://doi.org/10.1038/s41587-019-0247-3,95.9,129.74137651821863
particle_size,size_mean,baseline_mean,Mean baseline,none,2,969,https://doi.org/10.1038/s41587-019-0247-3,72.3,129.74137651821863
particle_size,size_mean,baseline_mean,Mean baseline,none,2,970,https://doi.org/10.1038/s41587-019-0247-3,94.0,129.74137651821863
particle_size,size_mean,baseline_mean,Mean baseline,none,2,971,https://doi.org/10.1038/s41587-019-0247-3,84.9,129.74137651821863
particle_size,size_mean,baseline_mean,Mean baseline,none,2,972,https://doi.org/10.1038/s41587-019-0247-3,127.8,129.74137651821863
particle_size,size_mean,baseline_mean,Mean baseline,none,2,973,https://doi.org/10.1038/s41587-019-0247-3,84.9,129.74137651821863
particle_size,size_mean,baseline_mean,Mean baseline,none,2,974,https://doi.org/10.1038/s41587-019-0247-3,108.7,129.74137651821863
particle_size,size_mean,baseline_mean,Mean baseline,none,2,975,https://doi.org/10.1038/s41587-019-0247-3,94.9,129.74137651821863
particle_size,size_mean,baseline_mean,Mean baseline,none,2,976,https://doi.org/10.1038/s41587-019-0247-3,91.8,129.74137651821863
particle_size,size_mean,baseline_mean,Mean baseline,none,2,977,https://doi.org/10.1038/s41587-019-0247-3,129.4,129.74137651821863
particle_size,size_mean,baseline_mean,Mean baseline,none,2,978,https://doi.org/10.1038/s41587-019-0247-3,83.2,129.74137651821863
particle_size,size_mean,baseline_mean,Mean baseline,none,2,979,https://doi.org/10.1038/s41587-019-0247-3,110.7,129.74137651821863
particle_size,size_mean,baseline_mean,Mean baseline,none,2,980,https://doi.org/10.1038/s41587-019-0247-3,154.9,129.74137651821863
particle_size,size_mean,baseline_mean,Mean baseline,none,2,981,https://doi.org/10.1038/s41587-019-0247-3,102.5,129.74137651821863
particle_size,size_mean,baseline_mean,Mean baseline,none,2,982,https://doi.org/10.1038/s41587-019-0247-3,119.8,129.74137651821863
particle_size,size_mean,baseline_mean,Mean baseline,none,2,983,https://doi.org/10.1038/s41587-019-0247-3,102.5,129.74137651821863
particle_size,size_mean,baseline_mean,Mean baseline,none,2,984,https://doi.org/10.1038/s41587-019-0247-3,110.6,129.74137651821863
particle_size,size_mean,baseline_mean,Mean baseline,none,2,985,https://doi.org/10.1038/s41587-019-0247-3,105.5,129.74137651821863
particle_size,size_mean,baseline_mean,Mean baseline,none,2,986,https://doi.org/10.1038/s41587-019-0247-3,108.6,129.74137651821863
particle_size,size_mean,baseline_mean,Mean baseline,none,2,987,https://doi.org/10.1038/s41587-019-0247-3,112.5,129.74137651821863
particle_size,size_mean,baseline_mean,Mean baseline,none,2,988,https://doi.org/10.1038/s41587-019-0247-3,94.8,129.74137651821863
particle_size,size_mean,baseline_mean,Mean baseline,none,2,989,https://doi.org/10.1038/s41587-019-0247-3,115.6,129.74137651821863
particle_size,size_mean,baseline_mean,Mean baseline,none,2,990,https://doi.org/10.1038/s41587-019-0247-3,87.6,129.74137651821863
particle_size,size_mean,baseline_mean,Mean baseline,none,2,991,https://doi.org/10.1038/s41587-019-0247-3,140.6,129.74137651821863
particle_size,size_mean,baseline_mean,Mean baseline,none,2,992,https://doi.org/10.1038/s41587-019-0247-3,88.6,129.74137651821863
particle_size,size_mean,baseline_mean,Mean baseline,none,3,2,https://doi.org/10.1038/s41467-024-50619-z,134.6,127.96149797570851
particle_size,size_mean,baseline_mean,Mean baseline,none,3,3,https://doi.org/10.1038/s41467-024-50619-z,138.0,127.96149797570851
particle_size,size_mean,baseline_mean,Mean baseline,none,3,4,https://doi.org/10.1038/s41467-024-50619-z,108.7,127.96149797570851
particle_size,size_mean,baseline_mean,Mean baseline,none,3,5,https://doi.org/10.1038/s41467-024-50619-z,110.0,127.96149797570851
particle_size,size_mean,baseline_mean,Mean baseline,none,3,6,https://doi.org/10.1038/s41467-024-50619-z,122.6,127.96149797570851
particle_size,size_mean,baseline_mean,Mean baseline,none,3,7,https://doi.org/10.1038/s41467-024-50619-z,119.9,127.96149797570851
particle_size,size_mean,baseline_mean,Mean baseline,none,3,8,https://doi.org/10.1038/s41467-024-50619-z,134.8,127.96149797570851
particle_size,size_mean,baseline_mean,Mean baseline,none,3,9,https://doi.org/10.1038/s41467-024-50619-z,132.9,127.96149797570851
particle_size,size_mean,baseline_mean,Mean baseline,none,3,10,https://doi.org/10.1038/s41467-024-50619-z,127.5,127.96149797570851
particle_size,size_mean,baseline_mean,Mean baseline,none,3,11,https://doi.org/10.1038/s41467-024-50619-z,151.0,127.96149797570851
particle_size,size_mean,baseline_mean,Mean baseline,none,3,12,https://doi.org/10.1038/s41467-024-50619-z,147.5,127.96149797570851
particle_size,size_mean,baseline_mean,Mean baseline,none,3,13,https://doi.org/10.1038/s41467-024-50619-z,135.5,127.96149797570851
particle_size,size_mean,baseline_mean,Mean baseline,none,3,14,https://doi.org/10.1038/s41467-024-50619-z,128.2,127.96149797570851
particle_size,size_mean,baseline_mean,Mean baseline,none,3,15,https://doi.org/10.1038/s41467-024-50619-z,117.5,127.96149797570851
particle_size,size_mean,baseline_mean,Mean baseline,none,3,16,https://doi.org/10.1038/s41467-024-50619-z,134.8,127.96149797570851
particle_size,size_mean,baseline_mean,Mean baseline,none,3,17,https://doi.org/10.1038/s41467-024-50619-z,132.9,127.96149797570851
particle_size,size_mean,baseline_mean,Mean baseline,none,3,18,https://doi.org/10.1038/s41467-024-50619-z,133.8,127.96149797570851
particle_size,size_mean,baseline_mean,Mean baseline,none,3,19,https://doi.org/10.1038/s41467-024-50619-z,137.8,127.96149797570851
particle_size,size_mean,baseline_mean,Mean baseline,none,3,20,https://doi.org/10.1038/s41467-024-50619-z,135.5,127.96149797570851
particle_size,size_mean,baseline_mean,Mean baseline,none,3,21,https://doi.org/10.1038/s41467-024-50619-z,139.0,127.96149797570851
particle_size,size_mean,baseline_mean,Mean baseline,none,3,22,https://doi.org/10.1038/s41467-024-50619-z,132.8,127.96149797570851
particle_size,size_mean,baseline_mean,Mean baseline,none,3,23,https://doi.org/10.1038/s41467-024-50619-z,133.9,127.96149797570851
particle_size,size_mean,baseline_mean,Mean baseline,none,3,24,https://doi.org/10.1038/s41467-024-50619-z,137.9,127.96149797570851
particle_size,size_mean,baseline_mean,Mean baseline,none,3,25,https://doi.org/10.1038/s41467-024-50619-z,135.4,127.96149797570851
particle_size,size_mean,baseline_mean,Mean baseline,none,3,26,https://doi.org/10.1038/s41467-024-50619-z,134.6,127.96149797570851
particle_size,size_mean,baseline_mean,Mean baseline,none,3,27,https://doi.org/10.1038/s41467-024-50619-z,138.0,127.96149797570851
particle_size,size_mean,baseline_mean,Mean baseline,none,3,28,https://doi.org/10.1038/s41467-024-50619-z,121.6,127.96149797570851
particle_size,size_mean,baseline_mean,Mean baseline,none,3,29,https://doi.org/10.1038/s41467-024-50619-z,119.9,127.96149797570851
particle_size,size_mean,baseline_mean,Mean baseline,none,3,30,https://doi.org/10.1038/s41467-024-50619-z,108.4,127.96149797570851
particle_size,size_mean,baseline_mean,Mean baseline,none,3,109,10.1021/acs.nanolett.5b02497,113.0,127.96149797570851
particle_size,size_mean,baseline_mean,Mean baseline,none,3,110,10.1021/acs.nanolett.5b02497,82.0,127.96149797570851
particle_size,size_mean,baseline_mean,Mean baseline,none,3,575,10.1002/jbm.a.37705,120.0,127.96149797570851
particle_size,size_mean,baseline_mean,Mean baseline,none,3,576,10.1002/jbm.a.37705,85.0,127.96149797570851
particle_size,size_mean,baseline_mean,Mean baseline,none,3,578,10.1002/jbm.a.37705,82.0,127.96149797570851
particle_size,size_mean,baseline_mean,Mean baseline,none,3,862,https://doi.org/10.1016/j.jconrel.2025.01.071,183.3,127.96149797570851
particle_size,size_mean,baseline_mean,Mean baseline,none,3,863,https://doi.org/10.1016/j.jconrel.2025.01.071,70.0,127.96149797570851
particle_size,size_mean,baseline_mean,Mean baseline,none,3,864,https://doi.org/10.1016/j.jconrel.2025.01.071,65.0,127.96149797570851
particle_size,size_mean,baseline_mean,Mean baseline,none,3,865,https://doi.org/10.1016/j.jconrel.2025.01.071,65.0,127.96149797570851
particle_size,size_mean,baseline_mean,Mean baseline,none,3,866,https://doi.org/10.1016/j.jconrel.2025.01.071,65.0,127.96149797570851
particle_size,size_mean,baseline_mean,Mean baseline,none,3,867,https://doi.org/10.1016/j.jconrel.2025.01.071,70.6,127.96149797570851
particle_size,size_mean,baseline_mean,Mean baseline,none,3,868,https://doi.org/10.1016/j.jconrel.2025.01.071,75.0,127.96149797570851
particle_size,size_mean,baseline_mean,Mean baseline,none,3,870,https://doi.org/10.1016/j.jconrel.2025.01.071,92.8,127.96149797570851
particle_size,size_mean,baseline_mean,Mean baseline,none,3,922,https://doi.org/10.1073/pnas.2303567120,70.0,127.96149797570851
particle_size,size_mean,baseline_mean,Mean baseline,none,3,923,https://doi.org/10.1073/pnas.2303567120,70.0,127.96149797570851
particle_size,size_mean,baseline_mean,Mean baseline,none,3,931,https://doi.org/10.1073/pnas.2303567120,160.0,127.96149797570851
particle_size,size_mean,baseline_mean,Mean baseline,none,3,1021,10.1073/pnas.1209367109,145.8,127.96149797570851
particle_size,size_mean,baseline_mean,Mean baseline,none,3,1088,https://dx.doi.org/10.1021/acs.nanolett.0c01386,80.0,127.96149797570851
particle_size,size_mean,baseline_mean,Mean baseline,none,3,1089,https://dx.doi.org/10.1021/acs.nanolett.0c01386,90.0,127.96149797570851
particle_size,size_mean,baseline_mean,Mean baseline,none,3,1090,https://dx.doi.org/10.1021/acs.nanolett.0c01386,85.0,127.96149797570851
particle_size,size_mean,baseline_mean,Mean baseline,none,3,1091,https://dx.doi.org/10.1021/acs.nanolett.0c01386,95.0,127.96149797570851
particle_size,size_mean,baseline_mean,Mean baseline,none,3,1092,https://dx.doi.org/10.1021/acs.nanolett.0c01386,100.0,127.96149797570851
particle_size,size_mean,baseline_mean,Mean baseline,none,4,444,10.1002/anie.201809056,59.0,131.73785425101215
particle_size,size_mean,baseline_mean,Mean baseline,none,4,446,10.1002/anie.201809056,59.0,131.73785425101215
particle_size,size_mean,baseline_mean,Mean baseline,none,4,563,10.1039/C9NR02004G,19.0,131.73785425101215
particle_size,size_mean,baseline_mean,Mean baseline,none,4,641,https://doi.org/10.1016/j.jpha.2024.100996,66.55,131.73785425101215
particle_size,size_mean,baseline_mean,Mean baseline,none,4,642,https://doi.org/10.1016/j.jpha.2024.100996,78.57,131.73785425101215
particle_size,size_mean,baseline_mean,Mean baseline,none,4,643,https://doi.org/10.1016/j.jpha.2024.100996,96.95,131.73785425101215
particle_size,size_mean,baseline_mean,Mean baseline,none,4,644,https://doi.org/10.1016/j.jpha.2024.100996,94.42,131.73785425101215
particle_size,size_mean,baseline_mean,Mean baseline,none,4,645,https://doi.org/10.1016/j.jpha.2024.100996,92.45,131.73785425101215
particle_size,size_mean,baseline_mean,Mean baseline,none,4,646,https://doi.org/10.1016/j.jpha.2024.100996,75.26,131.73785425101215
particle_size,size_mean,baseline_mean,Mean baseline,none,4,647,https://doi.org/10.1016/j.jpha.2024.100996,77.76,131.73785425101215
particle_size,size_mean,baseline_mean,Mean baseline,none,4,648,https://doi.org/10.1016/j.jpha.2024.100996,78.82,131.73785425101215
particle_size,size_mean,baseline_mean,Mean baseline,none,4,649,https://doi.org/10.1016/j.jpha.2024.100996,82.88,131.73785425101215
particle_size,size_mean,baseline_mean,Mean baseline,none,4,650,https://doi.org/10.1016/j.jpha.2024.100996,69.44,131.73785425101215
particle_size,size_mean,baseline_mean,Mean baseline,none,4,651,https://doi.org/10.1016/j.jpha.2024.100996,82.11,131.73785425101215
particle_size,size_mean,baseline_mean,Mean baseline,none,4,652,https://doi.org/10.1016/j.jpha.2024.100996,51.13,131.73785425101215
particle_size,size_mean,baseline_mean,Mean baseline,none,4,653,https://doi.org/10.1016/j.jpha.2024.100996,50.99,131.73785425101215
particle_size,size_mean,baseline_mean,Mean baseline,none,4,654,https://doi.org/10.1016/j.jpha.2024.100996,51.89,131.73785425101215
particle_size,size_mean,baseline_mean,Mean baseline,none,4,655,https://doi.org/10.1016/j.jpha.2024.100996,57.25,131.73785425101215
particle_size,size_mean,baseline_mean,Mean baseline,none,4,656,https://doi.org/10.1016/j.jpha.2024.100996,57.0,131.73785425101215
particle_size,size_mean,baseline_mean,Mean baseline,none,4,657,https://doi.org/10.1016/j.jpha.2024.100996,57.13,131.73785425101215
particle_size,size_mean,baseline_mean,Mean baseline,none,4,658,https://doi.org/10.1016/j.jpha.2024.100996,55.88,131.73785425101215
particle_size,size_mean,baseline_mean,Mean baseline,none,4,659,https://doi.org/10.1016/j.jpha.2024.100996,57.44,131.73785425101215
particle_size,size_mean,baseline_mean,Mean baseline,none,4,660,https://doi.org/10.1016/j.jpha.2024.100996,56.43,131.73785425101215
particle_size,size_mean,baseline_mean,Mean baseline,none,4,661,https://doi.org/10.1016/j.jpha.2024.100996,51.82,131.73785425101215
particle_size,size_mean,baseline_mean,Mean baseline,none,4,662,https://doi.org/10.1016/j.jpha.2024.100996,56.13,131.73785425101215
particle_size,size_mean,baseline_mean,Mean baseline,none,4,663,https://doi.org/10.1016/j.jpha.2024.100996,51.08,131.73785425101215
particle_size,size_mean,baseline_mean,Mean baseline,none,4,664,https://doi.org/10.1016/j.jpha.2024.100996,54.7,131.73785425101215
particle_size,size_mean,baseline_mean,Mean baseline,none,4,778,10.1002/btm2.10580,118.9,131.73785425101215
particle_size,size_mean,baseline_mean,Mean baseline,none,4,779,10.1002/btm2.10580,109.9,131.73785425101215
particle_size,size_mean,baseline_mean,Mean baseline,none,4,780,10.1002/btm2.10580,112.9,131.73785425101215
particle_size,size_mean,baseline_mean,Mean baseline,none,4,781,10.1002/btm2.10580,123.3,131.73785425101215
particle_size,size_mean,baseline_mean,Mean baseline,none,4,782,10.1002/btm2.10580,109.8,131.73785425101215
particle_size,size_mean,baseline_mean,Mean baseline,none,4,783,10.1002/btm2.10580,111.2,131.73785425101215
particle_size,size_mean,baseline_mean,Mean baseline,none,4,784,10.1002/btm2.10580,108.1,131.73785425101215
particle_size,size_mean,baseline_mean,Mean baseline,none,4,785,10.1002/btm2.10580,113.9,131.73785425101215
particle_size,size_mean,baseline_mean,Mean baseline,none,4,875,https://doi.org/10.1101/2023.11.09.565872,78.7,131.73785425101215
particle_size,size_mean,baseline_mean,Mean baseline,none,4,876,https://doi.org/10.1101/2023.11.09.565872,92.16,131.73785425101215
particle_size,size_mean,baseline_mean,Mean baseline,none,4,913,https://doi.org/10.1038/s41434-022-00370-1,52.0,131.73785425101215
particle_size,size_mean,baseline_mean,Mean baseline,none,4,914,https://doi.org/10.1038/s41434-022-00370-1,86.0,131.73785425101215
particle_size,size_mean,baseline_mean,Mean baseline,none,4,915,https://doi.org/10.1038/s41434-022-00370-1,216.0,131.73785425101215
particle_size,size_mean,baseline_mean,Mean baseline,none,4,1005,10.1002/smll.201805097,149.2,131.73785425101215
particle_size,size_mean,baseline_mean,Mean baseline,none,4,1006,10.1002/smll.201805097,161.6,131.73785425101215
particle_size,size_mean,baseline_mean,Mean baseline,none,4,1007,10.1002/smll.201805097,166.6,131.73785425101215
particle_size,size_mean,baseline_mean,Mean baseline,none,4,1008,10.1002/smll.201805097,173.9,131.73785425101215
particle_size,size_mean,baseline_mean,Mean baseline,none,4,1009,10.1002/smll.201805097,160.0,131.73785425101215
particle_size,size_mean,baseline_mean,Mean baseline,none,4,1010,10.1002/smll.201805097,163.2,131.73785425101215
particle_size,size_mean,baseline_mean,Mean baseline,none,4,1011,10.1002/smll.201805097,138.9,131.73785425101215
particle_size,size_mean,baseline_mean,Mean baseline,none,4,1012,10.1002/smll.201805097,139.5,131.73785425101215
particle_size,size_mean,baseline_mean,Mean baseline,none,4,1013,10.1002/smll.201805097,118.5,131.73785425101215
particle_size,size_mean,baseline_mean,Mean baseline,none,4,1014,10.1002/smll.201805097,180.7,131.73785425101215
particle_size,size_mean,baseline_mean,Mean baseline,none,4,1015,10.1002/smll.201805097,190.7,131.73785425101215
particle_size,size_mean,baseline_mean,Mean baseline,none,5,63,https://doi.org/10.1016/j.omtn.2019.01.013,96.0,129.4347177419355
particle_size,size_mean,baseline_mean,Mean baseline,none,5,64,https://doi.org/10.1016/j.omtn.2019.01.013,96.0,129.4347177419355
particle_size,size_mean,baseline_mean,Mean baseline,none,5,113,https://doi.org/10.1016/j.ymthe.2018.03.010,93.8,129.4347177419355
particle_size,size_mean,baseline_mean,Mean baseline,none,5,114,https://doi.org/10.1016/j.ymthe.2018.03.010,179.4,129.4347177419355
particle_size,size_mean,baseline_mean,Mean baseline,none,5,115,https://doi.org/10.1016/j.ymthe.2018.03.010,140.4,129.4347177419355
particle_size,size_mean,baseline_mean,Mean baseline,none,5,116,https://doi.org/10.1016/j.ymthe.2018.03.010,73.1,129.4347177419355
particle_size,size_mean,baseline_mean,Mean baseline,none,5,117,https://doi.org/10.1016/j.ymthe.2018.03.010,86.2,129.4347177419355
particle_size,size_mean,baseline_mean,Mean baseline,none,5,118,https://doi.org/10.1016/j.ymthe.2018.03.010,66.8,129.4347177419355
particle_size,size_mean,baseline_mean,Mean baseline,none,5,119,https://doi.org/10.1016/j.ymthe.2018.03.010,130.1,129.4347177419355
particle_size,size_mean,baseline_mean,Mean baseline,none,5,120,https://doi.org/10.1016/j.ymthe.2018.03.010,85.8,129.4347177419355
particle_size,size_mean,baseline_mean,Mean baseline,none,5,121,https://doi.org/10.1016/j.ymthe.2018.03.010,91.9,129.4347177419355
particle_size,size_mean,baseline_mean,Mean baseline,none,5,122,https://doi.org/10.1016/j.ymthe.2018.03.010,69.6,129.4347177419355
particle_size,size_mean,baseline_mean,Mean baseline,none,5,123,https://doi.org/10.1016/j.ymthe.2018.03.010,85.6,129.4347177419355
particle_size,size_mean,baseline_mean,Mean baseline,none,5,198,10.1002/adma.201606944,75.0,129.4347177419355
particle_size,size_mean,baseline_mean,Mean baseline,none,5,199,10.1002/adma.201606944,75.0,129.4347177419355
particle_size,size_mean,baseline_mean,Mean baseline,none,5,450,10.1016/j.jconrel.2019.10.028,82.4,129.4347177419355
particle_size,size_mean,baseline_mean,Mean baseline,none,5,451,10.1016/j.jconrel.2019.10.028,90.77,129.4347177419355
particle_size,size_mean,baseline_mean,Mean baseline,none,5,452,10.1016/j.jconrel.2019.10.028,78.53,129.4347177419355
particle_size,size_mean,baseline_mean,Mean baseline,none,5,453,10.1016/j.jconrel.2019.10.028,81.49,129.4347177419355
particle_size,size_mean,baseline_mean,Mean baseline,none,5,454,10.1016/j.jconrel.2019.10.028,74.42,129.4347177419355
particle_size,size_mean,baseline_mean,Mean baseline,none,5,455,10.1016/j.jconrel.2019.10.028,82.03,129.4347177419355
particle_size,size_mean,baseline_mean,Mean baseline,none,5,456,10.1016/j.jconrel.2019.10.028,79.23,129.4347177419355
particle_size,size_mean,baseline_mean,Mean baseline,none,5,457,10.1016/j.jconrel.2019.10.028,83.25,129.4347177419355
particle_size,size_mean,baseline_mean,Mean baseline,none,5,458,10.1016/j.jconrel.2019.10.028,81.4,129.4347177419355
particle_size,size_mean,baseline_mean,Mean baseline,none,5,459,10.1016/j.jconrel.2019.10.028,75.58,129.4347177419355
particle_size,size_mean,baseline_mean,Mean baseline,none,5,460,10.1016/j.jconrel.2019.10.028,83.55,129.4347177419355
particle_size,size_mean,baseline_mean,Mean baseline,none,5,461,10.1016/j.jconrel.2019.10.028,88.09,129.4347177419355
particle_size,size_mean,baseline_mean,Mean baseline,none,5,462,10.1016/j.jconrel.2019.10.028,83.36,129.4347177419355
particle_size,size_mean,baseline_mean,Mean baseline,none,5,463,10.1016/j.jconrel.2019.10.028,77.32,129.4347177419355
particle_size,size_mean,baseline_mean,Mean baseline,none,5,464,10.1016/j.jconrel.2019.10.028,84.71,129.4347177419355
particle_size,size_mean,baseline_mean,Mean baseline,none,5,465,10.1016/j.jconrel.2019.10.028,80.85,129.4347177419355
particle_size,size_mean,baseline_mean,Mean baseline,none,5,756,https://doi.org/10.1016/j.ijpharm.2023.123050,107.0,129.4347177419355
particle_size,size_mean,baseline_mean,Mean baseline,none,5,763,https://doi.org/10.1016/j.ijpharm.2023.123050,145.0,129.4347177419355
particle_size,size_mean,baseline_mean,Mean baseline,none,5,773,https://doi.org/10.1016/j.ijpharm.2023.123050,71.0,129.4347177419355
particle_size,size_mean,baseline_mean,Mean baseline,none,5,803,https://doi.org/10.1038/s41467-022-33157-4,120.5,129.4347177419355
particle_size,size_mean,baseline_mean,Mean baseline,none,5,804,https://doi.org/10.1038/s41467-022-33157-4,210.0,129.4347177419355
particle_size,size_mean,baseline_mean,Mean baseline,none,5,805,https://doi.org/10.1038/s41467-022-33157-4,180.0,129.4347177419355
particle_size,size_mean,baseline_mean,Mean baseline,none,5,806,https://doi.org/10.1038/s41467-022-33157-4,150.0,129.4347177419355
particle_size,size_mean,baseline_mean,Mean baseline,none,5,807,https://doi.org/10.1038/s41467-022-33157-4,120.5,129.4347177419355
particle_size,size_mean,baseline_mean,Mean baseline,none,5,808,https://doi.org/10.1038/s41467-022-33157-4,100.0,129.4347177419355
particle_size,size_mean,baseline_mean,Mean baseline,none,5,812,https://doi.org/10.1038/s41467-022-33157-4,113.0,129.4347177419355
particle_size,size_mean,baseline_mean,Mean baseline,none,5,932,https://doi.org/10.1248/cpb.c24-00089,213.5,129.4347177419355
particle_size,size_mean,baseline_mean,Mean baseline,none,5,933,https://doi.org/10.1248/cpb.c24-00089,83.0,129.4347177419355
particle_size,size_mean,baseline_mean,Mean baseline,none,5,934,https://doi.org/10.1248/cpb.c24-00089,77.0,129.4347177419355
particle_size,size_mean,baseline_mean,Mean baseline,none,5,935,https://doi.org/10.1248/cpb.c24-00089,200.0,129.4347177419355
particle_size,size_mean,baseline_mean,Mean baseline,none,5,936,https://doi.org/10.1248/cpb.c24-00089,186.0,129.4347177419355
particle_size,size_mean,baseline_mean,Mean baseline,none,5,937,https://doi.org/10.1248/cpb.c24-00089,81.0,129.4347177419355
particle_size,size_mean,baseline_mean,Mean baseline,none,5,938,https://doi.org/10.1248/cpb.c24-00089,109.0,129.4347177419355
particle_size,size_mean,baseline_mean,Mean baseline,none,5,939,https://doi.org/10.1248/cpb.c24-00089,139.0,129.4347177419355
particle_size,size_mean,baseline_mean,Mean baseline,none,5,940,https://doi.org/10.1248/cpb.c24-00089,199.0,129.4347177419355
particle_size,size_mean,ridge_composition,Ridge: composition,composition,1,202,https://doi.org/10.1038/s41467-024-45422-9,213.2,106.07409467848765
particle_size,size_mean,ridge_composition,Ridge: composition,composition,1,203,https://doi.org/10.1038/s41467-024-45422-9,221.9,106.07409467848765
particle_size,size_mean,ridge_composition,Ridge: composition,composition,1,204,https://doi.org/10.1038/s41467-024-45422-9,185.3,106.07409467848765
particle_size,size_mean,ridge_composition,Ridge: composition,composition,1,205,https://doi.org/10.1038/s41467-024-45422-9,205.6,106.07409467848765
particle_size,size_mean,ridge_composition,Ridge: composition,composition,1,206,https://doi.org/10.1038/s41467-024-45422-9,219.7,106.07409467848765
particle_size,size_mean,ridge_composition,Ridge: composition,composition,1,207,https://doi.org/10.1038/s41467-024-45422-9,214.6,106.07409467848765
particle_size,size_mean,ridge_composition,Ridge: composition,composition,1,208,https://doi.org/10.1038/s41467-024-45422-9,182.5,106.07409467848765
particle_size,size_mean,ridge_composition,Ridge: composition,composition,1,209,https://doi.org/10.1038/s41467-024-45422-9,217.0,106.07409467848765
particle_size,size_mean,ridge_composition,Ridge: composition,composition,1,210,https://doi.org/10.1038/s41467-024-45422-9,150.1,106.07409467848765
particle_size,size_mean,ridge_composition,Ridge: composition,composition,1,211,https://doi.org/10.1038/s41467-024-45422-9,214.9,106.07409467848765
particle_size,size_mean,ridge_composition,Ridge: composition,composition,1,212,https://doi.org/10.1038/s41467-024-45422-9,145.8,106.07409467848765
particle_size,size_mean,ridge_composition,Ridge: composition,composition,1,213,https://doi.org/10.1038/s41467-024-45422-9,143.6,106.07409467848765
particle_size,size_mean,ridge_composition,Ridge: composition,composition,1,214,https://doi.org/10.1038/s41467-024-45422-9,210.3,106.07409467848765
particle_size,size_mean,ridge_composition,Ridge: composition,composition,1,215,https://doi.org/10.1038/s41467-024-45422-9,182.5,106.07409467848765
particle_size,size_mean,ridge_composition,Ridge: composition,composition,1,216,https://doi.org/10.1038/s41467-024-45422-9,206.3,106.07409467848765
particle_size,size_mean,ridge_composition,Ridge: composition,composition,1,217,https://doi.org/10.1038/s41467-024-45422-9,221.1,106.07409467848765
particle_size,size_mean,ridge_composition,Ridge: composition,composition,1,218,https://doi.org/10.1038/s41467-024-45422-9,212.3,106.07409467848765
particle_size,size_mean,ridge_composition,Ridge: composition,composition,1,219,https://doi.org/10.1038/s41467-024-45422-9,173.2,106.07409467848765
particle_size,size_mean,ridge_composition,Ridge: composition,composition,1,220,https://doi.org/10.1038/s41467-024-45422-9,136.4,106.07409467848765
particle_size,size_mean,ridge_composition,Ridge: composition,composition,1,221,https://doi.org/10.1038/s41467-024-45422-9,138.3,106.07409467848765
particle_size,size_mean,ridge_composition,Ridge: composition,composition,1,222,https://doi.org/10.1038/s41467-024-45422-9,116.2,106.07409467848765
particle_size,size_mean,ridge_composition,Ridge: composition,composition,1,223,https://doi.org/10.1038/s41467-024-45422-9,110.5,106.07409467848765
particle_size,size_mean,ridge_composition,Ridge: composition,composition,1,224,https://doi.org/10.1038/s41467-024-45422-9,149.1,106.07409467848765
particle_size,size_mean,ridge_composition,Ridge: composition,composition,1,225,https://doi.org/10.1038/s41467-024-45422-9,151.5,106.07409467848765
particle_size,size_mean,ridge_composition,Ridge: composition,composition,1,227,https://doi.org/10.1038/s41467-024-45422-9,164.2,106.07409467848765
particle_size,size_mean,ridge_composition,Ridge: composition,composition,1,228,https://doi.org/10.1038/s41467-024-45422-9,186.2,106.07409467848765
particle_size,size_mean,ridge_composition,Ridge: composition,composition,1,229,https://doi.org/10.1038/s41467-024-45422-9,169.9,106.07409467848765
particle_size,size_mean,ridge_composition,Ridge: composition,composition,1,230,https://doi.org/10.1038/s41467-024-45422-9,172.1,106.07409467848765
particle_size,size_mean,ridge_composition,Ridge: composition,composition,1,231,https://doi.org/10.1038/s41467-024-45422-9,153.1,106.07409467848765
particle_size,size_mean,ridge_composition,Ridge: composition,composition,1,232,https://doi.org/10.1038/s41467-024-45422-9,135.1,106.07409467848765
particle_size,size_mean,ridge_composition,Ridge: composition,composition,1,233,https://doi.org/10.1038/s41467-024-45422-9,167.1,106.07409467848765
particle_size,size_mean,ridge_composition,Ridge: composition,composition,1,234,https://doi.org/10.1038/s41467-024-45422-9,164.2,106.07409467848765
particle_size,size_mean,ridge_composition,Ridge: composition,composition,1,235,https://doi.org/10.1038/s41467-024-45422-9,157.1,106.07409467848765
particle_size,size_mean,ridge_composition,Ridge: composition,composition,1,236,https://doi.org/10.1038/s41467-024-45422-9,171.9,106.07409467848765
particle_size,size_mean,ridge_composition,Ridge: composition,composition,1,237,https://doi.org/10.1038/s41467-024-45422-9,166.8,106.07409467848765
particle_size,size_mean,ridge_composition,Ridge: composition,composition,1,238,https://doi.org/10.1038/s41467-024-45422-9,160.8,106.07409467848765
particle_size,size_mean,ridge_composition,Ridge: composition,composition,1,239,https://doi.org/10.1038/s41467-024-45422-9,150.3,106.07409467848765
particle_size,size_mean,ridge_composition,Ridge: composition,composition,1,240,https://doi.org/10.1038/s41467-024-45422-9,154.9,106.07409467848765
particle_size,size_mean,ridge_composition,Ridge: composition,composition,1,241,https://doi.org/10.1038/s41467-024-45422-9,159.3,106.07409467848765
particle_size,size_mean,ridge_composition,Ridge: composition,composition,1,242,https://doi.org/10.1038/s41467-024-45422-9,151.4,106.07409467848765
particle_size,size_mean,ridge_composition,Ridge: composition,composition,1,243,https://doi.org/10.1038/s41467-024-45422-9,135.4,106.07409467848765
particle_size,size_mean,ridge_composition,Ridge: composition,composition,1,244,https://doi.org/10.1038/s41467-024-45422-9,156.2,106.07409467848765
particle_size,size_mean,ridge_composition,Ridge: composition,composition,1,245,https://doi.org/10.1038/s41467-024-45422-9,158.1,106.07409467848765
particle_size,size_mean,ridge_composition,Ridge: composition,composition,1,246,https://doi.org/10.1038/s41467-024-45422-9,176.0,106.07409467848765
particle_size,size_mean,ridge_composition,Ridge: composition,composition,1,247,https://doi.org/10.1038/s41467-024-45422-9,167.4,106.07409467848765
particle_size,size_mean,ridge_composition,Ridge: composition,composition,1,248,https://doi.org/10.1038/s41467-024-45422-9,159.8,106.07409467848765
particle_size,size_mean,ridge_composition,Ridge: composition,composition,1,249,https://doi.org/10.1038/s41467-024-45422-9,143.2,106.07409467848765
particle_size,size_mean,ridge_composition,Ridge: composition,composition,1,250,https://doi.org/10.1038/s41467-024-45422-9,174.6,106.07409467848765
particle_size,size_mean,ridge_composition,Ridge: composition,composition,1,251,https://doi.org/10.1038/s41467-024-45422-9,175.2,106.07409467848765
particle_size,size_mean,ridge_composition,Ridge: composition,composition,1,252,https://doi.org/10.1038/s41467-024-45422-9,163.1,106.07409467848765
particle_size,size_mean,ridge_composition,Ridge: composition,composition,1,253,https://doi.org/10.1038/s41467-024-45422-9,162.2,106.07409467848765
particle_size,size_mean,ridge_composition,Ridge: composition,composition,1,254,https://doi.org/10.1038/s41467-024-45422-9,159.9,106.07409467848765
particle_size,size_mean,ridge_composition,Ridge: composition,composition,1,255,https://doi.org/10.1038/s41467-024-45422-9,162.3,106.07409467848765
particle_size,size_mean,ridge_composition,Ridge: composition,composition,1,256,https://doi.org/10.1038/s41467-024-45422-9,151.7,106.07409467848765
particle_size,size_mean,ridge_composition,Ridge: composition,composition,1,257,https://doi.org/10.1038/s41467-024-45422-9,155.1,106.07409467848765
particle_size,size_mean,ridge_composition,Ridge: composition,composition,1,258,https://doi.org/10.1038/s41467-024-45422-9,151.7,106.07409467848765
particle_size,size_mean,ridge_composition,Ridge: composition,composition,1,259,https://doi.org/10.1038/s41467-024-45422-9,162.3,106.07409467848765
particle_size,size_mean,ridge_composition,Ridge: composition,composition,1,260,https://doi.org/10.1038/s41467-024-45422-9,140.8,106.07409467848765
particle_size,size_mean,ridge_composition,Ridge: composition,composition,1,261,https://doi.org/10.1038/s41467-024-45422-9,173.5,106.07409467848765
particle_size,size_mean,ridge_composition,Ridge: composition,composition,1,262,https://doi.org/10.1038/s41467-024-45422-9,146.7,106.07409467848765
particle_size,size_mean,ridge_composition,Ridge: composition,composition,1,263,https://doi.org/10.1038/s41467-024-45422-9,161.7,106.07409467848765
particle_size,size_mean,ridge_composition,Ridge: composition,composition,1,264,https://doi.org/10.1038/s41467-024-45422-9,168.9,106.07409467848765
particle_size,size_mean,ridge_composition,Ridge: composition,composition,1,265,https://doi.org/10.1038/s41467-024-45422-9,169.2,106.07409467848765
particle_size,size_mean,ridge_composition,Ridge: composition,composition,1,266,https://doi.org/10.1038/s41467-024-45422-9,184.3,106.07409467848765
particle_size,size_mean,ridge_composition,Ridge: composition,composition,1,267,https://doi.org/10.1038/s41467-024-45422-9,173.9,106.07409467848765
particle_size,size_mean,ridge_composition,Ridge: composition,composition,1,268,https://doi.org/10.1038/s41467-024-45422-9,154.3,106.07409467848765
particle_size,size_mean,ridge_composition,Ridge: composition,composition,1,269,https://doi.org/10.1038/s41467-024-45422-9,192.2,106.07409467848765
particle_size,size_mean,ridge_composition,Ridge: composition,composition,1,270,https://doi.org/10.1038/s41467-024-45422-9,178.9,106.07409467848765
particle_size,size_mean,ridge_composition,Ridge: composition,composition,1,271,https://doi.org/10.1038/s41467-024-45422-9,193.7,106.07409467848765
particle_size,size_mean,ridge_composition,Ridge: composition,composition,1,272,https://doi.org/10.1038/s41467-024-45422-9,181.2,106.07409467848765
particle_size,size_mean,ridge_composition,Ridge: composition,composition,1,273,https://doi.org/10.1038/s41467-024-45422-9,195.1,106.07409467848765
particle_size,size_mean,ridge_composition,Ridge: composition,composition,1,274,https://doi.org/10.1038/s41467-024-45422-9,181.8,106.07409467848765
particle_size,size_mean,ridge_composition,Ridge: composition,composition,1,275,https://doi.org/10.1038/s41467-024-45422-9,203.4,106.07409467848765
particle_size,size_mean,ridge_composition,Ridge: composition,composition,1,276,https://doi.org/10.1038/s41467-024-45422-9,174.0,106.07409467848765
particle_size,size_mean,ridge_composition,Ridge: composition,composition,1,277,https://doi.org/10.1038/s41467-024-45422-9,164.2,106.07409467848765
particle_size,size_mean,ridge_composition,Ridge: composition,composition,1,278,https://doi.org/10.1038/s41467-024-45422-9,143.6,106.07409467848765
particle_size,size_mean,ridge_composition,Ridge: composition,composition,1,279,https://doi.org/10.1038/s41467-024-45422-9,195.5,106.07409467848765
particle_size,size_mean,ridge_composition,Ridge: composition,composition,1,280,https://doi.org/10.1038/s41467-024-45422-9,179.2,106.07409467848765
particle_size,size_mean,ridge_composition,Ridge: composition,composition,1,281,https://doi.org/10.1038/s41467-024-45422-9,181.7,106.07409467848765
particle_size,size_mean,ridge_composition,Ridge: composition,composition,1,282,https://doi.org/10.1038/s41467-024-45422-9,141.6,106.07409467848765
particle_size,size_mean,ridge_composition,Ridge: composition,composition,1,283,https://doi.org/10.1038/s41467-024-45422-9,171.4,106.07409467848765
particle_size,size_mean,ridge_composition,Ridge: composition,composition,1,284,https://doi.org/10.1038/s41467-024-45422-9,155.0,106.07409467848765
particle_size,size_mean,ridge_composition,Ridge: composition,composition,1,285,https://doi.org/10.1038/s41467-024-45422-9,156.3,106.07409467848765
particle_size,size_mean,ridge_composition,Ridge: composition,composition,1,286,https://doi.org/10.1038/s41467-024-45422-9,190.5,106.07409467848765
particle_size,size_mean,ridge_composition,Ridge: composition,composition,1,288,https://doi.org/10.1038/s41467-024-45422-9,190.4,106.07409467848765
particle_size,size_mean,ridge_composition,Ridge: composition,composition,1,289,https://doi.org/10.1038/s41467-024-45422-9,204.3,106.07409467848765
particle_size,size_mean,ridge_composition,Ridge: composition,composition,1,290,https://doi.org/10.1038/s41467-024-45422-9,169.6,106.07409467848765
particle_size,size_mean,ridge_composition,Ridge: composition,composition,1,291,https://doi.org/10.1038/s41467-024-45422-9,201.5,106.07409467848765
particle_size,size_mean,ridge_composition,Ridge: composition,composition,1,292,https://doi.org/10.1038/s41467-024-45422-9,162.3,106.07409467848765
particle_size,size_mean,ridge_composition,Ridge: composition,composition,1,293,https://doi.org/10.1038/s41467-024-45422-9,143.2,106.07409467848765
particle_size,size_mean,ridge_composition,Ridge: composition,composition,1,294,https://doi.org/10.1038/s41467-024-45422-9,126.7,106.07409467848765
particle_size,size_mean,ridge_composition,Ridge: composition,composition,1,295,https://doi.org/10.1038/s41467-024-45422-9,113.9,106.07409467848765
particle_size,size_mean,ridge_composition,Ridge: composition,composition,1,296,https://doi.org/10.1038/s41467-024-45422-9,115.4,106.07409467848765
particle_size,size_mean,ridge_composition,Ridge: composition,composition,1,297,https://doi.org/10.1038/s41467-024-45422-9,109.2,106.07409467848765
particle_size,size_mean,ridge_composition,Ridge: composition,composition,1,298,https://doi.org/10.1038/s41467-024-45422-9,114.1,106.07409467848765
particle_size,size_mean,ridge_composition,Ridge: composition,composition,2,509,https://doi.org/10.34133/bmr.0017,71.48,102.95519162177844
particle_size,size_mean,ridge_composition,Ridge: composition,composition,2,510,https://doi.org/10.34133/bmr.0017,82.84,102.95519162177844
particle_size,size_mean,ridge_composition,Ridge: composition,composition,2,511,https://doi.org/10.34133/bmr.0017,69.41,172.7089553723337
particle_size,size_mean,ridge_composition,Ridge: composition,composition,2,512,https://doi.org/10.34133/bmr.0017,68.29,172.7089553723337
particle_size,size_mean,ridge_composition,Ridge: composition,composition,2,513,https://doi.org/10.34133/bmr.0017,78.37,173.04016938193848
particle_size,size_mean,ridge_composition,Ridge: composition,composition,2,635,10.1021/jacs.2c12893,82.11,143.9553874853337
particle_size,size_mean,ridge_composition,Ridge: composition,composition,2,636,10.1021/jacs.2c12893,92.32,102.95519162177844
particle_size,size_mean,ridge_composition,Ridge: composition,composition,2,716,10.1021/acs.jpcb.5b02891,180.0,106.01209071299093
particle_size,size_mean,ridge_composition,Ridge: composition,composition,2,717,10.1021/acs.jpcb.5b02891,160.0,106.01209071299093
particle_size,size_mean,ridge_composition,Ridge: composition,composition,2,718,10.1021/acs.jpcb.5b02891,180.0,-51.94880982251644
particle_size,size_mean,ridge_composition,Ridge: composition,composition,2,719,10.1021/acs.jpcb.5b02891,160.0,-51.94880982251644
particle_size,size_mean,ridge_composition,Ridge: composition,composition,2,736,10.1021/acs.jpcb.5b02891,50.0,106.01209071299093
particle_size,size_mean,ridge_composition,Ridge: composition,composition,2,737,10.1021/acs.jpcb.5b02891,65.0,-51.94880982251644
particle_size,size_mean,ridge_composition,Ridge: composition,composition,2,738,10.1021/acs.jpcb.5b02891,95.0,106.01209071299093
particle_size,size_mean,ridge_composition,Ridge: composition,composition,2,739,10.1021/acs.jpcb.5b02891,40.0,-51.94880982251644
particle_size,size_mean,ridge_composition,Ridge: composition,composition,2,885,https://doi.org/10.1021/acs.nanolett.1c01353,79.85,143.9553874853337
particle_size,size_mean,ridge_composition,Ridge: composition,composition,2,911,https://doi.org/10.1101/2024.09.27.614859,63.5,102.95519162177844
particle_size,size_mean,ridge_composition,Ridge: composition,composition,2,959,https://doi.org/10.1038/s41587-019-0247-3,87.6,118.84301393437944
particle_size,size_mean,ridge_composition,Ridge: composition,composition,2,960,https://doi.org/10.1038/s41587-019-0247-3,99.9,126.92254662064751
particle_size,size_mean,ridge_composition,Ridge: composition,composition,2,961,https://doi.org/10.1038/s41587-019-0247-3,76.9,89.3651613145546
particle_size,size_mean,ridge_composition,Ridge: composition,composition,2,962,https://doi.org/10.1038/s41587-019-0247-3,101.0,86.5494135514241
particle_size,size_mean,ridge_composition,Ridge: composition,composition,2,963,https://doi.org/10.1038/s41587-019-0247-3,259.6,89.3651613145546
particle_size,size_mean,ridge_composition,Ridge: composition,composition,2,964,https://doi.org/10.1038/s41587-019-0247-3,115.9,160.03136159134522
particle_size,size_mean,ridge_composition,Ridge: composition,composition,2,965,https://doi.org/10.1038/s41587-019-0247-3,137.9,57.18496088017086
particle_size,size_mean,ridge_composition,Ridge: composition,composition,2,966,https://doi.org/10.1038/s41587-019-0247-3,167.9,-42.28273159648876
particle_size,size_mean,ridge_composition,Ridge: composition,composition,2,967,https://doi.org/10.1038/s41587-019-0247-3,122.4,89.3651613145546
particle_size,size_mean,ridge_composition,Ridge: composition,composition,2,968,https://doi.org/10.1038/s41587-019-0247-3,95.9,89.3651613145546
particle_size,size_mean,ridge_composition,Ridge: composition,composition,2,969,https://doi.org/10.1038/s41587-019-0247-3,72.3,-17.712631645548015
particle_size,size_mean,ridge_composition,Ridge: composition,composition,2,970,https://doi.org/10.1038/s41587-019-0247-3,94.0,89.3651613145546
particle_size,size_mean,ridge_composition,Ridge: composition,composition,2,971,https://doi.org/10.1038/s41587-019-0247-3,84.9,169.2078848916555
particle_size,size_mean,ridge_composition,Ridge: composition,composition,2,972,https://doi.org/10.1038/s41587-019-0247-3,127.8,52.74565059402225
particle_size,size_mean,ridge_composition,Ridge: composition,composition,2,973,https://doi.org/10.1038/s41587-019-0247-3,84.9,89.3651613145546
particle_size,size_mean,ridge_composition,Ridge: composition,composition,2,974,https://doi.org/10.1038/s41587-019-0247-3,108.7,158.6446382859586
particle_size,size_mean,ridge_composition,Ridge: composition,composition,2,975,https://doi.org/10.1038/s41587-019-0247-3,94.9,116.8061533448157
particle_size,size_mean,ridge_composition,Ridge: composition,composition,2,976,https://doi.org/10.1038/s41587-019-0247-3,91.8,89.3651613145546
particle_size,size_mean,ridge_composition,Ridge: composition,composition,2,977,https://doi.org/10.1038/s41587-019-0247-3,129.4,129.56954601942337
particle_size,size_mean,ridge_composition,Ridge: composition,composition,2,978,https://doi.org/10.1038/s41587-019-0247-3,83.2,50.78239202195432
particle_size,size_mean,ridge_composition,Ridge: composition,composition,2,979,https://doi.org/10.1038/s41587-019-0247-3,110.7,-25.598158233586076
particle_size,size_mean,ridge_composition,Ridge: composition,composition,2,980,https://doi.org/10.1038/s41587-019-0247-3,154.9,90.37465741733769
particle_size,size_mean,ridge_composition,Ridge: composition,composition,2,981,https://doi.org/10.1038/s41587-019-0247-3,102.5,143.9553874853337
particle_size,size_mean,ridge_composition,Ridge: composition,composition,2,982,https://doi.org/10.1038/s41587-019-0247-3,119.8,64.0261641658153
particle_size,size_mean,ridge_composition,Ridge: composition,composition,2,983,https://doi.org/10.1038/s41587-019-0247-3,102.5,143.9553874853337
particle_size,size_mean,ridge_composition,Ridge: composition,composition,2,984,https://doi.org/10.1038/s41587-019-0247-3,110.6,143.9553874853337
particle_size,size_mean,ridge_composition,Ridge: composition,composition,2,985,https://doi.org/10.1038/s41587-019-0247-3,105.5,126.92254662064751
particle_size,size_mean,ridge_composition,Ridge: composition,composition,2,986,https://doi.org/10.1038/s41587-019-0247-3,108.6,120.40848687879839
particle_size,size_mean,ridge_composition,Ridge: composition,composition,2,987,https://doi.org/10.1038/s41587-019-0247-3,112.5,136.7791352120373
particle_size,size_mean,ridge_composition,Ridge: composition,composition,2,988,https://doi.org/10.1038/s41587-019-0247-3,94.8,101.36718708834532
particle_size,size_mean,ridge_composition,Ridge: composition,composition,2,989,https://doi.org/10.1038/s41587-019-0247-3,115.6,106.56414360237342
particle_size,size_mean,ridge_composition,Ridge: composition,composition,2,990,https://doi.org/10.1038/s41587-019-0247-3,87.6,118.84301393437944
particle_size,size_mean,ridge_composition,Ridge: composition,composition,2,991,https://doi.org/10.1038/s41587-019-0247-3,140.6,145.1597859017134
particle_size,size_mean,ridge_composition,Ridge: composition,composition,2,992,https://doi.org/10.1038/s41587-019-0247-3,88.6,143.55483274867902
particle_size,size_mean,ridge_composition,Ridge: composition,composition,3,2,https://doi.org/10.1038/s41467-024-50619-z,134.6,134.91749976522865
particle_size,size_mean,ridge_composition,Ridge: composition,composition,3,3,https://doi.org/10.1038/s41467-024-50619-z,138.0,134.91749976522865
particle_size,size_mean,ridge_composition,Ridge: composition,composition,3,4,https://doi.org/10.1038/s41467-024-50619-z,108.7,134.91749976522865
particle_size,size_mean,ridge_composition,Ridge: composition,composition,3,5,https://doi.org/10.1038/s41467-024-50619-z,110.0,134.91749976522865
particle_size,size_mean,ridge_composition,Ridge: composition,composition,3,6,https://doi.org/10.1038/s41467-024-50619-z,122.6,134.91749976522865
particle_size,size_mean,ridge_composition,Ridge: composition,composition,3,7,https://doi.org/10.1038/s41467-024-50619-z,119.9,134.91749976522865
particle_size,size_mean,ridge_composition,Ridge: composition,composition,3,8,https://doi.org/10.1038/s41467-024-50619-z,134.8,134.91749976522865
particle_size,size_mean,ridge_composition,Ridge: composition,composition,3,9,https://doi.org/10.1038/s41467-024-50619-z,132.9,134.91749976522865
particle_size,size_mean,ridge_composition,Ridge: composition,composition,3,10,https://doi.org/10.1038/s41467-024-50619-z,127.5,134.91749976522865
particle_size,size_mean,ridge_composition,Ridge: composition,composition,3,11,https://doi.org/10.1038/s41467-024-50619-z,151.0,134.91749976522865
particle_size,size_mean,ridge_composition,Ridge: composition,composition,3,12,https://doi.org/10.1038/s41467-024-50619-z,147.5,134.91749976522865
particle_size,size_mean,ridge_composition,Ridge: composition,composition,3,13,https://doi.org/10.1038/s41467-024-50619-z,135.5,134.91749976522865
particle_size,size_mean,ridge_composition,Ridge: composition,composition,3,14,https://doi.org/10.1038/s41467-024-50619-z,128.2,134.91749976522865
particle_size,size_mean,ridge_composition,Ridge: composition,composition,3,15,https://doi.org/10.1038/s41467-024-50619-z,117.5,134.91749976522865
particle_size,size_mean,ridge_composition,Ridge: composition,composition,3,16,https://doi.org/10.1038/s41467-024-50619-z,134.8,134.91749976522865
particle_size,size_mean,ridge_composition,Ridge: composition,composition,3,17,https://doi.org/10.1038/s41467-024-50619-z,132.9,134.91749976522865
particle_size,size_mean,ridge_composition,Ridge: composition,composition,3,18,https://doi.org/10.1038/s41467-024-50619-z,133.8,134.91749976522865
particle_size,size_mean,ridge_composition,Ridge: composition,composition,3,19,https://doi.org/10.1038/s41467-024-50619-z,137.8,134.91749976522865
particle_size,size_mean,ridge_composition,Ridge: composition,composition,3,20,https://doi.org/10.1038/s41467-024-50619-z,135.5,134.91749976522865
particle_size,size_mean,ridge_composition,Ridge: composition,composition,3,21,https://doi.org/10.1038/s41467-024-50619-z,139.0,134.91749976522865
particle_size,size_mean,ridge_composition,Ridge: composition,composition,3,22,https://doi.org/10.1038/s41467-024-50619-z,132.8,134.91749976522865
particle_size,size_mean,ridge_composition,Ridge: composition,composition,3,23,https://doi.org/10.1038/s41467-024-50619-z,133.9,134.91749976522865
particle_size,size_mean,ridge_composition,Ridge: composition,composition,3,24,https://doi.org/10.1038/s41467-024-50619-z,137.9,134.91749976522865
particle_size,size_mean,ridge_composition,Ridge: composition,composition,3,25,https://doi.org/10.1038/s41467-024-50619-z,135.4,134.91749976522865
particle_size,size_mean,ridge_composition,Ridge: composition,composition,3,26,https://doi.org/10.1038/s41467-024-50619-z,134.6,134.91749976522865
particle_size,size_mean,ridge_composition,Ridge: composition,composition,3,27,https://doi.org/10.1038/s41467-024-50619-z,138.0,134.91749976522865
particle_size,size_mean,ridge_composition,Ridge: composition,composition,3,28,https://doi.org/10.1038/s41467-024-50619-z,121.6,134.91749976522865
particle_size,size_mean,ridge_composition,Ridge: composition,composition,3,29,https://doi.org/10.1038/s41467-024-50619-z,119.9,134.91749976522865
particle_size,size_mean,ridge_composition,Ridge: composition,composition,3,30,https://doi.org/10.1038/s41467-024-50619-z,108.4,134.91749976522865
particle_size,size_mean,ridge_composition,Ridge: composition,composition,3,109,10.1021/acs.nanolett.5b02497,113.0,129.31099820308205
particle_size,size_mean,ridge_composition,Ridge: composition,composition,3,110,10.1021/acs.nanolett.5b02497,82.0,144.75439198747597
particle_size,size_mean,ridge_composition,Ridge: composition,composition,3,575,10.1002/jbm.a.37705,120.0,134.91749976522865
particle_size,size_mean,ridge_composition,Ridge: composition,composition,3,576,10.1002/jbm.a.37705,85.0,134.91749976522865
particle_size,size_mean,ridge_composition,Ridge: composition,composition,3,578,10.1002/jbm.a.37705,82.0,134.91749976522865
particle_size,size_mean,ridge_composition,Ridge: composition,composition,3,862,https://doi.org/10.1016/j.jconrel.2025.01.071,183.3,122.65476489463505
particle_size,size_mean,ridge_composition,Ridge: composition,composition,3,863,https://doi.org/10.1016/j.jconrel.2025.01.071,70.0,122.65476489463505
particle_size,size_mean,ridge_composition,Ridge: composition,composition,3,864,https://doi.org/10.1016/j.jconrel.2025.01.071,65.0,122.65476489463505
particle_size,size_mean,ridge_composition,Ridge: composition,composition,3,865,https://doi.org/10.1016/j.jconrel.2025.01.071,65.0,122.65476489463505
particle_size,size_mean,ridge_composition,Ridge: composition,composition,3,866,https://doi.org/10.1016/j.jconrel.2025.01.071,65.0,122.65476489463505
particle_size,size_mean,ridge_composition,Ridge: composition,composition,3,867,https://doi.org/10.1016/j.jconrel.2025.01.071,70.6,122.65476489463505
particle_size,size_mean,ridge_composition,Ridge: composition,composition,3,868,https://doi.org/10.1016/j.jconrel.2025.01.071,75.0,122.65476489463505
particle_size,size_mean,ridge_composition,Ridge: composition,composition,3,870,https://doi.org/10.1016/j.jconrel.2025.01.071,92.8,122.65476489463505
particle_size,size_mean,ridge_composition,Ridge: composition,composition,3,922,https://doi.org/10.1073/pnas.2303567120,70.0,129.31099820308205
particle_size,size_mean,ridge_composition,Ridge: composition,composition,3,923,https://doi.org/10.1073/pnas.2303567120,70.0,129.31099820308205
particle_size,size_mean,ridge_composition,Ridge: composition,composition,3,931,https://doi.org/10.1073/pnas.2303567120,160.0,129.31099820308205
particle_size,size_mean,ridge_composition,Ridge: composition,composition,3,1021,10.1073/pnas.1209367109,145.8,137.87898681034574
particle_size,size_mean,ridge_composition,Ridge: composition,composition,3,1088,https://dx.doi.org/10.1021/acs.nanolett.0c01386,80.0,129.31099820308205
particle_size,size_mean,ridge_composition,Ridge: composition,composition,3,1089,https://dx.doi.org/10.1021/acs.nanolett.0c01386,90.0,129.31099820308205
particle_size,size_mean,ridge_composition,Ridge: composition,composition,3,1090,https://dx.doi.org/10.1021/acs.nanolett.0c01386,85.0,129.31099820308205
particle_size,size_mean,ridge_composition,Ridge: composition,composition,3,1091,https://dx.doi.org/10.1021/acs.nanolett.0c01386,95.0,129.31099820308205
particle_size,size_mean,ridge_composition,Ridge: composition,composition,3,1092,https://dx.doi.org/10.1021/acs.nanolett.0c01386,100.0,129.31099820308205
particle_size,size_mean,ridge_composition,Ridge: composition,composition,4,444,10.1002/anie.201809056,59.0,136.0664964666912
particle_size,size_mean,ridge_composition,Ridge: composition,composition,4,446,10.1002/anie.201809056,59.0,136.0664964666912
particle_size,size_mean,ridge_composition,Ridge: composition,composition,4,563,10.1039/C9NR02004G,19.0,124.73485469271496
particle_size,size_mean,ridge_composition,Ridge: composition,composition,4,641,https://doi.org/10.1016/j.jpha.2024.100996,66.55,128.84173423115544
particle_size,size_mean,ridge_composition,Ridge: composition,composition,4,642,https://doi.org/10.1016/j.jpha.2024.100996,78.57,127.8453047652082
particle_size,size_mean,ridge_composition,Ridge: composition,composition,4,643,https://doi.org/10.1016/j.jpha.2024.100996,96.95,125.85000793234722
particle_size,size_mean,ridge_composition,Ridge: composition,composition,4,644,https://doi.org/10.1016/j.jpha.2024.100996,94.42,125.70135846423074
particle_size,size_mean,ridge_composition,Ridge: composition,composition,4,645,https://doi.org/10.1016/j.jpha.2024.100996,92.45,125.85000793234722
particle_size,size_mean,ridge_composition,Ridge: composition,composition,4,646,https://doi.org/10.1016/j.jpha.2024.100996,75.26,125.85000793234722
particle_size,size_mean,ridge_composition,Ridge: composition,composition,4,647,https://doi.org/10.1016/j.jpha.2024.100996,77.76,125.70135846423074
particle_size,size_mean,ridge_composition,Ridge: composition,composition,4,648,https://doi.org/10.1016/j.jpha.2024.100996,78.82,125.85000793234722
particle_size,size_mean,ridge_composition,Ridge: composition,composition,4,649,https://doi.org/10.1016/j.jpha.2024.100996,82.88,125.70135846423074
particle_size,size_mean,ridge_composition,Ridge: composition,composition,4,650,https://doi.org/10.1016/j.jpha.2024.100996,69.44,127.8453047652082
particle_size,size_mean,ridge_composition,Ridge: composition,composition,4,651,https://doi.org/10.1016/j.jpha.2024.100996,82.11,126.82352847320607
particle_size,size_mean,ridge_composition,Ridge: composition,composition,4,652,https://doi.org/10.1016/j.jpha.2024.100996,51.13,128.84173423115544
particle_size,size_mean,ridge_composition,Ridge: composition,composition,4,653,https://doi.org/10.1016/j.jpha.2024.100996,50.99,127.8453047652082
particle_size,size_mean,ridge_composition,Ridge: composition,composition,4,654,https://doi.org/10.1016/j.jpha.2024.100996,51.89,125.70135846423074
particle_size,size_mean,ridge_composition,Ridge: composition,composition,4,655,https://doi.org/10.1016/j.jpha.2024.100996,57.25,126.82352847320607
particle_size,size_mean,ridge_composition,Ridge: composition,composition,4,656,https://doi.org/10.1016/j.jpha.2024.100996,57.0,126.82352847320607
particle_size,size_mean,ridge_composition,Ridge: composition,composition,4,657,https://doi.org/10.1016/j.jpha.2024.100996,57.13,125.85000793234722
particle_size,size_mean,ridge_composition,Ridge: composition,composition,4,658,https://doi.org/10.1016/j.jpha.2024.100996,55.88,125.85000793234722
particle_size,size_mean,ridge_composition,Ridge: composition,composition,4,659,https://doi.org/10.1016/j.jpha.2024.100996,57.44,126.82352847320607
particle_size,size_mean,ridge_composition,Ridge: composition,composition,4,660,https://doi.org/10.1016/j.jpha.2024.100996,56.43,126.82352847320607
particle_size,size_mean,ridge_composition,Ridge: composition,composition,4,661,https://doi.org/10.1016/j.jpha.2024.100996,51.82,127.8453047652082
particle_size,size_mean,ridge_composition,Ridge: composition,composition,4,662,https://doi.org/10.1016/j.jpha.2024.100996,56.13,125.85000793234722
particle_size,size_mean,ridge_composition,Ridge: composition,composition,4,663,https://doi.org/10.1016/j.jpha.2024.100996,51.08,128.67715133944805
particle_size,size_mean,ridge_composition,Ridge: composition,composition,4,664,https://doi.org/10.1016/j.jpha.2024.100996,54.7,125.70135846423074
particle_size,size_mean,ridge_composition,Ridge: composition,composition,4,778,10.1002/btm2.10580,118.9,117.45670598480125
particle_size,size_mean,ridge_composition,Ridge: composition,composition,4,779,10.1002/btm2.10580,109.9,127.47688687145842
particle_size,size_mean,ridge_composition,Ridge: composition,composition,4,780,10.1002/btm2.10580,112.9,126.15138152620065
particle_size,size_mean,ridge_composition,Ridge: composition,composition,4,781,10.1002/btm2.10580,123.3,125.70135846423074
particle_size,size_mean,ridge_composition,Ridge: composition,composition,4,782,10.1002/btm2.10580,109.8,127.47688687145842
particle_size,size_mean,ridge_composition,Ridge: composition,composition,4,783,10.1002/btm2.10580,111.2,125.70135846423074
particle_size,size_mean,ridge_composition,Ridge: composition,composition,4,784,10.1002/btm2.10580,108.1,127.47688687145842
particle_size,size_mean,ridge_composition,Ridge: composition,composition,4,785,10.1002/btm2.10580,113.9,127.8453047652082
particle_size,size_mean,ridge_composition,Ridge: composition,composition,4,875,https://doi.org/10.1101/2023.11.09.565872,78.7,127.47688687145842
particle_size,size_mean,ridge_composition,Ridge: composition,composition,4,876,https://doi.org/10.1101/2023.11.09.565872,92.16,127.47688687145842
particle_size,size_mean,ridge_composition,Ridge: composition,composition,4,913,https://doi.org/10.1038/s41434-022-00370-1,52.0,128.03035930743397
particle_size,size_mean,ridge_composition,Ridge: composition,composition,4,914,https://doi.org/10.1038/s41434-022-00370-1,86.0,125.70135846423074
particle_size,size_mean,ridge_composition,Ridge: composition,composition,4,915,https://doi.org/10.1038/s41434-022-00370-1,216.0,122.99416138455379
particle_size,size_mean,ridge_composition,Ridge: composition,composition,4,1005,10.1002/smll.201805097,149.2,136.0664964666912
particle_size,size_mean,ridge_composition,Ridge: composition,composition,4,1006,10.1002/smll.201805097,161.6,136.0664964666912
particle_size,size_mean,ridge_composition,Ridge: composition,composition,4,1007,10.1002/smll.201805097,166.6,136.0664964666912
particle_size,size_mean,ridge_composition,Ridge: composition,composition,4,1008,10.1002/smll.201805097,173.9,136.0664964666912
particle_size,size_mean,ridge_composition,Ridge: composition,composition,4,1009,10.1002/smll.201805097,160.0,136.0664964666912
particle_size,size_mean,ridge_composition,Ridge: composition,composition,4,1010,10.1002/smll.201805097,163.2,136.0664964666912
particle_size,size_mean,ridge_composition,Ridge: composition,composition,4,1011,10.1002/smll.201805097,138.9,136.0664964666912
particle_size,size_mean,ridge_composition,Ridge: composition,composition,4,1012,10.1002/smll.201805097,139.5,136.0664964666912
particle_size,size_mean,ridge_composition,Ridge: composition,composition,4,1013,10.1002/smll.201805097,118.5,136.0664964666912
particle_size,size_mean,ridge_composition,Ridge: composition,composition,4,1014,10.1002/smll.201805097,180.7,136.0664964666912
particle_size,size_mean,ridge_composition,Ridge: composition,composition,4,1015,10.1002/smll.201805097,190.7,136.0664964666912
particle_size,size_mean,ridge_composition,Ridge: composition,composition,5,63,https://doi.org/10.1016/j.omtn.2019.01.013,96.0,117.11823131904754
particle_size,size_mean,ridge_composition,Ridge: composition,composition,5,64,https://doi.org/10.1016/j.omtn.2019.01.013,96.0,117.11823131904754
particle_size,size_mean,ridge_composition,Ridge: composition,composition,5,113,https://doi.org/10.1016/j.ymthe.2018.03.010,93.8,117.11823131904754
particle_size,size_mean,ridge_composition,Ridge: composition,composition,5,114,https://doi.org/10.1016/j.ymthe.2018.03.010,179.4,117.11823131904754
particle_size,size_mean,ridge_composition,Ridge: composition,composition,5,115,https://doi.org/10.1016/j.ymthe.2018.03.010,140.4,117.11823131904754
particle_size,size_mean,ridge_composition,Ridge: composition,composition,5,116,https://doi.org/10.1016/j.ymthe.2018.03.010,73.1,117.11823131904754
particle_size,size_mean,ridge_composition,Ridge: composition,composition,5,117,https://doi.org/10.1016/j.ymthe.2018.03.010,86.2,117.11823131904754
particle_size,size_mean,ridge_composition,Ridge: composition,composition,5,118,https://doi.org/10.1016/j.ymthe.2018.03.010,66.8,117.11823131904754
particle_size,size_mean,ridge_composition,Ridge: composition,composition,5,119,https://doi.org/10.1016/j.ymthe.2018.03.010,130.1,117.11823131904754
particle_size,size_mean,ridge_composition,Ridge: composition,composition,5,120,https://doi.org/10.1016/j.ymthe.2018.03.010,85.8,117.11823131904754
particle_size,size_mean,ridge_composition,Ridge: composition,composition,5,121,https://doi.org/10.1016/j.ymthe.2018.03.010,91.9,117.11823131904754
particle_size,size_mean,ridge_composition,Ridge: composition,composition,5,122,https://doi.org/10.1016/j.ymthe.2018.03.010,69.6,117.11823131904754
particle_size,size_mean,ridge_composition,Ridge: composition,composition,5,123,https://doi.org/10.1016/j.ymthe.2018.03.010,85.6,117.11823131904754
particle_size,size_mean,ridge_composition,Ridge: composition,composition,5,198,10.1002/adma.201606944,75.0,137.24672505342883
particle_size,size_mean,ridge_composition,Ridge: composition,composition,5,199,10.1002/adma.201606944,75.0,137.24672505342883
particle_size,size_mean,ridge_composition,Ridge: composition,composition,5,450,10.1016/j.jconrel.2019.10.028,82.4,117.41626980553089
particle_size,size_mean,ridge_composition,Ridge: composition,composition,5,451,10.1016/j.jconrel.2019.10.028,90.77,101.93839306006326
particle_size,size_mean,ridge_composition,Ridge: composition,composition,5,452,10.1016/j.jconrel.2019.10.028,78.53,141.17168789463645
particle_size,size_mean,ridge_composition,Ridge: composition,composition,5,453,10.1016/j.jconrel.2019.10.028,81.49,138.51620671272153
particle_size,size_mean,ridge_composition,Ridge: composition,composition,5,454,10.1016/j.jconrel.2019.10.028,74.42,137.90404612342553
particle_size,size_mean,ridge_composition,Ridge: composition,composition,5,455,10.1016/j.jconrel.2019.10.028,82.03,141.97096019700678
particle_size,size_mean,ridge_composition,Ridge: composition,composition,5,456,10.1016/j.jconrel.2019.10.028,79.23,143.2032109599669
particle_size,size_mean,ridge_composition,Ridge: composition,composition,5,457,10.1016/j.jconrel.2019.10.028,83.25,143.1708240161099
particle_size,size_mean,ridge_composition,Ridge: composition,composition,5,458,10.1016/j.jconrel.2019.10.028,81.4,141.68845602964353
particle_size,size_mean,ridge_composition,Ridge: composition,composition,5,459,10.1016/j.jconrel.2019.10.028,75.58,129.10561407826484
particle_size,size_mean,ridge_composition,Ridge: composition,composition,5,460,10.1016/j.jconrel.2019.10.028,83.55,137.24672505342883
particle_size,size_mean,ridge_composition,Ridge: composition,composition,5,461,10.1016/j.jconrel.2019.10.028,88.09,137.24672505342883
particle_size,size_mean,ridge_composition,Ridge: composition,composition,5,462,10.1016/j.jconrel.2019.10.028,83.36,137.24672505342883
particle_size,size_mean,ridge_composition,Ridge: composition,composition,5,463,10.1016/j.jconrel.2019.10.028,77.32,137.24672505342883
particle_size,size_mean,ridge_composition,Ridge: composition,composition,5,464,10.1016/j.jconrel.2019.10.028,84.71,137.24672505342883
particle_size,size_mean,ridge_composition,Ridge: composition,composition,5,465,10.1016/j.jconrel.2019.10.028,80.85,137.24672505342883
particle_size,size_mean,ridge_composition,Ridge: composition,composition,5,756,https://doi.org/10.1016/j.ijpharm.2023.123050,107.0,117.11823131904754
particle_size,size_mean,ridge_composition,Ridge: composition,composition,5,763,https://doi.org/10.1016/j.ijpharm.2023.123050,145.0,117.11823131904754
particle_size,size_mean,ridge_composition,Ridge: composition,composition,5,773,https://doi.org/10.1016/j.ijpharm.2023.123050,71.0,137.24672505342883
particle_size,size_mean,ridge_composition,Ridge: composition,composition,5,803,https://doi.org/10.1038/s41467-022-33157-4,120.5,109.64143436577524
particle_size,size_mean,ridge_composition,Ridge: composition,composition,5,804,https://doi.org/10.1038/s41467-022-33157-4,210.0,87.98622548393476
particle_size,size_mean,ridge_composition,Ridge: composition,composition,5,805,https://doi.org/10.1038/s41467-022-33157-4,180.0,96.5026651714026
particle_size,size_mean,ridge_composition,Ridge: composition,composition,5,806,https://doi.org/10.1038/s41467-022-33157-4,150.0,104.98698607759724
particle_size,size_mean,ridge_composition,Ridge: composition,composition,5,807,https://doi.org/10.1038/s41467-022-33157-4,120.5,110.05082973459609
particle_size,size_mean,ridge_composition,Ridge: composition,composition,5,808,https://doi.org/10.1038/s41467-022-33157-4,100.0,118.20394796031114
particle_size,size_mean,ridge_composition,Ridge: composition,composition,5,812,https://doi.org/10.1038/s41467-022-33157-4,113.0,109.64143436577524
particle_size,size_mean,ridge_composition,Ridge: composition,composition,5,932,https://doi.org/10.1248/cpb.c24-00089,213.5,117.11823131904754
particle_size,size_mean,ridge_composition,Ridge: composition,composition,5,933,https://doi.org/10.1248/cpb.c24-00089,83.0,117.11823131904754
particle_size,size_mean,ridge_composition,Ridge: composition,composition,5,934,https://doi.org/10.1248/cpb.c24-00089,77.0,117.11823131904754
particle_size,size_mean,ridge_composition,Ridge: composition,composition,5,935,https://doi.org/10.1248/cpb.c24-00089,200.0,117.11823131904754
particle_size,size_mean,ridge_composition,Ridge: composition,composition,5,936,https://doi.org/10.1248/cpb.c24-00089,186.0,117.11823131904754
particle_size,size_mean,ridge_composition,Ridge: composition,composition,5,937,https://doi.org/10.1248/cpb.c24-00089,81.0,117.11823131904754
particle_size,size_mean,ridge_composition,Ridge: composition,composition,5,938,https://doi.org/10.1248/cpb.c24-00089,109.0,117.11823131904754
particle_size,size_mean,ridge_composition,Ridge: composition,composition,5,939,https://doi.org/10.1248/cpb.c24-00089,139.0,117.11823131904754
particle_size,size_mean,ridge_composition,Ridge: composition,composition,5,940,https://doi.org/10.1248/cpb.c24-00089,199.0,117.11823131904754
particle_size,size_mean,rf_composition,RF: composition,composition,1,202,https://doi.org/10.1038/s41467-024-45422-9,213.2,121.05723216086272
particle_size,size_mean,rf_composition,RF: composition,composition,1,203,https://doi.org/10.1038/s41467-024-45422-9,221.9,121.05723216086272
particle_size,size_mean,rf_composition,RF: composition,composition,1,204,https://doi.org/10.1038/s41467-024-45422-9,185.3,121.05723216086272
particle_size,size_mean,rf_composition,RF: composition,composition,1,205,https://doi.org/10.1038/s41467-024-45422-9,205.6,121.05723216086272
particle_size,size_mean,rf_composition,RF: composition,composition,1,206,https://doi.org/10.1038/s41467-024-45422-9,219.7,121.05723216086272
particle_size,size_mean,rf_composition,RF: composition,composition,1,207,https://doi.org/10.1038/s41467-024-45422-9,214.6,121.05723216086272
particle_size,size_mean,rf_composition,RF: composition,composition,1,208,https://doi.org/10.1038/s41467-024-45422-9,182.5,121.05723216086272
particle_size,size_mean,rf_composition,RF: composition,composition,1,209,https://doi.org/10.1038/s41467-024-45422-9,217.0,121.05723216086272
particle_size,size_mean,rf_composition,RF: composition,composition,1,210,https://doi.org/10.1038/s41467-024-45422-9,150.1,121.05723216086272
particle_size,size_mean,rf_composition,RF: composition,composition,1,211,https://doi.org/10.1038/s41467-024-45422-9,214.9,121.05723216086272
particle_size,size_mean,rf_composition,RF: composition,composition,1,212,https://doi.org/10.1038/s41467-024-45422-9,145.8,121.05723216086272
particle_size,size_mean,rf_composition,RF: composition,composition,1,213,https://doi.org/10.1038/s41467-024-45422-9,143.6,121.05723216086272
particle_size,size_mean,rf_composition,RF: composition,composition,1,214,https://doi.org/10.1038/s41467-024-45422-9,210.3,121.05723216086272
particle_size,size_mean,rf_composition,RF: composition,composition,1,215,https://doi.org/10.1038/s41467-024-45422-9,182.5,121.05723216086272
particle_size,size_mean,rf_composition,RF: composition,composition,1,216,https://doi.org/10.1038/s41467-024-45422-9,206.3,121.05723216086272
particle_size,size_mean,rf_composition,RF: composition,composition,1,217,https://doi.org/10.1038/s41467-024-45422-9,221.1,121.05723216086272
particle_size,size_mean,rf_composition,RF: composition,composition,1,218,https://doi.org/10.1038/s41467-024-45422-9,212.3,121.05723216086272
particle_size,size_mean,rf_composition,RF: composition,composition,1,219,https://doi.org/10.1038/s41467-024-45422-9,173.2,121.05723216086272
particle_size,size_mean,rf_composition,RF: composition,composition,1,220,https://doi.org/10.1038/s41467-024-45422-9,136.4,121.05723216086272
particle_size,size_mean,rf_composition,RF: composition,composition,1,221,https://doi.org/10.1038/s41467-024-45422-9,138.3,121.05723216086272
particle_size,size_mean,rf_composition,RF: composition,composition,1,222,https://doi.org/10.1038/s41467-024-45422-9,116.2,121.05723216086272
particle_size,size_mean,rf_composition,RF: composition,composition,1,223,https://doi.org/10.1038/s41467-024-45422-9,110.5,121.05723216086272
particle_size,size_mean,rf_composition,RF: composition,composition,1,224,https://doi.org/10.1038/s41467-024-45422-9,149.1,121.05723216086272
particle_size,size_mean,rf_composition,RF: composition,composition,1,225,https://doi.org/10.1038/s41467-024-45422-9,151.5,121.05723216086272
particle_size,size_mean,rf_composition,RF: composition,composition,1,227,https://doi.org/10.1038/s41467-024-45422-9,164.2,121.05723216086272
particle_size,size_mean,rf_composition,RF: composition,composition,1,228,https://doi.org/10.1038/s41467-024-45422-9,186.2,121.05723216086272
particle_size,size_mean,rf_composition,RF: composition,composition,1,229,https://doi.org/10.1038/s41467-024-45422-9,169.9,121.05723216086272
particle_size,size_mean,rf_composition,RF: composition,composition,1,230,https://doi.org/10.1038/s41467-024-45422-9,172.1,121.05723216086272
particle_size,size_mean,rf_composition,RF: composition,composition,1,231,https://doi.org/10.1038/s41467-024-45422-9,153.1,121.05723216086272
particle_size,size_mean,rf_composition,RF: composition,composition,1,232,https://doi.org/10.1038/s41467-024-45422-9,135.1,121.05723216086272
particle_size,size_mean,rf_composition,RF: composition,composition,1,233,https://doi.org/10.1038/s41467-024-45422-9,167.1,121.05723216086272
particle_size,size_mean,rf_composition,RF: composition,composition,1,234,https://doi.org/10.1038/s41467-024-45422-9,164.2,121.05723216086272
particle_size,size_mean,rf_composition,RF: composition,composition,1,235,https://doi.org/10.1038/s41467-024-45422-9,157.1,121.05723216086272
particle_size,size_mean,rf_composition,RF: composition,composition,1,236,https://doi.org/10.1038/s41467-024-45422-9,171.9,121.05723216086272
particle_size,size_mean,rf_composition,RF: composition,composition,1,237,https://doi.org/10.1038/s41467-024-45422-9,166.8,121.05723216086272
particle_size,size_mean,rf_composition,RF: composition,composition,1,238,https://doi.org/10.1038/s41467-024-45422-9,160.8,121.05723216086272
particle_size,size_mean,rf_composition,RF: composition,composition,1,239,https://doi.org/10.1038/s41467-024-45422-9,150.3,121.05723216086272
particle_size,size_mean,rf_composition,RF: composition,composition,1,240,https://doi.org/10.1038/s41467-024-45422-9,154.9,121.05723216086272
particle_size,size_mean,rf_composition,RF: composition,composition,1,241,https://doi.org/10.1038/s41467-024-45422-9,159.3,121.05723216086272
particle_size,size_mean,rf_composition,RF: composition,composition,1,242,https://doi.org/10.1038/s41467-024-45422-9,151.4,121.05723216086272
particle_size,size_mean,rf_composition,RF: composition,composition,1,243,https://doi.org/10.1038/s41467-024-45422-9,135.4,121.05723216086272
particle_size,size_mean,rf_composition,RF: composition,composition,1,244,https://doi.org/10.1038/s41467-024-45422-9,156.2,121.05723216086272
particle_size,size_mean,rf_composition,RF: composition,composition,1,245,https://doi.org/10.1038/s41467-024-45422-9,158.1,121.05723216086272
particle_size,size_mean,rf_composition,RF: composition,composition,1,246,https://doi.org/10.1038/s41467-024-45422-9,176.0,121.05723216086272
particle_size,size_mean,rf_composition,RF: composition,composition,1,247,https://doi.org/10.1038/s41467-024-45422-9,167.4,121.05723216086272
particle_size,size_mean,rf_composition,RF: composition,composition,1,248,https://doi.org/10.1038/s41467-024-45422-9,159.8,121.05723216086272
particle_size,size_mean,rf_composition,RF: composition,composition,1,249,https://doi.org/10.1038/s41467-024-45422-9,143.2,121.05723216086272
particle_size,size_mean,rf_composition,RF: composition,composition,1,250,https://doi.org/10.1038/s41467-024-45422-9,174.6,121.05723216086272
particle_size,size_mean,rf_composition,RF: composition,composition,1,251,https://doi.org/10.1038/s41467-024-45422-9,175.2,121.05723216086272
particle_size,size_mean,rf_composition,RF: composition,composition,1,252,https://doi.org/10.1038/s41467-024-45422-9,163.1,121.05723216086272
particle_size,size_mean,rf_composition,RF: composition,composition,1,253,https://doi.org/10.1038/s41467-024-45422-9,162.2,121.05723216086272
particle_size,size_mean,rf_composition,RF: composition,composition,1,254,https://doi.org/10.1038/s41467-024-45422-9,159.9,121.05723216086272
particle_size,size_mean,rf_composition,RF: composition,composition,1,255,https://doi.org/10.1038/s41467-024-45422-9,162.3,121.05723216086272
particle_size,size_mean,rf_composition,RF: composition,composition,1,256,https://doi.org/10.1038/s41467-024-45422-9,151.7,121.05723216086272
particle_size,size_mean,rf_composition,RF: composition,composition,1,257,https://doi.org/10.1038/s41467-024-45422-9,155.1,121.05723216086272
particle_size,size_mean,rf_composition,RF: composition,composition,1,258,https://doi.org/10.1038/s41467-024-45422-9,151.7,121.05723216086272
particle_size,size_mean,rf_composition,RF: composition,composition,1,259,https://doi.org/10.1038/s41467-024-45422-9,162.3,121.05723216086272
particle_size,size_mean,rf_composition,RF: composition,composition,1,260,https://doi.org/10.1038/s41467-024-45422-9,140.8,121.05723216086272
particle_size,size_mean,rf_composition,RF: composition,composition,1,261,https://doi.org/10.1038/s41467-024-45422-9,173.5,121.05723216086272
particle_size,size_mean,rf_composition,RF: composition,composition,1,262,https://doi.org/10.1038/s41467-024-45422-9,146.7,121.05723216086272
particle_size,size_mean,rf_composition,RF: composition,composition,1,263,https://doi.org/10.1038/s41467-024-45422-9,161.7,121.05723216086272
particle_size,size_mean,rf_composition,RF: composition,composition,1,264,https://doi.org/10.1038/s41467-024-45422-9,168.9,121.05723216086272
particle_size,size_mean,rf_composition,RF: composition,composition,1,265,https://doi.org/10.1038/s41467-024-45422-9,169.2,121.05723216086272
particle_size,size_mean,rf_composition,RF: composition,composition,1,266,https://doi.org/10.1038/s41467-024-45422-9,184.3,121.05723216086272
particle_size,size_mean,rf_composition,RF: composition,composition,1,267,https://doi.org/10.1038/s41467-024-45422-9,173.9,121.05723216086272
particle_size,size_mean,rf_composition,RF: composition,composition,1,268,https://doi.org/10.1038/s41467-024-45422-9,154.3,121.05723216086272
particle_size,size_mean,rf_composition,RF: composition,composition,1,269,https://doi.org/10.1038/s41467-024-45422-9,192.2,121.05723216086272
particle_size,size_mean,rf_composition,RF: composition,composition,1,270,https://doi.org/10.1038/s41467-024-45422-9,178.9,121.05723216086272
particle_size,size_mean,rf_composition,RF: composition,composition,1,271,https://doi.org/10.1038/s41467-024-45422-9,193.7,121.05723216086272
particle_size,size_mean,rf_composition,RF: composition,composition,1,272,https://doi.org/10.1038/s41467-024-45422-9,181.2,121.05723216086272
particle_size,size_mean,rf_composition,RF: composition,composition,1,273,https://doi.org/10.1038/s41467-024-45422-9,195.1,121.05723216086272
particle_size,size_mean,rf_composition,RF: composition,composition,1,274,https://doi.org/10.1038/s41467-024-45422-9,181.8,121.05723216086272
particle_size,size_mean,rf_composition,RF: composition,composition,1,275,https://doi.org/10.1038/s41467-024-45422-9,203.4,121.05723216086272
particle_size,size_mean,rf_composition,RF: composition,composition,1,276,https://doi.org/10.1038/s41467-024-45422-9,174.0,121.05723216086272
particle_size,size_mean,rf_composition,RF: composition,composition,1,277,https://doi.org/10.1038/s41467-024-45422-9,164.2,121.05723216086272
particle_size,size_mean,rf_composition,RF: composition,composition,1,278,https://doi.org/10.1038/s41467-024-45422-9,143.6,121.05723216086272
particle_size,size_mean,rf_composition,RF: composition,composition,1,279,https://doi.org/10.1038/s41467-024-45422-9,195.5,121.05723216086272
particle_size,size_mean,rf_composition,RF: composition,composition,1,280,https://doi.org/10.1038/s41467-024-45422-9,179.2,121.05723216086272
particle_size,size_mean,rf_composition,RF: composition,composition,1,281,https://doi.org/10.1038/s41467-024-45422-9,181.7,121.05723216086272
particle_size,size_mean,rf_composition,RF: composition,composition,1,282,https://doi.org/10.1038/s41467-024-45422-9,141.6,121.05723216086272
particle_size,size_mean,rf_composition,RF: composition,composition,1,283,https://doi.org/10.1038/s41467-024-45422-9,171.4,121.05723216086272
particle_size,size_mean,rf_composition,RF: composition,composition,1,284,https://doi.org/10.1038/s41467-024-45422-9,155.0,121.05723216086272
particle_size,size_mean,rf_composition,RF: composition,composition,1,285,https://doi.org/10.1038/s41467-024-45422-9,156.3,121.05723216086272
particle_size,size_mean,rf_composition,RF: composition,composition,1,286,https://doi.org/10.1038/s41467-024-45422-9,190.5,121.05723216086272
particle_size,size_mean,rf_composition,RF: composition,composition,1,288,https://doi.org/10.1038/s41467-024-45422-9,190.4,121.05723216086272
particle_size,size_mean,rf_composition,RF: composition,composition,1,289,https://doi.org/10.1038/s41467-024-45422-9,204.3,121.05723216086272
particle_size,size_mean,rf_composition,RF: composition,composition,1,290,https://doi.org/10.1038/s41467-024-45422-9,169.6,121.05723216086272
particle_size,size_mean,rf_composition,RF: composition,composition,1,291,https://doi.org/10.1038/s41467-024-45422-9,201.5,121.05723216086272
particle_size,size_mean,rf_composition,RF: composition,composition,1,292,https://doi.org/10.1038/s41467-024-45422-9,162.3,121.05723216086272
particle_size,size_mean,rf_composition,RF: composition,composition,1,293,https://doi.org/10.1038/s41467-024-45422-9,143.2,121.05723216086272
particle_size,size_mean,rf_composition,RF: composition,composition,1,294,https://doi.org/10.1038/s41467-024-45422-9,126.7,121.05723216086272
particle_size,size_mean,rf_composition,RF: composition,composition,1,295,https://doi.org/10.1038/s41467-024-45422-9,113.9,121.05723216086272
particle_size,size_mean,rf_composition,RF: composition,composition,1,296,https://doi.org/10.1038/s41467-024-45422-9,115.4,121.05723216086272
particle_size,size_mean,rf_composition,RF: composition,composition,1,297,https://doi.org/10.1038/s41467-024-45422-9,109.2,121.05723216086272
particle_size,size_mean,rf_composition,RF: composition,composition,1,298,https://doi.org/10.1038/s41467-024-45422-9,114.1,121.05723216086272
particle_size,size_mean,rf_composition,RF: composition,composition,2,509,https://doi.org/10.34133/bmr.0017,71.48,109.75259348692882
particle_size,size_mean,rf_composition,RF: composition,composition,2,510,https://doi.org/10.34133/bmr.0017,82.84,109.75259348692882
particle_size,size_mean,rf_composition,RF: composition,composition,2,511,https://doi.org/10.34133/bmr.0017,69.41,129.71173580291492
particle_size,size_mean,rf_composition,RF: composition,composition,2,512,https://doi.org/10.34133/bmr.0017,68.29,129.71173580291492
particle_size,size_mean,rf_composition,RF: composition,composition,2,513,https://doi.org/10.34133/bmr.0017,78.37,129.71173580291492
particle_size,size_mean,rf_composition,RF: composition,composition,2,635,10.1021/jacs.2c12893,82.11,151.45477913836336
particle_size,size_mean,rf_composition,RF: composition,composition,2,636,10.1021/jacs.2c12893,92.32,109.75259348692882
particle_size,size_mean,rf_composition,RF: composition,composition,2,716,10.1021/acs.jpcb.5b02891,180.0,142.39416180257987
particle_size,size_mean,rf_composition,RF: composition,composition,2,717,10.1021/acs.jpcb.5b02891,160.0,142.39416180257987
particle_size,size_mean,rf_composition,RF: composition,composition,2,718,10.1021/acs.jpcb.5b02891,180.0,111.42915893963261
particle_size,size_mean,rf_composition,RF: composition,composition,2,719,10.1021/acs.jpcb.5b02891,160.0,111.42915893963261
particle_size,size_mean,rf_composition,RF: composition,composition,2,736,10.1021/acs.jpcb.5b02891,50.0,142.39416180257987
particle_size,size_mean,rf_composition,RF: composition,composition,2,737,10.1021/acs.jpcb.5b02891,65.0,111.42915893963261
particle_size,size_mean,rf_composition,RF: composition,composition,2,738,10.1021/acs.jpcb.5b02891,95.0,142.39416180257987
particle_size,size_mean,rf_composition,RF: composition,composition,2,739,10.1021/acs.jpcb.5b02891,40.0,111.42915893963261
particle_size,size_mean,rf_composition,RF: composition,composition,2,885,https://doi.org/10.1021/acs.nanolett.1c01353,79.85,151.45477913836336
particle_size,size_mean,rf_composition,RF: composition,composition,2,911,https://doi.org/10.1101/2024.09.27.614859,63.5,109.75259348692882
particle_size,size_mean,rf_composition,RF: composition,composition,2,959,https://doi.org/10.1038/s41587-019-0247-3,87.6,66.68303473442259
particle_size,size_mean,rf_composition,RF: composition,composition,2,960,https://doi.org/10.1038/s41587-019-0247-3,99.9,78.37792383830691
particle_size,size_mean,rf_composition,RF: composition,composition,2,961,https://doi.org/10.1038/s41587-019-0247-3,76.9,87.41888248999263
particle_size,size_mean,rf_composition,RF: composition,composition,2,962,https://doi.org/10.1038/s41587-019-0247-3,101.0,80.82504863064709
particle_size,size_mean,rf_composition,RF: composition,composition,2,963,https://doi.org/10.1038/s41587-019-0247-3,259.6,87.41888248999263
particle_size,size_mean,rf_composition,RF: composition,composition,2,964,https://doi.org/10.1038/s41587-019-0247-3,115.9,103.24063908181846
particle_size,size_mean,rf_composition,RF: composition,composition,2,965,https://doi.org/10.1038/s41587-019-0247-3,137.9,116.97370825356396
particle_size,size_mean,rf_composition,RF: composition,composition,2,966,https://doi.org/10.1038/s41587-019-0247-3,167.9,96.97510325430123
particle_size,size_mean,rf_composition,RF: composition,composition,2,967,https://doi.org/10.1038/s41587-019-0247-3,122.4,87.41888248999263
particle_size,size_mean,rf_composition,RF: composition,composition,2,968,https://doi.org/10.1038/s41587-019-0247-3,95.9,87.41888248999263
particle_size,size_mean,rf_composition,RF: composition,composition,2,969,https://doi.org/10.1038/s41587-019-0247-3,72.3,85.29725509385052
particle_size,size_mean,rf_composition,RF: composition,composition,2,970,https://doi.org/10.1038/s41587-019-0247-3,94.0,87.41888248999263
particle_size,size_mean,rf_composition,RF: composition,composition,2,971,https://doi.org/10.1038/s41587-019-0247-3,84.9,96.97181081265411
particle_size,size_mean,rf_composition,RF: composition,composition,2,972,https://doi.org/10.1038/s41587-019-0247-3,127.8,65.96694685042738
particle_size,size_mean,rf_composition,RF: composition,composition,2,973,https://doi.org/10.1038/s41587-019-0247-3,84.9,87.41888248999263
particle_size,size_mean,rf_composition,RF: composition,composition,2,974,https://doi.org/10.1038/s41587-019-0247-3,108.7,97.5709621884135
particle_size,size_mean,rf_composition,RF: composition,composition,2,975,https://doi.org/10.1038/s41587-019-0247-3,94.9,77.52732848113075
particle_size,size_mean,rf_composition,RF: composition,composition,2,976,https://doi.org/10.1038/s41587-019-0247-3,91.8,87.41888248999263
particle_size,size_mean,rf_composition,RF: composition,composition,2,977,https://doi.org/10.1038/s41587-019-0247-3,129.4,101.68565629962892
particle_size,size_mean,rf_composition,RF: composition,composition,2,978,https://doi.org/10.1038/s41587-019-0247-3,83.2,85.91266526845365
particle_size,size_mean,rf_composition,RF: composition,composition,2,979,https://doi.org/10.1038/s41587-019-0247-3,110.7,92.36096911761013
particle_size,size_mean,rf_composition,RF: composition,composition,2,980,https://doi.org/10.1038/s41587-019-0247-3,154.9,109.18540793473205
particle_size,size_mean,rf_composition,RF: composition,composition,2,981,https://doi.org/10.1038/s41587-019-0247-3,102.5,151.45477913836336
particle_size,size_mean,rf_composition,RF: composition,composition,2,982,https://doi.org/10.1038/s41587-019-0247-3,119.8,87.51091321145506
particle_size,size_mean,rf_composition,RF: composition,composition,2,983,https://doi.org/10.1038/s41587-019-0247-3,102.5,151.45477913836336
particle_size,size_mean,rf_composition,RF: composition,composition,2,984,https://doi.org/10.1038/s41587-019-0247-3,110.6,151.45477913836336
particle_size,size_mean,rf_composition,RF: composition,composition,2,985,https://doi.org/10.1038/s41587-019-0247-3,105.5,78.37792383830691
particle_size,size_mean,rf_composition,RF: composition,composition,2,986,https://doi.org/10.1038/s41587-019-0247-3,108.6,77.833531184609
particle_size,size_mean,rf_composition,RF: composition,composition,2,987,https://doi.org/10.1038/s41587-019-0247-3,112.5,117.09722077473201
particle_size,size_mean,rf_composition,RF: composition,composition,2,988,https://doi.org/10.1038/s41587-019-0247-3,94.8,61.835073589244104
particle_size,size_mean,rf_composition,RF: composition,composition,2,989,https://doi.org/10.1038/s41587-019-0247-3,115.6,79.77982855255239
particle_size,size_mean,rf_composition,RF: composition,composition,2,990,https://doi.org/10.1038/s41587-019-0247-3,87.6,66.68303473442259
particle_size,size_mean,rf_composition,RF: composition,composition,2,991,https://doi.org/10.1038/s41587-019-0247-3,140.6,125.39237762489401
particle_size,size_mean,rf_composition,RF: composition,composition,2,992,https://doi.org/10.1038/s41587-019-0247-3,88.6,148.72131248070326
particle_size,size_mean,rf_composition,RF: composition,composition,3,2,https://doi.org/10.1038/s41467-024-50619-z,134.6,155.41706748022406
particle_size,size_mean,rf_composition,RF: composition,composition,3,3,https://doi.org/10.1038/s41467-024-50619-z,138.0,155.41706748022406
particle_size,size_mean,rf_composition,RF: composition,composition,3,4,https://doi.org/10.1038/s41467-024-50619-z,108.7,155.41706748022406
particle_size,size_mean,rf_composition,RF: composition,composition,3,5,https://doi.org/10.1038/s41467-024-50619-z,110.0,155.41706748022406
particle_size,size_mean,rf_composition,RF: composition,composition,3,6,https://doi.org/10.1038/s41467-024-50619-z,122.6,155.41706748022406
particle_size,size_mean,rf_composition,RF: composition,composition,3,7,https://doi.org/10.1038/s41467-024-50619-z,119.9,155.41706748022406
particle_size,size_mean,rf_composition,RF: composition,composition,3,8,https://doi.org/10.1038/s41467-024-50619-z,134.8,155.41706748022406
particle_size,size_mean,rf_composition,RF: composition,composition,3,9,https://doi.org/10.1038/s41467-024-50619-z,132.9,155.41706748022406
particle_size,size_mean,rf_composition,RF: composition,composition,3,10,https://doi.org/10.1038/s41467-024-50619-z,127.5,155.41706748022406
particle_size,size_mean,rf_composition,RF: composition,composition,3,11,https://doi.org/10.1038/s41467-024-50619-z,151.0,155.41706748022406
particle_size,size_mean,rf_composition,RF: composition,composition,3,12,https://doi.org/10.1038/s41467-024-50619-z,147.5,155.41706748022406
particle_size,size_mean,rf_composition,RF: composition,composition,3,13,https://doi.org/10.1038/s41467-024-50619-z,135.5,155.41706748022406
particle_size,size_mean,rf_composition,RF: composition,composition,3,14,https://doi.org/10.1038/s41467-024-50619-z,128.2,155.41706748022406
particle_size,size_mean,rf_composition,RF: composition,composition,3,15,https://doi.org/10.1038/s41467-024-50619-z,117.5,155.41706748022406
particle_size,size_mean,rf_composition,RF: composition,composition,3,16,https://doi.org/10.1038/s41467-024-50619-z,134.8,155.41706748022406
particle_size,size_mean,rf_composition,RF: composition,composition,3,17,https://doi.org/10.1038/s41467-024-50619-z,132.9,155.41706748022406
particle_size,size_mean,rf_composition,RF: composition,composition,3,18,https://doi.org/10.1038/s41467-024-50619-z,133.8,155.41706748022406
particle_size,size_mean,rf_composition,RF: composition,composition,3,19,https://doi.org/10.1038/s41467-024-50619-z,137.8,155.41706748022406
particle_size,size_mean,rf_composition,RF: composition,composition,3,20,https://doi.org/10.1038/s41467-024-50619-z,135.5,155.41706748022406
particle_size,size_mean,rf_composition,RF: composition,composition,3,21,https://doi.org/10.1038/s41467-024-50619-z,139.0,155.41706748022406
particle_size,size_mean,rf_composition,RF: composition,composition,3,22,https://doi.org/10.1038/s41467-024-50619-z,132.8,155.41706748022406
particle_size,size_mean,rf_composition,RF: composition,composition,3,23,https://doi.org/10.1038/s41467-024-50619-z,133.9,155.41706748022406
particle_size,size_mean,rf_composition,RF: composition,composition,3,24,https://doi.org/10.1038/s41467-024-50619-z,137.9,155.41706748022406
particle_size,size_mean,rf_composition,RF: composition,composition,3,25,https://doi.org/10.1038/s41467-024-50619-z,135.4,155.41706748022406
particle_size,size_mean,rf_composition,RF: composition,composition,3,26,https://doi.org/10.1038/s41467-024-50619-z,134.6,155.41706748022406
particle_size,size_mean,rf_composition,RF: composition,composition,3,27,https://doi.org/10.1038/s41467-024-50619-z,138.0,155.41706748022406
particle_size,size_mean,rf_composition,RF: composition,composition,3,28,https://doi.org/10.1038/s41467-024-50619-z,121.6,155.41706748022406
particle_size,size_mean,rf_composition,RF: composition,composition,3,29,https://doi.org/10.1038/s41467-024-50619-z,119.9,155.41706748022406
particle_size,size_mean,rf_composition,RF: composition,composition,3,30,https://doi.org/10.1038/s41467-024-50619-z,108.4,155.41706748022406
particle_size,size_mean,rf_composition,RF: composition,composition,3,109,10.1021/acs.nanolett.5b02497,113.0,119.6604016243364
particle_size,size_mean,rf_composition,RF: composition,composition,3,110,10.1021/acs.nanolett.5b02497,82.0,139.24128573421757
particle_size,size_mean,rf_composition,RF: composition,composition,3,575,10.1002/jbm.a.37705,120.0,155.41706748022406
particle_size,size_mean,rf_composition,RF: composition,composition,3,576,10.1002/jbm.a.37705,85.0,155.41706748022406
particle_size,size_mean,rf_composition,RF: composition,composition,3,578,10.1002/jbm.a.37705,82.0,155.41706748022406
particle_size,size_mean,rf_composition,RF: composition,composition,3,862,https://doi.org/10.1016/j.jconrel.2025.01.071,183.3,71.94761283556963
particle_size,size_mean,rf_composition,RF: composition,composition,3,863,https://doi.org/10.1016/j.jconrel.2025.01.071,70.0,71.94761283556963
particle_size,size_mean,rf_composition,RF: composition,composition,3,864,https://doi.org/10.1016/j.jconrel.2025.01.071,65.0,71.94761283556963
particle_size,size_mean,rf_composition,RF: composition,composition,3,865,https://doi.org/10.1016/j.jconrel.2025.01.071,65.0,71.94761283556963
particle_size,size_mean,rf_composition,RF: composition,composition,3,866,https://doi.org/10.1016/j.jconrel.2025.01.071,65.0,71.94761283556963
particle_size,size_mean,rf_composition,RF: composition,composition,3,867,https://doi.org/10.1016/j.jconrel.2025.01.071,70.6,71.94761283556963
particle_size,size_mean,rf_composition,RF: composition,composition,3,868,https://doi.org/10.1016/j.jconrel.2025.01.071,75.0,71.94761283556963
particle_size,size_mean,rf_composition,RF: composition,composition,3,870,https://doi.org/10.1016/j.jconrel.2025.01.071,92.8,71.94761283556963
particle_size,size_mean,rf_composition,RF: composition,composition,3,922,https://doi.org/10.1073/pnas.2303567120,70.0,119.6604016243364
particle_size,size_mean,rf_composition,RF: composition,composition,3,923,https://doi.org/10.1073/pnas.2303567120,70.0,119.6604016243364
particle_size,size_mean,rf_composition,RF: composition,composition,3,931,https://doi.org/10.1073/pnas.2303567120,160.0,119.6604016243364
particle_size,size_mean,rf_composition,RF: composition,composition,3,1021,10.1073/pnas.1209367109,145.8,109.45648883871222
particle_size,size_mean,rf_composition,RF: composition,composition,3,1088,https://dx.doi.org/10.1021/acs.nanolett.0c01386,80.0,119.6604016243364
particle_size,size_mean,rf_composition,RF: composition,composition,3,1089,https://dx.doi.org/10.1021/acs.nanolett.0c01386,90.0,119.6604016243364
particle_size,size_mean,rf_composition,RF: composition,composition,3,1090,https://dx.doi.org/10.1021/acs.nanolett.0c01386,85.0,119.6604016243364
particle_size,size_mean,rf_composition,RF: composition,composition,3,1091,https://dx.doi.org/10.1021/acs.nanolett.0c01386,95.0,119.6604016243364
particle_size,size_mean,rf_composition,RF: composition,composition,3,1092,https://dx.doi.org/10.1021/acs.nanolett.0c01386,100.0,119.6604016243364
particle_size,size_mean,rf_composition,RF: composition,composition,4,444,10.1002/anie.201809056,59.0,150.13287222115937
particle_size,size_mean,rf_composition,RF: composition,composition,4,446,10.1002/anie.201809056,59.0,150.13287222115937
particle_size,size_mean,rf_composition,RF: composition,composition,4,563,10.1039/C9NR02004G,19.0,110.7786549443366
particle_size,size_mean,rf_composition,RF: composition,composition,4,641,https://doi.org/10.1016/j.jpha.2024.100996,66.55,90.03780969241868
particle_size,size_mean,rf_composition,RF: composition,composition,4,642,https://doi.org/10.1016/j.jpha.2024.100996,78.57,85.89987314697389
particle_size,size_mean,rf_composition,RF: composition,composition,4,643,https://doi.org/10.1016/j.jpha.2024.100996,96.95,111.61150679665931
particle_size,size_mean,rf_composition,RF: composition,composition,4,644,https://doi.org/10.1016/j.jpha.2024.100996,94.42,111.61150679665931
particle_size,size_mean,rf_composition,RF: composition,composition,4,645,https://doi.org/10.1016/j.jpha.2024.100996,92.45,111.61150679665931
particle_size,size_mean,rf_composition,RF: composition,composition,4,646,https://doi.org/10.1016/j.jpha.2024.100996,75.26,111.61150679665931
particle_size,size_mean,rf_composition,RF: composition,composition,4,647,https://doi.org/10.1016/j.jpha.2024.100996,77.76,111.61150679665931
particle_size,size_mean,rf_composition,RF: composition,composition,4,648,https://doi.org/10.1016/j.jpha.2024.100996,78.82,111.61150679665931
particle_size,size_mean,rf_composition,RF: composition,composition,4,649,https://doi.org/10.1016/j.jpha.2024.100996,82.88,111.61150679665931
particle_size,size_mean,rf_composition,RF: composition,composition,4,650,https://doi.org/10.1016/j.jpha.2024.100996,69.44,85.89987314697389
particle_size,size_mean,rf_composition,RF: composition,composition,4,651,https://doi.org/10.1016/j.jpha.2024.100996,82.11,102.39549627573061
particle_size,size_mean,rf_composition,RF: composition,composition,4,652,https://doi.org/10.1016/j.jpha.2024.100996,51.13,90.03780969241868
particle_size,size_mean,rf_composition,RF: composition,composition,4,653,https://doi.org/10.1016/j.jpha.2024.100996,50.99,85.89987314697389
particle_size,size_mean,rf_composition,RF: composition,composition,4,654,https://doi.org/10.1016/j.jpha.2024.100996,51.89,111.61150679665931
particle_size,size_mean,rf_composition,RF: composition,composition,4,655,https://doi.org/10.1016/j.jpha.2024.100996,57.25,102.39549627573061
particle_size,size_mean,rf_composition,RF: composition,composition,4,656,https://doi.org/10.1016/j.jpha.2024.100996,57.0,102.39549627573061
particle_size,size_mean,rf_composition,RF: composition,composition,4,657,https://doi.org/10.1016/j.jpha.2024.100996,57.13,111.61150679665931
particle_size,size_mean,rf_composition,RF: composition,composition,4,658,https://doi.org/10.1016/j.jpha.2024.100996,55.88,111.61150679665931
particle_size,size_mean,rf_composition,RF: composition,composition,4,659,https://doi.org/10.1016/j.jpha.2024.100996,57.44,102.39549627573061
particle_size,size_mean,rf_composition,RF: composition,composition,4,660,https://doi.org/10.1016/j.jpha.2024.100996,56.43,102.39549627573061
particle_size,size_mean,rf_composition,RF: composition,composition,4,661,https://doi.org/10.1016/j.jpha.2024.100996,51.82,85.89987314697389
particle_size,size_mean,rf_composition,RF: composition,composition,4,662,https://doi.org/10.1016/j.jpha.2024.100996,56.13,111.61150679665931
particle_size,size_mean,rf_composition,RF: composition,composition,4,663,https://doi.org/10.1016/j.jpha.2024.100996,51.08,89.05170165331961
particle_size,size_mean,rf_composition,RF: composition,composition,4,664,https://doi.org/10.1016/j.jpha.2024.100996,54.7,111.61150679665931
particle_size,size_mean,rf_composition,RF: composition,composition,4,778,10.1002/btm2.10580,118.9,113.30392952415183
particle_size,size_mean,rf_composition,RF: composition,composition,4,779,10.1002/btm2.10580,109.9,107.74246003151626
particle_size,size_mean,rf_composition,RF: composition,composition,4,780,10.1002/btm2.10580,112.9,100.69661978983426
particle_size,size_mean,rf_composition,RF: composition,composition,4,781,10.1002/btm2.10580,123.3,111.61150679665931
particle_size,size_mean,rf_composition,RF: composition,composition,4,782,10.1002/btm2.10580,109.8,107.74246003151626
particle_size,size_mean,rf_composition,RF: composition,composition,4,783,10.1002/btm2.10580,111.2,111.61150679665931
particle_size,size_mean,rf_composition,RF: composition,composition,4,784,10.1002/btm2.10580,108.1,107.74246003151626
particle_size,size_mean,rf_composition,RF: composition,composition,4,785,10.1002/btm2.10580,113.9,85.89987314697389
particle_size,size_mean,rf_composition,RF: composition,composition,4,875,https://doi.org/10.1101/2023.11.09.565872,78.7,107.74246003151626
particle_size,size_mean,rf_composition,RF: composition,composition,4,876,https://doi.org/10.1101/2023.11.09.565872,92.16,107.74246003151626
particle_size,size_mean,rf_composition,RF: composition,composition,4,913,https://doi.org/10.1038/s41434-022-00370-1,52.0,102.73127786297306
particle_size,size_mean,rf_composition,RF: composition,composition,4,914,https://doi.org/10.1038/s41434-022-00370-1,86.0,111.61150679665931
particle_size,size_mean,rf_composition,RF: composition,composition,4,915,https://doi.org/10.1038/s41434-022-00370-1,216.0,117.04849958776282
particle_size,size_mean,rf_composition,RF: composition,composition,4,1005,10.1002/smll.201805097,149.2,150.13287222115937
particle_size,size_mean,rf_composition,RF: composition,composition,4,1006,10.1002/smll.201805097,161.6,150.13287222115937
particle_size,size_mean,rf_composition,RF: composition,composition,4,1007,10.1002/smll.201805097,166.6,150.13287222115937
particle_size,size_mean,rf_composition,RF: composition,composition,4,1008,10.1002/smll.201805097,173.9,150.13287222115937
particle_size,size_mean,rf_composition,RF: composition,composition,4,1009,10.1002/smll.201805097,160.0,150.13287222115937
particle_size,size_mean,rf_composition,RF: composition,composition,4,1010,10.1002/smll.201805097,163.2,150.13287222115937
particle_size,size_mean,rf_composition,RF: composition,composition,4,1011,10.1002/smll.201805097,138.9,150.13287222115937
particle_size,size_mean,rf_composition,RF: composition,composition,4,1012,10.1002/smll.201805097,139.5,150.13287222115937
particle_size,size_mean,rf_composition,RF: composition,composition,4,1013,10.1002/smll.201805097,118.5,150.13287222115937
particle_size,size_mean,rf_composition,RF: composition,composition,4,1014,10.1002/smll.201805097,180.7,150.13287222115937
particle_size,size_mean,rf_composition,RF: composition,composition,4,1015,10.1002/smll.201805097,190.7,150.13287222115937
particle_size,size_mean,rf_composition,RF: composition,composition,5,63,https://doi.org/10.1016/j.omtn.2019.01.013,96.0,81.29062999591027
particle_size,size_mean,rf_composition,RF: composition,composition,5,64,https://doi.org/10.1016/j.omtn.2019.01.013,96.0,81.29062999591027
particle_size,size_mean,rf_composition,RF: composition,composition,5,113,https://doi.org/10.1016/j.ymthe.2018.03.010,93.8,81.29062999591027
particle_size,size_mean,rf_composition,RF: composition,composition,5,114,https://doi.org/10.1016/j.ymthe.2018.03.010,179.4,81.29062999591027
particle_size,size_mean,rf_composition,RF: composition,composition,5,115,https://doi.org/10.1016/j.ymthe.2018.03.010,140.4,81.29062999591027
particle_size,size_mean,rf_composition,RF: composition,composition,5,116,https://doi.org/10.1016/j.ymthe.2018.03.010,73.1,81.29062999591027
particle_size,size_mean,rf_composition,RF: composition,composition,5,117,https://doi.org/10.1016/j.ymthe.2018.03.010,86.2,81.29062999591027
particle_size,size_mean,rf_composition,RF: composition,composition,5,118,https://doi.org/10.1016/j.ymthe.2018.03.010,66.8,81.29062999591027
particle_size,size_mean,rf_composition,RF: composition,composition,5,119,https://doi.org/10.1016/j.ymthe.2018.03.010,130.1,81.29062999591027
particle_size,size_mean,rf_composition,RF: composition,composition,5,120,https://doi.org/10.1016/j.ymthe.2018.03.010,85.8,81.29062999591027
particle_size,size_mean,rf_composition,RF: composition,composition,5,121,https://doi.org/10.1016/j.ymthe.2018.03.010,91.9,81.29062999591027
particle_size,size_mean,rf_composition,RF: composition,composition,5,122,https://doi.org/10.1016/j.ymthe.2018.03.010,69.6,81.29062999591027
particle_size,size_mean,rf_composition,RF: composition,composition,5,123,https://doi.org/10.1016/j.ymthe.2018.03.010,85.6,81.29062999591027
particle_size,size_mean,rf_composition,RF: composition,composition,5,198,10.1002/adma.201606944,75.0,153.83468026771308
particle_size,size_mean,rf_composition,RF: composition,composition,5,199,10.1002/adma.201606944,75.0,153.83468026771308
particle_size,size_mean,rf_composition,RF: composition,composition,5,450,10.1016/j.jconrel.2019.10.028,82.4,125.29988799065428
particle_size,size_mean,rf_composition,RF: composition,composition,5,451,10.1016/j.jconrel.2019.10.028,90.77,136.49368088548914
particle_size,size_mean,rf_composition,RF: composition,composition,5,452,10.1016/j.jconrel.2019.10.028,78.53,99.01809190653796
particle_size,size_mean,rf_composition,RF: composition,composition,5,453,10.1016/j.jconrel.2019.10.028,81.49,98.3101825335221
particle_size,size_mean,rf_composition,RF: composition,composition,5,454,10.1016/j.jconrel.2019.10.028,74.42,101.09774445021657
particle_size,size_mean,rf_composition,RF: composition,composition,5,455,10.1016/j.jconrel.2019.10.028,82.03,109.53929526214412
particle_size,size_mean,rf_composition,RF: composition,composition,5,456,10.1016/j.jconrel.2019.10.028,79.23,108.73213950683918
particle_size,size_mean,rf_composition,RF: composition,composition,5,457,10.1016/j.jconrel.2019.10.028,83.25,110.94520794771097
particle_size,size_mean,rf_composition,RF: composition,composition,5,458,10.1016/j.jconrel.2019.10.028,81.4,106.95585386738145
particle_size,size_mean,rf_composition,RF: composition,composition,5,459,10.1016/j.jconrel.2019.10.028,75.58,100.15691183026209
particle_size,size_mean,rf_composition,RF: composition,composition,5,460,10.1016/j.jconrel.2019.10.028,83.55,153.83468026771308
particle_size,size_mean,rf_composition,RF: composition,composition,5,461,10.1016/j.jconrel.2019.10.028,88.09,153.83468026771308
particle_size,size_mean,rf_composition,RF: composition,composition,5,462,10.1016/j.jconrel.2019.10.028,83.36,153.83468026771308
particle_size,size_mean,rf_composition,RF: composition,composition,5,463,10.1016/j.jconrel.2019.10.028,77.32,153.83468026771308
particle_size,size_mean,rf_composition,RF: composition,composition,5,464,10.1016/j.jconrel.2019.10.028,84.71,153.83468026771308
particle_size,size_mean,rf_composition,RF: composition,composition,5,465,10.1016/j.jconrel.2019.10.028,80.85,153.83468026771308
particle_size,size_mean,rf_composition,RF: composition,composition,5,756,https://doi.org/10.1016/j.ijpharm.2023.123050,107.0,81.29062999591027
particle_size,size_mean,rf_composition,RF: composition,composition,5,763,https://doi.org/10.1016/j.ijpharm.2023.123050,145.0,81.29062999591027
particle_size,size_mean,rf_composition,RF: composition,composition,5,773,https://doi.org/10.1016/j.ijpharm.2023.123050,71.0,153.83468026771308
particle_size,size_mean,rf_composition,RF: composition,composition,5,803,https://doi.org/10.1038/s41467-022-33157-4,120.5,97.09115257002004
particle_size,size_mean,rf_composition,RF: composition,composition,5,804,https://doi.org/10.1038/s41467-022-33157-4,210.0,104.93092546000727
particle_size,size_mean,rf_composition,RF: composition,composition,5,805,https://doi.org/10.1038/s41467-022-33157-4,180.0,105.63010382003614
particle_size,size_mean,rf_composition,RF: composition,composition,5,806,https://doi.org/10.1038/s41467-022-33157-4,150.0,105.2270941926635
particle_size,size_mean,rf_composition,RF: composition,composition,5,807,https://doi.org/10.1038/s41467-022-33157-4,120.5,97.09115257002004
particle_size,size_mean,rf_composition,RF: composition,composition,5,808,https://doi.org/10.1038/s41467-022-33157-4,100.0,110.03295551325999
particle_size,size_mean,rf_composition,RF: composition,composition,5,812,https://doi.org/10.1038/s41467-022-33157-4,113.0,97.09115257002004
particle_size,size_mean,rf_composition,RF: composition,composition,5,932,https://doi.org/10.1248/cpb.c24-00089,213.5,81.29062999591027
particle_size,size_mean,rf_composition,RF: composition,composition,5,933,https://doi.org/10.1248/cpb.c24-00089,83.0,81.29062999591027
particle_size,size_mean,rf_composition,RF: composition,composition,5,934,https://doi.org/10.1248/cpb.c24-00089,77.0,81.29062999591027
particle_size,size_mean,rf_composition,RF: composition,composition,5,935,https://doi.org/10.1248/cpb.c24-00089,200.0,81.29062999591027
particle_size,size_mean,rf_composition,RF: composition,composition,5,936,https://doi.org/10.1248/cpb.c24-00089,186.0,81.29062999591027
particle_size,size_mean,rf_composition,RF: composition,composition,5,937,https://doi.org/10.1248/cpb.c24-00089,81.0,81.29062999591027
particle_size,size_mean,rf_composition,RF: composition,composition,5,938,https://doi.org/10.1248/cpb.c24-00089,109.0,81.29062999591027
particle_size,size_mean,rf_composition,RF: composition,composition,5,939,https://doi.org/10.1248/cpb.c24-00089,139.0,81.29062999591027
particle_size,size_mean,rf_composition,RF: composition,composition,5,940,https://doi.org/10.1248/cpb.c24-00089,199.0,81.29062999591027
particle_size,size_mean,ridge_descriptors,Ridge: descriptors,descriptors,1,202,https://doi.org/10.1038/s41467-024-45422-9,213.2,119.76346734456793
particle_size,size_mean,ridge_descriptors,Ridge: descriptors,descriptors,1,203,https://doi.org/10.1038/s41467-024-45422-9,221.9,119.2898413543705
particle_size,size_mean,ridge_descriptors,Ridge: descriptors,descriptors,1,204,https://doi.org/10.1038/s41467-024-45422-9,185.3,125.32433023821692
particle_size,size_mean,ridge_descriptors,Ridge: descriptors,descriptors,1,205,https://doi.org/10.1038/s41467-024-45422-9,205.6,126.11686626006458
particle_size,size_mean,ridge_descriptors,Ridge: descriptors,descriptors,1,206,https://doi.org/10.1038/s41467-024-45422-9,219.7,121.01899333951373
particle_size,size_mean,ridge_descriptors,Ridge: descriptors,descriptors,1,207,https://doi.org/10.1038/s41467-024-45422-9,214.6,121.0422832120136
particle_size,size_mean,ridge_descriptors,Ridge: descriptors,descriptors,1,208,https://doi.org/10.1038/s41467-024-45422-9,182.5,119.2932099470906
particle_size,size_mean,ridge_descriptors,Ridge: descriptors,descriptors,1,209,https://doi.org/10.1038/s41467-024-45422-9,217.0,118.58752086670741
particle_size,size_mean,ridge_descriptors,Ridge: descriptors,descriptors,1,210,https://doi.org/10.1038/s41467-024-45422-9,150.1,124.57847799814519
particle_size,size_mean,ridge_descriptors,Ridge: descriptors,descriptors,1,211,https://doi.org/10.1038/s41467-024-45422-9,214.9,125.33176892571612
particle_size,size_mean,ridge_descriptors,Ridge: descriptors,descriptors,1,212,https://doi.org/10.1038/s41467-024-45422-9,145.8,120.27314109944199
particle_size,size_mean,ridge_descriptors,Ridge: descriptors,descriptors,1,213,https://doi.org/10.1038/s41467-024-45422-9,143.6,120.29643097194186
particle_size,size_mean,ridge_descriptors,Ridge: descriptors,descriptors,1,214,https://doi.org/10.1038/s41467-024-45422-9,210.3,119.2932099470906
particle_size,size_mean,ridge_descriptors,Ridge: descriptors,descriptors,1,215,https://doi.org/10.1038/s41467-024-45422-9,182.5,118.58752086670741
particle_size,size_mean,ridge_descriptors,Ridge: descriptors,descriptors,1,216,https://doi.org/10.1038/s41467-024-45422-9,206.3,124.57847799814519
particle_size,size_mean,ridge_descriptors,Ridge: descriptors,descriptors,1,217,https://doi.org/10.1038/s41467-024-45422-9,221.1,125.33176892571612
particle_size,size_mean,ridge_descriptors,Ridge: descriptors,descriptors,1,218,https://doi.org/10.1038/s41467-024-45422-9,212.3,120.27314109944199
particle_size,size_mean,ridge_descriptors,Ridge: descriptors,descriptors,1,219,https://doi.org/10.1038/s41467-024-45422-9,173.2,120.29643097194186
particle_size,size_mean,ridge_descriptors,Ridge: descriptors,descriptors,1,220,https://doi.org/10.1038/s41467-024-45422-9,136.4,118.69353274931738
particle_size,size_mean,ridge_descriptors,Ridge: descriptors,descriptors,1,221,https://doi.org/10.1038/s41467-024-45422-9,138.3,117.80242353235896
particle_size,size_mean,ridge_descriptors,Ridge: descriptors,descriptors,1,222,https://doi.org/10.1038/s41467-024-45422-9,116.2,123.75787715689808
particle_size,size_mean,ridge_descriptors,Ridge: descriptors,descriptors,1,223,https://doi.org/10.1038/s41467-024-45422-9,110.5,124.47894508044328
particle_size,size_mean,ridge_descriptors,Ridge: descriptors,descriptors,1,224,https://doi.org/10.1038/s41467-024-45422-9,149.1,119.45254025819489
particle_size,size_mean,ridge_descriptors,Ridge: descriptors,descriptors,1,225,https://doi.org/10.1038/s41467-024-45422-9,151.5,119.47583013069476
particle_size,size_mean,ridge_descriptors,Ridge: descriptors,descriptors,1,227,https://doi.org/10.1038/s41467-024-45422-9,164.2,117.99121226165428
particle_size,size_mean,ridge_descriptors,Ridge: descriptors,descriptors,1,228,https://doi.org/10.1038/s41467-024-45422-9,186.2,116.9495996870861
particle_size,size_mean,ridge_descriptors,Ridge: descriptors,descriptors,1,229,https://doi.org/10.1038/s41467-024-45422-9,169.9,122.87571864409479
particle_size,size_mean,ridge_descriptors,Ridge: descriptors,descriptors,1,230,https://doi.org/10.1038/s41467-024-45422-9,172.1,123.57000498326164
particle_size,size_mean,ridge_descriptors,Ridge: descriptors,descriptors,1,231,https://doi.org/10.1038/s41467-024-45422-9,153.1,118.5703817453916
particle_size,size_mean,ridge_descriptors,Ridge: descriptors,descriptors,1,232,https://doi.org/10.1038/s41467-024-45422-9,135.1,118.59367161789147
particle_size,size_mean,ridge_descriptors,Ridge: descriptors,descriptors,1,233,https://doi.org/10.1038/s41467-024-45422-9,167.1,117.20611492730583
particle_size,size_mean,ridge_descriptors,Ridge: descriptors,descriptors,1,234,https://doi.org/10.1038/s41467-024-45422-9,164.2,116.04065958990448
particle_size,size_mean,ridge_descriptors,Ridge: descriptors,descriptors,1,235,https://doi.org/10.1038/s41467-024-45422-9,157.1,121.94226207166136
particle_size,size_mean,ridge_descriptors,Ridge: descriptors,descriptors,1,236,https://doi.org/10.1038/s41467-024-45422-9,171.9,122.6140485669132
particle_size,size_mean,ridge_descriptors,Ridge: descriptors,descriptors,1,237,https://doi.org/10.1038/s41467-024-45422-9,166.8,117.63692517295816
particle_size,size_mean,ridge_descriptors,Ridge: descriptors,descriptors,1,238,https://doi.org/10.1038/s41467-024-45422-9,160.8,117.66021504545803
particle_size,size_mean,ridge_descriptors,Ridge: descriptors,descriptors,1,239,https://doi.org/10.1038/s41467-024-45422-9,150.3,122.87744047790784
particle_size,size_mean,ridge_descriptors,Ridge: descriptors,descriptors,1,240,https://doi.org/10.1038/s41467-024-45422-9,154.9,121.82772491006835
particle_size,size_mean,ridge_descriptors,Ridge: descriptors,descriptors,1,241,https://doi.org/10.1038/s41467-024-45422-9,159.3,127.75424359221701
particle_size,size_mean,ridge_descriptors,Ridge: descriptors,descriptors,1,242,https://doi.org/10.1038/s41467-024-45422-9,151.4,128.44959946621785
particle_size,size_mean,ridge_descriptors,Ridge: descriptors,descriptors,1,243,https://doi.org/10.1038/s41467-024-45422-9,135.4,123.44890669351382
particle_size,size_mean,ridge_descriptors,Ridge: descriptors,descriptors,1,244,https://doi.org/10.1038/s41467-024-45422-9,156.2,123.4721965660137
particle_size,size_mean,ridge_descriptors,Ridge: descriptors,descriptors,1,245,https://doi.org/10.1038/s41467-024-45422-9,158.1,121.66590009660727
particle_size,size_mean,ridge_descriptors,Ridge: descriptors,descriptors,1,246,https://doi.org/10.1038/s41467-024-45422-9,176.0,120.44929351429894
particle_size,size_mean,ridge_descriptors,Ridge: descriptors,descriptors,1,247,https://doi.org/10.1038/s41467-024-45422-9,167.4,126.34222071980605
particle_size,size_mean,ridge_descriptors,Ridge: descriptors,descriptors,1,248,https://doi.org/10.1038/s41467-024-45422-9,159.8,127.00657379560629
particle_size,size_mean,ridge_descriptors,Ridge: descriptors,descriptors,1,249,https://doi.org/10.1038/s41467-024-45422-9,143.2,122.03688382110285
particle_size,size_mean,ridge_descriptors,Ridge: descriptors,descriptors,1,250,https://doi.org/10.1038/s41467-024-45422-9,174.6,122.06017369360272
particle_size,size_mean,ridge_descriptors,Ridge: descriptors,descriptors,1,251,https://doi.org/10.1038/s41467-024-45422-9,175.2,121.66590009660727
particle_size,size_mean,ridge_descriptors,Ridge: descriptors,descriptors,1,252,https://doi.org/10.1038/s41467-024-45422-9,163.1,120.44929351429894
particle_size,size_mean,ridge_descriptors,Ridge: descriptors,descriptors,1,253,https://doi.org/10.1038/s41467-024-45422-9,162.2,126.34222071980605
particle_size,size_mean,ridge_descriptors,Ridge: descriptors,descriptors,1,254,https://doi.org/10.1038/s41467-024-45422-9,159.9,127.00657379560629
particle_size,size_mean,ridge_descriptors,Ridge: descriptors,descriptors,1,255,https://doi.org/10.1038/s41467-024-45422-9,162.3,122.03688382110285
particle_size,size_mean,ridge_descriptors,Ridge: descriptors,descriptors,1,256,https://doi.org/10.1038/s41467-024-45422-9,151.7,122.06017369360272
particle_size,size_mean,ridge_descriptors,Ridge: descriptors,descriptors,1,257,https://doi.org/10.1038/s41467-024-45422-9,155.1,120.32394546780756
particle_size,size_mean,ridge_descriptors,Ridge: descriptors,descriptors,1,258,https://doi.org/10.1038/s41467-024-45422-9,151.7,118.97759428753794
particle_size,size_mean,ridge_descriptors,Ridge: descriptors,descriptors,1,259,https://doi.org/10.1038/s41467-024-45422-9,162.3,124.8439494614235
particle_size,size_mean,ridge_descriptors,Ridge: descriptors,descriptors,1,260,https://doi.org/10.1038/s41467-024-45422-9,140.8,125.48363148728303
particle_size,size_mean,ridge_descriptors,Ridge: descriptors,descriptors,1,261,https://doi.org/10.1038/s41467-024-45422-9,173.5,120.53861256272029
particle_size,size_mean,ridge_descriptors,Ridge: descriptors,descriptors,1,262,https://doi.org/10.1038/s41467-024-45422-9,146.7,120.56190243522016
particle_size,size_mean,ridge_descriptors,Ridge: descriptors,descriptors,1,263,https://doi.org/10.1038/s41467-024-45422-9,161.7,117.35797748887275
particle_size,size_mean,ridge_descriptors,Ridge: descriptors,descriptors,1,264,https://doi.org/10.1038/s41467-024-45422-9,168.9,115.82583153073682
particle_size,size_mean,ridge_descriptors,Ridge: descriptors,descriptors,1,265,https://doi.org/10.1038/s41467-024-45422-9,169.2,121.65334807622236
particle_size,size_mean,ridge_descriptors,Ridge: descriptors,descriptors,1,266,https://doi.org/10.1038/s41467-024-45422-9,184.3,122.25671122194268
particle_size,size_mean,ridge_descriptors,Ridge: descriptors,descriptors,1,267,https://doi.org/10.1038/s41467-024-45422-9,173.9,117.34801117751915
particle_size,size_mean,ridge_descriptors,Ridge: descriptors,descriptors,1,268,https://doi.org/10.1038/s41467-024-45422-9,154.3,117.37130105001903
particle_size,size_mean,ridge_descriptors,Ridge: descriptors,descriptors,1,269,https://doi.org/10.1038/s41467-024-45422-9,192.2,116.97314420788177
particle_size,size_mean,ridge_descriptors,Ridge: descriptors,descriptors,1,270,https://doi.org/10.1038/s41467-024-45422-9,178.9,116.26745512749856
particle_size,size_mean,ridge_descriptors,Ridge: descriptors,descriptors,1,271,https://doi.org/10.1038/s41467-024-45422-9,193.7,122.25841225893635
particle_size,size_mean,ridge_descriptors,Ridge: descriptors,descriptors,1,272,https://doi.org/10.1038/s41467-024-45422-9,181.2,123.01170318650728
particle_size,size_mean,ridge_descriptors,Ridge: descriptors,descriptors,1,273,https://doi.org/10.1038/s41467-024-45422-9,195.1,117.95307536023314
particle_size,size_mean,ridge_descriptors,Ridge: descriptors,descriptors,1,274,https://doi.org/10.1038/s41467-024-45422-9,181.8,117.97636523273302
particle_size,size_mean,ridge_descriptors,Ridge: descriptors,descriptors,1,275,https://doi.org/10.1038/s41467-024-45422-9,203.4,117.74726211674168
particle_size,size_mean,ridge_descriptors,Ridge: descriptors,descriptors,1,276,https://doi.org/10.1038/s41467-024-45422-9,174.0,121.98129474201998
particle_size,size_mean,ridge_descriptors,Ridge: descriptors,descriptors,1,277,https://doi.org/10.1038/s41467-024-45422-9,164.2,117.38107335066982
particle_size,size_mean,ridge_descriptors,Ridge: descriptors,descriptors,1,278,https://doi.org/10.1038/s41467-024-45422-9,143.6,118.00265351067269
particle_size,size_mean,ridge_descriptors,Ridge: descriptors,descriptors,1,279,https://doi.org/10.1038/s41467-024-45422-9,195.5,116.59872098837938
particle_size,size_mean,ridge_descriptors,Ridge: descriptors,descriptors,1,280,https://doi.org/10.1038/s41467-024-45422-9,179.2,116.59872098837938
particle_size,size_mean,ridge_descriptors,Ridge: descriptors,descriptors,1,281,https://doi.org/10.1038/s41467-024-45422-9,181.7,120.49387692000845
particle_size,size_mean,ridge_descriptors,Ridge: descriptors,descriptors,1,282,https://doi.org/10.1038/s41467-024-45422-9,141.6,119.50211840863443
particle_size,size_mean,ridge_descriptors,Ridge: descriptors,descriptors,1,283,https://doi.org/10.1038/s41467-024-45422-9,171.4,118.06593475500122
particle_size,size_mean,ridge_descriptors,Ridge: descriptors,descriptors,1,284,https://doi.org/10.1038/s41467-024-45422-9,155.0,115.60298153273594
particle_size,size_mean,ridge_descriptors,Ridge: descriptors,descriptors,1,285,https://doi.org/10.1038/s41467-024-45422-9,156.3,115.4709618397986
particle_size,size_mean,ridge_descriptors,Ridge: descriptors,descriptors,1,286,https://doi.org/10.1038/s41467-024-45422-9,190.5,114.94496393855678
particle_size,size_mean,ridge_descriptors,Ridge: descriptors,descriptors,1,288,https://doi.org/10.1038/s41467-024-45422-9,190.4,123.49848484395335
particle_size,size_mean,ridge_descriptors,Ridge: descriptors,descriptors,1,289,https://doi.org/10.1038/s41467-024-45422-9,204.3,118.83785505253869
particle_size,size_mean,ridge_descriptors,Ridge: descriptors,descriptors,1,290,https://doi.org/10.1038/s41467-024-45422-9,169.6,120.49503122316034
particle_size,size_mean,ridge_descriptors,Ridge: descriptors,descriptors,1,291,https://doi.org/10.1038/s41467-024-45422-9,201.5,117.78203420083872
particle_size,size_mean,ridge_descriptors,Ridge: descriptors,descriptors,1,292,https://doi.org/10.1038/s41467-024-45422-9,162.3,122.08646197154239
particle_size,size_mean,ridge_descriptors,Ridge: descriptors,descriptors,1,293,https://doi.org/10.1038/s41467-024-45422-9,143.2,117.88108082661438
particle_size,size_mean,ridge_descriptors,Ridge: descriptors,descriptors,1,294,https://doi.org/10.1038/s41467-024-45422-9,126.7,121.66904767518743
particle_size,size_mean,ridge_descriptors,Ridge: descriptors,descriptors,1,295,https://doi.org/10.1038/s41467-024-45422-9,113.9,118.92776125600054
particle_size,size_mean,ridge_descriptors,Ridge: descriptors,descriptors,1,296,https://doi.org/10.1038/s41467-024-45422-9,115.4,118.5172849183863
particle_size,size_mean,ridge_descriptors,Ridge: descriptors,descriptors,1,297,https://doi.org/10.1038/s41467-024-45422-9,109.2,115.63493016625073
particle_size,size_mean,ridge_descriptors,Ridge: descriptors,descriptors,1,298,https://doi.org/10.1038/s41467-024-45422-9,114.1,112.33513850687086
particle_size,size_mean,ridge_descriptors,Ridge: descriptors,descriptors,2,509,https://doi.org/10.34133/bmr.0017,71.48,115.77413229858023
particle_size,size_mean,ridge_descriptors,Ridge: descriptors,descriptors,2,510,https://doi.org/10.34133/bmr.0017,82.84,115.77413229858023
particle_size,size_mean,ridge_descriptors,Ridge: descriptors,descriptors,2,511,https://doi.org/10.34133/bmr.0017,69.41,114.53446198561892
particle_size,size_mean,ridge_descriptors,Ridge: descriptors,descriptors,2,512,https://doi.org/10.34133/bmr.0017,68.29,114.53446198561892
particle_size,size_mean,ridge_descriptors,Ridge: descriptors,descriptors,2,513,https://doi.org/10.34133/bmr.0017,78.37,114.53446198561892
particle_size,size_mean,ridge_descriptors,Ridge: descriptors,descriptors,2,635,10.1021/jacs.2c12893,82.11,94.3281501992094
particle_size,size_mean,ridge_descriptors,Ridge: descriptors,descriptors,2,636,10.1021/jacs.2c12893,92.32,100.55861067552958
particle_size,size_mean,ridge_descriptors,Ridge: descriptors,descriptors,2,716,10.1021/acs.jpcb.5b02891,180.0,102.4802023286347
particle_size,size_mean,ridge_descriptors,Ridge: descriptors,descriptors,2,717,10.1021/acs.jpcb.5b02891,160.0,102.4802023286347
particle_size,size_mean,ridge_descriptors,Ridge: descriptors,descriptors,2,718,10.1021/acs.jpcb.5b02891,180.0,102.4802023286347
particle_size,size_mean,ridge_descriptors,Ridge: descriptors,descriptors,2,719,10.1021/acs.jpcb.5b02891,160.0,102.4802023286347
particle_size,size_mean,ridge_descriptors,Ridge: descriptors,descriptors,2,736,10.1021/acs.jpcb.5b02891,50.0,102.4802023286347
particle_size,size_mean,ridge_descriptors,Ridge: descriptors,descriptors,2,737,10.1021/acs.jpcb.5b02891,65.0,102.4802023286347
particle_size,size_mean,ridge_descriptors,Ridge: descriptors,descriptors,2,738,10.1021/acs.jpcb.5b02891,95.0,102.4802023286347
particle_size,size_mean,ridge_descriptors,Ridge: descriptors,descriptors,2,739,10.1021/acs.jpcb.5b02891,40.0,102.4802023286347
particle_size,size_mean,ridge_descriptors,Ridge: descriptors,descriptors,2,885,https://doi.org/10.1021/acs.nanolett.1c01353,79.85,94.3281501992094
particle_size,size_mean,ridge_descriptors,Ridge: descriptors,descriptors,2,911,https://doi.org/10.1101/2024.09.27.614859,63.5,115.77413229858023
particle_size,size_mean,ridge_descriptors,Ridge: descriptors,descriptors,2,959,https://doi.org/10.1038/s41587-019-0247-3,87.6,111.43933023325539
particle_size,size_mean,ridge_descriptors,Ridge: descriptors,descriptors,2,960,https://doi.org/10.1038/s41587-019-0247-3,99.9,111.43933023325539
particle_size,size_mean,ridge_descriptors,Ridge: descriptors,descriptors,2,961,https://doi.org/10.1038/s41587-019-0247-3,76.9,111.43933023325539
particle_size,size_mean,ridge_descriptors,Ridge: descriptors,descriptors,2,962,https://doi.org/10.1038/s41587-019-0247-3,101.0,111.43933023325539
particle_size,size_mean,ridge_descriptors,Ridge: descriptors,descriptors,2,963,https://doi.org/10.1038/s41587-019-0247-3,259.6,111.43933023325539
particle_size,size_mean,ridge_descriptors,Ridge: descriptors,descriptors,2,964,https://doi.org/10.1038/s41587-019-0247-3,115.9,111.43933023325539
particle_size,size_mean,ridge_descriptors,Ridge: descriptors,descriptors,2,965,https://doi.org/10.1038/s41587-019-0247-3,137.9,111.43933023325539
particle_size,size_mean,ridge_descriptors,Ridge: descriptors,descriptors,2,966,https://doi.org/10.1038/s41587-019-0247-3,167.9,111.43933023325539
particle_size,size_mean,ridge_descriptors,Ridge: descriptors,descriptors,2,967,https://doi.org/10.1038/s41587-019-0247-3,122.4,111.43933023325539
particle_size,size_mean,ridge_descriptors,Ridge: descriptors,descriptors,2,968,https://doi.org/10.1038/s41587-019-0247-3,95.9,111.43933023325539
particle_size,size_mean,ridge_descriptors,Ridge: descriptors,descriptors,2,969,https://doi.org/10.1038/s41587-019-0247-3,72.3,111.43933023325539
particle_size,size_mean,ridge_descriptors,Ridge: descriptors,descriptors,2,970,https://doi.org/10.1038/s41587-019-0247-3,94.0,111.43933023325539
particle_size,size_mean,ridge_descriptors,Ridge: descriptors,descriptors,2,971,https://doi.org/10.1038/s41587-019-0247-3,84.9,111.43933023325539
particle_size,size_mean,ridge_descriptors,Ridge: descriptors,descriptors,2,972,https://doi.org/10.1038/s41587-019-0247-3,127.8,111.43933023325539
particle_size,size_mean,ridge_descriptors,Ridge: descriptors,descriptors,2,973,https://doi.org/10.1038/s41587-019-0247-3,84.9,111.43933023325539
particle_size,size_mean,ridge_descriptors,Ridge: descriptors,descriptors,2,974,https://doi.org/10.1038/s41587-019-0247-3,108.7,111.43933023325539
particle_size,size_mean,ridge_descriptors,Ridge: descriptors,descriptors,2,975,https://doi.org/10.1038/s41587-019-0247-3,94.9,111.43933023325539
particle_size,size_mean,ridge_descriptors,Ridge: descriptors,descriptors,2,976,https://doi.org/10.1038/s41587-019-0247-3,91.8,111.43933023325539
particle_size,size_mean,ridge_descriptors,Ridge: descriptors,descriptors,2,977,https://doi.org/10.1038/s41587-019-0247-3,129.4,111.43933023325539
particle_size,size_mean,ridge_descriptors,Ridge: descriptors,descriptors,2,978,https://doi.org/10.1038/s41587-019-0247-3,83.2,111.43933023325539
particle_size,size_mean,ridge_descriptors,Ridge: descriptors,descriptors,2,979,https://doi.org/10.1038/s41587-019-0247-3,110.7,111.43933023325539
particle_size,size_mean,ridge_descriptors,Ridge: descriptors,descriptors,2,980,https://doi.org/10.1038/s41587-019-0247-3,154.9,111.43933023325539
particle_size,size_mean,ridge_descriptors,Ridge: descriptors,descriptors,2,981,https://doi.org/10.1038/s41587-019-0247-3,102.5,111.43933023325539
particle_size,size_mean,ridge_descriptors,Ridge: descriptors,descriptors,2,982,https://doi.org/10.1038/s41587-019-0247-3,119.8,111.43933023325539
particle_size,size_mean,ridge_descriptors,Ridge: descriptors,descriptors,2,983,https://doi.org/10.1038/s41587-019-0247-3,102.5,111.43933023325539
particle_size,size_mean,ridge_descriptors,Ridge: descriptors,descriptors,2,984,https://doi.org/10.1038/s41587-019-0247-3,110.6,111.43933023325539
particle_size,size_mean,ridge_descriptors,Ridge: descriptors,descriptors,2,985,https://doi.org/10.1038/s41587-019-0247-3,105.5,111.43933023325539
particle_size,size_mean,ridge_descriptors,Ridge: descriptors,descriptors,2,986,https://doi.org/10.1038/s41587-019-0247-3,108.6,111.43933023325539
particle_size,size_mean,ridge_descriptors,Ridge: descriptors,descriptors,2,987,https://doi.org/10.1038/s41587-019-0247-3,112.5,111.43933023325539
particle_size,size_mean,ridge_descriptors,Ridge: descriptors,descriptors,2,988,https://doi.org/10.1038/s41587-019-0247-3,94.8,111.43933023325539
particle_size,size_mean,ridge_descriptors,Ridge: descriptors,descriptors,2,989,https://doi.org/10.1038/s41587-019-0247-3,115.6,111.43933023325539
particle_size,size_mean,ridge_descriptors,Ridge: descriptors,descriptors,2,990,https://doi.org/10.1038/s41587-019-0247-3,87.6,111.43933023325539
particle_size,size_mean,ridge_descriptors,Ridge: descriptors,descriptors,2,991,https://doi.org/10.1038/s41587-019-0247-3,140.6,111.43933023325539
particle_size,size_mean,ridge_descriptors,Ridge: descriptors,descriptors,2,992,https://doi.org/10.1038/s41587-019-0247-3,88.6,111.43933023325539
particle_size,size_mean,ridge_descriptors,Ridge: descriptors,descriptors,3,2,https://doi.org/10.1038/s41467-024-50619-z,134.6,108.52535697918711
particle_size,size_mean,ridge_descriptors,Ridge: descriptors,descriptors,3,3,https://doi.org/10.1038/s41467-024-50619-z,138.0,116.21098541493622
particle_size,size_mean,ridge_descriptors,Ridge: descriptors,descriptors,3,4,https://doi.org/10.1038/s41467-024-50619-z,108.7,98.2922454927688
particle_size,size_mean,ridge_descriptors,Ridge: descriptors,descriptors,3,5,https://doi.org/10.1038/s41467-024-50619-z,110.0,100.31409658177814
particle_size,size_mean,ridge_descriptors,Ridge: descriptors,descriptors,3,6,https://doi.org/10.1038/s41467-024-50619-z,122.6,87.94043823769877
particle_size,size_mean,ridge_descriptors,Ridge: descriptors,descriptors,3,7,https://doi.org/10.1038/s41467-024-50619-z,119.9,97.5690312508045
particle_size,size_mean,ridge_descriptors,Ridge: descriptors,descriptors,3,8,https://doi.org/10.1038/s41467-024-50619-z,134.8,115.92131923514097
particle_size,size_mean,ridge_descriptors,Ridge: descriptors,descriptors,3,9,https://doi.org/10.1038/s41467-024-50619-z,132.9,114.97117530893225
particle_size,size_mean,ridge_descriptors,Ridge: descriptors,descriptors,3,10,https://doi.org/10.1038/s41467-024-50619-z,127.5,111.72809535060894
particle_size,size_mean,ridge_descriptors,Ridge: descriptors,descriptors,3,11,https://doi.org/10.1038/s41467-024-50619-z,151.0,110.70007272400674
particle_size,size_mean,ridge_descriptors,Ridge: descriptors,descriptors,3,12,https://doi.org/10.1038/s41467-024-50619-z,147.5,119.28080516869076
particle_size,size_mean,ridge_descriptors,Ridge: descriptors,descriptors,3,13,https://doi.org/10.1038/s41467-024-50619-z,135.5,106.71854895325119
particle_size,size_mean,ridge_descriptors,Ridge: descriptors,descriptors,3,14,https://doi.org/10.1038/s41467-024-50619-z,128.2,105.61610890182857
particle_size,size_mean,ridge_descriptors,Ridge: descriptors,descriptors,3,15,https://doi.org/10.1038/s41467-024-50619-z,117.5,97.32675061644274
particle_size,size_mean,ridge_descriptors,Ridge: descriptors,descriptors,3,16,https://doi.org/10.1038/s41467-024-50619-z,134.8,114.12117963270128
particle_size,size_mean,ridge_descriptors,Ridge: descriptors,descriptors,3,17,https://doi.org/10.1038/s41467-024-50619-z,132.9,114.42421174693217
particle_size,size_mean,ridge_descriptors,Ridge: descriptors,descriptors,3,18,https://doi.org/10.1038/s41467-024-50619-z,133.8,119.32112960078972
particle_size,size_mean,ridge_descriptors,Ridge: descriptors,descriptors,3,19,https://doi.org/10.1038/s41467-024-50619-z,137.8,102.63176433224348
particle_size,size_mean,ridge_descriptors,Ridge: descriptors,descriptors,3,20,https://doi.org/10.1038/s41467-024-50619-z,135.5,110.61183497994683
particle_size,size_mean,ridge_descriptors,Ridge: descriptors,descriptors,3,21,https://doi.org/10.1038/s41467-024-50619-z,139.0,109.74327826367414
particle_size,size_mean,ridge_descriptors,Ridge: descriptors,descriptors,3,22,https://doi.org/10.1038/s41467-024-50619-z,132.8,110.61183497994683
particle_size,size_mean,ridge_descriptors,Ridge: descriptors,descriptors,3,23,https://doi.org/10.1038/s41467-024-50619-z,133.9,115.6023135121661
particle_size,size_mean,ridge_descriptors,Ridge: descriptors,descriptors,3,24,https://doi.org/10.1038/s41467-024-50619-z,137.9,112.55319533869202
particle_size,size_mean,ridge_descriptors,Ridge: descriptors,descriptors,3,25,https://doi.org/10.1038/s41467-024-50619-z,135.4,117.61380078989333
particle_size,size_mean,ridge_descriptors,Ridge: descriptors,descriptors,3,26,https://doi.org/10.1038/s41467-024-50619-z,134.6,116.51136073847071
particle_size,size_mean,ridge_descriptors,Ridge: descriptors,descriptors,3,27,https://doi.org/10.1038/s41467-024-50619-z,138.0,121.54168543926244
particle_size,size_mean,ridge_descriptors,Ridge: descriptors,descriptors,3,28,https://doi.org/10.1038/s41467-024-50619-z,121.6,118.98295114899037
particle_size,size_mean,ridge_descriptors,Ridge: descriptors,descriptors,3,29,https://doi.org/10.1038/s41467-024-50619-z,119.9,113.85609362545766
particle_size,size_mean,ridge_descriptors,Ridge: descriptors,descriptors,3,30,https://doi.org/10.1038/s41467-024-50619-z,108.4,121.5542491899935
particle_size,size_mean,ridge_descriptors,Ridge: descriptors,descriptors,3,109,10.1021/acs.nanolett.5b02497,113.0,91.42412587253769
particle_size,size_mean,ridge_descriptors,Ridge: descriptors,descriptors,3,110,10.1021/acs.nanolett.5b02497,82.0,91.42412587253769
particle_size,size_mean,ridge_descriptors,Ridge: descriptors,descriptors,3,575,10.1002/jbm.a.37705,120.0,113.86328133914051
particle_size,size_mean,ridge_descriptors,Ridge: descriptors,descriptors,3,576,10.1002/jbm.a.37705,85.0,108.1137023060873
particle_size,size_mean,ridge_descriptors,Ridge: descriptors,descriptors,3,578,10.1002/jbm.a.37705,82.0,91.42412587253769
particle_size,size_mean,ridge_descriptors,Ridge: descriptors,descriptors,3,862,https://doi.org/10.1016/j.jconrel.2025.01.071,183.3,108.37960967735933
particle_size,size_mean,ridge_descriptors,Ridge: descriptors,descriptors,3,863,https://doi.org/10.1016/j.jconrel.2025.01.071,70.0,108.37960967735933
particle_size,size_mean,ridge_descriptors,Ridge: descriptors,descriptors,3,864,https://doi.org/10.1016/j.jconrel.2025.01.071,65.0,108.37960967735933
particle_size,size_mean,ridge_descriptors,Ridge: descriptors,descriptors,3,865,https://doi.org/10.1016/j.jconrel.2025.01.071,65.0,108.37960967735933
particle_size,size_mean,ridge_descriptors,Ridge: descriptors,descriptors,3,866,https://doi.org/10.1016/j.jconrel.2025.01.071,65.0,108.37960967735933
particle_size,size_mean,ridge_descriptors,Ridge: descriptors,descriptors,3,867,https://doi.org/10.1016/j.jconrel.2025.01.071,70.6,108.37960967735933
particle_size,size_mean,ridge_descriptors,Ridge: descriptors,descriptors,3,868,https://doi.org/10.1016/j.jconrel.2025.01.071,75.0,108.37960967735933
particle_size,size_mean,ridge_descriptors,Ridge: descriptors,descriptors,3,870,https://doi.org/10.1016/j.jconrel.2025.01.071,92.8,108.37960967735933
particle_size,size_mean,ridge_descriptors,Ridge: descriptors,descriptors,3,922,https://doi.org/10.1073/pnas.2303567120,70.0,100.65872565577097
particle_size,size_mean,ridge_descriptors,Ridge: descriptors,descriptors,3,923,https://doi.org/10.1073/pnas.2303567120,70.0,100.65872565577097
particle_size,size_mean,ridge_descriptors,Ridge: descriptors,descriptors,3,931,https://doi.org/10.1073/pnas.2303567120,160.0,100.65872565577097
particle_size,size_mean,ridge_descriptors,Ridge: descriptors,descriptors,3,1021,10.1073/pnas.1209367109,145.8,97.99733431043484
particle_size,size_mean,ridge_descriptors,Ridge: descriptors,descriptors,3,1088,https://dx.doi.org/10.1021/acs.nanolett.0c01386,80.0,100.65872565577097
particle_size,size_mean,ridge_descriptors,Ridge: descriptors,descriptors,3,1089,https://dx.doi.org/10.1021/acs.nanolett.0c01386,90.0,100.65872565577097
particle_size,size_mean,ridge_descriptors,Ridge: descriptors,descriptors,3,1090,https://dx.doi.org/10.1021/acs.nanolett.0c01386,85.0,100.65872565577097
particle_size,size_mean,ridge_descriptors,Ridge: descriptors,descriptors,3,1091,https://dx.doi.org/10.1021/acs.nanolett.0c01386,95.0,100.65872565577097
particle_size,size_mean,ridge_descriptors,Ridge: descriptors,descriptors,3,1092,https://dx.doi.org/10.1021/acs.nanolett.0c01386,100.0,100.65872565577097
particle_size,size_mean,ridge_descriptors,Ridge: descriptors,descriptors,4,444,10.1002/anie.201809056,59.0,80.66237205946274
particle_size,size_mean,ridge_descriptors,Ridge: descriptors,descriptors,4,446,10.1002/anie.201809056,59.0,66.2039996617624
particle_size,size_mean,ridge_descriptors,Ridge: descriptors,descriptors,4,563,10.1039/C9NR02004G,19.0,115.44692694731447
particle_size,size_mean,ridge_descriptors,Ridge: descriptors,descriptors,4,641,https://doi.org/10.1016/j.jpha.2024.100996,66.55,118.16841112776547
particle_size,size_mean,ridge_descriptors,Ridge: descriptors,descriptors,4,642,https://doi.org/10.1016/j.jpha.2024.100996,78.57,118.16841112776547
particle_size,size_mean,ridge_descriptors,Ridge: descriptors,descriptors,4,643,https://doi.org/10.1016/j.jpha.2024.100996,96.95,118.16841112776547
particle_size,size_mean,ridge_descriptors,Ridge: descriptors,descriptors,4,644,https://doi.org/10.1016/j.jpha.2024.100996,94.42,118.16841112776547
particle_size,size_mean,ridge_descriptors,Ridge: descriptors,descriptors,4,645,https://doi.org/10.1016/j.jpha.2024.100996,92.45,118.16841112776547
particle_size,size_mean,ridge_descriptors,Ridge: descriptors,descriptors,4,646,https://doi.org/10.1016/j.jpha.2024.100996,75.26,112.36274239694683
particle_size,size_mean,ridge_descriptors,Ridge: descriptors,descriptors,4,647,https://doi.org/10.1016/j.jpha.2024.100996,77.76,112.36274239694683
particle_size,size_mean,ridge_descriptors,Ridge: descriptors,descriptors,4,648,https://doi.org/10.1016/j.jpha.2024.100996,78.82,112.36274239694683
particle_size,size_mean,ridge_descriptors,Ridge: descriptors,descriptors,4,649,https://doi.org/10.1016/j.jpha.2024.100996,82.88,112.36274239694683
particle_size,size_mean,ridge_descriptors,Ridge: descriptors,descriptors,4,650,https://doi.org/10.1016/j.jpha.2024.100996,69.44,112.36274239694683
particle_size,size_mean,ridge_descriptors,Ridge: descriptors,descriptors,4,651,https://doi.org/10.1016/j.jpha.2024.100996,82.11,112.36274239694683
particle_size,size_mean,ridge_descriptors,Ridge: descriptors,descriptors,4,652,https://doi.org/10.1016/j.jpha.2024.100996,51.13,115.42851341205201
particle_size,size_mean,ridge_descriptors,Ridge: descriptors,descriptors,4,653,https://doi.org/10.1016/j.jpha.2024.100996,50.99,115.42851341205201
particle_size,size_mean,ridge_descriptors,Ridge: descriptors,descriptors,4,654,https://doi.org/10.1016/j.jpha.2024.100996,51.89,115.42851341205201
particle_size,size_mean,ridge_descriptors,Ridge: descriptors,descriptors,4,655,https://doi.org/10.1016/j.jpha.2024.100996,57.25,115.42851341205201
particle_size,size_mean,ridge_descriptors,Ridge: descriptors,descriptors,4,656,https://doi.org/10.1016/j.jpha.2024.100996,57.0,115.42851341205201
particle_size,size_mean,ridge_descriptors,Ridge: descriptors,descriptors,4,657,https://doi.org/10.1016/j.jpha.2024.100996,57.13,115.42851341205201
particle_size,size_mean,ridge_descriptors,Ridge: descriptors,descriptors,4,658,https://doi.org/10.1016/j.jpha.2024.100996,55.88,111.75538030628125
particle_size,size_mean,ridge_descriptors,Ridge: descriptors,descriptors,4,659,https://doi.org/10.1016/j.jpha.2024.100996,57.44,111.75538030628125
particle_size,size_mean,ridge_descriptors,Ridge: descriptors,descriptors,4,660,https://doi.org/10.1016/j.jpha.2024.100996,56.43,111.75538030628125
particle_size,size_mean,ridge_descriptors,Ridge: descriptors,descriptors,4,661,https://doi.org/10.1016/j.jpha.2024.100996,51.82,111.75538030628125
particle_size,size_mean,ridge_descriptors,Ridge: descriptors,descriptors,4,662,https://doi.org/10.1016/j.jpha.2024.100996,56.13,111.75538030628125
particle_size,size_mean,ridge_descriptors,Ridge: descriptors,descriptors,4,663,https://doi.org/10.1016/j.jpha.2024.100996,51.08,111.75538030628125
particle_size,size_mean,ridge_descriptors,Ridge: descriptors,descriptors,4,664,https://doi.org/10.1016/j.jpha.2024.100996,54.7,111.75538030628125
particle_size,size_mean,ridge_descriptors,Ridge: descriptors,descriptors,4,778,10.1002/btm2.10580,118.9,111.75538030628125
particle_size,size_mean,ridge_descriptors,Ridge: descriptors,descriptors,4,779,10.1002/btm2.10580,109.9,111.75538030628125
particle_size,size_mean,ridge_descriptors,Ridge: descriptors,descriptors,4,780,10.1002/btm2.10580,112.9,111.75538030628125
particle_size,size_mean,ridge_descriptors,Ridge: descriptors,descriptors,4,781,10.1002/btm2.10580,123.3,111.75538030628125
particle_size,size_mean,ridge_descriptors,Ridge: descriptors,descriptors,4,782,10.1002/btm2.10580,109.8,110.01114435729193
particle_size,size_mean,ridge_descriptors,Ridge: descriptors,descriptors,4,783,10.1002/btm2.10580,111.2,110.01114435729193
particle_size,size_mean,ridge_descriptors,Ridge: descriptors,descriptors,4,784,10.1002/btm2.10580,108.1,106.2450839329626
particle_size,size_mean,ridge_descriptors,Ridge: descriptors,descriptors,4,785,10.1002/btm2.10580,113.9,106.2450839329626
particle_size,size_mean,ridge_descriptors,Ridge: descriptors,descriptors,4,875,https://doi.org/10.1101/2023.11.09.565872,78.7,110.01114435729193
particle_size,size_mean,ridge_descriptors,Ridge: descriptors,descriptors,4,876,https://doi.org/10.1101/2023.11.09.565872,92.16,106.2450839329626
particle_size,size_mean,ridge_descriptors,Ridge: descriptors,descriptors,4,913,https://doi.org/10.1038/s41434-022-00370-1,52.0,111.75538030628125
particle_size,size_mean,ridge_descriptors,Ridge: descriptors,descriptors,4,914,https://doi.org/10.1038/s41434-022-00370-1,86.0,111.75538030628125
particle_size,size_mean,ridge_descriptors,Ridge: descriptors,descriptors,4,915,https://doi.org/10.1038/s41434-022-00370-1,216.0,111.75538030628125
particle_size,size_mean,ridge_descriptors,Ridge: descriptors,descriptors,4,1005,10.1002/smll.201805097,149.2,118.55465784355776
particle_size,size_mean,ridge_descriptors,Ridge: descriptors,descriptors,4,1006,10.1002/smll.201805097,161.6,110.06773950616409
particle_size,size_mean,ridge_descriptors,Ridge: descriptors,descriptors,4,1007,10.1002/smll.201805097,166.6,97.13547234427999
particle_size,size_mean,ridge_descriptors,Ridge: descriptors,descriptors,4,1008,10.1002/smll.201805097,173.9,97.5534461620096
particle_size,size_mean,ridge_descriptors,Ridge: descriptors,descriptors,4,1009,10.1002/smll.201805097,160.0,90.10909157312406
particle_size,size_mean,ridge_descriptors,Ridge: descriptors,descriptors,4,1010,10.1002/smll.201805097,163.2,83.12139296331688
particle_size,size_mean,ridge_descriptors,Ridge: descriptors,descriptors,4,1011,10.1002/smll.201805097,138.9,77.96441535005806
particle_size,size_mean,ridge_descriptors,Ridge: descriptors,descriptors,4,1012,10.1002/smll.201805097,139.5,69.2358909074002
particle_size,size_mean,ridge_descriptors,Ridge: descriptors,descriptors,4,1013,10.1002/smll.201805097,118.5,62.32849864382969
particle_size,size_mean,ridge_descriptors,Ridge: descriptors,descriptors,4,1014,10.1002/smll.201805097,180.7,48.567391277084596
particle_size,size_mean,ridge_descriptors,Ridge: descriptors,descriptors,4,1015,10.1002/smll.201805097,190.7,34.86212388672206
particle_size,size_mean,ridge_descriptors,Ridge: descriptors,descriptors,5,63,https://doi.org/10.1016/j.omtn.2019.01.013,96.0,95.77218534915748
particle_size,size_mean,ridge_descriptors,Ridge: descriptors,descriptors,5,64,https://doi.org/10.1016/j.omtn.2019.01.013,96.0,108.82496769238429
particle_size,size_mean,ridge_descriptors,Ridge: descriptors,descriptors,5,113,https://doi.org/10.1016/j.ymthe.2018.03.010,93.8,98.50323826394711
particle_size,size_mean,ridge_descriptors,Ridge: descriptors,descriptors,5,114,https://doi.org/10.1016/j.ymthe.2018.03.010,179.4,120.90514418868388
particle_size,size_mean,ridge_descriptors,Ridge: descriptors,descriptors,5,115,https://doi.org/10.1016/j.ymthe.2018.03.010,140.4,110.5792646631148
particle_size,size_mean,ridge_descriptors,Ridge: descriptors,descriptors,5,116,https://doi.org/10.1016/j.ymthe.2018.03.010,73.1,101.34905893709649
particle_size,size_mean,ridge_descriptors,Ridge: descriptors,descriptors,5,117,https://doi.org/10.1016/j.ymthe.2018.03.010,86.2,113.92550238972258
particle_size,size_mean,ridge_descriptors,Ridge: descriptors,descriptors,5,118,https://doi.org/10.1016/j.ymthe.2018.03.010,66.8,105.85554023818864
particle_size,size_mean,ridge_descriptors,Ridge: descriptors,descriptors,5,119,https://doi.org/10.1016/j.ymthe.2018.03.010,130.1,107.60034971296099
particle_size,size_mean,ridge_descriptors,Ridge: descriptors,descriptors,5,120,https://doi.org/10.1016/j.ymthe.2018.03.010,85.8,113.59998887093093
particle_size,size_mean,ridge_descriptors,Ridge: descriptors,descriptors,5,121,https://doi.org/10.1016/j.ymthe.2018.03.010,91.9,118.12317820600984
particle_size,size_mean,ridge_descriptors,Ridge: descriptors,descriptors,5,122,https://doi.org/10.1016/j.ymthe.2018.03.010,69.6,111.52134621730647
particle_size,size_mean,ridge_descriptors,Ridge: descriptors,descriptors,5,123,https://doi.org/10.1016/j.ymthe.2018.03.010,85.6,95.77218534915748
particle_size,size_mean,ridge_descriptors,Ridge: descriptors,descriptors,5,198,10.1002/adma.201606944,75.0,101.72746673792578
particle_size,size_mean,ridge_descriptors,Ridge: descriptors,descriptors,5,199,10.1002/adma.201606944,75.0,101.72746673792578
particle_size,size_mean,ridge_descriptors,Ridge: descriptors,descriptors,5,450,10.1016/j.jconrel.2019.10.028,82.4,114.74344352970468
particle_size,size_mean,ridge_descriptors,Ridge: descriptors,descriptors,5,451,10.1016/j.jconrel.2019.10.028,90.77,114.74344352970468
particle_size,size_mean,ridge_descriptors,Ridge: descriptors,descriptors,5,452,10.1016/j.jconrel.2019.10.028,78.53,114.74344352970468
particle_size,size_mean,ridge_descriptors,Ridge: descriptors,descriptors,5,453,10.1016/j.jconrel.2019.10.028,81.49,114.74344352970468
particle_size,size_mean,ridge_descriptors,Ridge: descriptors,descriptors,5,454,10.1016/j.jconrel.2019.10.028,74.42,114.74344352970468
particle_size,size_mean,ridge_descriptors,Ridge: descriptors,descriptors,5,455,10.1016/j.jconrel.2019.10.028,82.03,114.74344352970468
particle_size,size_mean,ridge_descriptors,Ridge: descriptors,descriptors,5,456,10.1016/j.jconrel.2019.10.028,79.23,114.74344352970468
particle_size,size_mean,ridge_descriptors,Ridge: descriptors,descriptors,5,457,10.1016/j.jconrel.2019.10.028,83.25,114.74344352970468
particle_size,size_mean,ridge_descriptors,Ridge: descriptors,descriptors,5,458,10.1016/j.jconrel.2019.10.028,81.4,114.74344352970468
particle_size,size_mean,ridge_descriptors,Ridge: descriptors,descriptors,5,459,10.1016/j.jconrel.2019.10.028,75.58,114.74344352970468
particle_size,size_mean,ridge_descriptors,Ridge: descriptors,descriptors,5,460,10.1016/j.jconrel.2019.10.028,83.55,114.74344352970468
particle_size,size_mean,ridge_descriptors,Ridge: descriptors,descriptors,5,461,10.1016/j.jconrel.2019.10.028,88.09,114.74344352970468
particle_size,size_mean,ridge_descriptors,Ridge: descriptors,descriptors,5,462,10.1016/j.jconrel.2019.10.028,83.36,114.74344352970468
particle_size,size_mean,ridge_descriptors,Ridge: descriptors,descriptors,5,463,10.1016/j.jconrel.2019.10.028,77.32,114.74344352970468
particle_size,size_mean,ridge_descriptors,Ridge: descriptors,descriptors,5,464,10.1016/j.jconrel.2019.10.028,84.71,114.74344352970468
particle_size,size_mean,ridge_descriptors,Ridge: descriptors,descriptors,5,465,10.1016/j.jconrel.2019.10.028,80.85,114.74344352970468
particle_size,size_mean,ridge_descriptors,Ridge: descriptors,descriptors,5,756,https://doi.org/10.1016/j.ijpharm.2023.123050,107.0,147.95172209660592
particle_size,size_mean,ridge_descriptors,Ridge: descriptors,descriptors,5,763,https://doi.org/10.1016/j.ijpharm.2023.123050,145.0,147.95172209660592
particle_size,size_mean,ridge_descriptors,Ridge: descriptors,descriptors,5,773,https://doi.org/10.1016/j.ijpharm.2023.123050,71.0,147.95172209660592
particle_size,size_mean,ridge_descriptors,Ridge: descriptors,descriptors,5,803,https://doi.org/10.1038/s41467-022-33157-4,120.5,95.77218534915748
particle_size,size_mean,ridge_descriptors,Ridge: descriptors,descriptors,5,804,https://doi.org/10.1038/s41467-022-33157-4,210.0,95.77218534915748
particle_size,size_mean,ridge_descriptors,Ridge: descriptors,descriptors,5,805,https://doi.org/10.1038/s41467-022-33157-4,180.0,95.77218534915748
particle_size,size_mean,ridge_descriptors,Ridge: descriptors,descriptors,5,806,https://doi.org/10.1038/s41467-022-33157-4,150.0,95.77218534915748
particle_size,size_mean,ridge_descriptors,Ridge: descriptors,descriptors,5,807,https://doi.org/10.1038/s41467-022-33157-4,120.5,95.77218534915748
particle_size,size_mean,ridge_descriptors,Ridge: descriptors,descriptors,5,808,https://doi.org/10.1038/s41467-022-33157-4,100.0,95.77218534915748
particle_size,size_mean,ridge_descriptors,Ridge: descriptors,descriptors,5,812,https://doi.org/10.1038/s41467-022-33157-4,113.0,95.77218534915748
particle_size,size_mean,ridge_descriptors,Ridge: descriptors,descriptors,5,932,https://doi.org/10.1248/cpb.c24-00089,213.5,118.35424661287907
particle_size,size_mean,ridge_descriptors,Ridge: descriptors,descriptors,5,933,https://doi.org/10.1248/cpb.c24-00089,83.0,118.35424661287907
particle_size,size_mean,ridge_descriptors,Ridge: descriptors,descriptors,5,934,https://doi.org/10.1248/cpb.c24-00089,77.0,118.35424661287907
particle_size,size_mean,ridge_descriptors,Ridge: descriptors,descriptors,5,935,https://doi.org/10.1248/cpb.c24-00089,200.0,118.35424661287907
particle_size,size_mean,ridge_descriptors,Ridge: descriptors,descriptors,5,936,https://doi.org/10.1248/cpb.c24-00089,186.0,118.35424661287907
particle_size,size_mean,ridge_descriptors,Ridge: descriptors,descriptors,5,937,https://doi.org/10.1248/cpb.c24-00089,81.0,118.35424661287907
particle_size,size_mean,ridge_descriptors,Ridge: descriptors,descriptors,5,938,https://doi.org/10.1248/cpb.c24-00089,109.0,118.35424661287907
particle_size,size_mean,ridge_descriptors,Ridge: descriptors,descriptors,5,939,https://doi.org/10.1248/cpb.c24-00089,139.0,118.35424661287907
particle_size,size_mean,ridge_descriptors,Ridge: descriptors,descriptors,5,940,https://doi.org/10.1248/cpb.c24-00089,199.0,118.35424661287907
particle_size,size_mean,rf_descriptors,RF: descriptors,descriptors,1,202,https://doi.org/10.1038/s41467-024-45422-9,213.2,130.65561987561762
particle_size,size_mean,rf_descriptors,RF: descriptors,descriptors,1,203,https://doi.org/10.1038/s41467-024-45422-9,221.9,130.65561987561762
particle_size,size_mean,rf_descriptors,RF: descriptors,descriptors,1,204,https://doi.org/10.1038/s41467-024-45422-9,185.3,133.89365558557427
particle_size,size_mean,rf_descriptors,RF: descriptors,descriptors,1,205,https://doi.org/10.1038/s41467-024-45422-9,205.6,133.62616739378282
particle_size,size_mean,rf_descriptors,RF: descriptors,descriptors,1,206,https://doi.org/10.1038/s41467-024-45422-9,219.7,133.38537996652667
particle_size,size_mean,rf_descriptors,RF: descriptors,descriptors,1,207,https://doi.org/10.1038/s41467-024-45422-9,214.6,133.03410095120577
particle_size,size_mean,rf_descriptors,RF: descriptors,descriptors,1,208,https://doi.org/10.1038/s41467-024-45422-9,182.5,130.65561987561762
particle_size,size_mean,rf_descriptors,RF: descriptors,descriptors,1,209,https://doi.org/10.1038/s41467-024-45422-9,217.0,130.65561987561762
particle_size,size_mean,rf_descriptors,RF: descriptors,descriptors,1,210,https://doi.org/10.1038/s41467-024-45422-9,150.1,133.89365558557427
particle_size,size_mean,rf_descriptors,RF: descriptors,descriptors,1,211,https://doi.org/10.1038/s41467-024-45422-9,214.9,133.62616739378282
particle_size,size_mean,rf_descriptors,RF: descriptors,descriptors,1,212,https://doi.org/10.1038/s41467-024-45422-9,145.8,133.38537996652667
particle_size,size_mean,rf_descriptors,RF: descriptors,descriptors,1,213,https://doi.org/10.1038/s41467-024-45422-9,143.6,133.03410095120577
particle_size,size_mean,rf_descriptors,RF: descriptors,descriptors,1,214,https://doi.org/10.1038/s41467-024-45422-9,210.3,130.65561987561762
particle_size,size_mean,rf_descriptors,RF: descriptors,descriptors,1,215,https://doi.org/10.1038/s41467-024-45422-9,182.5,130.65561987561762
particle_size,size_mean,rf_descriptors,RF: descriptors,descriptors,1,216,https://doi.org/10.1038/s41467-024-45422-9,206.3,133.89365558557427
particle_size,size_mean,rf_descriptors,RF: descriptors,descriptors,1,217,https://doi.org/10.1038/s41467-024-45422-9,221.1,133.62616739378282
particle_size,size_mean,rf_descriptors,RF: descriptors,descriptors,1,218,https://doi.org/10.1038/s41467-024-45422-9,212.3,133.38537996652667
particle_size,size_mean,rf_descriptors,RF: descriptors,descriptors,1,219,https://doi.org/10.1038/s41467-024-45422-9,173.2,133.03410095120577
particle_size,size_mean,rf_descriptors,RF: descriptors,descriptors,1,220,https://doi.org/10.1038/s41467-024-45422-9,136.4,130.65561987561762
particle_size,size_mean,rf_descriptors,RF: descriptors,descriptors,1,221,https://doi.org/10.1038/s41467-024-45422-9,138.3,130.65561987561762
particle_size,size_mean,rf_descriptors,RF: descriptors,descriptors,1,222,https://doi.org/10.1038/s41467-024-45422-9,116.2,133.89365558557427
particle_size,size_mean,rf_descriptors,RF: descriptors,descriptors,1,223,https://doi.org/10.1038/s41467-024-45422-9,110.5,133.76876739378278
particle_size,size_mean,rf_descriptors,RF: descriptors,descriptors,1,224,https://doi.org/10.1038/s41467-024-45422-9,149.1,133.38537996652667
particle_size,size_mean,rf_descriptors,RF: descriptors,descriptors,1,225,https://doi.org/10.1038/s41467-024-45422-9,151.5,133.03410095120577
particle_size,size_mean,rf_descriptors,RF: descriptors,descriptors,1,227,https://doi.org/10.1038/s41467-024-45422-9,164.2,130.65561987561762
particle_size,size_mean,rf_descriptors,RF: descriptors,descriptors,1,228,https://doi.org/10.1038/s41467-024-45422-9,186.2,130.65561987561762
particle_size,size_mean,rf_descriptors,RF: descriptors,descriptors,1,229,https://doi.org/10.1038/s41467-024-45422-9,169.9,134.0362555855743
particle_size,size_mean,rf_descriptors,RF: descriptors,descriptors,1,230,https://doi.org/10.1038/s41467-024-45422-9,172.1,133.85673483967022
particle_size,size_mean,rf_descriptors,RF: descriptors,descriptors,1,231,https://doi.org/10.1038/s41467-024-45422-9,153.1,133.90492836479504
particle_size,size_mean,rf_descriptors,RF: descriptors,descriptors,1,232,https://doi.org/10.1038/s41467-024-45422-9,135.1,133.55364934947417
particle_size,size_mean,rf_descriptors,RF: descriptors,descriptors,1,233,https://doi.org/10.1038/s41467-024-45422-9,167.1,130.65561987561762
particle_size,size_mean,rf_descriptors,RF: descriptors,descriptors,1,234,https://doi.org/10.1038/s41467-024-45422-9,164.2,131.17516827388602
particle_size,size_mean,rf_descriptors,RF: descriptors,descriptors,1,235,https://doi.org/10.1038/s41467-024-45422-9,157.1,134.12422303146172
particle_size,size_mean,rf_descriptors,RF: descriptors,descriptors,1,236,https://doi.org/10.1038/s41467-024-45422-9,171.9,132.11782586531126
particle_size,size_mean,rf_descriptors,RF: descriptors,descriptors,1,237,https://doi.org/10.1038/s41467-024-45422-9,166.8,132.56344169812843
particle_size,size_mean,rf_descriptors,RF: descriptors,descriptors,1,238,https://doi.org/10.1038/s41467-024-45422-9,160.8,132.2121626828075
particle_size,size_mean,rf_descriptors,RF: descriptors,descriptors,1,239,https://doi.org/10.1038/s41467-024-45422-9,150.3,129.97898491858498
particle_size,size_mean,rf_descriptors,RF: descriptors,descriptors,1,240,https://doi.org/10.1038/s41467-024-45422-9,154.9,129.84294236447238
particle_size,size_mean,rf_descriptors,RF: descriptors,descriptors,1,241,https://doi.org/10.1038/s41467-024-45422-9,159.3,134.62958228655677
particle_size,size_mean,rf_descriptors,RF: descriptors,descriptors,1,242,https://doi.org/10.1038/s41467-024-45422-9,151.4,133.70621616964868
particle_size,size_mean,rf_descriptors,RF: descriptors,descriptors,1,243,https://doi.org/10.1038/s41467-024-45422-9,135.4,131.23701181079272
particle_size,size_mean,rf_descriptors,RF: descriptors,descriptors,1,244,https://doi.org/10.1038/s41467-024-45422-9,156.2,130.8137371544462
particle_size,size_mean,rf_descriptors,RF: descriptors,descriptors,1,245,https://doi.org/10.1038/s41467-024-45422-9,158.1,130.49853331685338
particle_size,size_mean,rf_descriptors,RF: descriptors,descriptors,1,246,https://doi.org/10.1038/s41467-024-45422-9,176.0,128.45926840505675
particle_size,size_mean,rf_descriptors,RF: descriptors,descriptors,1,247,https://doi.org/10.1038/s41467-024-45422-9,167.4,129.10194963781498
particle_size,size_mean,rf_descriptors,RF: descriptors,descriptors,1,248,https://doi.org/10.1038/s41467-024-45422-9,159.8,130.96459456007602
particle_size,size_mean,rf_descriptors,RF: descriptors,descriptors,1,249,https://doi.org/10.1038/s41467-024-45422-9,143.2,128.28491884065005
particle_size,size_mean,rf_descriptors,RF: descriptors,descriptors,1,250,https://doi.org/10.1038/s41467-024-45422-9,174.6,127.85556085097016
particle_size,size_mean,rf_descriptors,RF: descriptors,descriptors,1,251,https://doi.org/10.1038/s41467-024-45422-9,175.2,130.49853331685338
particle_size,size_mean,rf_descriptors,RF: descriptors,descriptors,1,252,https://doi.org/10.1038/s41467-024-45422-9,163.1,128.45926840505675
particle_size,size_mean,rf_descriptors,RF: descriptors,descriptors,1,253,https://doi.org/10.1038/s41467-024-45422-9,162.2,129.10194963781498
particle_size,size_mean,rf_descriptors,RF: descriptors,descriptors,1,254,https://doi.org/10.1038/s41467-024-45422-9,159.9,130.96459456007602
particle_size,size_mean,rf_descriptors,RF: descriptors,descriptors,1,255,https://doi.org/10.1038/s41467-024-45422-9,162.3,128.28491884065005
particle_size,size_mean,rf_descriptors,RF: descriptors,descriptors,1,256,https://doi.org/10.1038/s41467-024-45422-9,151.7,127.85556085097016
particle_size,size_mean,rf_descriptors,RF: descriptors,descriptors,1,257,https://doi.org/10.1038/s41467-024-45422-9,155.1,128.87792855494854
particle_size,size_mean,rf_descriptors,RF: descriptors,descriptors,1,258,https://doi.org/10.1038/s41467-024-45422-9,151.7,125.72431356300896
particle_size,size_mean,rf_descriptors,RF: descriptors,descriptors,1,259,https://doi.org/10.1038/s41467-024-45422-9,162.3,129.99726588325083
particle_size,size_mean,rf_descriptors,RF: descriptors,descriptors,1,260,https://doi.org/10.1038/s41467-024-45422-9,140.8,131.27550103582254
particle_size,size_mean,rf_descriptors,RF: descriptors,descriptors,1,261,https://doi.org/10.1038/s41467-024-45422-9,173.5,128.6352834596977
particle_size,size_mean,rf_descriptors,RF: descriptors,descriptors,1,262,https://doi.org/10.1038/s41467-024-45422-9,146.7,128.34358047001777
particle_size,size_mean,rf_descriptors,RF: descriptors,descriptors,1,263,https://doi.org/10.1038/s41467-024-45422-9,161.7,124.29480127542725
particle_size,size_mean,rf_descriptors,RF: descriptors,descriptors,1,264,https://doi.org/10.1038/s41467-024-45422-9,168.9,92.62540517910598
particle_size,size_mean,rf_descriptors,RF: descriptors,descriptors,1,265,https://doi.org/10.1038/s41467-024-45422-9,169.2,105.70828128282422
particle_size,size_mean,rf_descriptors,RF: descriptors,descriptors,1,266,https://doi.org/10.1038/s41467-024-45422-9,184.3,126.53802918385553
particle_size,size_mean,rf_descriptors,RF: descriptors,descriptors,1,267,https://doi.org/10.1038/s41467-024-45422-9,173.9,114.48247386332756
particle_size,size_mean,rf_descriptors,RF: descriptors,descriptors,1,268,https://doi.org/10.1038/s41467-024-45422-9,154.3,114.25712087364765
particle_size,size_mean,rf_descriptors,RF: descriptors,descriptors,1,269,https://doi.org/10.1038/s41467-024-45422-9,192.2,130.7458865422843
particle_size,size_mean,rf_descriptors,RF: descriptors,descriptors,1,270,https://doi.org/10.1038/s41467-024-45422-9,178.9,130.7458865422843
particle_size,size_mean,rf_descriptors,RF: descriptors,descriptors,1,271,https://doi.org/10.1038/s41467-024-45422-9,193.7,133.98392225224097
particle_size,size_mean,rf_descriptors,RF: descriptors,descriptors,1,272,https://doi.org/10.1038/s41467-024-45422-9,181.2,133.71643406044944
particle_size,size_mean,rf_descriptors,RF: descriptors,descriptors,1,273,https://doi.org/10.1038/s41467-024-45422-9,195.1,133.47564663319332
particle_size,size_mean,rf_descriptors,RF: descriptors,descriptors,1,274,https://doi.org/10.1038/s41467-024-45422-9,181.8,133.12436761787242
particle_size,size_mean,rf_descriptors,RF: descriptors,descriptors,1,275,https://doi.org/10.1038/s41467-024-45422-9,203.4,130.7458865422843
particle_size,size_mean,rf_descriptors,RF: descriptors,descriptors,1,276,https://doi.org/10.1038/s41467-024-45422-9,174.0,133.18222990358677
particle_size,size_mean,rf_descriptors,RF: descriptors,descriptors,1,277,https://doi.org/10.1038/s41467-024-45422-9,164.2,130.03327424502598
particle_size,size_mean,rf_descriptors,RF: descriptors,descriptors,1,278,https://doi.org/10.1038/s41467-024-45422-9,143.6,133.27249657025342
particle_size,size_mean,rf_descriptors,RF: descriptors,descriptors,1,279,https://doi.org/10.1038/s41467-024-45422-9,195.5,128.4720964411223
particle_size,size_mean,rf_descriptors,RF: descriptors,descriptors,1,280,https://doi.org/10.1038/s41467-024-45422-9,179.2,128.4720964411223
particle_size,size_mean,rf_descriptors,RF: descriptors,descriptors,1,281,https://doi.org/10.1038/s41467-024-45422-9,181.7,133.18222990358677
particle_size,size_mean,rf_descriptors,RF: descriptors,descriptors,1,282,https://doi.org/10.1038/s41467-024-45422-9,141.6,133.18222990358677
particle_size,size_mean,rf_descriptors,RF: descriptors,descriptors,1,283,https://doi.org/10.1038/s41467-024-45422-9,171.4,134.05305731717604
particle_size,size_mean,rf_descriptors,RF: descriptors,descriptors,1,284,https://doi.org/10.1038/s41467-024-45422-9,155.0,126.67633685195324
particle_size,size_mean,rf_descriptors,RF: descriptors,descriptors,1,285,https://doi.org/10.1038/s41467-024-45422-9,156.3,127.6311265971183
particle_size,size_mean,rf_descriptors,RF: descriptors,descriptors,1,286,https://doi.org/10.1038/s41467-024-45422-9,190.5,129.18829397662768
particle_size,size_mean,rf_descriptors,RF: descriptors,descriptors,1,288,https://doi.org/10.1038/s41467-024-45422-9,190.4,133.74152101599114
particle_size,size_mean,rf_descriptors,RF: descriptors,descriptors,1,289,https://doi.org/10.1038/s41467-024-45422-9,204.3,125.08549669432209
particle_size,size_mean,rf_descriptors,RF: descriptors,descriptors,1,290,https://doi.org/10.1038/s41467-024-45422-9,169.6,128.8906049118529
particle_size,size_mean,rf_descriptors,RF: descriptors,descriptors,1,291,https://doi.org/10.1038/s41467-024-45422-9,201.5,121.07589825174503
particle_size,size_mean,rf_descriptors,RF: descriptors,descriptors,1,292,https://doi.org/10.1038/s41467-024-45422-9,162.3,127.61420551121648
particle_size,size_mean,rf_descriptors,RF: descriptors,descriptors,1,293,https://doi.org/10.1038/s41467-024-45422-9,143.2,100.56772176287187
particle_size,size_mean,rf_descriptors,RF: descriptors,descriptors,1,294,https://doi.org/10.1038/s41467-024-45422-9,126.7,129.4713499026583
particle_size,size_mean,rf_descriptors,RF: descriptors,descriptors,1,295,https://doi.org/10.1038/s41467-024-45422-9,113.9,98.23669361291583
particle_size,size_mean,rf_descriptors,RF: descriptors,descriptors,1,296,https://doi.org/10.1038/s41467-024-45422-9,115.4,90.1310171698635
particle_size,size_mean,rf_descriptors,RF: descriptors,descriptors,1,297,https://doi.org/10.1038/s41467-024-45422-9,109.2,87.56937464444086
particle_size,size_mean,rf_descriptors,RF: descriptors,descriptors,1,298,https://doi.org/10.1038/s41467-024-45422-9,114.1,91.11356389934873
particle_size,size_mean,rf_descriptors,RF: descriptors,descriptors,2,509,https://doi.org/10.34133/bmr.0017,71.48,94.76246799783544
particle_size,size_mean,rf_descriptors,RF: descriptors,descriptors,2,510,https://doi.org/10.34133/bmr.0017,82.84,94.76246799783544
particle_size,size_mean,rf_descriptors,RF: descriptors,descriptors,2,511,https://doi.org/10.34133/bmr.0017,69.41,133.1950476294405
particle_size,size_mean,rf_descriptors,RF: descriptors,descriptors,2,512,https://doi.org/10.34133/bmr.0017,68.29,133.1950476294405
particle_size,size_mean,rf_descriptors,RF: descriptors,descriptors,2,513,https://doi.org/10.34133/bmr.0017,78.37,133.1950476294405
particle_size,size_mean,rf_descriptors,RF: descriptors,descriptors,2,635,10.1021/jacs.2c12893,82.11,82.87328126082485
particle_size,size_mean,rf_descriptors,RF: descriptors,descriptors,2,636,10.1021/jacs.2c12893,92.32,101.32685804985687
particle_size,size_mean,rf_descriptors,RF: descriptors,descriptors,2,716,10.1021/acs.jpcb.5b02891,180.0,83.00551402827217
particle_size,size_mean,rf_descriptors,RF: descriptors,descriptors,2,717,10.1021/acs.jpcb.5b02891,160.0,83.00551402827217
particle_size,size_mean,rf_descriptors,RF: descriptors,descriptors,2,718,10.1021/acs.jpcb.5b02891,180.0,83.00551402827217
particle_size,size_mean,rf_descriptors,RF: descriptors,descriptors,2,719,10.1021/acs.jpcb.5b02891,160.0,83.00551402827217
particle_size,size_mean,rf_descriptors,RF: descriptors,descriptors,2,736,10.1021/acs.jpcb.5b02891,50.0,83.00551402827217
particle_size,size_mean,rf_descriptors,RF: descriptors,descriptors,2,737,10.1021/acs.jpcb.5b02891,65.0,83.00551402827217
particle_size,size_mean,rf_descriptors,RF: descriptors,descriptors,2,738,10.1021/acs.jpcb.5b02891,95.0,83.00551402827217
particle_size,size_mean,rf_descriptors,RF: descriptors,descriptors,2,739,10.1021/acs.jpcb.5b02891,40.0,83.00551402827217
particle_size,size_mean,rf_descriptors,RF: descriptors,descriptors,2,885,https://doi.org/10.1021/acs.nanolett.1c01353,79.85,82.87328126082485
particle_size,size_mean,rf_descriptors,RF: descriptors,descriptors,2,911,https://doi.org/10.1101/2024.09.27.614859,63.5,94.76246799783544
particle_size,size_mean,rf_descriptors,RF: descriptors,descriptors,2,959,https://doi.org/10.1038/s41587-019-0247-3,87.6,94.80101958105791
particle_size,size_mean,rf_descriptors,RF: descriptors,descriptors,2,960,https://doi.org/10.1038/s41587-019-0247-3,99.9,94.80101958105791
particle_size,size_mean,rf_descriptors,RF: descriptors,descriptors,2,961,https://doi.org/10.1038/s41587-019-0247-3,76.9,94.80101958105791
particle_size,size_mean,rf_descriptors,RF: descriptors,descriptors,2,962,https://doi.org/10.1038/s41587-019-0247-3,101.0,94.80101958105791
particle_size,size_mean,rf_descriptors,RF: descriptors,descriptors,2,963,https://doi.org/10.1038/s41587-019-0247-3,259.6,94.80101958105791
particle_size,size_mean,rf_descriptors,RF: descriptors,descriptors,2,964,https://doi.org/10.1038/s41587-019-0247-3,115.9,94.80101958105791
particle_size,size_mean,rf_descriptors,RF: descriptors,descriptors,2,965,https://doi.org/10.1038/s41587-019-0247-3,137.9,94.80101958105791
particle_size,size_mean,rf_descriptors,RF: descriptors,descriptors,2,966,https://doi.org/10.1038/s41587-019-0247-3,167.9,94.80101958105791
particle_size,size_mean,rf_descriptors,RF: descriptors,descriptors,2,967,https://doi.org/10.1038/s41587-019-0247-3,122.4,94.80101958105791
particle_size,size_mean,rf_descriptors,RF: descriptors,descriptors,2,968,https://doi.org/10.1038/s41587-019-0247-3,95.9,94.80101958105791
particle_size,size_mean,rf_descriptors,RF: descriptors,descriptors,2,969,https://doi.org/10.1038/s41587-019-0247-3,72.3,94.80101958105791
particle_size,size_mean,rf_descriptors,RF: descriptors,descriptors,2,970,https://doi.org/10.1038/s41587-019-0247-3,94.0,94.80101958105791
particle_size,size_mean,rf_descriptors,RF: descriptors,descriptors,2,971,https://doi.org/10.1038/s41587-019-0247-3,84.9,94.80101958105791
particle_size,size_mean,rf_descriptors,RF: descriptors,descriptors,2,972,https://doi.org/10.1038/s41587-019-0247-3,127.8,94.80101958105791
particle_size,size_mean,rf_descriptors,RF: descriptors,descriptors,2,973,https://doi.org/10.1038/s41587-019-0247-3,84.9,94.80101958105791
particle_size,size_mean,rf_descriptors,RF: descriptors,descriptors,2,974,https://doi.org/10.1038/s41587-019-0247-3,108.7,94.80101958105791
particle_size,size_mean,rf_descriptors,RF: descriptors,descriptors,2,975,https://doi.org/10.1038/s41587-019-0247-3,94.9,94.80101958105791
particle_size,size_mean,rf_descriptors,RF: descriptors,descriptors,2,976,https://doi.org/10.1038/s41587-019-0247-3,91.8,94.80101958105791
particle_size,size_mean,rf_descriptors,RF: descriptors,descriptors,2,977,https://doi.org/10.1038/s41587-019-0247-3,129.4,94.80101958105791
particle_size,size_mean,rf_descriptors,RF: descriptors,descriptors,2,978,https://doi.org/10.1038/s41587-019-0247-3,83.2,94.80101958105791
particle_size,size_mean,rf_descriptors,RF: descriptors,descriptors,2,979,https://doi.org/10.1038/s41587-019-0247-3,110.7,94.80101958105791
particle_size,size_mean,rf_descriptors,RF: descriptors,descriptors,2,980,https://doi.org/10.1038/s41587-019-0247-3,154.9,94.80101958105791
particle_size,size_mean,rf_descriptors,RF: descriptors,descriptors,2,981,https://doi.org/10.1038/s41587-019-0247-3,102.5,94.80101958105791
particle_size,size_mean,rf_descriptors,RF: descriptors,descriptors,2,982,https://doi.org/10.1038/s41587-019-0247-3,119.8,94.80101958105791
particle_size,size_mean,rf_descriptors,RF: descriptors,descriptors,2,983,https://doi.org/10.1038/s41587-019-0247-3,102.5,94.80101958105791
particle_size,size_mean,rf_descriptors,RF: descriptors,descriptors,2,984,https://doi.org/10.1038/s41587-019-0247-3,110.6,94.80101958105791
particle_size,size_mean,rf_descriptors,RF: descriptors,descriptors,2,985,https://doi.org/10.1038/s41587-019-0247-3,105.5,94.80101958105791
particle_size,size_mean,rf_descriptors,RF: descriptors,descriptors,2,986,https://doi.org/10.1038/s41587-019-0247-3,108.6,94.80101958105791
particle_size,size_mean,rf_descriptors,RF: descriptors,descriptors,2,987,https://doi.org/10.1038/s41587-019-0247-3,112.5,94.80101958105791
particle_size,size_mean,rf_descriptors,RF: descriptors,descriptors,2,988,https://doi.org/10.1038/s41587-019-0247-3,94.8,94.80101958105791
particle_size,size_mean,rf_descriptors,RF: descriptors,descriptors,2,989,https://doi.org/10.1038/s41587-019-0247-3,115.6,94.80101958105791
particle_size,size_mean,rf_descriptors,RF: descriptors,descriptors,2,990,https://doi.org/10.1038/s41587-019-0247-3,87.6,94.80101958105791
particle_size,size_mean,rf_descriptors,RF: descriptors,descriptors,2,991,https://doi.org/10.1038/s41587-019-0247-3,140.6,94.80101958105791
particle_size,size_mean,rf_descriptors,RF: descriptors,descriptors,2,992,https://doi.org/10.1038/s41587-019-0247-3,88.6,94.80101958105791
particle_size,size_mean,rf_descriptors,RF: descriptors,descriptors,3,2,https://doi.org/10.1038/s41467-024-50619-z,134.6,141.2143872325642
particle_size,size_mean,rf_descriptors,RF: descriptors,descriptors,3,3,https://doi.org/10.1038/s41467-024-50619-z,138.0,138.2866510153872
particle_size,size_mean,rf_descriptors,RF: descriptors,descriptors,3,4,https://doi.org/10.1038/s41467-024-50619-z,108.7,77.4055965790619
particle_size,size_mean,rf_descriptors,RF: descriptors,descriptors,3,5,https://doi.org/10.1038/s41467-024-50619-z,110.0,98.53983082195883
particle_size,size_mean,rf_descriptors,RF: descriptors,descriptors,3,6,https://doi.org/10.1038/s41467-024-50619-z,122.6,91.54655404695065
particle_size,size_mean,rf_descriptors,RF: descriptors,descriptors,3,7,https://doi.org/10.1038/s41467-024-50619-z,119.9,87.52289379032806
particle_size,size_mean,rf_descriptors,RF: descriptors,descriptors,3,8,https://doi.org/10.1038/s41467-024-50619-z,134.8,130.8643940414278
particle_size,size_mean,rf_descriptors,RF: descriptors,descriptors,3,9,https://doi.org/10.1038/s41467-024-50619-z,132.9,123.46243942725236
particle_size,size_mean,rf_descriptors,RF: descriptors,descriptors,3,10,https://doi.org/10.1038/s41467-024-50619-z,127.5,109.7583767756665
particle_size,size_mean,rf_descriptors,RF: descriptors,descriptors,3,11,https://doi.org/10.1038/s41467-024-50619-z,151.0,107.76938467719518
particle_size,size_mean,rf_descriptors,RF: descriptors,descriptors,3,12,https://doi.org/10.1038/s41467-024-50619-z,147.5,161.5324160567649
particle_size,size_mean,rf_descriptors,RF: descriptors,descriptors,3,13,https://doi.org/10.1038/s41467-024-50619-z,135.5,92.50730721621832
particle_size,size_mean,rf_descriptors,RF: descriptors,descriptors,3,14,https://doi.org/10.1038/s41467-024-50619-z,128.2,92.51465507898475
particle_size,size_mean,rf_descriptors,RF: descriptors,descriptors,3,15,https://doi.org/10.1038/s41467-024-50619-z,117.5,83.06699488044666
particle_size,size_mean,rf_descriptors,RF: descriptors,descriptors,3,16,https://doi.org/10.1038/s41467-024-50619-z,134.8,109.03884827590313
particle_size,size_mean,rf_descriptors,RF: descriptors,descriptors,3,17,https://doi.org/10.1038/s41467-024-50619-z,132.9,108.25426584693747
particle_size,size_mean,rf_descriptors,RF: descriptors,descriptors,3,18,https://doi.org/10.1038/s41467-024-50619-z,133.8,143.66102244798364
particle_size,size_mean,rf_descriptors,RF: descriptors,descriptors,3,19,https://doi.org/10.1038/s41467-024-50619-z,137.8,84.98801548364325
particle_size,size_mean,rf_descriptors,RF: descriptors,descriptors,3,20,https://doi.org/10.1038/s41467-024-50619-z,135.5,106.74058390238494
particle_size,size_mean,rf_descriptors,RF: descriptors,descriptors,3,21,https://doi.org/10.1038/s41467-024-50619-z,139.0,101.46480818944777
particle_size,size_mean,rf_descriptors,RF: descriptors,descriptors,3,22,https://doi.org/10.1038/s41467-024-50619-z,132.8,106.74058390238494
particle_size,size_mean,rf_descriptors,RF: descriptors,descriptors,3,23,https://doi.org/10.1038/s41467-024-50619-z,133.9,142.22854748403327
particle_size,size_mean,rf_descriptors,RF: descriptors,descriptors,3,24,https://doi.org/10.1038/s41467-024-50619-z,137.9,105.21230324402431
particle_size,size_mean,rf_descriptors,RF: descriptors,descriptors,3,25,https://doi.org/10.1038/s41467-024-50619-z,135.4,112.17367320088258
particle_size,size_mean,rf_descriptors,RF: descriptors,descriptors,3,26,https://doi.org/10.1038/s41467-024-50619-z,134.6,113.57219395436182
particle_size,size_mean,rf_descriptors,RF: descriptors,descriptors,3,27,https://doi.org/10.1038/s41467-024-50619-z,138.0,143.8703513295955
particle_size,size_mean,rf_descriptors,RF: descriptors,descriptors,3,28,https://doi.org/10.1038/s41467-024-50619-z,121.6,110.08185942425338
particle_size,size_mean,rf_descriptors,RF: descriptors,descriptors,3,29,https://doi.org/10.1038/s41467-024-50619-z,119.9,107.59605066821022
particle_size,size_mean,rf_descriptors,RF: descriptors,descriptors,3,30,https://doi.org/10.1038/s41467-024-50619-z,108.4,133.51919891856494
particle_size,size_mean,rf_descriptors,RF: descriptors,descriptors,3,109,10.1021/acs.nanolett.5b02497,113.0,81.57111822733155
particle_size,size_mean,rf_descriptors,RF: descriptors,descriptors,3,110,10.1021/acs.nanolett.5b02497,82.0,81.57111822733155
particle_size,size_mean,rf_descriptors,RF: descriptors,descriptors,3,575,10.1002/jbm.a.37705,120.0,112.08775859712743
particle_size,size_mean,rf_descriptors,RF: descriptors,descriptors,3,576,10.1002/jbm.a.37705,85.0,98.65251191965035
particle_size,size_mean,rf_descriptors,RF: descriptors,descriptors,3,578,10.1002/jbm.a.37705,82.0,81.57111822733155
particle_size,size_mean,rf_descriptors,RF: descriptors,descriptors,3,862,https://doi.org/10.1016/j.jconrel.2025.01.071,183.3,99.06250263536293
particle_size,size_mean,rf_descriptors,RF: descriptors,descriptors,3,863,https://doi.org/10.1016/j.jconrel.2025.01.071,70.0,99.06250263536293
particle_size,size_mean,rf_descriptors,RF: descriptors,descriptors,3,864,https://doi.org/10.1016/j.jconrel.2025.01.071,65.0,99.06250263536293
particle_size,size_mean,rf_descriptors,RF: descriptors,descriptors,3,865,https://doi.org/10.1016/j.jconrel.2025.01.071,65.0,99.06250263536293
particle_size,size_mean,rf_descriptors,RF: descriptors,descriptors,3,866,https://doi.org/10.1016/j.jconrel.2025.01.071,65.0,99.06250263536293
particle_size,size_mean,rf_descriptors,RF: descriptors,descriptors,3,867,https://doi.org/10.1016/j.jconrel.2025.01.071,70.6,99.06250263536293
particle_size,size_mean,rf_descriptors,RF: descriptors,descriptors,3,868,https://doi.org/10.1016/j.jconrel.2025.01.071,75.0,99.06250263536293
particle_size,size_mean,rf_descriptors,RF: descriptors,descriptors,3,870,https://doi.org/10.1016/j.jconrel.2025.01.071,92.8,99.06250263536293
particle_size,size_mean,rf_descriptors,RF: descriptors,descriptors,3,922,https://doi.org/10.1073/pnas.2303567120,70.0,102.44218829920695
particle_size,size_mean,rf_descriptors,RF: descriptors,descriptors,3,923,https://doi.org/10.1073/pnas.2303567120,70.0,102.44218829920695
particle_size,size_mean,rf_descriptors,RF: descriptors,descriptors,3,931,https://doi.org/10.1073/pnas.2303567120,160.0,102.44218829920695
particle_size,size_mean,rf_descriptors,RF: descriptors,descriptors,3,1021,10.1073/pnas.1209367109,145.8,93.9100791624551
particle_size,size_mean,rf_descriptors,RF: descriptors,descriptors,3,1088,https://dx.doi.org/10.1021/acs.nanolett.0c01386,80.0,102.44218829920695
particle_size,size_mean,rf_descriptors,RF: descriptors,descriptors,3,1089,https://dx.doi.org/10.1021/acs.nanolett.0c01386,90.0,102.44218829920695
particle_size,size_mean,rf_descriptors,RF: descriptors,descriptors,3,1090,https://dx.doi.org/10.1021/acs.nanolett.0c01386,85.0,102.44218829920695
particle_size,size_mean,rf_descriptors,RF: descriptors,descriptors,3,1091,https://dx.doi.org/10.1021/acs.nanolett.0c01386,95.0,102.44218829920695
particle_size,size_mean,rf_descriptors,RF: descriptors,descriptors,3,1092,https://dx.doi.org/10.1021/acs.nanolett.0c01386,100.0,102.44218829920695
particle_size,size_mean,rf_descriptors,RF: descriptors,descriptors,4,444,10.1002/anie.201809056,59.0,84.59605262421407
particle_size,size_mean,rf_descriptors,RF: descriptors,descriptors,4,446,10.1002/anie.201809056,59.0,84.70390262421405
particle_size,size_mean,rf_descriptors,RF: descriptors,descriptors,4,563,10.1039/C9NR02004G,19.0,116.14280137127238
particle_size,size_mean,rf_descriptors,RF: descriptors,descriptors,4,641,https://doi.org/10.1016/j.jpha.2024.100996,66.55,112.6447941742702
particle_size,size_mean,rf_descriptors,RF: descriptors,descriptors,4,642,https://doi.org/10.1016/j.jpha.2024.100996,78.57,112.6447941742702
particle_size,size_mean,rf_descriptors,RF: descriptors,descriptors,4,643,https://doi.org/10.1016/j.jpha.2024.100996,96.95,112.6447941742702
particle_size,size_mean,rf_descriptors,RF: descriptors,descriptors,4,644,https://doi.org/10.1016/j.jpha.2024.100996,94.42,112.6447941742702
particle_size,size_mean,rf_descriptors,RF: descriptors,descriptors,4,645,https://doi.org/10.1016/j.jpha.2024.100996,92.45,112.6447941742702
particle_size,size_mean,rf_descriptors,RF: descriptors,descriptors,4,646,https://doi.org/10.1016/j.jpha.2024.100996,75.26,129.61538953654062
particle_size,size_mean,rf_descriptors,RF: descriptors,descriptors,4,647,https://doi.org/10.1016/j.jpha.2024.100996,77.76,129.61538953654062
particle_size,size_mean,rf_descriptors,RF: descriptors,descriptors,4,648,https://doi.org/10.1016/j.jpha.2024.100996,78.82,129.61538953654062
particle_size,size_mean,rf_descriptors,RF: descriptors,descriptors,4,649,https://doi.org/10.1016/j.jpha.2024.100996,82.88,129.61538953654062
particle_size,size_mean,rf_descriptors,RF: descriptors,descriptors,4,650,https://doi.org/10.1016/j.jpha.2024.100996,69.44,129.61538953654062
particle_size,size_mean,rf_descriptors,RF: descriptors,descriptors,4,651,https://doi.org/10.1016/j.jpha.2024.100996,82.11,129.61538953654062
particle_size,size_mean,rf_descriptors,RF: descriptors,descriptors,4,652,https://doi.org/10.1016/j.jpha.2024.100996,51.13,114.39646448335392
particle_size,size_mean,rf_descriptors,RF: descriptors,descriptors,4,653,https://doi.org/10.1016/j.jpha.2024.100996,50.99,114.39646448335392
particle_size,size_mean,rf_descriptors,RF: descriptors,descriptors,4,654,https://doi.org/10.1016/j.jpha.2024.100996,51.89,114.39646448335392
particle_size,size_mean,rf_descriptors,RF: descriptors,descriptors,4,655,https://doi.org/10.1016/j.jpha.2024.100996,57.25,114.39646448335392
particle_size,size_mean,rf_descriptors,RF: descriptors,descriptors,4,656,https://doi.org/10.1016/j.jpha.2024.100996,57.0,114.39646448335392
particle_size,size_mean,rf_descriptors,RF: descriptors,descriptors,4,657,https://doi.org/10.1016/j.jpha.2024.100996,57.13,114.39646448335392
particle_size,size_mean,rf_descriptors,RF: descriptors,descriptors,4,658,https://doi.org/10.1016/j.jpha.2024.100996,55.88,111.71504350589207
particle_size,size_mean,rf_descriptors,RF: descriptors,descriptors,4,659,https://doi.org/10.1016/j.jpha.2024.100996,57.44,111.71504350589207
particle_size,size_mean,rf_descriptors,RF: descriptors,descriptors,4,660,https://doi.org/10.1016/j.jpha.2024.100996,56.43,111.71504350589207
particle_size,size_mean,rf_descriptors,RF: descriptors,descriptors,4,661,https://doi.org/10.1016/j.jpha.2024.100996,51.82,111.71504350589207
particle_size,size_mean,rf_descriptors,RF: descriptors,descriptors,4,662,https://doi.org/10.1016/j.jpha.2024.100996,56.13,111.71504350589207
particle_size,size_mean,rf_descriptors,RF: descriptors,descriptors,4,663,https://doi.org/10.1016/j.jpha.2024.100996,51.08,111.71504350589207
particle_size,size_mean,rf_descriptors,RF: descriptors,descriptors,4,664,https://doi.org/10.1016/j.jpha.2024.100996,54.7,111.71504350589207
particle_size,size_mean,rf_descriptors,RF: descriptors,descriptors,4,778,10.1002/btm2.10580,118.9,111.71504350589207
particle_size,size_mean,rf_descriptors,RF: descriptors,descriptors,4,779,10.1002/btm2.10580,109.9,111.71504350589207
particle_size,size_mean,rf_descriptors,RF: descriptors,descriptors,4,780,10.1002/btm2.10580,112.9,111.71504350589207
particle_size,size_mean,rf_descriptors,RF: descriptors,descriptors,4,781,10.1002/btm2.10580,123.3,111.71504350589207
particle_size,size_mean,rf_descriptors,RF: descriptors,descriptors,4,782,10.1002/btm2.10580,109.8,77.76412423543131
particle_size,size_mean,rf_descriptors,RF: descriptors,descriptors,4,783,10.1002/btm2.10580,111.2,77.76412423543131
particle_size,size_mean,rf_descriptors,RF: descriptors,descriptors,4,784,10.1002/btm2.10580,108.1,85.11591398585074
particle_size,size_mean,rf_descriptors,RF: descriptors,descriptors,4,785,10.1002/btm2.10580,113.9,85.11591398585074
particle_size,size_mean,rf_descriptors,RF: descriptors,descriptors,4,875,https://doi.org/10.1101/2023.11.09.565872,78.7,77.76412423543131
particle_size,size_mean,rf_descriptors,RF: descriptors,descriptors,4,876,https://doi.org/10.1101/2023.11.09.565872,92.16,85.11591398585074
particle_size,size_mean,rf_descriptors,RF: descriptors,descriptors,4,913,https://doi.org/10.1038/s41434-022-00370-1,52.0,111.71504350589207
particle_size,size_mean,rf_descriptors,RF: descriptors,descriptors,4,914,https://doi.org/10.1038/s41434-022-00370-1,86.0,111.71504350589207
particle_size,size_mean,rf_descriptors,RF: descriptors,descriptors,4,915,https://doi.org/10.1038/s41434-022-00370-1,216.0,111.71504350589207
particle_size,size_mean,rf_descriptors,RF: descriptors,descriptors,4,1005,10.1002/smll.201805097,149.2,140.71429495504452
particle_size,size_mean,rf_descriptors,RF: descriptors,descriptors,4,1006,10.1002/smll.201805097,161.6,135.17223053440958
particle_size,size_mean,rf_descriptors,RF: descriptors,descriptors,4,1007,10.1002/smll.201805097,166.6,97.91194112714246
particle_size,size_mean,rf_descriptors,RF: descriptors,descriptors,4,1008,10.1002/smll.201805097,173.9,89.39217941394892
particle_size,size_mean,rf_descriptors,RF: descriptors,descriptors,4,1009,10.1002/smll.201805097,160.0,89.83633898326805
particle_size,size_mean,rf_descriptors,RF: descriptors,descriptors,4,1010,10.1002/smll.201805097,163.2,86.55268271347173
particle_size,size_mean,rf_descriptors,RF: descriptors,descriptors,4,1011,10.1002/smll.201805097,138.9,86.22257616809678
particle_size,size_mean,rf_descriptors,RF: descriptors,descriptors,4,1012,10.1002/smll.201805097,139.5,85.60737854706164
particle_size,size_mean,rf_descriptors,RF: descriptors,descriptors,4,1013,10.1002/smll.201805097,118.5,84.01966545749194
particle_size,size_mean,rf_descriptors,RF: descriptors,descriptors,4,1014,10.1002/smll.201805097,180.7,83.94856133519276
particle_size,size_mean,rf_descriptors,RF: descriptors,descriptors,4,1015,10.1002/smll.201805097,190.7,82.50922657190165
particle_size,size_mean,rf_descriptors,RF: descriptors,descriptors,5,63,https://doi.org/10.1016/j.omtn.2019.01.013,96.0,89.11220435195342
particle_size,size_mean,rf_descriptors,RF: descriptors,descriptors,5,64,https://doi.org/10.1016/j.omtn.2019.01.013,96.0,86.78586841013906
particle_size,size_mean,rf_descriptors,RF: descriptors,descriptors,5,113,https://doi.org/10.1016/j.ymthe.2018.03.010,93.8,132.12380873615945
particle_size,size_mean,rf_descriptors,RF: descriptors,descriptors,5,114,https://doi.org/10.1016/j.ymthe.2018.03.010,179.4,111.29666141642831
particle_size,size_mean,rf_descriptors,RF: descriptors,descriptors,5,115,https://doi.org/10.1016/j.ymthe.2018.03.010,140.4,123.41409682952141
particle_size,size_mean,rf_descriptors,RF: descriptors,descriptors,5,116,https://doi.org/10.1016/j.ymthe.2018.03.010,73.1,104.40481279310262
particle_size,size_mean,rf_descriptors,RF: descriptors,descriptors,5,117,https://doi.org/10.1016/j.ymthe.2018.03.010,86.2,91.11242519275172
particle_size,size_mean,rf_descriptors,RF: descriptors,descriptors,5,118,https://doi.org/10.1016/j.ymthe.2018.03.010,66.8,92.8231244002031
particle_size,size_mean,rf_descriptors,RF: descriptors,descriptors,5,119,https://doi.org/10.1016/j.ymthe.2018.03.010,130.1,94.44290723581047
particle_size,size_mean,rf_descriptors,RF: descriptors,descriptors,5,120,https://doi.org/10.1016/j.ymthe.2018.03.010,85.8,86.99743480097686
particle_size,size_mean,rf_descriptors,RF: descriptors,descriptors,5,121,https://doi.org/10.1016/j.ymthe.2018.03.010,91.9,95.17411087445885
particle_size,size_mean,rf_descriptors,RF: descriptors,descriptors,5,122,https://doi.org/10.1016/j.ymthe.2018.03.010,69.6,90.39030885632285
particle_size,size_mean,rf_descriptors,RF: descriptors,descriptors,5,123,https://doi.org/10.1016/j.ymthe.2018.03.010,85.6,89.11220435195342
particle_size,size_mean,rf_descriptors,RF: descriptors,descriptors,5,198,10.1002/adma.201606944,75.0,84.62053196783674
particle_size,size_mean,rf_descriptors,RF: descriptors,descriptors,5,199,10.1002/adma.201606944,75.0,84.62053196783674
particle_size,size_mean,rf_descriptors,RF: descriptors,descriptors,5,450,10.1016/j.jconrel.2019.10.028,82.4,87.02681551714954
particle_size,size_mean,rf_descriptors,RF: descriptors,descriptors,5,451,10.1016/j.jconrel.2019.10.028,90.77,87.02681551714954
particle_size,size_mean,rf_descriptors,RF: descriptors,descriptors,5,452,10.1016/j.jconrel.2019.10.028,78.53,87.02681551714954
particle_size,size_mean,rf_descriptors,RF: descriptors,descriptors,5,453,10.1016/j.jconrel.2019.10.028,81.49,87.02681551714954
particle_size,size_mean,rf_descriptors,RF: descriptors,descriptors,5,454,10.1016/j.jconrel.2019.10.028,74.42,87.02681551714954
particle_size,size_mean,rf_descriptors,RF: descriptors,descriptors,5,455,10.1016/j.jconrel.2019.10.028,82.03,87.02681551714954
particle_size,size_mean,rf_descriptors,RF: descriptors,descriptors,5,456,10.1016/j.jconrel.2019.10.028,79.23,87.02681551714954
particle_size,size_mean,rf_descriptors,RF: descriptors,descriptors,5,457,10.1016/j.jconrel.2019.10.028,83.25,87.02681551714954
particle_size,size_mean,rf_descriptors,RF: descriptors,descriptors,5,458,10.1016/j.jconrel.2019.10.028,81.4,87.02681551714954
particle_size,size_mean,rf_descriptors,RF: descriptors,descriptors,5,459,10.1016/j.jconrel.2019.10.028,75.58,87.02681551714954
particle_size,size_mean,rf_descriptors,RF: descriptors,descriptors,5,460,10.1016/j.jconrel.2019.10.028,83.55,87.02681551714954
particle_size,size_mean,rf_descriptors,RF: descriptors,descriptors,5,461,10.1016/j.jconrel.2019.10.028,88.09,87.02681551714954
particle_size,size_mean,rf_descriptors,RF: descriptors,descriptors,5,462,10.1016/j.jconrel.2019.10.028,83.36,87.02681551714954
particle_size,size_mean,rf_descriptors,RF: descriptors,descriptors,5,463,10.1016/j.jconrel.2019.10.028,77.32,87.02681551714954
particle_size,size_mean,rf_descriptors,RF: descriptors,descriptors,5,464,10.1016/j.jconrel.2019.10.028,84.71,87.02681551714954
particle_size,size_mean,rf_descriptors,RF: descriptors,descriptors,5,465,10.1016/j.jconrel.2019.10.028,80.85,87.02681551714954
particle_size,size_mean,rf_descriptors,RF: descriptors,descriptors,5,756,https://doi.org/10.1016/j.ijpharm.2023.123050,107.0,111.74784934782369
particle_size,size_mean,rf_descriptors,RF: descriptors,descriptors,5,763,https://doi.org/10.1016/j.ijpharm.2023.123050,145.0,111.74784934782369
particle_size,size_mean,rf_descriptors,RF: descriptors,descriptors,5,773,https://doi.org/10.1016/j.ijpharm.2023.123050,71.0,111.74784934782369
particle_size,size_mean,rf_descriptors,RF: descriptors,descriptors,5,803,https://doi.org/10.1038/s41467-022-33157-4,120.5,89.11220435195342
particle_size,size_mean,rf_descriptors,RF: descriptors,descriptors,5,804,https://doi.org/10.1038/s41467-022-33157-4,210.0,89.11220435195342
particle_size,size_mean,rf_descriptors,RF: descriptors,descriptors,5,805,https://doi.org/10.1038/s41467-022-33157-4,180.0,89.11220435195342
particle_size,size_mean,rf_descriptors,RF: descriptors,descriptors,5,806,https://doi.org/10.1038/s41467-022-33157-4,150.0,89.11220435195342
particle_size,size_mean,rf_descriptors,RF: descriptors,descriptors,5,807,https://doi.org/10.1038/s41467-022-33157-4,120.5,89.11220435195342
particle_size,size_mean,rf_descriptors,RF: descriptors,descriptors,5,808,https://doi.org/10.1038/s41467-022-33157-4,100.0,89.11220435195342
particle_size,size_mean,rf_descriptors,RF: descriptors,descriptors,5,812,https://doi.org/10.1038/s41467-022-33157-4,113.0,89.11220435195342
particle_size,size_mean,rf_descriptors,RF: descriptors,descriptors,5,932,https://doi.org/10.1248/cpb.c24-00089,213.5,128.54394700197548
particle_size,size_mean,rf_descriptors,RF: descriptors,descriptors,5,933,https://doi.org/10.1248/cpb.c24-00089,83.0,128.54394700197548
particle_size,size_mean,rf_descriptors,RF: descriptors,descriptors,5,934,https://doi.org/10.1248/cpb.c24-00089,77.0,128.54394700197548
particle_size,size_mean,rf_descriptors,RF: descriptors,descriptors,5,935,https://doi.org/10.1248/cpb.c24-00089,200.0,128.54394700197548
particle_size,size_mean,rf_descriptors,RF: descriptors,descriptors,5,936,https://doi.org/10.1248/cpb.c24-00089,186.0,128.54394700197548
particle_size,size_mean,rf_descriptors,RF: descriptors,descriptors,5,937,https://doi.org/10.1248/cpb.c24-00089,81.0,128.54394700197548
particle_size,size_mean,rf_descriptors,RF: descriptors,descriptors,5,938,https://doi.org/10.1248/cpb.c24-00089,109.0,128.54394700197548
particle_size,size_mean,rf_descriptors,RF: descriptors,descriptors,5,939,https://doi.org/10.1248/cpb.c24-00089,139.0,128.54394700197548
particle_size,size_mean,rf_descriptors,RF: descriptors,descriptors,5,940,https://doi.org/10.1248/cpb.c24-00089,199.0,128.54394700197548
particle_size,size_mean,ridge_combined,Ridge: combined,combined,1,202,https://doi.org/10.1038/s41467-024-45422-9,213.2,119.40486699817455
particle_size,size_mean,ridge_combined,Ridge: combined,combined,1,203,https://doi.org/10.1038/s41467-024-45422-9,221.9,119.41705761351497
particle_size,size_mean,ridge_combined,Ridge: combined,combined,1,204,https://doi.org/10.1038/s41467-024-45422-9,185.3,126.55596301835942
particle_size,size_mean,ridge_combined,Ridge: combined,combined,1,205,https://doi.org/10.1038/s41467-024-45422-9,205.6,127.42565107491549
particle_size,size_mean,ridge_combined,Ridge: combined,combined,1,206,https://doi.org/10.1038/s41467-024-45422-9,219.7,121.21953857879787
particle_size,size_mean,ridge_combined,Ridge: combined,combined,1,207,https://doi.org/10.1038/s41467-024-45422-9,214.6,121.26498051366192
particle_size,size_mean,ridge_combined,Ridge: combined,combined,1,208,https://doi.org/10.1038/s41467-024-45422-9,182.5,119.16770565476017
particle_size,size_mean,ridge_combined,Ridge: combined,combined,1,209,https://doi.org/10.1038/s41467-024-45422-9,217.0,118.86622283463618
particle_size,size_mean,ridge_combined,Ridge: combined,combined,1,210,https://doi.org/10.1038/s41467-024-45422-9,150.1,125.94628754094956
particle_size,size_mean,ridge_combined,Ridge: combined,combined,1,211,https://doi.org/10.1038/s41467-024-45422-9,214.9,126.76292905944115
particle_size,size_mean,ridge_combined,Ridge: combined,combined,1,212,https://doi.org/10.1038/s41467-024-45422-9,145.8,120.60986310138802
particle_size,size_mean,ridge_combined,Ridge: combined,combined,1,213,https://doi.org/10.1038/s41467-024-45422-9,143.6,120.65530503625207
particle_size,size_mean,ridge_combined,Ridge: combined,combined,1,214,https://doi.org/10.1038/s41467-024-45422-9,210.3,119.16770565476017
particle_size,size_mean,ridge_combined,Ridge: combined,combined,1,215,https://doi.org/10.1038/s41467-024-45422-9,182.5,118.86622283463618
particle_size,size_mean,ridge_combined,Ridge: combined,combined,1,216,https://doi.org/10.1038/s41467-024-45422-9,206.3,125.94628754094956
particle_size,size_mean,ridge_combined,Ridge: combined,combined,1,217,https://doi.org/10.1038/s41467-024-45422-9,221.1,126.76292905944115
particle_size,size_mean,ridge_combined,Ridge: combined,combined,1,218,https://doi.org/10.1038/s41467-024-45422-9,212.3,120.60986310138802
particle_size,size_mean,ridge_combined,Ridge: combined,combined,1,219,https://doi.org/10.1038/s41467-024-45422-9,173.2,120.65530503625207
particle_size,size_mean,ridge_combined,Ridge: combined,combined,1,220,https://doi.org/10.1038/s41467-024-45422-9,136.4,118.75561104925984
particle_size,size_mean,ridge_combined,Ridge: combined,combined,1,221,https://doi.org/10.1038/s41467-024-45422-9,138.3,118.20350081916182
particle_size,size_mean,ridge_combined,Ridge: combined,combined,1,222,https://doi.org/10.1038/s41467-024-45422-9,116.2,125.23557639040413
particle_size,size_mean,ridge_combined,Ridge: combined,combined,1,223,https://doi.org/10.1038/s41467-024-45422-9,110.5,126.0086629412977
particle_size,size_mean,ridge_combined,Ridge: combined,combined,1,224,https://doi.org/10.1038/s41467-024-45422-9,149.1,119.8991519508426
particle_size,size_mean,ridge_combined,Ridge: combined,combined,1,225,https://doi.org/10.1038/s41467-024-45422-9,151.5,119.94459388570665
particle_size,size_mean,ridge_combined,Ridge: combined,combined,1,227,https://doi.org/10.1038/s41467-024-45422-9,164.2,118.20477627038105
particle_size,size_mean,ridge_combined,Ridge: combined,combined,1,228,https://doi.org/10.1038/s41467-024-45422-9,186.2,117.44923470101837
particle_size,size_mean,ridge_combined,Ridge: combined,combined,1,229,https://doi.org/10.1038/s41467-024-45422-9,169.9,124.44165939139414
particle_size,size_mean,ridge_combined,Ridge: combined,combined,1,230,https://doi.org/10.1038/s41467-024-45422-9,172.1,125.17854599522843
particle_size,size_mean,ridge_combined,Ridge: combined,combined,1,231,https://doi.org/10.1038/s41467-024-45422-9,153.1,119.10523495183259
particle_size,size_mean,ridge_combined,Ridge: combined,combined,1,232,https://doi.org/10.1038/s41467-024-45422-9,135.1,119.15067688669666
particle_size,size_mean,ridge_combined,Ridge: combined,combined,1,233,https://doi.org/10.1038/s41467-024-45422-9,167.1,117.54205425490667
particle_size,size_mean,ridge_combined,Ridge: combined,combined,1,234,https://doi.org/10.1038/s41467-024-45422-9,164.2,116.61911775494912
particle_size,size_mean,ridge_combined,Ridge: combined,combined,1,235,https://doi.org/10.1038/s41467-024-45422-9,157.1,123.57840418533033
particle_size,size_mean,ridge_combined,Ridge: combined,combined,1,236,https://doi.org/10.1038/s41467-024-45422-9,171.9,124.2848783554916
particle_size,size_mean,ridge_combined,Ridge: combined,combined,1,237,https://doi.org/10.1038/s41467-024-45422-9,166.8,118.24197974576879
particle_size,size_mean,ridge_combined,Ridge: combined,combined,1,238,https://doi.org/10.1038/s41467-024-45422-9,160.8,118.28742168063285
particle_size,size_mean,ridge_combined,Ridge: combined,combined,1,239,https://doi.org/10.1038/s41467-024-45422-9,150.3,123.41939065163254
particle_size,size_mean,ridge_combined,Ridge: combined,combined,1,240,https://doi.org/10.1038/s41467-024-45422-9,154.9,122.65289648427196
particle_size,size_mean,ridge_combined,Ridge: combined,combined,1,241,https://doi.org/10.1038/s41467-024-45422-9,159.3,129.64586147236506
particle_size,size_mean,ridge_combined,Ridge: combined,combined,1,242,https://doi.org/10.1038/s41467-024-45422-9,151.4,130.38419373765916
particle_size,size_mean,ridge_combined,Ridge: combined,combined,1,243,https://doi.org/10.1038/s41467-024-45422-9,135.4,124.3094370328035
particle_size,size_mean,ridge_combined,Ridge: combined,combined,1,244,https://doi.org/10.1038/s41467-024-45422-9,156.2,124.35487896766756
particle_size,size_mean,ridge_combined,Ridge: combined,combined,1,245,https://doi.org/10.1038/s41467-024-45422-9,158.1,122.37949350718634
particle_size,size_mean,ridge_combined,Ridge: combined,combined,1,246,https://doi.org/10.1038/s41467-024-45422-9,176.0,121.3874172456863
particle_size,size_mean,ridge_combined,Ridge: combined,combined,1,247,https://doi.org/10.1038/s41467-024-45422-9,167.4,128.3349775385646
particle_size,size_mean,ridge_combined,Ridge: combined,combined,1,248,https://doi.org/10.1038/s41467-024-45422-9,159.8,129.0314041556455
particle_size,size_mean,ridge_combined,Ridge: combined,combined,1,249,https://doi.org/10.1038/s41467-024-45422-9,143.2,122.99855309900305
particle_size,size_mean,ridge_combined,Ridge: combined,combined,1,250,https://doi.org/10.1038/s41467-024-45422-9,174.6,123.0439950338671
particle_size,size_mean,ridge_combined,Ridge: combined,combined,1,251,https://doi.org/10.1038/s41467-024-45422-9,175.2,122.37949350718634
particle_size,size_mean,ridge_combined,Ridge: combined,combined,1,252,https://doi.org/10.1038/s41467-024-45422-9,163.1,121.3874172456863
particle_size,size_mean,ridge_combined,Ridge: combined,combined,1,253,https://doi.org/10.1038/s41467-024-45422-9,162.2,128.3349775385646
particle_size,size_mean,ridge_combined,Ridge: combined,combined,1,254,https://doi.org/10.1038/s41467-024-45422-9,159.9,129.0314041556455
particle_size,size_mean,ridge_combined,Ridge: combined,combined,1,255,https://doi.org/10.1038/s41467-024-45422-9,162.3,122.99855309900305
particle_size,size_mean,ridge_combined,Ridge: combined,combined,1,256,https://doi.org/10.1038/s41467-024-45422-9,151.7,123.0439950338671
particle_size,size_mean,ridge_combined,Ridge: combined,combined,1,257,https://doi.org/10.1038/s41467-024-45422-9,155.1,121.16331893312469
particle_size,size_mean,ridge_combined,Ridge: combined,combined,1,258,https://doi.org/10.1038/s41467-024-45422-9,151.7,119.99587038927294
particle_size,size_mean,ridge_combined,Ridge: combined,combined,1,259,https://doi.org/10.1038/s41467-024-45422-9,162.3,126.90751398191544
particle_size,size_mean,ridge_combined,Ridge: combined,combined,1,260,https://doi.org/10.1038/s41467-024-45422-9,140.8,127.57059340455356
particle_size,size_mean,ridge_combined,Ridge: combined,combined,1,261,https://doi.org/10.1038/s41467-024-45422-9,173.5,121.57108954235389
particle_size,size_mean,ridge_combined,Ridge: combined,combined,1,262,https://doi.org/10.1038/s41467-024-45422-9,146.7,121.61653147721793
particle_size,size_mean,ridge_combined,Ridge: combined,combined,1,263,https://doi.org/10.1038/s41467-024-45422-9,161.7,118.34971860001912
particle_size,size_mean,ridge_combined,Ridge: combined,combined,1,264,https://doi.org/10.1038/s41467-024-45422-9,168.9,116.93113625363969
particle_size,size_mean,ridge_combined,Ridge: combined,combined,1,265,https://doi.org/10.1038/s41467-024-45422-9,169.2,123.79028271720748
particle_size,size_mean,ridge_combined,Ridge: combined,combined,1,266,https://doi.org/10.1038/s41467-024-45422-9,184.3,124.4042708867025
particle_size,size_mean,ridge_combined,Ridge: combined,combined,1,267,https://doi.org/10.1038/s41467-024-45422-9,173.9,118.45385827764592
particle_size,size_mean,ridge_combined,Ridge: combined,combined,1,268,https://doi.org/10.1038/s41467-024-45422-9,154.3,118.49930021250998
particle_size,size_mean,ridge_combined,Ridge: combined,combined,1,269,https://doi.org/10.1038/s41467-024-45422-9,192.2,116.8151702928651
particle_size,size_mean,ridge_combined,Ridge: combined,combined,1,270,https://doi.org/10.1038/s41467-024-45422-9,178.9,116.51368747274113
particle_size,size_mean,ridge_combined,Ridge: combined,combined,1,271,https://doi.org/10.1038/s41467-024-45422-9,193.7,123.5937521790545
particle_size,size_mean,ridge_combined,Ridge: combined,combined,1,272,https://doi.org/10.1038/s41467-024-45422-9,181.2,124.4103936975461
particle_size,size_mean,ridge_combined,Ridge: combined,combined,1,273,https://doi.org/10.1038/s41467-024-45422-9,195.1,118.25732773949296
particle_size,size_mean,ridge_combined,Ridge: combined,combined,1,274,https://doi.org/10.1038/s41467-024-45422-9,181.8,118.30276967435702
particle_size,size_mean,ridge_combined,Ridge: combined,combined,1,275,https://doi.org/10.1038/s41467-024-45422-9,203.4,117.06457878558345
particle_size,size_mean,ridge_combined,Ridge: combined,combined,1,276,https://doi.org/10.1038/s41467-024-45422-9,174.0,122.1431819060852
particle_size,size_mean,ridge_combined,Ridge: combined,combined,1,277,https://doi.org/10.1038/s41467-024-45422-9,164.2,117.77472835665625
particle_size,size_mean,ridge_combined,Ridge: combined,combined,1,278,https://doi.org/10.1038/s41467-024-45422-9,143.6,118.30503344230009
particle_size,size_mean,ridge_combined,Ridge: combined,combined,1,279,https://doi.org/10.1038/s41467-024-45422-9,195.5,117.14459972995581
particle_size,size_mean,ridge_combined,Ridge: combined,combined,1,280,https://doi.org/10.1038/s41467-024-45422-9,179.2,117.14459972995581
particle_size,size_mean,ridge_combined,Ridge: combined,combined,1,281,https://doi.org/10.1038/s41467-024-45422-9,181.7,120.92962511173204
particle_size,size_mean,ridge_combined,Ridge: combined,combined,1,282,https://doi.org/10.1038/s41467-024-45422-9,141.6,119.94685765364972
particle_size,size_mean,ridge_combined,Ridge: combined,combined,1,283,https://doi.org/10.1038/s41467-024-45422-9,171.4,118.54746967867202
particle_size,size_mean,ridge_combined,Ridge: combined,combined,1,284,https://doi.org/10.1038/s41467-024-45422-9,155.0,116.19715842634642
particle_size,size_mean,ridge_combined,Ridge: combined,combined,1,285,https://doi.org/10.1038/s41467-024-45422-9,156.3,115.98982787543068
particle_size,size_mean,ridge_combined,Ridge: combined,combined,1,286,https://doi.org/10.1038/s41467-024-45422-9,190.5,115.45279850602792
particle_size,size_mean,ridge_combined,Ridge: combined,combined,1,288,https://doi.org/10.1038/s41467-024-45422-9,190.4,124.35714273561062
particle_size,size_mean,ridge_combined,Ridge: combined,combined,1,289,https://doi.org/10.1038/s41467-024-45422-9,204.3,119.72321878008857
particle_size,size_mean,ridge_combined,Ridge: combined,combined,1,290,https://doi.org/10.1038/s41467-024-45422-9,169.6,121.43702750570478
particle_size,size_mean,ridge_combined,Ridge: combined,combined,1,291,https://doi.org/10.1038/s41467-024-45422-9,201.5,118.7198556922494
particle_size,size_mean,ridge_combined,Ridge: combined,combined,1,292,https://doi.org/10.1038/s41467-024-45422-9,162.3,123.04625880181018
particle_size,size_mean,ridge_combined,Ridge: combined,combined,1,293,https://doi.org/10.1038/s41467-024-45422-9,143.2,118.88261743540635
particle_size,size_mean,ridge_combined,Ridge: combined,combined,1,294,https://doi.org/10.1038/s41467-024-45422-9,126.7,122.72199468184314
particle_size,size_mean,ridge_combined,Ridge: combined,combined,1,295,https://doi.org/10.1038/s41467-024-45422-9,113.9,119.91630025077663
particle_size,size_mean,ridge_combined,Ridge: combined,combined,1,296,https://doi.org/10.1038/s41467-024-45422-9,115.4,119.6572605462099
particle_size,size_mean,ridge_combined,Ridge: combined,combined,1,297,https://doi.org/10.1038/s41467-024-45422-9,109.2,116.66088784486857
particle_size,size_mean,ridge_combined,Ridge: combined,combined,1,298,https://doi.org/10.1038/s41467-024-45422-9,114.1,113.32450934991272
particle_size,size_mean,ridge_combined,Ridge: combined,combined,2,509,https://doi.org/10.34133/bmr.0017,71.48,107.87745723268233
particle_size,size_mean,ridge_combined,Ridge: combined,combined,2,510,https://doi.org/10.34133/bmr.0017,82.84,107.87745723268233
particle_size,size_mean,ridge_combined,Ridge: combined,combined,2,511,https://doi.org/10.34133/bmr.0017,69.41,133.76412595042672
particle_size,size_mean,ridge_combined,Ridge: combined,combined,2,512,https://doi.org/10.34133/bmr.0017,68.29,133.76412595042672
particle_size,size_mean,ridge_combined,Ridge: combined,combined,2,513,https://doi.org/10.34133/bmr.0017,78.37,132.91942903875344
particle_size,size_mean,ridge_combined,Ridge: combined,combined,2,635,10.1021/jacs.2c12893,82.11,94.6070543757972
particle_size,size_mean,ridge_combined,Ridge: combined,combined,2,636,10.1021/jacs.2c12893,92.32,90.74588349693087
particle_size,size_mean,ridge_combined,Ridge: combined,combined,2,716,10.1021/acs.jpcb.5b02891,180.0,111.98347445871542
particle_size,size_mean,ridge_combined,Ridge: combined,combined,2,717,10.1021/acs.jpcb.5b02891,160.0,111.98347445871542
particle_size,size_mean,ridge_combined,Ridge: combined,combined,2,718,10.1021/acs.jpcb.5b02891,180.0,29.76459826294716
particle_size,size_mean,ridge_combined,Ridge: combined,combined,2,719,10.1021/acs.jpcb.5b02891,160.0,29.76459826294716
particle_size,size_mean,ridge_combined,Ridge: combined,combined,2,736,10.1021/acs.jpcb.5b02891,50.0,111.98347445871542
particle_size,size_mean,ridge_combined,Ridge: combined,combined,2,737,10.1021/acs.jpcb.5b02891,65.0,29.76459826294716
particle_size,size_mean,ridge_combined,Ridge: combined,combined,2,738,10.1021/acs.jpcb.5b02891,95.0,111.98347445871542
particle_size,size_mean,ridge_combined,Ridge: combined,combined,2,739,10.1021/acs.jpcb.5b02891,40.0,29.76459826294716
particle_size,size_mean,ridge_combined,Ridge: combined,combined,2,885,https://doi.org/10.1021/acs.nanolett.1c01353,79.85,94.6070543757972
particle_size,size_mean,ridge_combined,Ridge: combined,combined,2,911,https://doi.org/10.1101/2024.09.27.614859,63.5,107.87745723268233
particle_size,size_mean,ridge_combined,Ridge: combined,combined,2,959,https://doi.org/10.1038/s41587-019-0247-3,87.6,112.624001833322
particle_size,size_mean,ridge_combined,Ridge: combined,combined,2,960,https://doi.org/10.1038/s41587-019-0247-3,99.9,111.67269213940719
particle_size,size_mean,ridge_combined,Ridge: combined,combined,2,961,https://doi.org/10.1038/s41587-019-0247-3,76.9,93.20938551147832
particle_size,size_mean,ridge_combined,Ridge: combined,combined,2,962,https://doi.org/10.1038/s41587-019-0247-3,101.0,93.89386202797309
particle_size,size_mean,ridge_combined,Ridge: combined,combined,2,963,https://doi.org/10.1038/s41587-019-0247-3,259.6,93.20938551147832
particle_size,size_mean,ridge_combined,Ridge: combined,combined,2,964,https://doi.org/10.1038/s41587-019-0247-3,115.9,130.37471670464214
particle_size,size_mean,ridge_combined,Ridge: combined,combined,2,965,https://doi.org/10.1038/s41587-019-0247-3,137.9,77.43056068122885
particle_size,size_mean,ridge_combined,Ridge: combined,combined,2,966,https://doi.org/10.1038/s41587-019-0247-3,167.9,23.818040144924765
particle_size,size_mean,ridge_combined,Ridge: combined,combined,2,967,https://doi.org/10.1038/s41587-019-0247-3,122.4,93.20938551147832
particle_size,size_mean,ridge_combined,Ridge: combined,combined,2,968,https://doi.org/10.1038/s41587-019-0247-3,95.9,93.20938551147832
particle_size,size_mean,ridge_combined,Ridge: combined,combined,2,969,https://doi.org/10.1038/s41587-019-0247-3,72.3,37.54068288452264
particle_size,size_mean,ridge_combined,Ridge: combined,combined,2,970,https://doi.org/10.1038/s41587-019-0247-3,94.0,93.20938551147832
particle_size,size_mean,ridge_combined,Ridge: combined,combined,2,971,https://doi.org/10.1038/s41587-019-0247-3,84.9,134.17811511487432
particle_size,size_mean,ridge_combined,Ridge: combined,combined,2,972,https://doi.org/10.1038/s41587-019-0247-3,127.8,80.38254564146132
particle_size,size_mean,ridge_combined,Ridge: combined,combined,2,973,https://doi.org/10.1038/s41587-019-0247-3,84.9,93.20938551147832
particle_size,size_mean,ridge_combined,Ridge: combined,combined,2,974,https://doi.org/10.1038/s41587-019-0247-3,108.7,134.93262583807442
particle_size,size_mean,ridge_combined,Ridge: combined,combined,2,975,https://doi.org/10.1038/s41587-019-0247-3,94.9,115.79519633258225
particle_size,size_mean,ridge_combined,Ridge: combined,combined,2,976,https://doi.org/10.1038/s41587-019-0247-3,91.8,93.20938551147832
particle_size,size_mean,ridge_combined,Ridge: combined,combined,2,977,https://doi.org/10.1038/s41587-019-0247-3,129.4,107.77779698593179
particle_size,size_mean,ridge_combined,Ridge: combined,combined,2,978,https://doi.org/10.1038/s41587-019-0247-3,83.2,69.89516922107126
particle_size,size_mean,ridge_combined,Ridge: combined,combined,2,979,https://doi.org/10.1038/s41587-019-0247-3,110.7,27.308120261324973
particle_size,size_mean,ridge_combined,Ridge: combined,combined,2,980,https://doi.org/10.1038/s41587-019-0247-3,154.9,84.84377943034119
particle_size,size_mean,ridge_combined,Ridge: combined,combined,2,981,https://doi.org/10.1038/s41587-019-0247-3,102.5,122.93728501850791
particle_size,size_mean,ridge_combined,Ridge: combined,combined,2,982,https://doi.org/10.1038/s41587-019-0247-3,119.8,77.57503765176548
particle_size,size_mean,ridge_combined,Ridge: combined,combined,2,983,https://doi.org/10.1038/s41587-019-0247-3,102.5,122.93728501850791
particle_size,size_mean,ridge_combined,Ridge: combined,combined,2,984,https://doi.org/10.1038/s41587-019-0247-3,110.6,122.93728501850791
particle_size,size_mean,ridge_combined,Ridge: combined,combined,2,985,https://doi.org/10.1038/s41587-019-0247-3,105.5,111.67269213940719
particle_size,size_mean,ridge_combined,Ridge: combined,combined,2,986,https://doi.org/10.1038/s41587-019-0247-3,108.6,107.660702782591
particle_size,size_mean,ridge_combined,Ridge: combined,combined,2,987,https://doi.org/10.1038/s41587-019-0247-3,112.5,118.01003267969224
particle_size,size_mean,ridge_combined,Ridge: combined,combined,2,988,https://doi.org/10.1038/s41587-019-0247-3,94.8,103.627968700289
particle_size,size_mean,ridge_combined,Ridge: combined,combined,2,989,https://doi.org/10.1038/s41587-019-0247-3,115.6,103.73797688881253
particle_size,size_mean,ridge_combined,Ridge: combined,combined,2,990,https://doi.org/10.1038/s41587-019-0247-3,87.6,112.624001833322
particle_size,size_mean,ridge_combined,Ridge: combined,combined,2,991,https://doi.org/10.1038/s41587-019-0247-3,140.6,121.89270014635257
particle_size,size_mean,ridge_combined,Ridge: combined,combined,2,992,https://doi.org/10.1038/s41587-019-0247-3,88.6,123.09887449609076
particle_size,size_mean,ridge_combined,Ridge: combined,combined,3,2,https://doi.org/10.1038/s41467-024-50619-z,134.6,107.52434315560801
particle_size,size_mean,ridge_combined,Ridge: combined,combined,3,3,https://doi.org/10.1038/s41467-024-50619-z,138.0,115.68288279044917
particle_size,size_mean,ridge_combined,Ridge: combined,combined,3,4,https://doi.org/10.1038/s41467-024-50619-z,108.7,96.83686845382952
particle_size,size_mean,ridge_combined,Ridge: combined,combined,3,5,https://doi.org/10.1038/s41467-024-50619-z,110.0,99.77677578171294
particle_size,size_mean,ridge_combined,Ridge: combined,combined,3,6,https://doi.org/10.1038/s41467-024-50619-z,122.6,86.913985116343
particle_size,size_mean,ridge_combined,Ridge: combined,combined,3,7,https://doi.org/10.1038/s41467-024-50619-z,119.9,96.60429852152386
particle_size,size_mean,ridge_combined,Ridge: combined,combined,3,8,https://doi.org/10.1038/s41467-024-50619-z,134.8,116.42420609034275
particle_size,size_mean,ridge_combined,Ridge: combined,combined,3,9,https://doi.org/10.1038/s41467-024-50619-z,132.9,114.97757067264908
particle_size,size_mean,ridge_combined,Ridge: combined,combined,3,10,https://doi.org/10.1038/s41467-024-50619-z,127.5,111.09855194166886
particle_size,size_mean,ridge_combined,Ridge: combined,combined,3,11,https://doi.org/10.1038/s41467-024-50619-z,151.0,109.58466420257196
particle_size,size_mean,ridge_combined,Ridge: combined,combined,3,12,https://doi.org/10.1038/s41467-024-50619-z,147.5,119.19797733686205
particle_size,size_mean,ridge_combined,Ridge: combined,combined,3,13,https://doi.org/10.1038/s41467-024-50619-z,135.5,106.21736522214997
particle_size,size_mean,ridge_combined,Ridge: combined,combined,3,14,https://doi.org/10.1038/s41467-024-50619-z,128.2,104.63921415371217
particle_size,size_mean,ridge_combined,Ridge: combined,combined,3,15,https://doi.org/10.1038/s41467-024-50619-z,117.5,96.2100192854694
particle_size,size_mean,ridge_combined,Ridge: combined,combined,3,16,https://doi.org/10.1038/s41467-024-50619-z,134.8,114.65630865342433
particle_size,size_mean,ridge_combined,Ridge: combined,combined,3,17,https://doi.org/10.1038/s41467-024-50619-z,132.9,114.4985325662639
particle_size,size_mean,ridge_combined,Ridge: combined,combined,3,18,https://doi.org/10.1038/s41467-024-50619-z,133.8,120.43402180409318
particle_size,size_mean,ridge_combined,Ridge: combined,combined,3,19,https://doi.org/10.1038/s41467-024-50619-z,137.8,101.49450964894477
particle_size,size_mean,ridge_combined,Ridge: combined,combined,3,20,https://doi.org/10.1038/s41467-024-50619-z,135.5,110.10692151117242
particle_size,size_mean,ridge_combined,Ridge: combined,combined,3,21,https://doi.org/10.1038/s41467-024-50619-z,139.0,108.73074090637739
particle_size,size_mean,ridge_combined,Ridge: combined,combined,3,22,https://doi.org/10.1038/s41467-024-50619-z,132.8,110.10692151117242
particle_size,size_mean,ridge_combined,Ridge: combined,combined,3,23,https://doi.org/10.1038/s41467-024-50619-z,133.9,115.67290226927963
particle_size,size_mean,ridge_combined,Ridge: combined,combined,3,24,https://doi.org/10.1038/s41467-024-50619-z,137.9,111.50891802406488
particle_size,size_mean,ridge_combined,Ridge: combined,combined,3,25,https://doi.org/10.1038/s41467-024-50619-z,135.4,118.04673124093193
particle_size,size_mean,ridge_combined,Ridge: combined,combined,3,26,https://doi.org/10.1038/s41467-024-50619-z,134.6,116.46858017249414
particle_size,size_mean,ridge_combined,Ridge: combined,combined,3,27,https://doi.org/10.1038/s41467-024-50619-z,138.0,122.51927318365401
particle_size,size_mean,ridge_combined,Ridge: combined,combined,3,28,https://doi.org/10.1038/s41467-024-50619-z,121.6,119.6537490489003
particle_size,size_mean,ridge_combined,Ridge: combined,combined,3,29,https://doi.org/10.1038/s41467-024-50619-z,119.9,114.01111709058884
particle_size,size_mean,ridge_combined,Ridge: combined,combined,3,30,https://doi.org/10.1038/s41467-024-50619-z,108.4,122.77897411758052
particle_size,size_mean,ridge_combined,Ridge: combined,combined,3,109,10.1021/acs.nanolett.5b02497,113.0,107.06454720951672
particle_size,size_mean,ridge_combined,Ridge: combined,combined,3,110,10.1021/acs.nanolett.5b02497,82.0,107.7675851493356
particle_size,size_mean,ridge_combined,Ridge: combined,combined,3,575,10.1002/jbm.a.37705,120.0,115.32297595813411
particle_size,size_mean,ridge_combined,Ridge: combined,combined,3,576,10.1002/jbm.a.37705,85.0,109.4479038158968
particle_size,size_mean,ridge_combined,Ridge: combined,combined,3,578,10.1002/jbm.a.37705,82.0,92.63319063830548
particle_size,size_mean,ridge_combined,Ridge: combined,combined,3,862,https://doi.org/10.1016/j.jconrel.2025.01.071,183.3,108.67503036274474
particle_size,size_mean,ridge_combined,Ridge: combined,combined,3,863,https://doi.org/10.1016/j.jconrel.2025.01.071,70.0,108.67503036274474
particle_size,size_mean,ridge_combined,Ridge: combined,combined,3,864,https://doi.org/10.1016/j.jconrel.2025.01.071,65.0,108.67503036274474
particle_size,size_mean,ridge_combined,Ridge: combined,combined,3,865,https://doi.org/10.1016/j.jconrel.2025.01.071,65.0,108.67503036274474
particle_size,size_mean,ridge_combined,Ridge: combined,combined,3,866,https://doi.org/10.1016/j.jconrel.2025.01.071,65.0,108.67503036274474
particle_size,size_mean,ridge_combined,Ridge: combined,combined,3,867,https://doi.org/10.1016/j.jconrel.2025.01.071,70.6,108.67503036274474
particle_size,size_mean,ridge_combined,Ridge: combined,combined,3,868,https://doi.org/10.1016/j.jconrel.2025.01.071,75.0,108.67503036274474
particle_size,size_mean,ridge_combined,Ridge: combined,combined,3,870,https://doi.org/10.1016/j.jconrel.2025.01.071,92.8,108.67503036274474
particle_size,size_mean,ridge_combined,Ridge: combined,combined,3,922,https://doi.org/10.1073/pnas.2303567120,70.0,112.4305518165511
particle_size,size_mean,ridge_combined,Ridge: combined,combined,3,923,https://doi.org/10.1073/pnas.2303567120,70.0,112.4305518165511
particle_size,size_mean,ridge_combined,Ridge: combined,combined,3,931,https://doi.org/10.1073/pnas.2303567120,160.0,112.4305518165511
particle_size,size_mean,ridge_combined,Ridge: combined,combined,3,1021,10.1073/pnas.1209367109,145.8,110.10942550546577
particle_size,size_mean,ridge_combined,Ridge: combined,combined,3,1088,https://dx.doi.org/10.1021/acs.nanolett.0c01386,80.0,112.4305518165511
particle_size,size_mean,ridge_combined,Ridge: combined,combined,3,1089,https://dx.doi.org/10.1021/acs.nanolett.0c01386,90.0,112.4305518165511
particle_size,size_mean,ridge_combined,Ridge: combined,combined,3,1090,https://dx.doi.org/10.1021/acs.nanolett.0c01386,85.0,112.4305518165511
particle_size,size_mean,ridge_combined,Ridge: combined,combined,3,1091,https://dx.doi.org/10.1021/acs.nanolett.0c01386,95.0,112.4305518165511
particle_size,size_mean,ridge_combined,Ridge: combined,combined,3,1092,https://dx.doi.org/10.1021/acs.nanolett.0c01386,100.0,112.4305518165511
particle_size,size_mean,ridge_combined,Ridge: combined,combined,4,444,10.1002/anie.201809056,59.0,79.8088891108279
particle_size,size_mean,ridge_combined,Ridge: combined,combined,4,446,10.1002/anie.201809056,59.0,65.09419045264139
particle_size,size_mean,ridge_combined,Ridge: combined,combined,4,563,10.1039/C9NR02004G,19.0,113.38466296621482
particle_size,size_mean,ridge_combined,Ridge: combined,combined,4,641,https://doi.org/10.1016/j.jpha.2024.100996,66.55,117.14066873434244
particle_size,size_mean,ridge_combined,Ridge: combined,combined,4,642,https://doi.org/10.1016/j.jpha.2024.100996,78.57,117.48939964369109
particle_size,size_mean,ridge_combined,Ridge: combined,combined,4,643,https://doi.org/10.1016/j.jpha.2024.100996,96.95,117.11869849439069
particle_size,size_mean,ridge_combined,Ridge: combined,combined,4,644,https://doi.org/10.1016/j.jpha.2024.100996,94.42,117.16784944251619
particle_size,size_mean,ridge_combined,Ridge: combined,combined,4,645,https://doi.org/10.1016/j.jpha.2024.100996,92.45,117.11869849439069
particle_size,size_mean,ridge_combined,Ridge: combined,combined,4,646,https://doi.org/10.1016/j.jpha.2024.100996,75.26,110.86458539800283
particle_size,size_mean,ridge_combined,Ridge: combined,combined,4,647,https://doi.org/10.1016/j.jpha.2024.100996,77.76,110.91373634612832
particle_size,size_mean,ridge_combined,Ridge: combined,combined,4,648,https://doi.org/10.1016/j.jpha.2024.100996,78.82,110.86458539800283
particle_size,size_mean,ridge_combined,Ridge: combined,combined,4,649,https://doi.org/10.1016/j.jpha.2024.100996,82.88,110.91373634612832
particle_size,size_mean,ridge_combined,Ridge: combined,combined,4,650,https://doi.org/10.1016/j.jpha.2024.100996,69.44,111.23528654730322
particle_size,size_mean,ridge_combined,Ridge: combined,combined,4,651,https://doi.org/10.1016/j.jpha.2024.100996,82.11,110.50941619108347
particle_size,size_mean,ridge_combined,Ridge: combined,combined,4,652,https://doi.org/10.1016/j.jpha.2024.100996,51.13,114.07328858957501
particle_size,size_mean,ridge_combined,Ridge: combined,combined,4,653,https://doi.org/10.1016/j.jpha.2024.100996,50.99,114.42201949892365
particle_size,size_mean,ridge_combined,Ridge: combined,combined,4,654,https://doi.org/10.1016/j.jpha.2024.100996,51.89,114.10046929774876
particle_size,size_mean,ridge_combined,Ridge: combined,combined,4,655,https://doi.org/10.1016/j.jpha.2024.100996,57.25,113.6961491427039
particle_size,size_mean,ridge_combined,Ridge: combined,combined,4,656,https://doi.org/10.1016/j.jpha.2024.100996,57.0,113.6961491427039
particle_size,size_mean,ridge_combined,Ridge: combined,combined,4,657,https://doi.org/10.1016/j.jpha.2024.100996,57.13,114.05131834962326
particle_size,size_mean,ridge_combined,Ridge: combined,combined,4,658,https://doi.org/10.1016/j.jpha.2024.100996,55.88,107.39269513049773
particle_size,size_mean,ridge_combined,Ridge: combined,combined,4,659,https://doi.org/10.1016/j.jpha.2024.100996,57.44,107.03752592357837
particle_size,size_mean,ridge_combined,Ridge: combined,combined,4,660,https://doi.org/10.1016/j.jpha.2024.100996,56.43,107.03752592357837
particle_size,size_mean,ridge_combined,Ridge: combined,combined,4,661,https://doi.org/10.1016/j.jpha.2024.100996,51.82,107.76339627979812
particle_size,size_mean,ridge_combined,Ridge: combined,combined,4,662,https://doi.org/10.1016/j.jpha.2024.100996,56.13,107.39269513049773
particle_size,size_mean,ridge_combined,Ridge: combined,combined,4,663,https://doi.org/10.1016/j.jpha.2024.100996,51.08,107.98109846140667
particle_size,size_mean,ridge_combined,Ridge: combined,combined,4,664,https://doi.org/10.1016/j.jpha.2024.100996,54.7,107.44184607862321
particle_size,size_mean,ridge_combined,Ridge: combined,combined,4,778,10.1002/btm2.10580,118.9,103.17034453311963
particle_size,size_mean,ridge_combined,Ridge: combined,combined,4,779,10.1002/btm2.10580,109.9,104.0140394800181
particle_size,size_mean,ridge_combined,Ridge: combined,combined,4,780,10.1002/btm2.10580,112.9,111.19290918097313
particle_size,size_mean,ridge_combined,Ridge: combined,combined,4,781,10.1002/btm2.10580,123.3,107.44184607862321
particle_size,size_mean,ridge_combined,Ridge: combined,combined,4,782,10.1002/btm2.10580,109.8,107.15360442158232
particle_size,size_mean,ridge_combined,Ridge: combined,combined,4,783,10.1002/btm2.10580,111.2,110.58141102018743
particle_size,size_mean,ridge_combined,Ridge: combined,combined,4,784,10.1002/btm2.10580,108.1,102.79733238111201
particle_size,size_mean,ridge_combined,Ridge: combined,combined,4,785,10.1002/btm2.10580,113.9,106.54668918089203
particle_size,size_mean,ridge_combined,Ridge: combined,combined,4,875,https://doi.org/10.1101/2023.11.09.565872,78.7,107.15360442158232
particle_size,size_mean,ridge_combined,Ridge: combined,combined,4,876,https://doi.org/10.1101/2023.11.09.565872,92.16,102.79733238111201
particle_size,size_mean,ridge_combined,Ridge: combined,combined,4,913,https://doi.org/10.1038/s41434-022-00370-1,52.0,106.40012901777966
particle_size,size_mean,ridge_combined,Ridge: combined,combined,4,914,https://doi.org/10.1038/s41434-022-00370-1,86.0,107.44184607862321
particle_size,size_mean,ridge_combined,Ridge: combined,combined,4,915,https://doi.org/10.1038/s41434-022-00370-1,216.0,108.22883467788118
particle_size,size_mean,ridge_combined,Ridge: combined,combined,4,1005,10.1002/smll.201805097,149.2,116.9733650430452
particle_size,size_mean,ridge_combined,Ridge: combined,combined,4,1006,10.1002/smll.201805097,161.6,108.74140818511273
particle_size,size_mean,ridge_combined,Ridge: combined,combined,4,1007,10.1002/smll.201805097,166.6,94.78719557284634
particle_size,size_mean,ridge_combined,Ridge: combined,combined,4,1008,10.1002/smll.201805097,173.9,94.70874391776732
particle_size,size_mean,ridge_combined,Ridge: combined,combined,4,1009,10.1002/smll.201805097,160.0,87.48097327110018
particle_size,size_mean,ridge_combined,Ridge: combined,combined,4,1010,10.1002/smll.201805097,163.2,80.20518115531512
particle_size,size_mean,ridge_combined,Ridge: combined,combined,4,1011,10.1002/smll.201805097,138.9,74.89556812675463
particle_size,size_mean,ridge_combined,Ridge: combined,combined,4,1012,10.1002/smll.201805097,139.5,65.72431496154181
particle_size,size_mean,ridge_combined,Ridge: combined,combined,4,1013,10.1002/smll.201805097,118.5,58.511697626188635
particle_size,size_mean,ridge_combined,Ridge: combined,combined,4,1014,10.1002/smll.201805097,180.7,44.12868929226801
particle_size,size_mean,ridge_combined,Ridge: combined,combined,4,1015,10.1002/smll.201805097,190.7,29.789608722622603
particle_size,size_mean,ridge_combined,Ridge: combined,combined,5,63,https://doi.org/10.1016/j.omtn.2019.01.013,96.0,94.4217718001818
particle_size,size_mean,ridge_combined,Ridge: combined,combined,5,64,https://doi.org/10.1016/j.omtn.2019.01.013,96.0,106.82664166703368
particle_size,size_mean,ridge_combined,Ridge: combined,combined,5,113,https://doi.org/10.1016/j.ymthe.2018.03.010,93.8,96.74433188355653
particle_size,size_mean,ridge_combined,Ridge: combined,combined,5,114,https://doi.org/10.1016/j.ymthe.2018.03.010,179.4,118.30867700166365
particle_size,size_mean,ridge_combined,Ridge: combined,combined,5,115,https://doi.org/10.1016/j.ymthe.2018.03.010,140.4,108.27942263816999
particle_size,size_mean,ridge_combined,Ridge: combined,combined,5,116,https://doi.org/10.1016/j.ymthe.2018.03.010,73.1,99.29360811852247
particle_size,size_mean,ridge_combined,Ridge: combined,combined,5,117,https://doi.org/10.1016/j.ymthe.2018.03.010,86.2,111.34308558092181
particle_size,size_mean,ridge_combined,Ridge: combined,combined,5,118,https://doi.org/10.1016/j.ymthe.2018.03.010,66.8,103.4955146286222
particle_size,size_mean,ridge_combined,Ridge: combined,combined,5,119,https://doi.org/10.1016/j.ymthe.2018.03.010,130.1,105.2994309228823
particle_size,size_mean,ridge_combined,Ridge: combined,combined,5,120,https://doi.org/10.1016/j.ymthe.2018.03.010,85.8,111.07066096684633
particle_size,size_mean,ridge_combined,Ridge: combined,combined,5,121,https://doi.org/10.1016/j.ymthe.2018.03.010,91.9,115.49584277167656
particle_size,size_mean,ridge_combined,Ridge: combined,combined,5,122,https://doi.org/10.1016/j.ymthe.2018.03.010,69.6,109.01409469282363
particle_size,size_mean,ridge_combined,Ridge: combined,combined,5,123,https://doi.org/10.1016/j.ymthe.2018.03.010,85.6,94.4217718001818
particle_size,size_mean,ridge_combined,Ridge: combined,combined,5,198,10.1002/adma.201606944,75.0,100.90753839662732
particle_size,size_mean,ridge_combined,Ridge: combined,combined,5,199,10.1002/adma.201606944,75.0,100.90753839662732
particle_size,size_mean,ridge_combined,Ridge: combined,combined,5,450,10.1016/j.jconrel.2019.10.028,82.4,108.88775016197292
particle_size,size_mean,ridge_combined,Ridge: combined,combined,5,451,10.1016/j.jconrel.2019.10.028,90.77,104.87628061419925
particle_size,size_mean,ridge_combined,Ridge: combined,combined,5,452,10.1016/j.jconrel.2019.10.028,78.53,117.61232309799043
particle_size,size_mean,ridge_combined,Ridge: combined,combined,5,453,10.1016/j.jconrel.2019.10.028,81.49,116.21829718263469
particle_size,size_mean,ridge_combined,Ridge: combined,combined,5,454,10.1016/j.jconrel.2019.10.028,74.42,115.79925400641766
particle_size,size_mean,ridge_combined,Ridge: combined,combined,5,455,10.1016/j.jconrel.2019.10.028,82.03,116.11744801638525
particle_size,size_mean,ridge_combined,Ridge: combined,combined,5,456,10.1016/j.jconrel.2019.10.028,79.23,116.74871273595245
particle_size,size_mean,ridge_combined,Ridge: combined,combined,5,457,10.1016/j.jconrel.2019.10.028,83.25,115.30490698364453
particle_size,size_mean,ridge_combined,Ridge: combined,combined,5,458,10.1016/j.jconrel.2019.10.028,81.4,114.57003282161634
particle_size,size_mean,ridge_combined,Ridge: combined,combined,5,459,10.1016/j.jconrel.2019.10.028,75.58,111.66887334323481
particle_size,size_mean,ridge_combined,Ridge: combined,combined,5,460,10.1016/j.jconrel.2019.10.028,83.55,114.08331623440124
particle_size,size_mean,ridge_combined,Ridge: combined,combined,5,461,10.1016/j.jconrel.2019.10.028,88.09,114.08331623440124
particle_size,size_mean,ridge_combined,Ridge: combined,combined,5,462,10.1016/j.jconrel.2019.10.028,83.36,114.08331623440124
particle_size,size_mean,ridge_combined,Ridge: combined,combined,5,463,10.1016/j.jconrel.2019.10.028,77.32,114.08331623440124
particle_size,size_mean,ridge_combined,Ridge: combined,combined,5,464,10.1016/j.jconrel.2019.10.028,84.71,114.08331623440124
particle_size,size_mean,ridge_combined,Ridge: combined,combined,5,465,10.1016/j.jconrel.2019.10.028,80.85,114.08331623440124
particle_size,size_mean,ridge_combined,Ridge: combined,combined,5,756,https://doi.org/10.1016/j.ijpharm.2023.123050,107.0,141.93711922623098
particle_size,size_mean,ridge_combined,Ridge: combined,combined,5,763,https://doi.org/10.1016/j.ijpharm.2023.123050,145.0,141.93711922623098
particle_size,size_mean,ridge_combined,Ridge: combined,combined,5,773,https://doi.org/10.1016/j.ijpharm.2023.123050,71.0,146.6091522185051
particle_size,size_mean,ridge_combined,Ridge: combined,combined,5,803,https://doi.org/10.1038/s41467-022-33157-4,120.5,96.02060746338445
particle_size,size_mean,ridge_combined,Ridge: combined,combined,5,804,https://doi.org/10.1038/s41467-022-33157-4,210.0,90.70454620320615
particle_size,size_mean,ridge_combined,Ridge: combined,combined,5,805,https://doi.org/10.1038/s41467-022-33157-4,180.0,92.84394635962417
particle_size,size_mean,ridge_combined,Ridge: combined,combined,5,806,https://doi.org/10.1038/s41467-022-33157-4,150.0,94.9984925150306
particle_size,size_mean,ridge_combined,Ridge: combined,combined,5,807,https://doi.org/10.1038/s41467-022-33157-4,120.5,96.21127169319234
particle_size,size_mean,ridge_combined,Ridge: combined,combined,5,808,https://doi.org/10.1038/s41467-022-33157-4,100.0,98.52200047025028
particle_size,size_mean,ridge_combined,Ridge: combined,combined,5,812,https://doi.org/10.1038/s41467-022-33157-4,113.0,96.02060746338445
particle_size,size_mean,ridge_combined,Ridge: combined,combined,5,932,https://doi.org/10.1248/cpb.c24-00089,213.5,116.05407586624311
particle_size,size_mean,ridge_combined,Ridge: combined,combined,5,933,https://doi.org/10.1248/cpb.c24-00089,83.0,116.05407586624311
particle_size,size_mean,ridge_combined,Ridge: combined,combined,5,934,https://doi.org/10.1248/cpb.c24-00089,77.0,116.05407586624311
particle_size,size_mean,ridge_combined,Ridge: combined,combined,5,935,https://doi.org/10.1248/cpb.c24-00089,200.0,116.05407586624311
particle_size,size_mean,ridge_combined,Ridge: combined,combined,5,936,https://doi.org/10.1248/cpb.c24-00089,186.0,116.05407586624311
particle_size,size_mean,ridge_combined,Ridge: combined,combined,5,937,https://doi.org/10.1248/cpb.c24-00089,81.0,116.05407586624311
particle_size,size_mean,ridge_combined,Ridge: combined,combined,5,938,https://doi.org/10.1248/cpb.c24-00089,109.0,116.05407586624311
particle_size,size_mean,ridge_combined,Ridge: combined,combined,5,939,https://doi.org/10.1248/cpb.c24-00089,139.0,116.05407586624311
particle_size,size_mean,ridge_combined,Ridge: combined,combined,5,940,https://doi.org/10.1248/cpb.c24-00089,199.0,116.05407586624311
particle_size,size_mean,rf_combined,RF: combined,combined,1,202,https://doi.org/10.1038/s41467-024-45422-9,213.2,132.65210773498725
particle_size,size_mean,rf_combined,RF: combined,combined,1,203,https://doi.org/10.1038/s41467-024-45422-9,221.9,132.41014749689202
particle_size,size_mean,rf_combined,RF: combined,combined,1,204,https://doi.org/10.1038/s41467-024-45422-9,185.3,135.01378487102113
particle_size,size_mean,rf_combined,RF: combined,combined,1,205,https://doi.org/10.1038/s41467-024-45422-9,205.6,134.15340741680865
particle_size,size_mean,rf_combined,RF: combined,combined,1,206,https://doi.org/10.1038/s41467-024-45422-9,219.7,134.09785253191578
particle_size,size_mean,rf_combined,RF: combined,combined,1,207,https://doi.org/10.1038/s41467-024-45422-9,214.6,134.09785253191578
particle_size,size_mean,rf_combined,RF: combined,combined,1,208,https://doi.org/10.1038/s41467-024-45422-9,182.5,132.65210773498725
particle_size,size_mean,rf_combined,RF: combined,combined,1,209,https://doi.org/10.1038/s41467-024-45422-9,217.0,132.41014749689202
particle_size,size_mean,rf_combined,RF: combined,combined,1,210,https://doi.org/10.1038/s41467-024-45422-9,150.1,135.01378487102113
particle_size,size_mean,rf_combined,RF: combined,combined,1,211,https://doi.org/10.1038/s41467-024-45422-9,214.9,134.15340741680865
particle_size,size_mean,rf_combined,RF: combined,combined,1,212,https://doi.org/10.1038/s41467-024-45422-9,145.8,134.09785253191578
particle_size,size_mean,rf_combined,RF: combined,combined,1,213,https://doi.org/10.1038/s41467-024-45422-9,143.6,134.09785253191578
particle_size,size_mean,rf_combined,RF: combined,combined,1,214,https://doi.org/10.1038/s41467-024-45422-9,210.3,132.65210773498725
particle_size,size_mean,rf_combined,RF: combined,combined,1,215,https://doi.org/10.1038/s41467-024-45422-9,182.5,132.41014749689202
particle_size,size_mean,rf_combined,RF: combined,combined,1,216,https://doi.org/10.1038/s41467-024-45422-9,206.3,135.01378487102113
particle_size,size_mean,rf_combined,RF: combined,combined,1,217,https://doi.org/10.1038/s41467-024-45422-9,221.1,134.15340741680865
particle_size,size_mean,rf_combined,RF: combined,combined,1,218,https://doi.org/10.1038/s41467-024-45422-9,212.3,134.09785253191578
particle_size,size_mean,rf_combined,RF: combined,combined,1,219,https://doi.org/10.1038/s41467-024-45422-9,173.2,134.09785253191578
particle_size,size_mean,rf_combined,RF: combined,combined,1,220,https://doi.org/10.1038/s41467-024-45422-9,136.4,132.65210773498725
particle_size,size_mean,rf_combined,RF: combined,combined,1,221,https://doi.org/10.1038/s41467-024-45422-9,138.3,132.41014749689202
particle_size,size_mean,rf_combined,RF: combined,combined,1,222,https://doi.org/10.1038/s41467-024-45422-9,116.2,135.01378487102113
particle_size,size_mean,rf_combined,RF: combined,combined,1,223,https://doi.org/10.1038/s41467-024-45422-9,110.5,134.15340741680865
particle_size,size_mean,rf_combined,RF: combined,combined,1,224,https://doi.org/10.1038/s41467-024-45422-9,149.1,134.09785253191578
particle_size,size_mean,rf_combined,RF: combined,combined,1,225,https://doi.org/10.1038/s41467-024-45422-9,151.5,134.09785253191578
particle_size,size_mean,rf_combined,RF: combined,combined,1,227,https://doi.org/10.1038/s41467-024-45422-9,164.2,132.65210773498725
particle_size,size_mean,rf_combined,RF: combined,combined,1,228,https://doi.org/10.1038/s41467-024-45422-9,186.2,132.41014749689202
particle_size,size_mean,rf_combined,RF: combined,combined,1,229,https://doi.org/10.1038/s41467-024-45422-9,169.9,135.01378487102113
particle_size,size_mean,rf_combined,RF: combined,combined,1,230,https://doi.org/10.1038/s41467-024-45422-9,172.1,133.86633075014203
particle_size,size_mean,rf_combined,RF: combined,combined,1,231,https://doi.org/10.1038/s41467-024-45422-9,153.1,134.20175253191576
particle_size,size_mean,rf_combined,RF: combined,combined,1,232,https://doi.org/10.1038/s41467-024-45422-9,135.1,134.20175253191576
particle_size,size_mean,rf_combined,RF: combined,combined,1,233,https://doi.org/10.1038/s41467-024-45422-9,167.1,132.65210773498725
particle_size,size_mean,rf_combined,RF: combined,combined,1,234,https://doi.org/10.1038/s41467-024-45422-9,164.2,132.48331083022532
particle_size,size_mean,rf_combined,RF: combined,combined,1,235,https://doi.org/10.1038/s41467-024-45422-9,157.1,134.71688153768775
particle_size,size_mean,rf_combined,RF: combined,combined,1,236,https://doi.org/10.1038/s41467-024-45422-9,171.9,131.88281551204682
particle_size,size_mean,rf_combined,RF: combined,combined,1,237,https://doi.org/10.1038/s41467-024-45422-9,166.8,132.3768006271539
particle_size,size_mean,rf_combined,RF: combined,combined,1,238,https://doi.org/10.1038/s41467-024-45422-9,160.8,132.3768006271539
particle_size,size_mean,rf_combined,RF: combined,combined,1,239,https://doi.org/10.1038/s41467-024-45422-9,150.3,132.22135096731049
particle_size,size_mean,rf_combined,RF: combined,combined,1,240,https://doi.org/10.1038/s41467-024-45422-9,154.9,131.20486406254858
particle_size,size_mean,rf_combined,RF: combined,combined,1,241,https://doi.org/10.1038/s41467-024-45422-9,159.3,134.85175226784648
particle_size,size_mean,rf_combined,RF: combined,combined,1,242,https://doi.org/10.1038/s41467-024-45422-9,151.4,133.5890616781029
particle_size,size_mean,rf_combined,RF: combined,combined,1,243,https://doi.org/10.1038/s41467-024-45422-9,135.4,131.21704037318568
particle_size,size_mean,rf_combined,RF: combined,combined,1,244,https://doi.org/10.1038/s41467-024-45422-9,156.2,131.24033287318565
particle_size,size_mean,rf_combined,RF: combined,combined,1,245,https://doi.org/10.1038/s41467-024-45422-9,158.1,132.32525096731047
particle_size,size_mean,rf_combined,RF: combined,combined,1,246,https://doi.org/10.1038/s41467-024-45422-9,176.0,129.7679738793984
particle_size,size_mean,rf_combined,RF: combined,combined,1,247,https://doi.org/10.1038/s41467-024-45422-9,167.4,131.13953538389393
particle_size,size_mean,rf_combined,RF: combined,combined,1,248,https://doi.org/10.1038/s41467-024-45422-9,159.8,132.24247702491954
particle_size,size_mean,rf_combined,RF: combined,combined,1,249,https://doi.org/10.1038/s41467-024-45422-9,143.2,128.81336582256637
particle_size,size_mean,rf_combined,RF: combined,combined,1,250,https://doi.org/10.1038/s41467-024-45422-9,174.6,128.83665832256636
particle_size,size_mean,rf_combined,RF: combined,combined,1,251,https://doi.org/10.1038/s41467-024-45422-9,175.2,132.32525096731047
particle_size,size_mean,rf_combined,RF: combined,combined,1,252,https://doi.org/10.1038/s41467-024-45422-9,163.1,129.7679738793984
particle_size,size_mean,rf_combined,RF: combined,combined,1,253,https://doi.org/10.1038/s41467-024-45422-9,162.2,131.13953538389393
particle_size,size_mean,rf_combined,RF: combined,combined,1,254,https://doi.org/10.1038/s41467-024-45422-9,159.9,132.24247702491954
particle_size,size_mean,rf_combined,RF: combined,combined,1,255,https://doi.org/10.1038/s41467-024-45422-9,162.3,128.81336582256637
particle_size,size_mean,rf_combined,RF: combined,combined,1,256,https://doi.org/10.1038/s41467-024-45422-9,151.7,128.83665832256636
particle_size,size_mean,rf_combined,RF: combined,combined,1,257,https://doi.org/10.1038/s41467-024-45422-9,155.1,130.33447239588193
particle_size,size_mean,rf_combined,RF: combined,combined,1,258,https://doi.org/10.1038/s41467-024-45422-9,151.7,127.9316636015651
particle_size,size_mean,rf_combined,RF: combined,combined,1,259,https://doi.org/10.1038/s41467-024-45422-9,162.3,131.66384057437008
particle_size,size_mean,rf_combined,RF: combined,combined,1,260,https://doi.org/10.1038/s41467-024-45422-9,140.8,131.6417361380287
particle_size,size_mean,rf_combined,RF: combined,combined,1,261,https://doi.org/10.1038/s41467-024-45422-9,173.5,129.27366874519936
particle_size,size_mean,rf_combined,RF: combined,combined,1,262,https://doi.org/10.1038/s41467-024-45422-9,146.7,129.29696124519936
particle_size,size_mean,rf_combined,RF: combined,combined,1,263,https://doi.org/10.1038/s41467-024-45422-9,161.7,125.03368129997781
particle_size,size_mean,rf_combined,RF: combined,combined,1,264,https://doi.org/10.1038/s41467-024-45422-9,168.9,95.24641087423682
particle_size,size_mean,rf_combined,RF: combined,combined,1,265,https://doi.org/10.1038/s41467-024-45422-9,169.2,105.38971938600282
particle_size,size_mean,rf_combined,RF: combined,combined,1,266,https://doi.org/10.1038/s41467-024-45422-9,184.3,126.25866001376409
particle_size,size_mean,rf_combined,RF: combined,combined,1,267,https://doi.org/10.1038/s41467-024-45422-9,173.9,117.74248593778447
particle_size,size_mean,rf_combined,RF: combined,combined,1,268,https://doi.org/10.1038/s41467-024-45422-9,154.3,117.76577843778446
particle_size,size_mean,rf_combined,RF: combined,combined,1,269,https://doi.org/10.1038/s41467-024-45422-9,192.2,132.65210773498725
particle_size,size_mean,rf_combined,RF: combined,combined,1,270,https://doi.org/10.1038/s41467-024-45422-9,178.9,132.41014749689202
particle_size,size_mean,rf_combined,RF: combined,combined,1,271,https://doi.org/10.1038/s41467-024-45422-9,193.7,135.01378487102113
particle_size,size_mean,rf_combined,RF: combined,combined,1,272,https://doi.org/10.1038/s41467-024-45422-9,181.2,134.15340741680865
particle_size,size_mean,rf_combined,RF: combined,combined,1,273,https://doi.org/10.1038/s41467-024-45422-9,195.1,134.09785253191578
particle_size,size_mean,rf_combined,RF: combined,combined,1,274,https://doi.org/10.1038/s41467-024-45422-9,181.8,134.09785253191578
particle_size,size_mean,rf_combined,RF: combined,combined,1,275,https://doi.org/10.1038/s41467-024-45422-9,203.4,132.65210773498725
particle_size,size_mean,rf_combined,RF: combined,combined,1,276,https://doi.org/10.1038/s41467-024-45422-9,174.0,133.81094891864015
particle_size,size_mean,rf_combined,RF: combined,combined,1,277,https://doi.org/10.1038/s41467-024-45422-9,164.2,132.14200640070067
particle_size,size_mean,rf_combined,RF: combined,combined,1,278,https://doi.org/10.1038/s41467-024-45422-9,143.6,133.81094891864015
particle_size,size_mean,rf_combined,RF: combined,combined,1,279,https://doi.org/10.1038/s41467-024-45422-9,195.5,130.58653750071167
particle_size,size_mean,rf_combined,RF: combined,combined,1,280,https://doi.org/10.1038/s41467-024-45422-9,179.2,130.58653750071167
particle_size,size_mean,rf_combined,RF: combined,combined,1,281,https://doi.org/10.1038/s41467-024-45422-9,181.7,133.81094891864015
particle_size,size_mean,rf_combined,RF: combined,combined,1,282,https://doi.org/10.1038/s41467-024-45422-9,141.6,133.81094891864015
particle_size,size_mean,rf_combined,RF: combined,combined,1,283,https://doi.org/10.1038/s41467-024-45422-9,171.4,134.15677249006868
particle_size,size_mean,rf_combined,RF: combined,combined,1,284,https://doi.org/10.1038/s41467-024-45422-9,155.0,128.09991880518498
particle_size,size_mean,rf_combined,RF: combined,combined,1,285,https://doi.org/10.1038/s41467-024-45422-9,156.3,129.76913977732403
particle_size,size_mean,rf_combined,RF: combined,combined,1,286,https://doi.org/10.1038/s41467-024-45422-9,190.5,131.133160747465
particle_size,size_mean,rf_combined,RF: combined,combined,1,288,https://doi.org/10.1038/s41467-024-45422-9,190.4,133.61668298213218
particle_size,size_mean,rf_combined,RF: combined,combined,1,289,https://doi.org/10.1038/s41467-024-45422-9,204.3,128.05352435914085
particle_size,size_mean,rf_combined,RF: combined,combined,1,290,https://doi.org/10.1038/s41467-024-45422-9,169.6,129.85934894599842
particle_size,size_mean,rf_combined,RF: combined,combined,1,291,https://doi.org/10.1038/s41467-024-45422-9,201.5,122.47267138089688
particle_size,size_mean,rf_combined,RF: combined,combined,1,292,https://doi.org/10.1038/s41467-024-45422-9,162.3,129.1225305029415
particle_size,size_mean,rf_combined,RF: combined,combined,1,293,https://doi.org/10.1038/s41467-024-45422-9,143.2,101.41504060078793
particle_size,size_mean,rf_combined,RF: combined,combined,1,294,https://doi.org/10.1038/s41467-024-45422-9,126.7,130.4502379553224
particle_size,size_mean,rf_combined,RF: combined,combined,1,295,https://doi.org/10.1038/s41467-024-45422-9,113.9,100.0503571768786
particle_size,size_mean,rf_combined,RF: combined,combined,1,296,https://doi.org/10.1038/s41467-024-45422-9,115.4,95.5004517506937
particle_size,size_mean,rf_combined,RF: combined,combined,1,297,https://doi.org/10.1038/s41467-024-45422-9,109.2,93.27885772832708
particle_size,size_mean,rf_combined,RF: combined,combined,1,298,https://doi.org/10.1038/s41467-024-45422-9,114.1,93.21266833860565
particle_size,size_mean,rf_combined,RF: combined,combined,2,509,https://doi.org/10.34133/bmr.0017,71.48,92.86842906682212
particle_size,size_mean,rf_combined,RF: combined,combined,2,510,https://doi.org/10.34133/bmr.0017,82.84,92.86842906682212
particle_size,size_mean,rf_combined,RF: combined,combined,2,511,https://doi.org/10.34133/bmr.0017,69.41,133.1674346752138
particle_size,size_mean,rf_combined,RF: combined,combined,2,512,https://doi.org/10.34133/bmr.0017,68.29,133.1674346752138
particle_size,size_mean,rf_combined,RF: combined,combined,2,513,https://doi.org/10.34133/bmr.0017,78.37,135.1522141990233
particle_size,size_mean,rf_combined,RF: combined,combined,2,635,10.1021/jacs.2c12893,82.11,83.04933638885392
particle_size,size_mean,rf_combined,RF: combined,combined,2,636,10.1021/jacs.2c12893,92.32,88.2927264848891
particle_size,size_mean,rf_combined,RF: combined,combined,2,716,10.1021/acs.jpcb.5b02891,180.0,125.42563268601164
particle_size,size_mean,rf_combined,RF: combined,combined,2,717,10.1021/acs.jpcb.5b02891,160.0,125.42563268601164
particle_size,size_mean,rf_combined,RF: combined,combined,2,718,10.1021/acs.jpcb.5b02891,180.0,99.90234414901573
particle_size,size_mean,rf_combined,RF: combined,combined,2,719,10.1021/acs.jpcb.5b02891,160.0,99.90234414901573
particle_size,size_mean,rf_combined,RF: combined,combined,2,736,10.1021/acs.jpcb.5b02891,50.0,125.42563268601164
particle_size,size_mean,rf_combined,RF: combined,combined,2,737,10.1021/acs.jpcb.5b02891,65.0,99.90234414901573
particle_size,size_mean,rf_combined,RF: combined,combined,2,738,10.1021/acs.jpcb.5b02891,95.0,125.42563268601164
particle_size,size_mean,rf_combined,RF: combined,combined,2,739,10.1021/acs.jpcb.5b02891,40.0,99.90234414901573
particle_size,size_mean,rf_combined,RF: combined,combined,2,885,https://doi.org/10.1021/acs.nanolett.1c01353,79.85,83.04933638885392
particle_size,size_mean,rf_combined,RF: combined,combined,2,911,https://doi.org/10.1101/2024.09.27.614859,63.5,92.86842906682212
particle_size,size_mean,rf_combined,RF: combined,combined,2,959,https://doi.org/10.1038/s41587-019-0247-3,87.6,76.82706873416124
particle_size,size_mean,rf_combined,RF: combined,combined,2,960,https://doi.org/10.1038/s41587-019-0247-3,99.9,91.7131026536796
particle_size,size_mean,rf_combined,RF: combined,combined,2,961,https://doi.org/10.1038/s41587-019-0247-3,76.9,92.4337352929293
particle_size,size_mean,rf_combined,RF: combined,combined,2,962,https://doi.org/10.1038/s41587-019-0247-3,101.0,89.63785457936505
particle_size,size_mean,rf_combined,RF: combined,combined,2,963,https://doi.org/10.1038/s41587-019-0247-3,259.6,92.4337352929293
particle_size,size_mean,rf_combined,RF: combined,combined,2,964,https://doi.org/10.1038/s41587-019-0247-3,115.9,125.29522166672224
particle_size,size_mean,rf_combined,RF: combined,combined,2,965,https://doi.org/10.1038/s41587-019-0247-3,137.9,113.1668631914197
particle_size,size_mean,rf_combined,RF: combined,combined,2,966,https://doi.org/10.1038/s41587-019-0247-3,167.9,104.60856536297288
particle_size,size_mean,rf_combined,RF: combined,combined,2,967,https://doi.org/10.1038/s41587-019-0247-3,122.4,92.4337352929293
particle_size,size_mean,rf_combined,RF: combined,combined,2,968,https://doi.org/10.1038/s41587-019-0247-3,95.9,92.4337352929293
particle_size,size_mean,rf_combined,RF: combined,combined,2,969,https://doi.org/10.1038/s41587-019-0247-3,72.3,90.8144581093938
particle_size,size_mean,rf_combined,RF: combined,combined,2,970,https://doi.org/10.1038/s41587-019-0247-3,94.0,92.4337352929293
particle_size,size_mean,rf_combined,RF: combined,combined,2,971,https://doi.org/10.1038/s41587-019-0247-3,84.9,109.06674028449329
particle_size,size_mean,rf_combined,RF: combined,combined,2,972,https://doi.org/10.1038/s41587-019-0247-3,127.8,76.92304858974359
particle_size,size_mean,rf_combined,RF: combined,combined,2,973,https://doi.org/10.1038/s41587-019-0247-3,84.9,92.4337352929293
particle_size,size_mean,rf_combined,RF: combined,combined,2,974,https://doi.org/10.1038/s41587-019-0247-3,108.7,109.88154145007337
particle_size,size_mean,rf_combined,RF: combined,combined,2,975,https://doi.org/10.1038/s41587-019-0247-3,94.9,88.89848878917778
particle_size,size_mean,rf_combined,RF: combined,combined,2,976,https://doi.org/10.1038/s41587-019-0247-3,91.8,92.4337352929293
particle_size,size_mean,rf_combined,RF: combined,combined,2,977,https://doi.org/10.1038/s41587-019-0247-3,129.4,118.5991114126984
particle_size,size_mean,rf_combined,RF: combined,combined,2,978,https://doi.org/10.1038/s41587-019-0247-3,83.2,90.96307643650788
particle_size,size_mean,rf_combined,RF: combined,combined,2,979,https://doi.org/10.1038/s41587-019-0247-3,110.7,94.06511296031738
particle_size,size_mean,rf_combined,RF: combined,combined,2,980,https://doi.org/10.1038/s41587-019-0247-3,154.9,116.18809854001556
particle_size,size_mean,rf_combined,RF: combined,combined,2,981,https://doi.org/10.1038/s41587-019-0247-3,102.5,117.31213406349208
particle_size,size_mean,rf_combined,RF: combined,combined,2,982,https://doi.org/10.1038/s41587-019-0247-3,119.8,90.79791976984119
particle_size,size_mean,rf_combined,RF: combined,combined,2,983,https://doi.org/10.1038/s41587-019-0247-3,102.5,117.31213406349208
particle_size,size_mean,rf_combined,RF: combined,combined,2,984,https://doi.org/10.1038/s41587-019-0247-3,110.6,117.31213406349208
particle_size,size_mean,rf_combined,RF: combined,combined,2,985,https://doi.org/10.1038/s41587-019-0247-3,105.5,91.7131026536796
particle_size,size_mean,rf_combined,RF: combined,combined,2,986,https://doi.org/10.1038/s41587-019-0247-3,108.6,88.68279006637798
particle_size,size_mean,rf_combined,RF: combined,combined,2,987,https://doi.org/10.1038/s41587-019-0247-3,112.5,109.38774167532468
particle_size,size_mean,rf_combined,RF: combined,combined,2,988,https://doi.org/10.1038/s41587-019-0247-3,94.8,75.29308605006105
particle_size,size_mean,rf_combined,RF: combined,combined,2,989,https://doi.org/10.1038/s41587-019-0247-3,115.6,91.40991289826832
particle_size,size_mean,rf_combined,RF: combined,combined,2,990,https://doi.org/10.1038/s41587-019-0247-3,87.6,76.82706873416124
particle_size,size_mean,rf_combined,RF: combined,combined,2,991,https://doi.org/10.1038/s41587-019-0247-3,140.6,114.21179300671555
particle_size,size_mean,rf_combined,RF: combined,combined,2,992,https://doi.org/10.1038/s41587-019-0247-3,88.6,115.43915898484849
particle_size,size_mean,rf_combined,RF: combined,combined,3,2,https://doi.org/10.1038/s41467-024-50619-z,134.6,146.41956606835643
particle_size,size_mean,rf_combined,RF: combined,combined,3,3,https://doi.org/10.1038/s41467-024-50619-z,138.0,136.7085679113551
particle_size,size_mean,rf_combined,RF: combined,combined,3,4,https://doi.org/10.1038/s41467-024-50619-z,108.7,74.20122928980302
particle_size,size_mean,rf_combined,RF: combined,combined,3,5,https://doi.org/10.1038/s41467-024-50619-z,110.0,98.16644336419955
particle_size,size_mean,rf_combined,RF: combined,combined,3,6,https://doi.org/10.1038/s41467-024-50619-z,122.6,89.46175271865707
particle_size,size_mean,rf_combined,RF: combined,combined,3,7,https://doi.org/10.1038/s41467-024-50619-z,119.9,92.554148795892
particle_size,size_mean,rf_combined,RF: combined,combined,3,8,https://doi.org/10.1038/s41467-024-50619-z,134.8,129.78558542456562
particle_size,size_mean,rf_combined,RF: combined,combined,3,9,https://doi.org/10.1038/s41467-024-50619-z,132.9,121.07002753568823
particle_size,size_mean,rf_combined,RF: combined,combined,3,10,https://doi.org/10.1038/s41467-024-50619-z,127.5,111.33155032407457
particle_size,size_mean,rf_combined,RF: combined,combined,3,11,https://doi.org/10.1038/s41467-024-50619-z,151.0,111.22965518327611
particle_size,size_mean,rf_combined,RF: combined,combined,3,12,https://doi.org/10.1038/s41467-024-50619-z,147.5,164.31553468465532
particle_size,size_mean,rf_combined,RF: combined,combined,3,13,https://doi.org/10.1038/s41467-024-50619-z,135.5,95.13739675080649
particle_size,size_mean,rf_combined,RF: combined,combined,3,14,https://doi.org/10.1038/s41467-024-50619-z,128.2,97.33678857130607
particle_size,size_mean,rf_combined,RF: combined,combined,3,15,https://doi.org/10.1038/s41467-024-50619-z,117.5,89.90150172531872
particle_size,size_mean,rf_combined,RF: combined,combined,3,16,https://doi.org/10.1038/s41467-024-50619-z,134.8,110.69387516233435
particle_size,size_mean,rf_combined,RF: combined,combined,3,17,https://doi.org/10.1038/s41467-024-50619-z,132.9,108.72109363475577
particle_size,size_mean,rf_combined,RF: combined,combined,3,18,https://doi.org/10.1038/s41467-024-50619-z,133.8,146.03690596180968
particle_size,size_mean,rf_combined,RF: combined,combined,3,19,https://doi.org/10.1038/s41467-024-50619-z,137.8,91.93301749227405
particle_size,size_mean,rf_combined,RF: combined,combined,3,20,https://doi.org/10.1038/s41467-024-50619-z,135.5,108.32719212052648
particle_size,size_mean,rf_combined,RF: combined,combined,3,21,https://doi.org/10.1038/s41467-024-50619-z,139.0,103.47922800596628
particle_size,size_mean,rf_combined,RF: combined,combined,3,22,https://doi.org/10.1038/s41467-024-50619-z,132.8,108.32719212052648
particle_size,size_mean,rf_combined,RF: combined,combined,3,23,https://doi.org/10.1038/s41467-024-50619-z,133.9,140.81833140874653
particle_size,size_mean,rf_combined,RF: combined,combined,3,24,https://doi.org/10.1038/s41467-024-50619-z,137.9,101.34736267438119
particle_size,size_mean,rf_combined,RF: combined,combined,3,25,https://doi.org/10.1038/s41467-024-50619-z,135.4,112.32881089110558
particle_size,size_mean,rf_combined,RF: combined,combined,3,26,https://doi.org/10.1038/s41467-024-50619-z,134.6,115.26266121435097
particle_size,size_mean,rf_combined,RF: combined,combined,3,27,https://doi.org/10.1038/s41467-024-50619-z,138.0,146.77658844897442
particle_size,size_mean,rf_combined,RF: combined,combined,3,28,https://doi.org/10.1038/s41467-024-50619-z,121.6,110.88038711794741
particle_size,size_mean,rf_combined,RF: combined,combined,3,29,https://doi.org/10.1038/s41467-024-50619-z,119.9,112.9686133241775
particle_size,size_mean,rf_combined,RF: combined,combined,3,30,https://doi.org/10.1038/s41467-024-50619-z,108.4,131.72378790285538
particle_size,size_mean,rf_combined,RF: combined,combined,3,109,10.1021/acs.nanolett.5b02497,113.0,99.64840579369319
particle_size,size_mean,rf_combined,RF: combined,combined,3,110,10.1021/acs.nanolett.5b02497,82.0,103.7708658986438
particle_size,size_mean,rf_combined,RF: combined,combined,3,575,10.1002/jbm.a.37705,120.0,114.28890454614174
particle_size,size_mean,rf_combined,RF: combined,combined,3,576,10.1002/jbm.a.37705,85.0,98.52063655822762
particle_size,size_mean,rf_combined,RF: combined,combined,3,578,10.1002/jbm.a.37705,82.0,82.54122271868484
particle_size,size_mean,rf_combined,RF: combined,combined,3,862,https://doi.org/10.1016/j.jconrel.2025.01.071,183.3,95.40792807399626
particle_size,size_mean,rf_combined,RF: combined,combined,3,863,https://doi.org/10.1016/j.jconrel.2025.01.071,70.0,95.40792807399626
particle_size,size_mean,rf_combined,RF: combined,combined,3,864,https://doi.org/10.1016/j.jconrel.2025.01.071,65.0,95.40792807399626
particle_size,size_mean,rf_combined,RF: combined,combined,3,865,https://doi.org/10.1016/j.jconrel.2025.01.071,65.0,95.40792807399626
particle_size,size_mean,rf_combined,RF: combined,combined,3,866,https://doi.org/10.1016/j.jconrel.2025.01.071,65.0,95.40792807399626
particle_size,size_mean,rf_combined,RF: combined,combined,3,867,https://doi.org/10.1016/j.jconrel.2025.01.071,70.6,95.40792807399626
particle_size,size_mean,rf_combined,RF: combined,combined,3,868,https://doi.org/10.1016/j.jconrel.2025.01.071,75.0,95.40792807399626
particle_size,size_mean,rf_combined,RF: combined,combined,3,870,https://doi.org/10.1016/j.jconrel.2025.01.071,92.8,95.40792807399626
particle_size,size_mean,rf_combined,RF: combined,combined,3,922,https://doi.org/10.1073/pnas.2303567120,70.0,119.14201139220583
particle_size,size_mean,rf_combined,RF: combined,combined,3,923,https://doi.org/10.1073/pnas.2303567120,70.0,119.14201139220583
particle_size,size_mean,rf_combined,RF: combined,combined,3,931,https://doi.org/10.1073/pnas.2303567120,160.0,119.14201139220583
particle_size,size_mean,rf_combined,RF: combined,combined,3,1021,10.1073/pnas.1209367109,145.8,110.27477006038409
particle_size,size_mean,rf_combined,RF: combined,combined,3,1088,https://dx.doi.org/10.1021/acs.nanolett.0c01386,80.0,119.14201139220583
particle_size,size_mean,rf_combined,RF: combined,combined,3,1089,https://dx.doi.org/10.1021/acs.nanolett.0c01386,90.0,119.14201139220583
particle_size,size_mean,rf_combined,RF: combined,combined,3,1090,https://dx.doi.org/10.1021/acs.nanolett.0c01386,85.0,119.14201139220583
particle_size,size_mean,rf_combined,RF: combined,combined,3,1091,https://dx.doi.org/10.1021/acs.nanolett.0c01386,95.0,119.14201139220583
particle_size,size_mean,rf_combined,RF: combined,combined,3,1092,https://dx.doi.org/10.1021/acs.nanolett.0c01386,100.0,119.14201139220583
particle_size,size_mean,rf_combined,RF: combined,combined,4,444,10.1002/anie.201809056,59.0,83.89979565637152
particle_size,size_mean,rf_combined,RF: combined,combined,4,446,10.1002/anie.201809056,59.0,84.53884089446676
particle_size,size_mean,rf_combined,RF: combined,combined,4,563,10.1039/C9NR02004G,19.0,109.57273694677377
particle_size,size_mean,rf_combined,RF: combined,combined,4,641,https://doi.org/10.1016/j.jpha.2024.100996,66.55,111.64690483982683
particle_size,size_mean,rf_combined,RF: combined,combined,4,642,https://doi.org/10.1016/j.jpha.2024.100996,78.57,109.46883652244838
particle_size,size_mean,rf_combined,RF: combined,combined,4,643,https://doi.org/10.1016/j.jpha.2024.100996,96.95,108.59436770690446
particle_size,size_mean,rf_combined,RF: combined,combined,4,644,https://doi.org/10.1016/j.jpha.2024.100996,94.42,108.64816770690447
particle_size,size_mean,rf_combined,RF: combined,combined,4,645,https://doi.org/10.1016/j.jpha.2024.100996,92.45,108.59436770690446
particle_size,size_mean,rf_combined,RF: combined,combined,4,646,https://doi.org/10.1016/j.jpha.2024.100996,75.26,125.83271651562187
particle_size,size_mean,rf_combined,RF: combined,combined,4,647,https://doi.org/10.1016/j.jpha.2024.100996,77.76,125.83271651562187
particle_size,size_mean,rf_combined,RF: combined,combined,4,648,https://doi.org/10.1016/j.jpha.2024.100996,78.82,125.83271651562187
particle_size,size_mean,rf_combined,RF: combined,combined,4,649,https://doi.org/10.1016/j.jpha.2024.100996,82.88,125.83271651562187
particle_size,size_mean,rf_combined,RF: combined,combined,4,650,https://doi.org/10.1016/j.jpha.2024.100996,69.44,126.0662774362568
particle_size,size_mean,rf_combined,RF: combined,combined,4,651,https://doi.org/10.1016/j.jpha.2024.100996,82.11,127.00613828443781
particle_size,size_mean,rf_combined,RF: combined,combined,4,652,https://doi.org/10.1016/j.jpha.2024.100996,51.13,111.97325610112108
particle_size,size_mean,rf_combined,RF: combined,combined,4,653,https://doi.org/10.1016/j.jpha.2024.100996,50.99,110.32320022086105
particle_size,size_mean,rf_combined,RF: combined,combined,4,654,https://doi.org/10.1016/j.jpha.2024.100996,51.89,109.59221832595205
particle_size,size_mean,rf_combined,RF: combined,combined,4,655,https://doi.org/10.1016/j.jpha.2024.100996,57.25,112.84946660039957
particle_size,size_mean,rf_combined,RF: combined,combined,4,656,https://doi.org/10.1016/j.jpha.2024.100996,57.0,112.84946660039957
particle_size,size_mean,rf_combined,RF: combined,combined,4,657,https://doi.org/10.1016/j.jpha.2024.100996,57.13,109.53841832595205
particle_size,size_mean,rf_combined,RF: combined,combined,4,658,https://doi.org/10.1016/j.jpha.2024.100996,55.88,91.88946333455043
particle_size,size_mean,rf_combined,RF: combined,combined,4,659,https://doi.org/10.1016/j.jpha.2024.100996,57.44,96.46014718351849
particle_size,size_mean,rf_combined,RF: combined,combined,4,660,https://doi.org/10.1016/j.jpha.2024.100996,56.43,96.46014718351849
particle_size,size_mean,rf_combined,RF: combined,combined,4,661,https://doi.org/10.1016/j.jpha.2024.100996,51.82,94.36190975268785
particle_size,size_mean,rf_combined,RF: combined,combined,4,662,https://doi.org/10.1016/j.jpha.2024.100996,56.13,91.88946333455043
particle_size,size_mean,rf_combined,RF: combined,combined,4,663,https://doi.org/10.1016/j.jpha.2024.100996,51.08,95.67855166818413
particle_size,size_mean,rf_combined,RF: combined,combined,4,664,https://doi.org/10.1016/j.jpha.2024.100996,54.7,91.88946333455043
particle_size,size_mean,rf_combined,RF: combined,combined,4,778,10.1002/btm2.10580,118.9,104.7159390883824
particle_size,size_mean,rf_combined,RF: combined,combined,4,779,10.1002/btm2.10580,109.9,105.48220620036216
particle_size,size_mean,rf_combined,RF: combined,combined,4,780,10.1002/btm2.10580,112.9,107.54235253540502
particle_size,size_mean,rf_combined,RF: combined,combined,4,781,10.1002/btm2.10580,123.3,91.88946333455043
particle_size,size_mean,rf_combined,RF: combined,combined,4,782,10.1002/btm2.10580,109.8,81.95248032226955
particle_size,size_mean,rf_combined,RF: combined,combined,4,783,10.1002/btm2.10580,111.2,77.02349293795095
particle_size,size_mean,rf_combined,RF: combined,combined,4,784,10.1002/btm2.10580,108.1,81.63627015485163
particle_size,size_mean,rf_combined,RF: combined,combined,4,785,10.1002/btm2.10580,113.9,85.49355995013151
particle_size,size_mean,rf_combined,RF: combined,combined,4,875,https://doi.org/10.1101/2023.11.09.565872,78.7,81.95248032226955
particle_size,size_mean,rf_combined,RF: combined,combined,4,876,https://doi.org/10.1101/2023.11.09.565872,92.16,81.63627015485163
particle_size,size_mean,rf_combined,RF: combined,combined,4,913,https://doi.org/10.1038/s41434-022-00370-1,52.0,99.40069204048827
particle_size,size_mean,rf_combined,RF: combined,combined,4,914,https://doi.org/10.1038/s41434-022-00370-1,86.0,91.88946333455043
particle_size,size_mean,rf_combined,RF: combined,combined,4,915,https://doi.org/10.1038/s41434-022-00370-1,216.0,108.96063069851976
particle_size,size_mean,rf_combined,RF: combined,combined,4,1005,10.1002/smll.201805097,149.2,141.00666978066374
particle_size,size_mean,rf_combined,RF: combined,combined,4,1006,10.1002/smll.201805097,161.6,135.72067511066697
particle_size,size_mean,rf_combined,RF: combined,combined,4,1007,10.1002/smll.201805097,166.6,99.34758424278505
particle_size,size_mean,rf_combined,RF: combined,combined,4,1008,10.1002/smll.201805097,173.9,89.04085072965933
particle_size,size_mean,rf_combined,RF: combined,combined,4,1009,10.1002/smll.201805097,160.0,89.50845513403272
particle_size,size_mean,rf_combined,RF: combined,combined,4,1010,10.1002/smll.201805097,163.2,86.73640736729945
particle_size,size_mean,rf_combined,RF: combined,combined,4,1011,10.1002/smll.201805097,138.9,85.94290966863701
particle_size,size_mean,rf_combined,RF: combined,combined,4,1012,10.1002/smll.201805097,139.5,85.54373295135427
particle_size,size_mean,rf_combined,RF: combined,combined,4,1013,10.1002/smll.201805097,118.5,83.3994603222954
particle_size,size_mean,rf_combined,RF: combined,combined,4,1014,10.1002/smll.201805097,180.7,82.68279955281488
particle_size,size_mean,rf_combined,RF: combined,combined,4,1015,10.1002/smll.201805097,190.7,80.0814163441069
particle_size,size_mean,rf_combined,RF: combined,combined,5,63,https://doi.org/10.1016/j.omtn.2019.01.013,96.0,84.29178656324241
particle_size,size_mean,rf_combined,RF: combined,combined,5,64,https://doi.org/10.1016/j.omtn.2019.01.013,96.0,88.025844611111
particle_size,size_mean,rf_combined,RF: combined,combined,5,113,https://doi.org/10.1016/j.ymthe.2018.03.010,93.8,120.14764826190473
particle_size,size_mean,rf_combined,RF: combined,combined,5,114,https://doi.org/10.1016/j.ymthe.2018.03.010,179.4,87.20652537229437
particle_size,size_mean,rf_combined,RF: combined,combined,5,115,https://doi.org/10.1016/j.ymthe.2018.03.010,140.4,88.82898930158727
particle_size,size_mean,rf_combined,RF: combined,combined,5,116,https://doi.org/10.1016/j.ymthe.2018.03.010,73.1,87.57539060750352
particle_size,size_mean,rf_combined,RF: combined,combined,5,117,https://doi.org/10.1016/j.ymthe.2018.03.010,86.2,83.35319767343769
particle_size,size_mean,rf_combined,RF: combined,combined,5,118,https://doi.org/10.1016/j.ymthe.2018.03.010,66.8,90.32806874372038
particle_size,size_mean,rf_combined,RF: combined,combined,5,119,https://doi.org/10.1016/j.ymthe.2018.03.010,130.1,89.71684927904447
particle_size,size_mean,rf_combined,RF: combined,combined,5,120,https://doi.org/10.1016/j.ymthe.2018.03.010,85.8,82.4704817528028
particle_size,size_mean,rf_combined,RF: combined,combined,5,121,https://doi.org/10.1016/j.ymthe.2018.03.010,91.9,77.76046704184706
particle_size,size_mean,rf_combined,RF: combined,combined,5,122,https://doi.org/10.1016/j.ymthe.2018.03.010,69.6,88.16547181417603
particle_size,size_mean,rf_combined,RF: combined,combined,5,123,https://doi.org/10.1016/j.ymthe.2018.03.010,85.6,84.29178656324241
particle_size,size_mean,rf_combined,RF: combined,combined,5,198,10.1002/adma.201606944,75.0,83.47199589438334
particle_size,size_mean,rf_combined,RF: combined,combined,5,199,10.1002/adma.201606944,75.0,83.47199589438334
particle_size,size_mean,rf_combined,RF: combined,combined,5,450,10.1016/j.jconrel.2019.10.028,82.4,90.85982208369404
particle_size,size_mean,rf_combined,RF: combined,combined,5,451,10.1016/j.jconrel.2019.10.028,90.77,101.54434591131097
particle_size,size_mean,rf_combined,RF: combined,combined,5,452,10.1016/j.jconrel.2019.10.028,78.53,89.69393846153847
particle_size,size_mean,rf_combined,RF: combined,combined,5,453,10.1016/j.jconrel.2019.10.028,81.49,88.89638498901094
particle_size,size_mean,rf_combined,RF: combined,combined,5,454,10.1016/j.jconrel.2019.10.028,74.42,88.87464733244526
particle_size,size_mean,rf_combined,RF: combined,combined,5,455,10.1016/j.jconrel.2019.10.028,82.03,84.84630367249414
particle_size,size_mean,rf_combined,RF: combined,combined,5,456,10.1016/j.jconrel.2019.10.028,79.23,84.93414839110886
particle_size,size_mean,rf_combined,RF: combined,combined,5,457,10.1016/j.jconrel.2019.10.028,83.25,83.84598321284263
particle_size,size_mean,rf_combined,RF: combined,combined,5,458,10.1016/j.jconrel.2019.10.028,81.4,84.32003413347752
particle_size,size_mean,rf_combined,RF: combined,combined,5,459,10.1016/j.jconrel.2019.10.028,75.58,87.67987165811967
particle_size,size_mean,rf_combined,RF: combined,combined,5,460,10.1016/j.jconrel.2019.10.028,83.55,83.28313399855692
particle_size,size_mean,rf_combined,RF: combined,combined,5,461,10.1016/j.jconrel.2019.10.028,88.09,83.28313399855692
particle_size,size_mean,rf_combined,RF: combined,combined,5,462,10.1016/j.jconrel.2019.10.028,83.36,83.28313399855692
particle_size,size_mean,rf_combined,RF: combined,combined,5,463,10.1016/j.jconrel.2019.10.028,77.32,83.28313399855692
particle_size,size_mean,rf_combined,RF: combined,combined,5,464,10.1016/j.jconrel.2019.10.028,84.71,83.28313399855692
particle_size,size_mean,rf_combined,RF: combined,combined,5,465,10.1016/j.jconrel.2019.10.028,80.85,83.28313399855692
particle_size,size_mean,rf_combined,RF: combined,combined,5,756,https://doi.org/10.1016/j.ijpharm.2023.123050,107.0,97.52771277539124
particle_size,size_mean,rf_combined,RF: combined,combined,5,763,https://doi.org/10.1016/j.ijpharm.2023.123050,145.0,97.52771277539124
particle_size,size_mean,rf_combined,RF: combined,combined,5,773,https://doi.org/10.1016/j.ijpharm.2023.123050,71.0,99.78714107936501
particle_size,size_mean,rf_combined,RF: combined,combined,5,803,https://doi.org/10.1038/s41467-022-33157-4,120.5,94.5294239894697
particle_size,size_mean,rf_combined,RF: combined,combined,5,804,https://doi.org/10.1038/s41467-022-33157-4,210.0,98.20377751505524
particle_size,size_mean,rf_combined,RF: combined,combined,5,805,https://doi.org/10.1038/s41467-022-33157-4,180.0,99.75432527984603
particle_size,size_mean,rf_combined,RF: combined,combined,5,806,https://doi.org/10.1038/s41467-022-33157-4,150.0,98.02812942847517
particle_size,size_mean,rf_combined,RF: combined,combined,5,807,https://doi.org/10.1038/s41467-022-33157-4,120.5,94.5294239894697
particle_size,size_mean,rf_combined,RF: combined,combined,5,808,https://doi.org/10.1038/s41467-022-33157-4,100.0,93.4040215173144
particle_size,size_mean,rf_combined,RF: combined,combined,5,812,https://doi.org/10.1038/s41467-022-33157-4,113.0,94.5294239894697
particle_size,size_mean,rf_combined,RF: combined,combined,5,932,https://doi.org/10.1248/cpb.c24-00089,213.5,119.38519850360757
particle_size,size_mean,rf_combined,RF: combined,combined,5,933,https://doi.org/10.1248/cpb.c24-00089,83.0,119.38519850360757
particle_size,size_mean,rf_combined,RF: combined,combined,5,934,https://doi.org/10.1248/cpb.c24-00089,77.0,119.38519850360757
particle_size,size_mean,rf_combined,RF: combined,combined,5,935,https://doi.org/10.1248/cpb.c24-00089,200.0,119.38519850360757
particle_size,size_mean,rf_combined,RF: combined,combined,5,936,https://doi.org/10.1248/cpb.c24-00089,186.0,119.38519850360757
particle_size,size_mean,rf_combined,RF: combined,combined,5,937,https://doi.org/10.1248/cpb.c24-00089,81.0,119.38519850360757
particle_size,size_mean,rf_combined,RF: combined,combined,5,938,https://doi.org/10.1248/cpb.c24-00089,109.0,119.38519850360757
particle_size,size_mean,rf_combined,RF: combined,combined,5,939,https://doi.org/10.1248/cpb.c24-00089,139.0,119.38519850360757
particle_size,size_mean,rf_combined,RF: combined,combined,5,940,https://doi.org/10.1248/cpb.c24-00089,199.0,119.38519850360757
pdi,pdi_mean,baseline_mean,Mean baseline,none,1,202,https://doi.org/10.1038/s41467-024-45422-9,0.4,0.15388857142857143
pdi,pdi_mean,baseline_mean,Mean baseline,none,1,203,https://doi.org/10.1038/s41467-024-45422-9,0.35,0.15388857142857143
pdi,pdi_mean,baseline_mean,Mean baseline,none,1,204,https://doi.org/10.1038/s41467-024-45422-9,0.29,0.15388857142857143
pdi,pdi_mean,baseline_mean,Mean baseline,none,1,205,https://doi.org/10.1038/s41467-024-45422-9,0.29,0.15388857142857143
pdi,pdi_mean,baseline_mean,Mean baseline,none,1,206,https://doi.org/10.1038/s41467-024-45422-9,0.34,0.15388857142857143
pdi,pdi_mean,baseline_mean,Mean baseline,none,1,207,https://doi.org/10.1038/s41467-024-45422-9,0.31,0.15388857142857143
pdi,pdi_mean,baseline_mean,Mean baseline,none,1,208,https://doi.org/10.1038/s41467-024-45422-9,0.25,0.15388857142857143
pdi,pdi_mean,baseline_mean,Mean baseline,none,1,209,https://doi.org/10.1038/s41467-024-45422-9,0.41,0.15388857142857143
pdi,pdi_mean,baseline_mean,Mean baseline,none,1,210,https://doi.org/10.1038/s41467-024-45422-9,0.21,0.15388857142857143
pdi,pdi_mean,baseline_mean,Mean baseline,none,1,211,https://doi.org/10.1038/s41467-024-45422-9,0.4,0.15388857142857143
pdi,pdi_mean,baseline_mean,Mean baseline,none,1,212,https://doi.org/10.1038/s41467-024-45422-9,0.15,0.15388857142857143
pdi,pdi_mean,baseline_mean,Mean baseline,none,1,213,https://doi.org/10.1038/s41467-024-45422-9,0.22,0.15388857142857143
pdi,pdi_mean,baseline_mean,Mean baseline,none,1,214,https://doi.org/10.1038/s41467-024-45422-9,0.21,0.15388857142857143
pdi,pdi_mean,baseline_mean,Mean baseline,none,1,215,https://doi.org/10.1038/s41467-024-45422-9,0.24,0.15388857142857143
pdi,pdi_mean,baseline_mean,Mean baseline,none,1,216,https://doi.org/10.1038/s41467-024-45422-9,0.31,0.15388857142857143
pdi,pdi_mean,baseline_mean,Mean baseline,none,1,217,https://doi.org/10.1038/s41467-024-45422-9,0.25,0.15388857142857143
pdi,pdi_mean,baseline_mean,Mean baseline,none,1,218,https://doi.org/10.1038/s41467-024-45422-9,0.27,0.15388857142857143
pdi,pdi_mean,baseline_mean,Mean baseline,none,1,219,https://doi.org/10.1038/s41467-024-45422-9,0.21,0.15388857142857143
pdi,pdi_mean,baseline_mean,Mean baseline,none,1,220,https://doi.org/10.1038/s41467-024-45422-9,0.23,0.15388857142857143
pdi,pdi_mean,baseline_mean,Mean baseline,none,1,221,https://doi.org/10.1038/s41467-024-45422-9,0.21,0.15388857142857143
pdi,pdi_mean,baseline_mean,Mean baseline,none,1,222,https://doi.org/10.1038/s41467-024-45422-9,0.27,0.15388857142857143
pdi,pdi_mean,baseline_mean,Mean baseline,none,1,223,https://doi.org/10.1038/s41467-024-45422-9,0.22,0.15388857142857143
pdi,pdi_mean,baseline_mean,Mean baseline,none,1,224,https://doi.org/10.1038/s41467-024-45422-9,0.25,0.15388857142857143
pdi,pdi_mean,baseline_mean,Mean baseline,none,1,225,https://doi.org/10.1038/s41467-024-45422-9,0.23,0.15388857142857143
pdi,pdi_mean,baseline_mean,Mean baseline,none,1,227,https://doi.org/10.1038/s41467-024-45422-9,0.18,0.15388857142857143
pdi,pdi_mean,baseline_mean,Mean baseline,none,1,228,https://doi.org/10.1038/s41467-024-45422-9,0.26,0.15388857142857143
pdi,pdi_mean,baseline_mean,Mean baseline,none,1,229,https://doi.org/10.1038/s41467-024-45422-9,0.2,0.15388857142857143
pdi,pdi_mean,baseline_mean,Mean baseline,none,1,230,https://doi.org/10.1038/s41467-024-45422-9,0.23,0.15388857142857143
pdi,pdi_mean,baseline_mean,Mean baseline,none,1,231,https://doi.org/10.1038/s41467-024-45422-9,0.18,0.15388857142857143
pdi,pdi_mean,baseline_mean,Mean baseline,none,1,232,https://doi.org/10.1038/s41467-024-45422-9,0.14,0.15388857142857143
pdi,pdi_mean,baseline_mean,Mean baseline,none,1,233,https://doi.org/10.1038/s41467-024-45422-9,0.23,0.15388857142857143
pdi,pdi_mean,baseline_mean,Mean baseline,none,1,234,https://doi.org/10.1038/s41467-024-45422-9,0.19,0.15388857142857143
pdi,pdi_mean,baseline_mean,Mean baseline,none,1,235,https://doi.org/10.1038/s41467-024-45422-9,0.17,0.15388857142857143
pdi,pdi_mean,baseline_mean,Mean baseline,none,1,236,https://doi.org/10.1038/s41467-024-45422-9,0.1,0.15388857142857143
pdi,pdi_mean,baseline_mean,Mean baseline,none,1,237,https://doi.org/10.1038/s41467-024-45422-9,0.18,0.15388857142857143
pdi,pdi_mean,baseline_mean,Mean baseline,none,1,238,https://doi.org/10.1038/s41467-024-45422-9,0.16,0.15388857142857143
pdi,pdi_mean,baseline_mean,Mean baseline,none,1,239,https://doi.org/10.1038/s41467-024-45422-9,0.19,0.15388857142857143
pdi,pdi_mean,baseline_mean,Mean baseline,none,1,240,https://doi.org/10.1038/s41467-024-45422-9,0.13,0.15388857142857143
pdi,pdi_mean,baseline_mean,Mean baseline,none,1,241,https://doi.org/10.1038/s41467-024-45422-9,0.14,0.15388857142857143
pdi,pdi_mean,baseline_mean,Mean baseline,none,1,242,https://doi.org/10.1038/s41467-024-45422-9,0.22,0.15388857142857143
pdi,pdi_mean,baseline_mean,Mean baseline,none,1,243,https://doi.org/10.1038/s41467-024-45422-9,0.12,0.15388857142857143
pdi,pdi_mean,baseline_mean,Mean baseline,none,1,244,https://doi.org/10.1038/s41467-024-45422-9,0.16,0.15388857142857143
pdi,pdi_mean,baseline_mean,Mean baseline,none,1,245,https://doi.org/10.1038/s41467-024-45422-9,0.15,0.15388857142857143
pdi,pdi_mean,baseline_mean,Mean baseline,none,1,246,https://doi.org/10.1038/s41467-024-45422-9,0.16,0.15388857142857143
pdi,pdi_mean,baseline_mean,Mean baseline,none,1,247,https://doi.org/10.1038/s41467-024-45422-9,0.16,0.15388857142857143
pdi,pdi_mean,baseline_mean,Mean baseline,none,1,248,https://doi.org/10.1038/s41467-024-45422-9,0.1,0.15388857142857143
pdi,pdi_mean,baseline_mean,Mean baseline,none,1,249,https://doi.org/10.1038/s41467-024-45422-9,0.14,0.15388857142857143
pdi,pdi_mean,baseline_mean,Mean baseline,none,1,250,https://doi.org/10.1038/s41467-024-45422-9,0.14,0.15388857142857143
pdi,pdi_mean,baseline_mean,Mean baseline,none,1,251,https://doi.org/10.1038/s41467-024-45422-9,0.26,0.15388857142857143
pdi,pdi_mean,baseline_mean,Mean baseline,none,1,252,https://doi.org/10.1038/s41467-024-45422-9,0.19,0.15388857142857143
pdi,pdi_mean,baseline_mean,Mean baseline,none,1,253,https://doi.org/10.1038/s41467-024-45422-9,0.23,0.15388857142857143
pdi,pdi_mean,baseline_mean,Mean baseline,none,1,254,https://doi.org/10.1038/s41467-024-45422-9,0.1,0.15388857142857143
pdi,pdi_mean,baseline_mean,Mean baseline,none,1,255,https://doi.org/10.1038/s41467-024-45422-9,0.13,0.15388857142857143
pdi,pdi_mean,baseline_mean,Mean baseline,none,1,256,https://doi.org/10.1038/s41467-024-45422-9,0.21,0.15388857142857143
pdi,pdi_mean,baseline_mean,Mean baseline,none,1,257,https://doi.org/10.1038/s41467-024-45422-9,0.16,0.15388857142857143
pdi,pdi_mean,baseline_mean,Mean baseline,none,1,258,https://doi.org/10.1038/s41467-024-45422-9,0.25,0.15388857142857143
pdi,pdi_mean,baseline_mean,Mean baseline,none,1,259,https://doi.org/10.1038/s41467-024-45422-9,0.25,0.15388857142857143
pdi,pdi_mean,baseline_mean,Mean baseline,none,1,260,https://doi.org/10.1038/s41467-024-45422-9,0.16,0.15388857142857143
pdi,pdi_mean,baseline_mean,Mean baseline,none,1,261,https://doi.org/10.1038/s41467-024-45422-9,0.2,0.15388857142857143
pdi,pdi_mean,baseline_mean,Mean baseline,none,1,262,https://doi.org/10.1038/s41467-024-45422-9,0.25,0.15388857142857143
pdi,pdi_mean,baseline_mean,Mean baseline,none,1,263,https://doi.org/10.1038/s41467-024-45422-9,0.22,0.15388857142857143
pdi,pdi_mean,baseline_mean,Mean baseline,none,1,264,https://doi.org/10.1038/s41467-024-45422-9,0.18,0.15388857142857143
pdi,pdi_mean,baseline_mean,Mean baseline,none,1,265,https://doi.org/10.1038/s41467-024-45422-9,0.22,0.15388857142857143
pdi,pdi_mean,baseline_mean,Mean baseline,none,1,266,https://doi.org/10.1038/s41467-024-45422-9,0.12,0.15388857142857143
pdi,pdi_mean,baseline_mean,Mean baseline,none,1,267,https://doi.org/10.1038/s41467-024-45422-9,0.12,0.15388857142857143
pdi,pdi_mean,baseline_mean,Mean baseline,none,1,268,https://doi.org/10.1038/s41467-024-45422-9,0.13,0.15388857142857143
pdi,pdi_mean,baseline_mean,Mean baseline,none,1,269,https://doi.org/10.1038/s41467-024-45422-9,0.08,0.15388857142857143
pdi,pdi_mean,baseline_mean,Mean baseline,none,1,270,https://doi.org/10.1038/s41467-024-45422-9,0.18,0.15388857142857143
pdi,pdi_mean,baseline_mean,Mean baseline,none,1,271,https://doi.org/10.1038/s41467-024-45422-9,0.07,0.15388857142857143
pdi,pdi_mean,baseline_mean,Mean baseline,none,1,272,https://doi.org/10.1038/s41467-024-45422-9,0.1,0.15388857142857143
pdi,pdi_mean,baseline_mean,Mean baseline,none,1,273,https://doi.org/10.1038/s41467-024-45422-9,0.12,0.15388857142857143
pdi,pdi_mean,baseline_mean,Mean baseline,none,1,274,https://doi.org/10.1038/s41467-024-45422-9,0.11,0.15388857142857143
pdi,pdi_mean,baseline_mean,Mean baseline,none,1,275,https://doi.org/10.1038/s41467-024-45422-9,0.18,0.15388857142857143
pdi,pdi_mean,baseline_mean,Mean baseline,none,1,276,https://doi.org/10.1038/s41467-024-45422-9,0.23,0.15388857142857143
pdi,pdi_mean,baseline_mean,Mean baseline,none,1,277,https://doi.org/10.1038/s41467-024-45422-9,0.13,0.15388857142857143
pdi,pdi_mean,baseline_mean,Mean baseline,none,1,278,https://doi.org/10.1038/s41467-024-45422-9,0.09,0.15388857142857143
pdi,pdi_mean,baseline_mean,Mean baseline,none,1,279,https://doi.org/10.1038/s41467-024-45422-9,0.29,0.15388857142857143
pdi,pdi_mean,baseline_mean,Mean baseline,none,1,280,https://doi.org/10.1038/s41467-024-45422-9,0.25,0.15388857142857143
pdi,pdi_mean,baseline_mean,Mean baseline,none,1,281,https://doi.org/10.1038/s41467-024-45422-9,0.24,0.15388857142857143
pdi,pdi_mean,baseline_mean,Mean baseline,none,1,282,https://doi.org/10.1038/s41467-024-45422-9,0.21,0.15388857142857143
pdi,pdi_mean,baseline_mean,Mean baseline,none,1,283,https://doi.org/10.1038/s41467-024-45422-9,0.16,0.15388857142857143
pdi,pdi_mean,baseline_mean,Mean baseline,none,1,284,https://doi.org/10.1038/s41467-024-45422-9,0.15,0.15388857142857143
pdi,pdi_mean,baseline_mean,Mean baseline,none,1,285,https://doi.org/10.1038/s41467-024-45422-9,0.26,0.15388857142857143
pdi,pdi_mean,baseline_mean,Mean baseline,none,1,286,https://doi.org/10.1038/s41467-024-45422-9,0.3,0.15388857142857143
pdi,pdi_mean,baseline_mean,Mean baseline,none,1,288,https://doi.org/10.1038/s41467-024-45422-9,0.23,0.15388857142857143
pdi,pdi_mean,baseline_mean,Mean baseline,none,1,289,https://doi.org/10.1038/s41467-024-45422-9,0.16,0.15388857142857143
pdi,pdi_mean,baseline_mean,Mean baseline,none,1,290,https://doi.org/10.1038/s41467-024-45422-9,0.19,0.15388857142857143
pdi,pdi_mean,baseline_mean,Mean baseline,none,1,291,https://doi.org/10.1038/s41467-024-45422-9,0.24,0.15388857142857143
pdi,pdi_mean,baseline_mean,Mean baseline,none,1,292,https://doi.org/10.1038/s41467-024-45422-9,0.22,0.15388857142857143
pdi,pdi_mean,baseline_mean,Mean baseline,none,1,293,https://doi.org/10.1038/s41467-024-45422-9,0.27,0.15388857142857143
pdi,pdi_mean,baseline_mean,Mean baseline,none,1,294,https://doi.org/10.1038/s41467-024-45422-9,0.21,0.15388857142857143
pdi,pdi_mean,baseline_mean,Mean baseline,none,1,295,https://doi.org/10.1038/s41467-024-45422-9,0.13,0.15388857142857143
pdi,pdi_mean,baseline_mean,Mean baseline,none,1,296,https://doi.org/10.1038/s41467-024-45422-9,0.16,0.15388857142857143
pdi,pdi_mean,baseline_mean,Mean baseline,none,1,297,https://doi.org/10.1038/s41467-024-45422-9,0.25,0.15388857142857143
pdi,pdi_mean,baseline_mean,Mean baseline,none,1,298,https://doi.org/10.1038/s41467-024-45422-9,0.16,0.15388857142857143
pdi,pdi_mean,baseline_mean,Mean baseline,none,2,444,10.1002/anie.201809056,0.055,0.172320796460177
pdi,pdi_mean,baseline_mean,Mean baseline,none,2,446,10.1002/anie.201809056,0.041,0.172320796460177
pdi,pdi_mean,baseline_mean,Mean baseline,none,2,756,https://doi.org/10.1016/j.ijpharm.2023.123050,0.02,0.172320796460177
pdi,pdi_mean,baseline_mean,Mean baseline,none,2,763,https://doi.org/10.1016/j.ijpharm.2023.123050,0.1,0.172320796460177
pdi,pdi_mean,baseline_mean,Mean baseline,none,2,773,https://doi.org/10.1016/j.ijpharm.2023.123050,0.05,0.172320796460177
pdi,pdi_mean,baseline_mean,Mean baseline,none,2,959,https://doi.org/10.1038/s41587-019-0247-3,0.2,0.172320796460177
pdi,pdi_mean,baseline_mean,Mean baseline,none,2,960,https://doi.org/10.1038/s41587-019-0247-3,0.1,0.172320796460177
pdi,pdi_mean,baseline_mean,Mean baseline,none,2,961,https://doi.org/10.1038/s41587-019-0247-3,0.2,0.172320796460177
pdi,pdi_mean,baseline_mean,Mean baseline,none,2,962,https://doi.org/10.1038/s41587-019-0247-3,0.2,0.172320796460177
pdi,pdi_mean,baseline_mean,Mean baseline,none,2,963,https://doi.org/10.1038/s41587-019-0247-3,0.3,0.172320796460177
pdi,pdi_mean,baseline_mean,Mean baseline,none,2,964,https://doi.org/10.1038/s41587-019-0247-3,0.3,0.172320796460177
pdi,pdi_mean,baseline_mean,Mean baseline,none,2,965,https://doi.org/10.1038/s41587-019-0247-3,0.2,0.172320796460177
pdi,pdi_mean,baseline_mean,Mean baseline,none,2,966,https://doi.org/10.1038/s41587-019-0247-3,0.2,0.172320796460177
pdi,pdi_mean,baseline_mean,Mean baseline,none,2,967,https://doi.org/10.1038/s41587-019-0247-3,0.3,0.172320796460177
pdi,pdi_mean,baseline_mean,Mean baseline,none,2,968,https://doi.org/10.1038/s41587-019-0247-3,0.2,0.172320796460177
pdi,pdi_mean,baseline_mean,Mean baseline,none,2,969,https://doi.org/10.1038/s41587-019-0247-3,0.2,0.172320796460177
pdi,pdi_mean,baseline_mean,Mean baseline,none,2,970,https://doi.org/10.1038/s41587-019-0247-3,0.2,0.172320796460177
pdi,pdi_mean,baseline_mean,Mean baseline,none,2,971,https://doi.org/10.1038/s41587-019-0247-3,0.2,0.172320796460177
pdi,pdi_mean,baseline_mean,Mean baseline,none,2,972,https://doi.org/10.1038/s41587-019-0247-3,0.2,0.172320796460177
pdi,pdi_mean,baseline_mean,Mean baseline,none,2,973,https://doi.org/10.1038/s41587-019-0247-3,0.2,0.172320796460177
pdi,pdi_mean,baseline_mean,Mean baseline,none,2,974,https://doi.org/10.1038/s41587-019-0247-3,0.1,0.172320796460177
pdi,pdi_mean,baseline_mean,Mean baseline,none,2,975,https://doi.org/10.1038/s41587-019-0247-3,0.3,0.172320796460177
pdi,pdi_mean,baseline_mean,Mean baseline,none,2,976,https://doi.org/10.1038/s41587-019-0247-3,0.2,0.172320796460177
pdi,pdi_mean,baseline_mean,Mean baseline,none,2,977,https://doi.org/10.1038/s41587-019-0247-3,0.2,0.172320796460177
pdi,pdi_mean,baseline_mean,Mean baseline,none,2,978,https://doi.org/10.1038/s41587-019-0247-3,0.3,0.172320796460177
pdi,pdi_mean,baseline_mean,Mean baseline,none,2,979,https://doi.org/10.1038/s41587-019-0247-3,0.1,0.172320796460177
pdi,pdi_mean,baseline_mean,Mean baseline,none,2,980,https://doi.org/10.1038/s41587-019-0247-3,0.1,0.172320796460177
pdi,pdi_mean,baseline_mean,Mean baseline,none,2,981,https://doi.org/10.1038/s41587-019-0247-3,0.2,0.172320796460177
pdi,pdi_mean,baseline_mean,Mean baseline,none,2,982,https://doi.org/10.1038/s41587-019-0247-3,0.3,0.172320796460177
pdi,pdi_mean,baseline_mean,Mean baseline,none,2,983,https://doi.org/10.1038/s41587-019-0247-3,0.2,0.172320796460177
pdi,pdi_mean,baseline_mean,Mean baseline,none,2,984,https://doi.org/10.1038/s41587-019-0247-3,0.1,0.172320796460177
pdi,pdi_mean,baseline_mean,Mean baseline,none,2,985,https://doi.org/10.1038/s41587-019-0247-3,0.2,0.172320796460177
pdi,pdi_mean,baseline_mean,Mean baseline,none,2,986,https://doi.org/10.1038/s41587-019-0247-3,0.2,0.172320796460177
pdi,pdi_mean,baseline_mean,Mean baseline,none,2,987,https://doi.org/10.1038/s41587-019-0247-3,0.1,0.172320796460177
pdi,pdi_mean,baseline_mean,Mean baseline,none,2,988,https://doi.org/10.1038/s41587-019-0247-3,0.1,0.172320796460177
pdi,pdi_mean,baseline_mean,Mean baseline,none,2,989,https://doi.org/10.1038/s41587-019-0247-3,0.2,0.172320796460177
pdi,pdi_mean,baseline_mean,Mean baseline,none,2,990,https://doi.org/10.1038/s41587-019-0247-3,0.2,0.172320796460177
pdi,pdi_mean,baseline_mean,Mean baseline,none,2,991,https://doi.org/10.1038/s41587-019-0247-3,0.1,0.172320796460177
pdi,pdi_mean,baseline_mean,Mean baseline,none,2,992,https://doi.org/10.1038/s41587-019-0247-3,0.2,0.172320796460177
pdi,pdi_mean,baseline_mean,Mean baseline,none,2,1088,https://dx.doi.org/10.1021/acs.nanolett.0c01386,0.05,0.172320796460177
pdi,pdi_mean,baseline_mean,Mean baseline,none,2,1089,https://dx.doi.org/10.1021/acs.nanolett.0c01386,0.08,0.172320796460177
pdi,pdi_mean,baseline_mean,Mean baseline,none,2,1090,https://dx.doi.org/10.1021/acs.nanolett.0c01386,0.07,0.172320796460177
pdi,pdi_mean,baseline_mean,Mean baseline,none,2,1091,https://dx.doi.org/10.1021/acs.nanolett.0c01386,0.1,0.172320796460177
pdi,pdi_mean,baseline_mean,Mean baseline,none,2,1092,https://dx.doi.org/10.1021/acs.nanolett.0c01386,0.12,0.172320796460177
pdi,pdi_mean,baseline_mean,Mean baseline,none,3,2,https://doi.org/10.1038/s41467-024-50619-z,0.14,0.1786172566371681
pdi,pdi_mean,baseline_mean,Mean baseline,none,3,3,https://doi.org/10.1038/s41467-024-50619-z,0.14,0.1786172566371681
pdi,pdi_mean,baseline_mean,Mean baseline,none,3,4,https://doi.org/10.1038/s41467-024-50619-z,0.09,0.1786172566371681
pdi,pdi_mean,baseline_mean,Mean baseline,none,3,5,https://doi.org/10.1038/s41467-024-50619-z,0.17,0.1786172566371681
pdi,pdi_mean,baseline_mean,Mean baseline,none,3,6,https://doi.org/10.1038/s41467-024-50619-z,0.14,0.1786172566371681
pdi,pdi_mean,baseline_mean,Mean baseline,none,3,7,https://doi.org/10.1038/s41467-024-50619-z,0.15,0.1786172566371681
pdi,pdi_mean,baseline_mean,Mean baseline,none,3,8,https://doi.org/10.1038/s41467-024-50619-z,0.01,0.1786172566371681
pdi,pdi_mean,baseline_mean,Mean baseline,none,3,9,https://doi.org/10.1038/s41467-024-50619-z,0.09,0.1786172566371681
pdi,pdi_mean,baseline_mean,Mean baseline,none,3,10,https://doi.org/10.1038/s41467-024-50619-z,0.15,0.1786172566371681
pdi,pdi_mean,baseline_mean,Mean baseline,none,3,11,https://doi.org/10.1038/s41467-024-50619-z,0.16,0.1786172566371681
pdi,pdi_mean,baseline_mean,Mean baseline,none,3,12,https://doi.org/10.1038/s41467-024-50619-z,0.17,0.1786172566371681
pdi,pdi_mean,baseline_mean,Mean baseline,none,3,13,https://doi.org/10.1038/s41467-024-50619-z,0.02,0.1786172566371681
pdi,pdi_mean,baseline_mean,Mean baseline,none,3,14,https://doi.org/10.1038/s41467-024-50619-z,0.12,0.1786172566371681
pdi,pdi_mean,baseline_mean,Mean baseline,none,3,15,https://doi.org/10.1038/s41467-024-50619-z,0.14,0.1786172566371681
pdi,pdi_mean,baseline_mean,Mean baseline,none,3,16,https://doi.org/10.1038/s41467-024-50619-z,0.1,0.1786172566371681
pdi,pdi_mean,baseline_mean,Mean baseline,none,3,17,https://doi.org/10.1038/s41467-024-50619-z,0.12,0.1786172566371681
pdi,pdi_mean,baseline_mean,Mean baseline,none,3,18,https://doi.org/10.1038/s41467-024-50619-z,0.1,0.1786172566371681
pdi,pdi_mean,baseline_mean,Mean baseline,none,3,19,https://doi.org/10.1038/s41467-024-50619-z,0.15,0.1786172566371681
pdi,pdi_mean,baseline_mean,Mean baseline,none,3,20,https://doi.org/10.1038/s41467-024-50619-z,0.1,0.1786172566371681
pdi,pdi_mean,baseline_mean,Mean baseline,none,3,21,https://doi.org/10.1038/s41467-024-50619-z,0.1,0.1786172566371681
pdi,pdi_mean,baseline_mean,Mean baseline,none,3,22,https://doi.org/10.1038/s41467-024-50619-z,0.13,0.1786172566371681
pdi,pdi_mean,baseline_mean,Mean baseline,none,3,23,https://doi.org/10.1038/s41467-024-50619-z,0.16,0.1786172566371681
pdi,pdi_mean,baseline_mean,Mean baseline,none,3,24,https://doi.org/10.1038/s41467-024-50619-z,0.16,0.1786172566371681
pdi,pdi_mean,baseline_mean,Mean baseline,none,3,25,https://doi.org/10.1038/s41467-024-50619-z,0.23,0.1786172566371681
pdi,pdi_mean,baseline_mean,Mean baseline,none,3,26,https://doi.org/10.1038/s41467-024-50619-z,0.14,0.1786172566371681
pdi,pdi_mean,baseline_mean,Mean baseline,none,3,27,https://doi.org/10.1038/s41467-024-50619-z,0.14,0.1786172566371681
pdi,pdi_mean,baseline_mean,Mean baseline,none,3,28,https://doi.org/10.1038/s41467-024-50619-z,0.14,0.1786172566371681
pdi,pdi_mean,baseline_mean,Mean baseline,none,3,29,https://doi.org/10.1038/s41467-024-50619-z,0.15,0.1786172566371681
pdi,pdi_mean,baseline_mean,Mean baseline,none,3,30,https://doi.org/10.1038/s41467-024-50619-z,0.15,0.1786172566371681
pdi,pdi_mean,baseline_mean,Mean baseline,none,3,575,10.1002/jbm.a.37705,0.28,0.1786172566371681
pdi,pdi_mean,baseline_mean,Mean baseline,none,3,576,10.1002/jbm.a.37705,0.18,0.1786172566371681
pdi,pdi_mean,baseline_mean,Mean baseline,none,3,578,10.1002/jbm.a.37705,0.22,0.1786172566371681
pdi,pdi_mean,baseline_mean,Mean baseline,none,3,778,10.1002/btm2.10580,0.168,0.1786172566371681
pdi,pdi_mean,baseline_mean,Mean baseline,none,3,779,10.1002/btm2.10580,0.154,0.1786172566371681
pdi,pdi_mean,baseline_mean,Mean baseline,none,3,780,10.1002/btm2.10580,0.152,0.1786172566371681
pdi,pdi_mean,baseline_mean,Mean baseline,none,3,781,10.1002/btm2.10580,0.153,0.1786172566371681
pdi,pdi_mean,baseline_mean,Mean baseline,none,3,782,10.1002/btm2.10580,0.162,0.1786172566371681
pdi,pdi_mean,baseline_mean,Mean baseline,none,3,783,10.1002/btm2.10580,0.172,0.1786172566371681
pdi,pdi_mean,baseline_mean,Mean baseline,none,3,784,10.1002/btm2.10580,0.166,0.1786172566371681
pdi,pdi_mean,baseline_mean,Mean baseline,none,3,785,10.1002/btm2.10580,0.174,0.1786172566371681
pdi,pdi_mean,baseline_mean,Mean baseline,none,3,913,https://doi.org/10.1038/s41434-022-00370-1,0.004,0.1786172566371681
pdi,pdi_mean,baseline_mean,Mean baseline,none,3,914,https://doi.org/10.1038/s41434-022-00370-1,0.011,0.1786172566371681
pdi,pdi_mean,baseline_mean,Mean baseline,none,3,915,https://doi.org/10.1038/s41434-022-00370-1,0.017,0.1786172566371681
pdi,pdi_mean,baseline_mean,Mean baseline,none,3,1021,10.1073/pnas.1209367109,0.09,0.1786172566371681
pdi,pdi_mean,baseline_mean,Mean baseline,none,4,198,10.1002/adma.201606944,0.197,0.1735199115044248
pdi,pdi_mean,baseline_mean,Mean baseline,none,4,199,10.1002/adma.201606944,0.197,0.1735199115044248
pdi,pdi_mean,baseline_mean,Mean baseline,none,4,509,https://doi.org/10.34133/bmr.0017,0.106,0.1735199115044248
pdi,pdi_mean,baseline_mean,Mean baseline,none,4,510,https://doi.org/10.34133/bmr.0017,0.079,0.1735199115044248
pdi,pdi_mean,baseline_mean,Mean baseline,none,4,511,https://doi.org/10.34133/bmr.0017,0.077,0.1735199115044248
pdi,pdi_mean,baseline_mean,Mean baseline,none,4,512,https://doi.org/10.34133/bmr.0017,0.11,0.1735199115044248
pdi,pdi_mean,baseline_mean,Mean baseline,none,4,513,https://doi.org/10.34133/bmr.0017,0.074,0.1735199115044248
pdi,pdi_mean,baseline_mean,Mean baseline,none,4,635,10.1021/jacs.2c12893,0.11,0.1735199115044248
pdi,pdi_mean,baseline_mean,Mean baseline,none,4,636,10.1021/jacs.2c12893,0.09,0.1735199115044248
pdi,pdi_mean,baseline_mean,Mean baseline,none,4,641,https://doi.org/10.1016/j.jpha.2024.100996,0.12,0.1735199115044248
pdi,pdi_mean,baseline_mean,Mean baseline,none,4,642,https://doi.org/10.1016/j.jpha.2024.100996,0.107,0.1735199115044248
pdi,pdi_mean,baseline_mean,Mean baseline,none,4,643,https://doi.org/10.1016/j.jpha.2024.100996,0.071,0.1735199115044248
pdi,pdi_mean,baseline_mean,Mean baseline,none,4,644,https://doi.org/10.1016/j.jpha.2024.100996,0.069,0.1735199115044248
pdi,pdi_mean,baseline_mean,Mean baseline,none,4,645,https://doi.org/10.1016/j.jpha.2024.100996,0.099,0.1735199115044248
pdi,pdi_mean,baseline_mean,Mean baseline,none,4,646,https://doi.org/10.1016/j.jpha.2024.100996,0.212,0.1735199115044248
pdi,pdi_mean,baseline_mean,Mean baseline,none,4,647,https://doi.org/10.1016/j.jpha.2024.100996,0.208,0.1735199115044248
pdi,pdi_mean,baseline_mean,Mean baseline,none,4,648,https://doi.org/10.1016/j.jpha.2024.100996,0.178,0.1735199115044248
pdi,pdi_mean,baseline_mean,Mean baseline,none,4,649,https://doi.org/10.1016/j.jpha.2024.100996,0.258,0.1735199115044248
pdi,pdi_mean,baseline_mean,Mean baseline,none,4,650,https://doi.org/10.1016/j.jpha.2024.100996,0.222,0.1735199115044248
pdi,pdi_mean,baseline_mean,Mean baseline,none,4,651,https://doi.org/10.1016/j.jpha.2024.100996,0.233,0.1735199115044248
pdi,pdi_mean,baseline_mean,Mean baseline,none,4,652,https://doi.org/10.1016/j.jpha.2024.100996,0.087,0.1735199115044248
pdi,pdi_mean,baseline_mean,Mean baseline,none,4,653,https://doi.org/10.1016/j.jpha.2024.100996,0.073,0.1735199115044248
pdi,pdi_mean,baseline_mean,Mean baseline,none,4,654,https://doi.org/10.1016/j.jpha.2024.100996,0.067,0.1735199115044248
pdi,pdi_mean,baseline_mean,Mean baseline,none,4,655,https://doi.org/10.1016/j.jpha.2024.100996,0.203,0.1735199115044248
pdi,pdi_mean,baseline_mean,Mean baseline,none,4,656,https://doi.org/10.1016/j.jpha.2024.100996,0.211,0.1735199115044248
pdi,pdi_mean,baseline_mean,Mean baseline,none,4,657,https://doi.org/10.1016/j.jpha.2024.100996,0.198,0.1735199115044248
pdi,pdi_mean,baseline_mean,Mean baseline,none,4,658,https://doi.org/10.1016/j.jpha.2024.100996,0.32,0.1735199115044248
pdi,pdi_mean,baseline_mean,Mean baseline,none,4,659,https://doi.org/10.1016/j.jpha.2024.100996,0.374,0.1735199115044248
pdi,pdi_mean,baseline_mean,Mean baseline,none,4,660,https://doi.org/10.1016/j.jpha.2024.100996,0.331,0.1735199115044248
pdi,pdi_mean,baseline_mean,Mean baseline,none,4,661,https://doi.org/10.1016/j.jpha.2024.100996,0.149,0.1735199115044248
pdi,pdi_mean,baseline_mean,Mean baseline,none,4,662,https://doi.org/10.1016/j.jpha.2024.100996,0.156,0.1735199115044248
pdi,pdi_mean,baseline_mean,Mean baseline,none,4,663,https://doi.org/10.1016/j.jpha.2024.100996,0.146,0.1735199115044248
pdi,pdi_mean,baseline_mean,Mean baseline,none,4,664,https://doi.org/10.1016/j.jpha.2024.100996,0.09,0.1735199115044248
pdi,pdi_mean,baseline_mean,Mean baseline,none,4,1005,10.1002/smll.201805097,0.106,0.1735199115044248
pdi,pdi_mean,baseline_mean,Mean baseline,none,4,1006,10.1002/smll.201805097,0.129,0.1735199115044248
pdi,pdi_mean,baseline_mean,Mean baseline,none,4,1007,10.1002/smll.201805097,0.135,0.1735199115044248
pdi,pdi_mean,baseline_mean,Mean baseline,none,4,1008,10.1002/smll.201805097,0.138,0.1735199115044248
pdi,pdi_mean,baseline_mean,Mean baseline,none,4,1009,10.1002/smll.201805097,0.141,0.1735199115044248
pdi,pdi_mean,baseline_mean,Mean baseline,none,4,1010,10.1002/smll.201805097,0.117,0.1735199115044248
pdi,pdi_mean,baseline_mean,Mean baseline,none,4,1011,10.1002/smll.201805097,0.19,0.1735199115044248
pdi,pdi_mean,baseline_mean,Mean baseline,none,4,1012,10.1002/smll.201805097,0.127,0.1735199115044248
pdi,pdi_mean,baseline_mean,Mean baseline,none,4,1013,10.1002/smll.201805097,0.216,0.1735199115044248
pdi,pdi_mean,baseline_mean,Mean baseline,none,4,1014,10.1002/smll.201805097,0.17,0.1735199115044248
pdi,pdi_mean,baseline_mean,Mean baseline,none,4,1015,10.1002/smll.201805097,0.324,0.1735199115044248
pdi,pdi_mean,baseline_mean,Mean baseline,none,5,109,10.1021/acs.nanolett.5b02497,0.147,0.17385022026431718
pdi,pdi_mean,baseline_mean,Mean baseline,none,5,110,10.1021/acs.nanolett.5b02497,0.221,0.17385022026431718
pdi,pdi_mean,baseline_mean,Mean baseline,none,5,113,https://doi.org/10.1016/j.ymthe.2018.03.010,0.14,0.17385022026431718
pdi,pdi_mean,baseline_mean,Mean baseline,none,5,114,https://doi.org/10.1016/j.ymthe.2018.03.010,0.14,0.17385022026431718
pdi,pdi_mean,baseline_mean,Mean baseline,none,5,115,https://doi.org/10.1016/j.ymthe.2018.03.010,0.11,0.17385022026431718
pdi,pdi_mean,baseline_mean,Mean baseline,none,5,116,https://doi.org/10.1016/j.ymthe.2018.03.010,0.07,0.17385022026431718
pdi,pdi_mean,baseline_mean,Mean baseline,none,5,117,https://doi.org/10.1016/j.ymthe.2018.03.010,0.04,0.17385022026431718
pdi,pdi_mean,baseline_mean,Mean baseline,none,5,118,https://doi.org/10.1016/j.ymthe.2018.03.010,0.11,0.17385022026431718
pdi,pdi_mean,baseline_mean,Mean baseline,none,5,119,https://doi.org/10.1016/j.ymthe.2018.03.010,0.15,0.17385022026431718
pdi,pdi_mean,baseline_mean,Mean baseline,none,5,120,https://doi.org/10.1016/j.ymthe.2018.03.010,0.1,0.17385022026431718
pdi,pdi_mean,baseline_mean,Mean baseline,none,5,121,https://doi.org/10.1016/j.ymthe.2018.03.010,0.16,0.17385022026431718
pdi,pdi_mean,baseline_mean,Mean baseline,none,5,122,https://doi.org/10.1016/j.ymthe.2018.03.010,0.14,0.17385022026431718
pdi,pdi_mean,baseline_mean,Mean baseline,none,5,123,https://doi.org/10.1016/j.ymthe.2018.03.010,0.11,0.17385022026431718
pdi,pdi_mean,baseline_mean,Mean baseline,none,5,450,10.1016/j.jconrel.2019.10.028,0.198,0.17385022026431718
pdi,pdi_mean,baseline_mean,Mean baseline,none,5,451,10.1016/j.jconrel.2019.10.028,0.226,0.17385022026431718
pdi,pdi_mean,baseline_mean,Mean baseline,none,5,452,10.1016/j.jconrel.2019.10.028,0.224,0.17385022026431718
pdi,pdi_mean,baseline_mean,Mean baseline,none,5,453,10.1016/j.jconrel.2019.10.028,0.202,0.17385022026431718
pdi,pdi_mean,baseline_mean,Mean baseline,none,5,454,10.1016/j.jconrel.2019.10.028,0.226,0.17385022026431718
pdi,pdi_mean,baseline_mean,Mean baseline,none,5,455,10.1016/j.jconrel.2019.10.028,0.221,0.17385022026431718
pdi,pdi_mean,baseline_mean,Mean baseline,none,5,456,10.1016/j.jconrel.2019.10.028,0.212,0.17385022026431718
pdi,pdi_mean,baseline_mean,Mean baseline,none,5,457,10.1016/j.jconrel.2019.10.028,0.205,0.17385022026431718
pdi,pdi_mean,baseline_mean,Mean baseline,none,5,458,10.1016/j.jconrel.2019.10.028,0.174,0.17385022026431718
pdi,pdi_mean,baseline_mean,Mean baseline,none,5,459,10.1016/j.jconrel.2019.10.028,0.208,0.17385022026431718
pdi,pdi_mean,baseline_mean,Mean baseline,none,5,460,10.1016/j.jconrel.2019.10.028,0.203,0.17385022026431718
pdi,pdi_mean,baseline_mean,Mean baseline,none,5,461,10.1016/j.jconrel.2019.10.028,0.224,0.17385022026431718
pdi,pdi_mean,baseline_mean,Mean baseline,none,5,462,10.1016/j.jconrel.2019.10.028,0.204,0.17385022026431718
pdi,pdi_mean,baseline_mean,Mean baseline,none,5,463,10.1016/j.jconrel.2019.10.028,0.214,0.17385022026431718
pdi,pdi_mean,baseline_mean,Mean baseline,none,5,464,10.1016/j.jconrel.2019.10.028,0.233,0.17385022026431718
pdi,pdi_mean,baseline_mean,Mean baseline,none,5,465,10.1016/j.jconrel.2019.10.028,0.223,0.17385022026431718
pdi,pdi_mean,baseline_mean,Mean baseline,none,5,863,https://doi.org/10.1016/j.jconrel.2025.01.071,0.2,0.17385022026431718
pdi,pdi_mean,baseline_mean,Mean baseline,none,5,864,https://doi.org/10.1016/j.jconrel.2025.01.071,0.2,0.17385022026431718
pdi,pdi_mean,baseline_mean,Mean baseline,none,5,865,https://doi.org/10.1016/j.jconrel.2025.01.071,0.2,0.17385022026431718
pdi,pdi_mean,baseline_mean,Mean baseline,none,5,866,https://doi.org/10.1016/j.jconrel.2025.01.071,0.2,0.17385022026431718
pdi,pdi_mean,baseline_mean,Mean baseline,none,5,885,https://doi.org/10.1021/acs.nanolett.1c01353,0.0985,0.17385022026431718
pdi,pdi_mean,baseline_mean,Mean baseline,none,5,932,https://doi.org/10.1248/cpb.c24-00089,0.22,0.17385022026431718
pdi,pdi_mean,baseline_mean,Mean baseline,none,5,933,https://doi.org/10.1248/cpb.c24-00089,0.121,0.17385022026431718
pdi,pdi_mean,baseline_mean,Mean baseline,none,5,934,https://doi.org/10.1248/cpb.c24-00089,0.081,0.17385022026431718
pdi,pdi_mean,baseline_mean,Mean baseline,none,5,935,https://doi.org/10.1248/cpb.c24-00089,0.058,0.17385022026431718
pdi,pdi_mean,baseline_mean,Mean baseline,none,5,936,https://doi.org/10.1248/cpb.c24-00089,0.072,0.17385022026431718
pdi,pdi_mean,baseline_mean,Mean baseline,none,5,937,https://doi.org/10.1248/cpb.c24-00089,0.109,0.17385022026431718
pdi,pdi_mean,baseline_mean,Mean baseline,none,5,938,https://doi.org/10.1248/cpb.c24-00089,0.053,0.17385022026431718
pdi,pdi_mean,baseline_mean,Mean baseline,none,5,939,https://doi.org/10.1248/cpb.c24-00089,0.057,0.17385022026431718
pdi,pdi_mean,baseline_mean,Mean baseline,none,5,940,https://doi.org/10.1248/cpb.c24-00089,0.062,0.17385022026431718
pdi,pdi_mean,ridge_composition,Ridge: composition,composition,1,202,https://doi.org/10.1038/s41467-024-45422-9,0.4,0.15383739659329448
pdi,pdi_mean,ridge_composition,Ridge: composition,composition,1,203,https://doi.org/10.1038/s41467-024-45422-9,0.35,0.15383739659329448
pdi,pdi_mean,ridge_composition,Ridge: composition,composition,1,204,https://doi.org/10.1038/s41467-024-45422-9,0.29,0.15383739659329448
pdi,pdi_mean,ridge_composition,Ridge: composition,composition,1,205,https://doi.org/10.1038/s41467-024-45422-9,0.29,0.15383739659329448
pdi,pdi_mean,ridge_composition,Ridge: composition,composition,1,206,https://doi.org/10.1038/s41467-024-45422-9,0.34,0.15383739659329448
pdi,pdi_mean,ridge_composition,Ridge: composition,composition,1,207,https://doi.org/10.1038/s41467-024-45422-9,0.31,0.15383739659329448
pdi,pdi_mean,ridge_composition,Ridge: composition,composition,1,208,https://doi.org/10.1038/s41467-024-45422-9,0.25,0.15383739659329448
pdi,pdi_mean,ridge_composition,Ridge: composition,composition,1,209,https://doi.org/10.1038/s41467-024-45422-9,0.41,0.15383739659329448
pdi,pdi_mean,ridge_composition,Ridge: composition,composition,1,210,https://doi.org/10.1038/s41467-024-45422-9,0.21,0.15383739659329448
pdi,pdi_mean,ridge_composition,Ridge: composition,composition,1,211,https://doi.org/10.1038/s41467-024-45422-9,0.4,0.15383739659329448
pdi,pdi_mean,ridge_composition,Ridge: composition,composition,1,212,https://doi.org/10.1038/s41467-024-45422-9,0.15,0.15383739659329448
pdi,pdi_mean,ridge_composition,Ridge: composition,composition,1,213,https://doi.org/10.1038/s41467-024-45422-9,0.22,0.15383739659329448
pdi,pdi_mean,ridge_composition,Ridge: composition,composition,1,214,https://doi.org/10.1038/s41467-024-45422-9,0.21,0.15383739659329448
pdi,pdi_mean,ridge_composition,Ridge: composition,composition,1,215,https://doi.org/10.1038/s41467-024-45422-9,0.24,0.15383739659329448
pdi,pdi_mean,ridge_composition,Ridge: composition,composition,1,216,https://doi.org/10.1038/s41467-024-45422-9,0.31,0.15383739659329448
pdi,pdi_mean,ridge_composition,Ridge: composition,composition,1,217,https://doi.org/10.1038/s41467-024-45422-9,0.25,0.15383739659329448
pdi,pdi_mean,ridge_composition,Ridge: composition,composition,1,218,https://doi.org/10.1038/s41467-024-45422-9,0.27,0.15383739659329448
pdi,pdi_mean,ridge_composition,Ridge: composition,composition,1,219,https://doi.org/10.1038/s41467-024-45422-9,0.21,0.15383739659329448
pdi,pdi_mean,ridge_composition,Ridge: composition,composition,1,220,https://doi.org/10.1038/s41467-024-45422-9,0.23,0.15383739659329448
pdi,pdi_mean,ridge_composition,Ridge: composition,composition,1,221,https://doi.org/10.1038/s41467-024-45422-9,0.21,0.15383739659329448
pdi,pdi_mean,ridge_composition,Ridge: composition,composition,1,222,https://doi.org/10.1038/s41467-024-45422-9,0.27,0.15383739659329448
pdi,pdi_mean,ridge_composition,Ridge: composition,composition,1,223,https://doi.org/10.1038/s41467-024-45422-9,0.22,0.15383739659329448
pdi,pdi_mean,ridge_composition,Ridge: composition,composition,1,224,https://doi.org/10.1038/s41467-024-45422-9,0.25,0.15383739659329448
pdi,pdi_mean,ridge_composition,Ridge: composition,composition,1,225,https://doi.org/10.1038/s41467-024-45422-9,0.23,0.15383739659329448
pdi,pdi_mean,ridge_composition,Ridge: composition,composition,1,227,https://doi.org/10.1038/s41467-024-45422-9,0.18,0.15383739659329448
pdi,pdi_mean,ridge_composition,Ridge: composition,composition,1,228,https://doi.org/10.1038/s41467-024-45422-9,0.26,0.15383739659329448
pdi,pdi_mean,ridge_composition,Ridge: composition,composition,1,229,https://doi.org/10.1038/s41467-024-45422-9,0.2,0.15383739659329448
pdi,pdi_mean,ridge_composition,Ridge: composition,composition,1,230,https://doi.org/10.1038/s41467-024-45422-9,0.23,0.15383739659329448
pdi,pdi_mean,ridge_composition,Ridge: composition,composition,1,231,https://doi.org/10.1038/s41467-024-45422-9,0.18,0.15383739659329448
pdi,pdi_mean,ridge_composition,Ridge: composition,composition,1,232,https://doi.org/10.1038/s41467-024-45422-9,0.14,0.15383739659329448
pdi,pdi_mean,ridge_composition,Ridge: composition,composition,1,233,https://doi.org/10.1038/s41467-024-45422-9,0.23,0.15383739659329448
pdi,pdi_mean,ridge_composition,Ridge: composition,composition,1,234,https://doi.org/10.1038/s41467-024-45422-9,0.19,0.15383739659329448
pdi,pdi_mean,ridge_composition,Ridge: composition,composition,1,235,https://doi.org/10.1038/s41467-024-45422-9,0.17,0.15383739659329448
pdi,pdi_mean,ridge_composition,Ridge: composition,composition,1,236,https://doi.org/10.1038/s41467-024-45422-9,0.1,0.15383739659329448
pdi,pdi_mean,ridge_composition,Ridge: composition,composition,1,237,https://doi.org/10.1038/s41467-024-45422-9,0.18,0.15383739659329448
pdi,pdi_mean,ridge_composition,Ridge: composition,composition,1,238,https://doi.org/10.1038/s41467-024-45422-9,0.16,0.15383739659329448
pdi,pdi_mean,ridge_composition,Ridge: composition,composition,1,239,https://doi.org/10.1038/s41467-024-45422-9,0.19,0.15383739659329448
pdi,pdi_mean,ridge_composition,Ridge: composition,composition,1,240,https://doi.org/10.1038/s41467-024-45422-9,0.13,0.15383739659329448
pdi,pdi_mean,ridge_composition,Ridge: composition,composition,1,241,https://doi.org/10.1038/s41467-024-45422-9,0.14,0.15383739659329448
pdi,pdi_mean,ridge_composition,Ridge: composition,composition,1,242,https://doi.org/10.1038/s41467-024-45422-9,0.22,0.15383739659329448
pdi,pdi_mean,ridge_composition,Ridge: composition,composition,1,243,https://doi.org/10.1038/s41467-024-45422-9,0.12,0.15383739659329448
pdi,pdi_mean,ridge_composition,Ridge: composition,composition,1,244,https://doi.org/10.1038/s41467-024-45422-9,0.16,0.15383739659329448
pdi,pdi_mean,ridge_composition,Ridge: composition,composition,1,245,https://doi.org/10.1038/s41467-024-45422-9,0.15,0.15383739659329448
pdi,pdi_mean,ridge_composition,Ridge: composition,composition,1,246,https://doi.org/10.1038/s41467-024-45422-9,0.16,0.15383739659329448
pdi,pdi_mean,ridge_composition,Ridge: composition,composition,1,247,https://doi.org/10.1038/s41467-024-45422-9,0.16,0.15383739659329448
pdi,pdi_mean,ridge_composition,Ridge: composition,composition,1,248,https://doi.org/10.1038/s41467-024-45422-9,0.1,0.15383739659329448
pdi,pdi_mean,ridge_composition,Ridge: composition,composition,1,249,https://doi.org/10.1038/s41467-024-45422-9,0.14,0.15383739659329448
pdi,pdi_mean,ridge_composition,Ridge: composition,composition,1,250,https://doi.org/10.1038/s41467-024-45422-9,0.14,0.15383739659329448
pdi,pdi_mean,ridge_composition,Ridge: composition,composition,1,251,https://doi.org/10.1038/s41467-024-45422-9,0.26,0.15383739659329448
pdi,pdi_mean,ridge_composition,Ridge: composition,composition,1,252,https://doi.org/10.1038/s41467-024-45422-9,0.19,0.15383739659329448
pdi,pdi_mean,ridge_composition,Ridge: composition,composition,1,253,https://doi.org/10.1038/s41467-024-45422-9,0.23,0.15383739659329448
pdi,pdi_mean,ridge_composition,Ridge: composition,composition,1,254,https://doi.org/10.1038/s41467-024-45422-9,0.1,0.15383739659329448
pdi,pdi_mean,ridge_composition,Ridge: composition,composition,1,255,https://doi.org/10.1038/s41467-024-45422-9,0.13,0.15383739659329448
pdi,pdi_mean,ridge_composition,Ridge: composition,composition,1,256,https://doi.org/10.1038/s41467-024-45422-9,0.21,0.15383739659329448
pdi,pdi_mean,ridge_composition,Ridge: composition,composition,1,257,https://doi.org/10.1038/s41467-024-45422-9,0.16,0.15383739659329448
pdi,pdi_mean,ridge_composition,Ridge: composition,composition,1,258,https://doi.org/10.1038/s41467-024-45422-9,0.25,0.15383739659329448
pdi,pdi_mean,ridge_composition,Ridge: composition,composition,1,259,https://doi.org/10.1038/s41467-024-45422-9,0.25,0.15383739659329448
pdi,pdi_mean,ridge_composition,Ridge: composition,composition,1,260,https://doi.org/10.1038/s41467-024-45422-9,0.16,0.15383739659329448
pdi,pdi_mean,ridge_composition,Ridge: composition,composition,1,261,https://doi.org/10.1038/s41467-024-45422-9,0.2,0.15383739659329448
pdi,pdi_mean,ridge_composition,Ridge: composition,composition,1,262,https://doi.org/10.1038/s41467-024-45422-9,0.25,0.15383739659329448
pdi,pdi_mean,ridge_composition,Ridge: composition,composition,1,263,https://doi.org/10.1038/s41467-024-45422-9,0.22,0.15383739659329448
pdi,pdi_mean,ridge_composition,Ridge: composition,composition,1,264,https://doi.org/10.1038/s41467-024-45422-9,0.18,0.15383739659329448
pdi,pdi_mean,ridge_composition,Ridge: composition,composition,1,265,https://doi.org/10.1038/s41467-024-45422-9,0.22,0.15383739659329448
pdi,pdi_mean,ridge_composition,Ridge: composition,composition,1,266,https://doi.org/10.1038/s41467-024-45422-9,0.12,0.15383739659329448
pdi,pdi_mean,ridge_composition,Ridge: composition,composition,1,267,https://doi.org/10.1038/s41467-024-45422-9,0.12,0.15383739659329448
pdi,pdi_mean,ridge_composition,Ridge: composition,composition,1,268,https://doi.org/10.1038/s41467-024-45422-9,0.13,0.15383739659329448
pdi,pdi_mean,ridge_composition,Ridge: composition,composition,1,269,https://doi.org/10.1038/s41467-024-45422-9,0.08,0.15383739659329448
pdi,pdi_mean,ridge_composition,Ridge: composition,composition,1,270,https://doi.org/10.1038/s41467-024-45422-9,0.18,0.15383739659329448
pdi,pdi_mean,ridge_composition,Ridge: composition,composition,1,271,https://doi.org/10.1038/s41467-024-45422-9,0.07,0.15383739659329448
pdi,pdi_mean,ridge_composition,Ridge: composition,composition,1,272,https://doi.org/10.1038/s41467-024-45422-9,0.1,0.15383739659329448
pdi,pdi_mean,ridge_composition,Ridge: composition,composition,1,273,https://doi.org/10.1038/s41467-024-45422-9,0.12,0.15383739659329448
pdi,pdi_mean,ridge_composition,Ridge: composition,composition,1,274,https://doi.org/10.1038/s41467-024-45422-9,0.11,0.15383739659329448
pdi,pdi_mean,ridge_composition,Ridge: composition,composition,1,275,https://doi.org/10.1038/s41467-024-45422-9,0.18,0.15383739659329448
pdi,pdi_mean,ridge_composition,Ridge: composition,composition,1,276,https://doi.org/10.1038/s41467-024-45422-9,0.23,0.15383739659329448
pdi,pdi_mean,ridge_composition,Ridge: composition,composition,1,277,https://doi.org/10.1038/s41467-024-45422-9,0.13,0.15383739659329448
pdi,pdi_mean,ridge_composition,Ridge: composition,composition,1,278,https://doi.org/10.1038/s41467-024-45422-9,0.09,0.15383739659329448
pdi,pdi_mean,ridge_composition,Ridge: composition,composition,1,279,https://doi.org/10.1038/s41467-024-45422-9,0.29,0.15383739659329448
pdi,pdi_mean,ridge_composition,Ridge: composition,composition,1,280,https://doi.org/10.1038/s41467-024-45422-9,0.25,0.15383739659329448
pdi,pdi_mean,ridge_composition,Ridge: composition,composition,1,281,https://doi.org/10.1038/s41467-024-45422-9,0.24,0.15383739659329448
pdi,pdi_mean,ridge_composition,Ridge: composition,composition,1,282,https://doi.org/10.1038/s41467-024-45422-9,0.21,0.15383739659329448
pdi,pdi_mean,ridge_composition,Ridge: composition,composition,1,283,https://doi.org/10.1038/s41467-024-45422-9,0.16,0.15383739659329448
pdi,pdi_mean,ridge_composition,Ridge: composition,composition,1,284,https://doi.org/10.1038/s41467-024-45422-9,0.15,0.15383739659329448
pdi,pdi_mean,ridge_composition,Ridge: composition,composition,1,285,https://doi.org/10.1038/s41467-024-45422-9,0.26,0.15383739659329448
pdi,pdi_mean,ridge_composition,Ridge: composition,composition,1,286,https://doi.org/10.1038/s41467-024-45422-9,0.3,0.15383739659329448
pdi,pdi_mean,ridge_composition,Ridge: composition,composition,1,288,https://doi.org/10.1038/s41467-024-45422-9,0.23,0.15383739659329448
pdi,pdi_mean,ridge_composition,Ridge: composition,composition,1,289,https://doi.org/10.1038/s41467-024-45422-9,0.16,0.15383739659329448
pdi,pdi_mean,ridge_composition,Ridge: composition,composition,1,290,https://doi.org/10.1038/s41467-024-45422-9,0.19,0.15383739659329448
pdi,pdi_mean,ridge_composition,Ridge: composition,composition,1,291,https://doi.org/10.1038/s41467-024-45422-9,0.24,0.15383739659329448
pdi,pdi_mean,ridge_composition,Ridge: composition,composition,1,292,https://doi.org/10.1038/s41467-024-45422-9,0.22,0.15383739659329448
pdi,pdi_mean,ridge_composition,Ridge: composition,composition,1,293,https://doi.org/10.1038/s41467-024-45422-9,0.27,0.15383739659329448
pdi,pdi_mean,ridge_composition,Ridge: composition,composition,1,294,https://doi.org/10.1038/s41467-024-45422-9,0.21,0.15383739659329448
pdi,pdi_mean,ridge_composition,Ridge: composition,composition,1,295,https://doi.org/10.1038/s41467-024-45422-9,0.13,0.15383739659329448
pdi,pdi_mean,ridge_composition,Ridge: composition,composition,1,296,https://doi.org/10.1038/s41467-024-45422-9,0.16,0.15383739659329448
pdi,pdi_mean,ridge_composition,Ridge: composition,composition,1,297,https://doi.org/10.1038/s41467-024-45422-9,0.25,0.15383739659329448
pdi,pdi_mean,ridge_composition,Ridge: composition,composition,1,298,https://doi.org/10.1038/s41467-024-45422-9,0.16,0.15383739659329448
pdi,pdi_mean,ridge_composition,Ridge: composition,composition,2,444,10.1002/anie.201809056,0.055,0.18033618040518196
pdi,pdi_mean,ridge_composition,Ridge: composition,composition,2,446,10.1002/anie.201809056,0.041,0.18033618040518196
pdi,pdi_mean,ridge_composition,Ridge: composition,composition,2,756,https://doi.org/10.1016/j.ijpharm.2023.123050,0.02,0.14929729154109106
pdi,pdi_mean,ridge_composition,Ridge: composition,composition,2,763,https://doi.org/10.1016/j.ijpharm.2023.123050,0.1,0.14929729154109106
pdi,pdi_mean,ridge_composition,Ridge: composition,composition,2,773,https://doi.org/10.1016/j.ijpharm.2023.123050,0.05,0.18033618040518196
pdi,pdi_mean,ridge_composition,Ridge: composition,composition,2,959,https://doi.org/10.1038/s41587-019-0247-3,0.2,0.1651429293366831
pdi,pdi_mean,ridge_composition,Ridge: composition,composition,2,960,https://doi.org/10.1038/s41587-019-0247-3,0.1,0.19611415701204185
pdi,pdi_mean,ridge_composition,Ridge: composition,composition,2,961,https://doi.org/10.1038/s41587-019-0247-3,0.2,0.16442428152486135
pdi,pdi_mean,ridge_composition,Ridge: composition,composition,2,962,https://doi.org/10.1038/s41587-019-0247-3,0.2,0.1856532902585603
pdi,pdi_mean,ridge_composition,Ridge: composition,composition,2,963,https://doi.org/10.1038/s41587-019-0247-3,0.3,0.16442428152486135
pdi,pdi_mean,ridge_composition,Ridge: composition,composition,2,964,https://doi.org/10.1038/s41587-019-0247-3,0.3,0.10693876280257596
pdi,pdi_mean,ridge_composition,Ridge: composition,composition,2,965,https://doi.org/10.1038/s41587-019-0247-3,0.2,0.1093497144189835
pdi,pdi_mean,ridge_composition,Ridge: composition,composition,2,966,https://doi.org/10.1038/s41587-019-0247-3,0.2,0.22125727937511697
pdi,pdi_mean,ridge_composition,Ridge: composition,composition,2,967,https://doi.org/10.1038/s41587-019-0247-3,0.3,0.16442428152486135
pdi,pdi_mean,ridge_composition,Ridge: composition,composition,2,968,https://doi.org/10.1038/s41587-019-0247-3,0.2,0.16442428152486135
pdi,pdi_mean,ridge_composition,Ridge: composition,composition,2,969,https://doi.org/10.1038/s41587-019-0247-3,0.2,0.1823648495789352
pdi,pdi_mean,ridge_composition,Ridge: composition,composition,2,970,https://doi.org/10.1038/s41587-019-0247-3,0.2,0.16442428152486135
pdi,pdi_mean,ridge_composition,Ridge: composition,composition,2,971,https://doi.org/10.1038/s41587-019-0247-3,0.2,0.16632056281995566
pdi,pdi_mean,ridge_composition,Ridge: composition,composition,2,972,https://doi.org/10.1038/s41587-019-0247-3,0.2,0.1603426896557621
pdi,pdi_mean,ridge_composition,Ridge: composition,composition,2,973,https://doi.org/10.1038/s41587-019-0247-3,0.2,0.16442428152486135
pdi,pdi_mean,ridge_composition,Ridge: composition,composition,2,974,https://doi.org/10.1038/s41587-019-0247-3,0.1,0.15688603125416212
pdi,pdi_mean,ridge_composition,Ridge: composition,composition,2,975,https://doi.org/10.1038/s41587-019-0247-3,0.3,0.11985179410656835
pdi,pdi_mean,ridge_composition,Ridge: composition,composition,2,976,https://doi.org/10.1038/s41587-019-0247-3,0.2,0.16442428152486135
pdi,pdi_mean,ridge_composition,Ridge: composition,composition,2,977,https://doi.org/10.1038/s41587-019-0247-3,0.2,0.14573516318444563
pdi,pdi_mean,ridge_composition,Ridge: composition,composition,2,978,https://doi.org/10.1038/s41587-019-0247-3,0.3,0.1906595616296432
pdi,pdi_mean,ridge_composition,Ridge: composition,composition,2,979,https://doi.org/10.1038/s41587-019-0247-3,0.1,0.1660695163185229
pdi,pdi_mean,ridge_composition,Ridge: composition,composition,2,980,https://doi.org/10.1038/s41587-019-0247-3,0.1,0.08083618911275242
pdi,pdi_mean,ridge_composition,Ridge: composition,composition,2,981,https://doi.org/10.1038/s41587-019-0247-3,0.2,0.18033618040518196
pdi,pdi_mean,ridge_composition,Ridge: composition,composition,2,982,https://doi.org/10.1038/s41587-019-0247-3,0.3,0.1830476492835025
pdi,pdi_mean,ridge_composition,Ridge: composition,composition,2,983,https://doi.org/10.1038/s41587-019-0247-3,0.2,0.18033618040518196
pdi,pdi_mean,ridge_composition,Ridge: composition,composition,2,984,https://doi.org/10.1038/s41587-019-0247-3,0.1,0.18033618040518196
pdi,pdi_mean,ridge_composition,Ridge: composition,composition,2,985,https://doi.org/10.1038/s41587-019-0247-3,0.2,0.19611415701204185
pdi,pdi_mean,ridge_composition,Ridge: composition,composition,2,986,https://doi.org/10.1038/s41587-019-0247-3,0.2,0.20087056767541042
pdi,pdi_mean,ridge_composition,Ridge: composition,composition,2,987,https://doi.org/10.1038/s41587-019-0247-3,0.1,0.18776607517711025
pdi,pdi_mean,ridge_composition,Ridge: composition,composition,2,988,https://doi.org/10.1038/s41587-019-0247-3,0.1,0.16554346325349784
pdi,pdi_mean,ridge_composition,Ridge: composition,composition,2,989,https://doi.org/10.1038/s41587-019-0247-3,0.2,0.17982076295203575
pdi,pdi_mean,ridge_composition,Ridge: composition,composition,2,990,https://doi.org/10.1038/s41587-019-0247-3,0.2,0.1651429293366831
pdi,pdi_mean,ridge_composition,Ridge: composition,composition,2,991,https://doi.org/10.1038/s41587-019-0247-3,0.1,0.16422141838624899
pdi,pdi_mean,ridge_composition,Ridge: composition,composition,2,992,https://doi.org/10.1038/s41587-019-0247-3,0.2,0.18395698646343928
pdi,pdi_mean,ridge_composition,Ridge: composition,composition,2,1088,https://dx.doi.org/10.1021/acs.nanolett.0c01386,0.05,0.1638562055674357
pdi,pdi_mean,ridge_composition,Ridge: composition,composition,2,1089,https://dx.doi.org/10.1021/acs.nanolett.0c01386,0.08,0.1638562055674357
pdi,pdi_mean,ridge_composition,Ridge: composition,composition,2,1090,https://dx.doi.org/10.1021/acs.nanolett.0c01386,0.07,0.1638562055674357
pdi,pdi_mean,ridge_composition,Ridge: composition,composition,2,1091,https://dx.doi.org/10.1021/acs.nanolett.0c01386,0.1,0.1638562055674357
pdi,pdi_mean,ridge_composition,Ridge: composition,composition,2,1092,https://dx.doi.org/10.1021/acs.nanolett.0c01386,0.12,0.1638562055674357
pdi,pdi_mean,ridge_composition,Ridge: composition,composition,3,2,https://doi.org/10.1038/s41467-024-50619-z,0.14,0.18499238658892736
pdi,pdi_mean,ridge_composition,Ridge: composition,composition,3,3,https://doi.org/10.1038/s41467-024-50619-z,0.14,0.18499238658892736
pdi,pdi_mean,ridge_composition,Ridge: composition,composition,3,4,https://doi.org/10.1038/s41467-024-50619-z,0.09,0.18499238658892736
pdi,pdi_mean,ridge_composition,Ridge: composition,composition,3,5,https://doi.org/10.1038/s41467-024-50619-z,0.17,0.18499238658892736
pdi,pdi_mean,ridge_composition,Ridge: composition,composition,3,6,https://doi.org/10.1038/s41467-024-50619-z,0.14,0.18499238658892736
pdi,pdi_mean,ridge_composition,Ridge: composition,composition,3,7,https://doi.org/10.1038/s41467-024-50619-z,0.15,0.18499238658892736
pdi,pdi_mean,ridge_composition,Ridge: composition,composition,3,8,https://doi.org/10.1038/s41467-024-50619-z,0.01,0.18499238658892736
pdi,pdi_mean,ridge_composition,Ridge: composition,composition,3,9,https://doi.org/10.1038/s41467-024-50619-z,0.09,0.18499238658892736
pdi,pdi_mean,ridge_composition,Ridge: composition,composition,3,10,https://doi.org/10.1038/s41467-024-50619-z,0.15,0.18499238658892736
pdi,pdi_mean,ridge_composition,Ridge: composition,composition,3,11,https://doi.org/10.1038/s41467-024-50619-z,0.16,0.18499238658892736
pdi,pdi_mean,ridge_composition,Ridge: composition,composition,3,12,https://doi.org/10.1038/s41467-024-50619-z,0.17,0.18499238658892736
pdi,pdi_mean,ridge_composition,Ridge: composition,composition,3,13,https://doi.org/10.1038/s41467-024-50619-z,0.02,0.18499238658892736
pdi,pdi_mean,ridge_composition,Ridge: composition,composition,3,14,https://doi.org/10.1038/s41467-024-50619-z,0.12,0.18499238658892736
pdi,pdi_mean,ridge_composition,Ridge: composition,composition,3,15,https://doi.org/10.1038/s41467-024-50619-z,0.14,0.18499238658892736
pdi,pdi_mean,ridge_composition,Ridge: composition,composition,3,16,https://doi.org/10.1038/s41467-024-50619-z,0.1,0.18499238658892736
pdi,pdi_mean,ridge_composition,Ridge: composition,composition,3,17,https://doi.org/10.1038/s41467-024-50619-z,0.12,0.18499238658892736
pdi,pdi_mean,ridge_composition,Ridge: composition,composition,3,18,https://doi.org/10.1038/s41467-024-50619-z,0.1,0.18499238658892736
pdi,pdi_mean,ridge_composition,Ridge: composition,composition,3,19,https://doi.org/10.1038/s41467-024-50619-z,0.15,0.18499238658892736
pdi,pdi_mean,ridge_composition,Ridge: composition,composition,3,20,https://doi.org/10.1038/s41467-024-50619-z,0.1,0.18499238658892736
pdi,pdi_mean,ridge_composition,Ridge: composition,composition,3,21,https://doi.org/10.1038/s41467-024-50619-z,0.1,0.18499238658892736
pdi,pdi_mean,ridge_composition,Ridge: composition,composition,3,22,https://doi.org/10.1038/s41467-024-50619-z,0.13,0.18499238658892736
pdi,pdi_mean,ridge_composition,Ridge: composition,composition,3,23,https://doi.org/10.1038/s41467-024-50619-z,0.16,0.18499238658892736
pdi,pdi_mean,ridge_composition,Ridge: composition,composition,3,24,https://doi.org/10.1038/s41467-024-50619-z,0.16,0.18499238658892736
pdi,pdi_mean,ridge_composition,Ridge: composition,composition,3,25,https://doi.org/10.1038/s41467-024-50619-z,0.23,0.18499238658892736
pdi,pdi_mean,ridge_composition,Ridge: composition,composition,3,26,https://doi.org/10.1038/s41467-024-50619-z,0.14,0.18499238658892736
pdi,pdi_mean,ridge_composition,Ridge: composition,composition,3,27,https://doi.org/10.1038/s41467-024-50619-z,0.14,0.18499238658892736
pdi,pdi_mean,ridge_composition,Ridge: composition,composition,3,28,https://doi.org/10.1038/s41467-024-50619-z,0.14,0.18499238658892736
pdi,pdi_mean,ridge_composition,Ridge: composition,composition,3,29,https://doi.org/10.1038/s41467-024-50619-z,0.15,0.18499238658892736
pdi,pdi_mean,ridge_composition,Ridge: composition,composition,3,30,https://doi.org/10.1038/s41467-024-50619-z,0.15,0.18499238658892736
pdi,pdi_mean,ridge_composition,Ridge: composition,composition,3,575,10.1002/jbm.a.37705,0.28,0.18499238658892736
pdi,pdi_mean,ridge_composition,Ridge: composition,composition,3,576,10.1002/jbm.a.37705,0.18,0.18499238658892736
pdi,pdi_mean,ridge_composition,Ridge: composition,composition,3,578,10.1002/jbm.a.37705,0.22,0.18499238658892736
pdi,pdi_mean,ridge_composition,Ridge: composition,composition,3,778,10.1002/btm2.10580,0.168,0.18377737288407453
pdi,pdi_mean,ridge_composition,Ridge: composition,composition,3,779,10.1002/btm2.10580,0.154,0.18084884809202487
pdi,pdi_mean,ridge_composition,Ridge: composition,composition,3,780,10.1002/btm2.10580,0.152,0.14509934207709768
pdi,pdi_mean,ridge_composition,Ridge: composition,composition,3,781,10.1002/btm2.10580,0.153,0.16584358435271362
pdi,pdi_mean,ridge_composition,Ridge: composition,composition,3,782,10.1002/btm2.10580,0.162,0.18084884809202487
pdi,pdi_mean,ridge_composition,Ridge: composition,composition,3,783,10.1002/btm2.10580,0.172,0.16584358435271362
pdi,pdi_mean,ridge_composition,Ridge: composition,composition,3,784,10.1002/btm2.10580,0.166,0.18084884809202487
pdi,pdi_mean,ridge_composition,Ridge: composition,composition,3,785,10.1002/btm2.10580,0.174,0.16504344648883137
pdi,pdi_mean,ridge_composition,Ridge: composition,composition,3,913,https://doi.org/10.1038/s41434-022-00370-1,0.004,0.1788929475675338
pdi,pdi_mean,ridge_composition,Ridge: composition,composition,3,914,https://doi.org/10.1038/s41434-022-00370-1,0.011,0.16584358435271362
pdi,pdi_mean,ridge_composition,Ridge: composition,composition,3,915,https://doi.org/10.1038/s41434-022-00370-1,0.017,0.15478907426120475
pdi,pdi_mean,ridge_composition,Ridge: composition,composition,3,1021,10.1073/pnas.1209367109,0.09,0.14965252571541326
pdi,pdi_mean,ridge_composition,Ridge: composition,composition,4,198,10.1002/adma.201606944,0.197,0.17922719159634876
pdi,pdi_mean,ridge_composition,Ridge: composition,composition,4,199,10.1002/adma.201606944,0.197,0.17922719159634876
pdi,pdi_mean,ridge_composition,Ridge: composition,composition,4,509,https://doi.org/10.34133/bmr.0017,0.106,0.1603834423399854
pdi,pdi_mean,ridge_composition,Ridge: composition,composition,4,510,https://doi.org/10.34133/bmr.0017,0.079,0.1603834423399854
pdi,pdi_mean,ridge_composition,Ridge: composition,composition,4,511,https://doi.org/10.34133/bmr.0017,0.077,0.18757266581090454
pdi,pdi_mean,ridge_composition,Ridge: composition,composition,4,512,https://doi.org/10.34133/bmr.0017,0.11,0.18757266581090454
pdi,pdi_mean,ridge_composition,Ridge: composition,composition,4,513,https://doi.org/10.34133/bmr.0017,0.074,0.1863820613311225
pdi,pdi_mean,ridge_composition,Ridge: composition,composition,4,635,10.1021/jacs.2c12893,0.11,0.17922719159634876
pdi,pdi_mean,ridge_composition,Ridge: composition,composition,4,636,10.1021/jacs.2c12893,0.09,0.1603834423399854
pdi,pdi_mean,ridge_composition,Ridge: composition,composition,4,641,https://doi.org/10.1016/j.jpha.2024.100996,0.12,0.1622347363035465
pdi,pdi_mean,ridge_composition,Ridge: composition,composition,4,642,https://doi.org/10.1016/j.jpha.2024.100996,0.107,0.16047837658025926
pdi,pdi_mean,ridge_composition,Ridge: composition,composition,4,643,https://doi.org/10.1016/j.jpha.2024.100996,0.071,0.16063541708771764
pdi,pdi_mean,ridge_composition,Ridge: composition,composition,4,644,https://doi.org/10.1016/j.jpha.2024.100996,0.069,0.1603834423399854
pdi,pdi_mean,ridge_composition,Ridge: composition,composition,4,645,https://doi.org/10.1016/j.jpha.2024.100996,0.099,0.16063541708771764
pdi,pdi_mean,ridge_composition,Ridge: composition,composition,4,646,https://doi.org/10.1016/j.jpha.2024.100996,0.212,0.16063541708771764
pdi,pdi_mean,ridge_composition,Ridge: composition,composition,4,647,https://doi.org/10.1016/j.jpha.2024.100996,0.208,0.1603834423399854
pdi,pdi_mean,ridge_composition,Ridge: composition,composition,4,648,https://doi.org/10.1016/j.jpha.2024.100996,0.178,0.16063541708771764
pdi,pdi_mean,ridge_composition,Ridge: composition,composition,4,649,https://doi.org/10.1016/j.jpha.2024.100996,0.258,0.1603834423399854
pdi,pdi_mean,ridge_composition,Ridge: composition,composition,4,650,https://doi.org/10.1016/j.jpha.2024.100996,0.222,0.16047837658025926
pdi,pdi_mean,ridge_composition,Ridge: composition,composition,4,651,https://doi.org/10.1016/j.jpha.2024.100996,0.233,0.16240191971004164
pdi,pdi_mean,ridge_composition,Ridge: composition,composition,4,652,https://doi.org/10.1016/j.jpha.2024.100996,0.087,0.1622347363035465
pdi,pdi_mean,ridge_composition,Ridge: composition,composition,4,653,https://doi.org/10.1016/j.jpha.2024.100996,0.073,0.16047837658025926
pdi,pdi_mean,ridge_composition,Ridge: composition,composition,4,654,https://doi.org/10.1016/j.jpha.2024.100996,0.067,0.1603834423399854
pdi,pdi_mean,ridge_composition,Ridge: composition,composition,4,655,https://doi.org/10.1016/j.jpha.2024.100996,0.203,0.16240191971004164
pdi,pdi_mean,ridge_composition,Ridge: composition,composition,4,656,https://doi.org/10.1016/j.jpha.2024.100996,0.211,0.16240191971004164
pdi,pdi_mean,ridge_composition,Ridge: composition,composition,4,657,https://doi.org/10.1016/j.jpha.2024.100996,0.198,0.16063541708771764
pdi,pdi_mean,ridge_composition,Ridge: composition,composition,4,658,https://doi.org/10.1016/j.jpha.2024.100996,0.32,0.16063541708771764
pdi,pdi_mean,ridge_composition,Ridge: composition,composition,4,659,https://doi.org/10.1016/j.jpha.2024.100996,0.374,0.16240191971004164
pdi,pdi_mean,ridge_composition,Ridge: composition,composition,4,660,https://doi.org/10.1016/j.jpha.2024.100996,0.331,0.16240191971004164
pdi,pdi_mean,ridge_composition,Ridge: composition,composition,4,661,https://doi.org/10.1016/j.jpha.2024.100996,0.149,0.16047837658025926
pdi,pdi_mean,ridge_composition,Ridge: composition,composition,4,662,https://doi.org/10.1016/j.jpha.2024.100996,0.156,0.16063541708771764
pdi,pdi_mean,ridge_composition,Ridge: composition,composition,4,663,https://doi.org/10.1016/j.jpha.2024.100996,0.146,0.15970051517400302
pdi,pdi_mean,ridge_composition,Ridge: composition,composition,4,664,https://doi.org/10.1016/j.jpha.2024.100996,0.09,0.1603834423399854
pdi,pdi_mean,ridge_composition,Ridge: composition,composition,4,1005,10.1002/smll.201805097,0.106,0.17922719159634876
pdi,pdi_mean,ridge_composition,Ridge: composition,composition,4,1006,10.1002/smll.201805097,0.129,0.17922719159634876
pdi,pdi_mean,ridge_composition,Ridge: composition,composition,4,1007,10.1002/smll.201805097,0.135,0.17922719159634876
pdi,pdi_mean,ridge_composition,Ridge: composition,composition,4,1008,10.1002/smll.201805097,0.138,0.17922719159634876
pdi,pdi_mean,ridge_composition,Ridge: composition,composition,4,1009,10.1002/smll.201805097,0.141,0.17922719159634876
pdi,pdi_mean,ridge_composition,Ridge: composition,composition,4,1010,10.1002/smll.201805097,0.117,0.17922719159634876
pdi,pdi_mean,ridge_composition,Ridge: composition,composition,4,1011,10.1002/smll.201805097,0.19,0.17922719159634876
pdi,pdi_mean,ridge_composition,Ridge: composition,composition,4,1012,10.1002/smll.201805097,0.127,0.17922719159634876
pdi,pdi_mean,ridge_composition,Ridge: composition,composition,4,1013,10.1002/smll.201805097,0.216,0.17922719159634876
pdi,pdi_mean,ridge_composition,Ridge: composition,composition,4,1014,10.1002/smll.201805097,0.17,0.17922719159634876
pdi,pdi_mean,ridge_composition,Ridge: composition,composition,4,1015,10.1002/smll.201805097,0.324,0.17922719159634876
pdi,pdi_mean,ridge_composition,Ridge: composition,composition,5,109,10.1021/acs.nanolett.5b02497,0.147,0.13203155924391224
pdi,pdi_mean,ridge_composition,Ridge: composition,composition,5,110,10.1021/acs.nanolett.5b02497,0.221,0.14295638204761144
pdi,pdi_mean,ridge_composition,Ridge: composition,composition,5,113,https://doi.org/10.1016/j.ymthe.2018.03.010,0.14,0.16619294921442343
pdi,pdi_mean,ridge_composition,Ridge: composition,composition,5,114,https://doi.org/10.1016/j.ymthe.2018.03.010,0.14,0.16619294921442343
pdi,pdi_mean,ridge_composition,Ridge: composition,composition,5,115,https://doi.org/10.1016/j.ymthe.2018.03.010,0.11,0.16619294921442343
pdi,pdi_mean,ridge_composition,Ridge: composition,composition,5,116,https://doi.org/10.1016/j.ymthe.2018.03.010,0.07,0.16619294921442343
pdi,pdi_mean,ridge_composition,Ridge: composition,composition,5,117,https://doi.org/10.1016/j.ymthe.2018.03.010,0.04,0.16619294921442343
pdi,pdi_mean,ridge_composition,Ridge: composition,composition,5,118,https://doi.org/10.1016/j.ymthe.2018.03.010,0.11,0.16619294921442343
pdi,pdi_mean,ridge_composition,Ridge: composition,composition,5,119,https://doi.org/10.1016/j.ymthe.2018.03.010,0.15,0.16619294921442343
pdi,pdi_mean,ridge_composition,Ridge: composition,composition,5,120,https://doi.org/10.1016/j.ymthe.2018.03.010,0.1,0.16619294921442343
pdi,pdi_mean,ridge_composition,Ridge: composition,composition,5,121,https://doi.org/10.1016/j.ymthe.2018.03.010,0.16,0.16619294921442343
pdi,pdi_mean,ridge_composition,Ridge: composition,composition,5,122,https://doi.org/10.1016/j.ymthe.2018.03.010,0.14,0.16619294921442343
pdi,pdi_mean,ridge_composition,Ridge: composition,composition,5,123,https://doi.org/10.1016/j.ymthe.2018.03.010,0.11,0.16619294921442343
pdi,pdi_mean,ridge_composition,Ridge: composition,composition,5,450,10.1016/j.jconrel.2019.10.028,0.198,0.14555718554674643
pdi,pdi_mean,ridge_composition,Ridge: composition,composition,5,451,10.1016/j.jconrel.2019.10.028,0.226,0.16662991244373343
pdi,pdi_mean,ridge_composition,Ridge: composition,composition,5,452,10.1016/j.jconrel.2019.10.028,0.224,0.19462785589944526
pdi,pdi_mean,ridge_composition,Ridge: composition,composition,5,453,10.1016/j.jconrel.2019.10.028,0.202,0.19342998646427903
pdi,pdi_mean,ridge_composition,Ridge: composition,composition,5,454,10.1016/j.jconrel.2019.10.028,0.226,0.18641753879951864
pdi,pdi_mean,ridge_composition,Ridge: composition,composition,5,455,10.1016/j.jconrel.2019.10.028,0.221,0.18538043800676213
pdi,pdi_mean,ridge_composition,Ridge: composition,composition,5,456,10.1016/j.jconrel.2019.10.028,0.212,0.185881182039703
pdi,pdi_mean,ridge_composition,Ridge: composition,composition,5,457,10.1016/j.jconrel.2019.10.028,0.205,0.17647734960238767
pdi,pdi_mean,ridge_composition,Ridge: composition,composition,5,458,10.1016/j.jconrel.2019.10.028,0.174,0.1759614953588012
pdi,pdi_mean,ridge_composition,Ridge: composition,composition,5,459,10.1016/j.jconrel.2019.10.028,0.208,0.175732086477556
pdi,pdi_mean,ridge_composition,Ridge: composition,composition,5,460,10.1016/j.jconrel.2019.10.028,0.203,0.17638269143002563
pdi,pdi_mean,ridge_composition,Ridge: composition,composition,5,461,10.1016/j.jconrel.2019.10.028,0.224,0.17638269143002563
pdi,pdi_mean,ridge_composition,Ridge: composition,composition,5,462,10.1016/j.jconrel.2019.10.028,0.204,0.17638269143002563
pdi,pdi_mean,ridge_composition,Ridge: composition,composition,5,463,10.1016/j.jconrel.2019.10.028,0.214,0.17638269143002563
pdi,pdi_mean,ridge_composition,Ridge: composition,composition,5,464,10.1016/j.jconrel.2019.10.028,0.233,0.17638269143002563
pdi,pdi_mean,ridge_composition,Ridge: composition,composition,5,465,10.1016/j.jconrel.2019.10.028,0.223,0.17638269143002563
pdi,pdi_mean,ridge_composition,Ridge: composition,composition,5,863,https://doi.org/10.1016/j.jconrel.2025.01.071,0.2,0.16408934917977863
pdi,pdi_mean,ridge_composition,Ridge: composition,composition,5,864,https://doi.org/10.1016/j.jconrel.2025.01.071,0.2,0.16408934917977863
pdi,pdi_mean,ridge_composition,Ridge: composition,composition,5,865,https://doi.org/10.1016/j.jconrel.2025.01.071,0.2,0.16408934917977863
pdi,pdi_mean,ridge_composition,Ridge: composition,composition,5,866,https://doi.org/10.1016/j.jconrel.2025.01.071,0.2,0.16408934917977863
pdi,pdi_mean,ridge_composition,Ridge: composition,composition,5,885,https://doi.org/10.1021/acs.nanolett.1c01353,0.0985,0.17638269143002563
pdi,pdi_mean,ridge_composition,Ridge: composition,composition,5,932,https://doi.org/10.1248/cpb.c24-00089,0.22,0.16619294921442343
pdi,pdi_mean,ridge_composition,Ridge: composition,composition,5,933,https://doi.org/10.1248/cpb.c24-00089,0.121,0.16619294921442343
pdi,pdi_mean,ridge_composition,Ridge: composition,composition,5,934,https://doi.org/10.1248/cpb.c24-00089,0.081,0.16619294921442343
pdi,pdi_mean,ridge_composition,Ridge: composition,composition,5,935,https://doi.org/10.1248/cpb.c24-00089,0.058,0.16619294921442343
pdi,pdi_mean,ridge_composition,Ridge: composition,composition,5,936,https://doi.org/10.1248/cpb.c24-00089,0.072,0.16619294921442343
pdi,pdi_mean,ridge_composition,Ridge: composition,composition,5,937,https://doi.org/10.1248/cpb.c24-00089,0.109,0.16619294921442343
pdi,pdi_mean,ridge_composition,Ridge: composition,composition,5,938,https://doi.org/10.1248/cpb.c24-00089,0.053,0.16619294921442343
pdi,pdi_mean,ridge_composition,Ridge: composition,composition,5,939,https://doi.org/10.1248/cpb.c24-00089,0.057,0.16619294921442343
pdi,pdi_mean,ridge_composition,Ridge: composition,composition,5,940,https://doi.org/10.1248/cpb.c24-00089,0.062,0.16619294921442343
pdi,pdi_mean,rf_composition,RF: composition,composition,1,202,https://doi.org/10.1038/s41467-024-45422-9,0.4,0.1485157613024765
pdi,pdi_mean,rf_composition,RF: composition,composition,1,203,https://doi.org/10.1038/s41467-024-45422-9,0.35,0.1485157613024765
pdi,pdi_mean,rf_composition,RF: composition,composition,1,204,https://doi.org/10.1038/s41467-024-45422-9,0.29,0.1485157613024765
pdi,pdi_mean,rf_composition,RF: composition,composition,1,205,https://doi.org/10.1038/s41467-024-45422-9,0.29,0.1485157613024765
pdi,pdi_mean,rf_composition,RF: composition,composition,1,206,https://doi.org/10.1038/s41467-024-45422-9,0.34,0.1485157613024765
pdi,pdi_mean,rf_composition,RF: composition,composition,1,207,https://doi.org/10.1038/s41467-024-45422-9,0.31,0.1485157613024765
pdi,pdi_mean,rf_composition,RF: composition,composition,1,208,https://doi.org/10.1038/s41467-024-45422-9,0.25,0.1485157613024765
pdi,pdi_mean,rf_composition,RF: composition,composition,1,209,https://doi.org/10.1038/s41467-024-45422-9,0.41,0.1485157613024765
pdi,pdi_mean,rf_composition,RF: composition,composition,1,210,https://doi.org/10.1038/s41467-024-45422-9,0.21,0.1485157613024765
pdi,pdi_mean,rf_composition,RF: composition,composition,1,211,https://doi.org/10.1038/s41467-024-45422-9,0.4,0.1485157613024765
pdi,pdi_mean,rf_composition,RF: composition,composition,1,212,https://doi.org/10.1038/s41467-024-45422-9,0.15,0.1485157613024765
pdi,pdi_mean,rf_composition,RF: composition,composition,1,213,https://doi.org/10.1038/s41467-024-45422-9,0.22,0.1485157613024765
pdi,pdi_mean,rf_composition,RF: composition,composition,1,214,https://doi.org/10.1038/s41467-024-45422-9,0.21,0.1485157613024765
pdi,pdi_mean,rf_composition,RF: composition,composition,1,215,https://doi.org/10.1038/s41467-024-45422-9,0.24,0.1485157613024765
pdi,pdi_mean,rf_composition,RF: composition,composition,1,216,https://doi.org/10.1038/s41467-024-45422-9,0.31,0.1485157613024765
pdi,pdi_mean,rf_composition,RF: composition,composition,1,217,https://doi.org/10.1038/s41467-024-45422-9,0.25,0.1485157613024765
pdi,pdi_mean,rf_composition,RF: composition,composition,1,218,https://doi.org/10.1038/s41467-024-45422-9,0.27,0.1485157613024765
pdi,pdi_mean,rf_composition,RF: composition,composition,1,219,https://doi.org/10.1038/s41467-024-45422-9,0.21,0.1485157613024765
pdi,pdi_mean,rf_composition,RF: composition,composition,1,220,https://doi.org/10.1038/s41467-024-45422-9,0.23,0.1485157613024765
pdi,pdi_mean,rf_composition,RF: composition,composition,1,221,https://doi.org/10.1038/s41467-024-45422-9,0.21,0.1485157613024765
pdi,pdi_mean,rf_composition,RF: composition,composition,1,222,https://doi.org/10.1038/s41467-024-45422-9,0.27,0.1485157613024765
pdi,pdi_mean,rf_composition,RF: composition,composition,1,223,https://doi.org/10.1038/s41467-024-45422-9,0.22,0.1485157613024765
pdi,pdi_mean,rf_composition,RF: composition,composition,1,224,https://doi.org/10.1038/s41467-024-45422-9,0.25,0.1485157613024765
pdi,pdi_mean,rf_composition,RF: composition,composition,1,225,https://doi.org/10.1038/s41467-024-45422-9,0.23,0.1485157613024765
pdi,pdi_mean,rf_composition,RF: composition,composition,1,227,https://doi.org/10.1038/s41467-024-45422-9,0.18,0.1485157613024765
pdi,pdi_mean,rf_composition,RF: composition,composition,1,228,https://doi.org/10.1038/s41467-024-45422-9,0.26,0.1485157613024765
pdi,pdi_mean,rf_composition,RF: composition,composition,1,229,https://doi.org/10.1038/s41467-024-45422-9,0.2,0.1485157613024765
pdi,pdi_mean,rf_composition,RF: composition,composition,1,230,https://doi.org/10.1038/s41467-024-45422-9,0.23,0.1485157613024765
pdi,pdi_mean,rf_composition,RF: composition,composition,1,231,https://doi.org/10.1038/s41467-024-45422-9,0.18,0.1485157613024765
pdi,pdi_mean,rf_composition,RF: composition,composition,1,232,https://doi.org/10.1038/s41467-024-45422-9,0.14,0.1485157613024765
pdi,pdi_mean,rf_composition,RF: composition,composition,1,233,https://doi.org/10.1038/s41467-024-45422-9,0.23,0.1485157613024765
pdi,pdi_mean,rf_composition,RF: composition,composition,1,234,https://doi.org/10.1038/s41467-024-45422-9,0.19,0.1485157613024765
pdi,pdi_mean,rf_composition,RF: composition,composition,1,235,https://doi.org/10.1038/s41467-024-45422-9,0.17,0.1485157613024765
pdi,pdi_mean,rf_composition,RF: composition,composition,1,236,https://doi.org/10.1038/s41467-024-45422-9,0.1,0.1485157613024765
pdi,pdi_mean,rf_composition,RF: composition,composition,1,237,https://doi.org/10.1038/s41467-024-45422-9,0.18,0.1485157613024765
pdi,pdi_mean,rf_composition,RF: composition,composition,1,238,https://doi.org/10.1038/s41467-024-45422-9,0.16,0.1485157613024765
pdi,pdi_mean,rf_composition,RF: composition,composition,1,239,https://doi.org/10.1038/s41467-024-45422-9,0.19,0.1485157613024765
pdi,pdi_mean,rf_composition,RF: composition,composition,1,240,https://doi.org/10.1038/s41467-024-45422-9,0.13,0.1485157613024765
pdi,pdi_mean,rf_composition,RF: composition,composition,1,241,https://doi.org/10.1038/s41467-024-45422-9,0.14,0.1485157613024765
pdi,pdi_mean,rf_composition,RF: composition,composition,1,242,https://doi.org/10.1038/s41467-024-45422-9,0.22,0.1485157613024765
pdi,pdi_mean,rf_composition,RF: composition,composition,1,243,https://doi.org/10.1038/s41467-024-45422-9,0.12,0.1485157613024765
pdi,pdi_mean,rf_composition,RF: composition,composition,1,244,https://doi.org/10.1038/s41467-024-45422-9,0.16,0.1485157613024765
pdi,pdi_mean,rf_composition,RF: composition,composition,1,245,https://doi.org/10.1038/s41467-024-45422-9,0.15,0.1485157613024765
pdi,pdi_mean,rf_composition,RF: composition,composition,1,246,https://doi.org/10.1038/s41467-024-45422-9,0.16,0.1485157613024765
pdi,pdi_mean,rf_composition,RF: composition,composition,1,247,https://doi.org/10.1038/s41467-024-45422-9,0.16,0.1485157613024765
pdi,pdi_mean,rf_composition,RF: composition,composition,1,248,https://doi.org/10.1038/s41467-024-45422-9,0.1,0.1485157613024765
pdi,pdi_mean,rf_composition,RF: composition,composition,1,249,https://doi.org/10.1038/s41467-024-45422-9,0.14,0.1485157613024765
pdi,pdi_mean,rf_composition,RF: composition,composition,1,250,https://doi.org/10.1038/s41467-024-45422-9,0.14,0.1485157613024765
pdi,pdi_mean,rf_composition,RF: composition,composition,1,251,https://doi.org/10.1038/s41467-024-45422-9,0.26,0.1485157613024765
pdi,pdi_mean,rf_composition,RF: composition,composition,1,252,https://doi.org/10.1038/s41467-024-45422-9,0.19,0.1485157613024765
pdi,pdi_mean,rf_composition,RF: composition,composition,1,253,https://doi.org/10.1038/s41467-024-45422-9,0.23,0.1485157613024765
pdi,pdi_mean,rf_composition,RF: composition,composition,1,254,https://doi.org/10.1038/s41467-024-45422-9,0.1,0.1485157613024765
pdi,pdi_mean,rf_composition,RF: composition,composition,1,255,https://doi.org/10.1038/s41467-024-45422-9,0.13,0.1485157613024765
pdi,pdi_mean,rf_composition,RF: composition,composition,1,256,https://doi.org/10.1038/s41467-024-45422-9,0.21,0.1485157613024765
pdi,pdi_mean,rf_composition,RF: composition,composition,1,257,https://doi.org/10.1038/s41467-024-45422-9,0.16,0.1485157613024765
pdi,pdi_mean,rf_composition,RF: composition,composition,1,258,https://doi.org/10.1038/s41467-024-45422-9,0.25,0.1485157613024765
pdi,pdi_mean,rf_composition,RF: composition,composition,1,259,https://doi.org/10.1038/s41467-024-45422-9,0.25,0.1485157613024765
pdi,pdi_mean,rf_composition,RF: composition,composition,1,260,https://doi.org/10.1038/s41467-024-45422-9,0.16,0.1485157613024765
pdi,pdi_mean,rf_composition,RF: composition,composition,1,261,https://doi.org/10.1038/s41467-024-45422-9,0.2,0.1485157613024765
pdi,pdi_mean,rf_composition,RF: composition,composition,1,262,https://doi.org/10.1038/s41467-024-45422-9,0.25,0.1485157613024765
pdi,pdi_mean,rf_composition,RF: composition,composition,1,263,https://doi.org/10.1038/s41467-024-45422-9,0.22,0.1485157613024765
pdi,pdi_mean,rf_composition,RF: composition,composition,1,264,https://doi.org/10.1038/s41467-024-45422-9,0.18,0.1485157613024765
pdi,pdi_mean,rf_composition,RF: composition,composition,1,265,https://doi.org/10.1038/s41467-024-45422-9,0.22,0.1485157613024765
pdi,pdi_mean,rf_composition,RF: composition,composition,1,266,https://doi.org/10.1038/s41467-024-45422-9,0.12,0.1485157613024765
pdi,pdi_mean,rf_composition,RF: composition,composition,1,267,https://doi.org/10.1038/s41467-024-45422-9,0.12,0.1485157613024765
pdi,pdi_mean,rf_composition,RF: composition,composition,1,268,https://doi.org/10.1038/s41467-024-45422-9,0.13,0.1485157613024765
pdi,pdi_mean,rf_composition,RF: composition,composition,1,269,https://doi.org/10.1038/s41467-024-45422-9,0.08,0.1485157613024765
pdi,pdi_mean,rf_composition,RF: composition,composition,1,270,https://doi.org/10.1038/s41467-024-45422-9,0.18,0.1485157613024765
pdi,pdi_mean,rf_composition,RF: composition,composition,1,271,https://doi.org/10.1038/s41467-024-45422-9,0.07,0.1485157613024765
pdi,pdi_mean,rf_composition,RF: composition,composition,1,272,https://doi.org/10.1038/s41467-024-45422-9,0.1,0.1485157613024765
pdi,pdi_mean,rf_composition,RF: composition,composition,1,273,https://doi.org/10.1038/s41467-024-45422-9,0.12,0.1485157613024765
pdi,pdi_mean,rf_composition,RF: composition,composition,1,274,https://doi.org/10.1038/s41467-024-45422-9,0.11,0.1485157613024765
pdi,pdi_mean,rf_composition,RF: composition,composition,1,275,https://doi.org/10.1038/s41467-024-45422-9,0.18,0.1485157613024765
pdi,pdi_mean,rf_composition,RF: composition,composition,1,276,https://doi.org/10.1038/s41467-024-45422-9,0.23,0.1485157613024765
pdi,pdi_mean,rf_composition,RF: composition,composition,1,277,https://doi.org/10.1038/s41467-024-45422-9,0.13,0.1485157613024765
pdi,pdi_mean,rf_composition,RF: composition,composition,1,278,https://doi.org/10.1038/s41467-024-45422-9,0.09,0.1485157613024765
pdi,pdi_mean,rf_composition,RF: composition,composition,1,279,https://doi.org/10.1038/s41467-024-45422-9,0.29,0.1485157613024765
pdi,pdi_mean,rf_composition,RF: composition,composition,1,280,https://doi.org/10.1038/s41467-024-45422-9,0.25,0.1485157613024765
pdi,pdi_mean,rf_composition,RF: composition,composition,1,281,https://doi.org/10.1038/s41467-024-45422-9,0.24,0.1485157613024765
pdi,pdi_mean,rf_composition,RF: composition,composition,1,282,https://doi.org/10.1038/s41467-024-45422-9,0.21,0.1485157613024765
pdi,pdi_mean,rf_composition,RF: composition,composition,1,283,https://doi.org/10.1038/s41467-024-45422-9,0.16,0.1485157613024765
pdi,pdi_mean,rf_composition,RF: composition,composition,1,284,https://doi.org/10.1038/s41467-024-45422-9,0.15,0.1485157613024765
pdi,pdi_mean,rf_composition,RF: composition,composition,1,285,https://doi.org/10.1038/s41467-024-45422-9,0.26,0.1485157613024765
pdi,pdi_mean,rf_composition,RF: composition,composition,1,286,https://doi.org/10.1038/s41467-024-45422-9,0.3,0.1485157613024765
pdi,pdi_mean,rf_composition,RF: composition,composition,1,288,https://doi.org/10.1038/s41467-024-45422-9,0.23,0.1485157613024765
pdi,pdi_mean,rf_composition,RF: composition,composition,1,289,https://doi.org/10.1038/s41467-024-45422-9,0.16,0.1485157613024765
pdi,pdi_mean,rf_composition,RF: composition,composition,1,290,https://doi.org/10.1038/s41467-024-45422-9,0.19,0.1485157613024765
pdi,pdi_mean,rf_composition,RF: composition,composition,1,291,https://doi.org/10.1038/s41467-024-45422-9,0.24,0.1485157613024765
pdi,pdi_mean,rf_composition,RF: composition,composition,1,292,https://doi.org/10.1038/s41467-024-45422-9,0.22,0.1485157613024765
pdi,pdi_mean,rf_composition,RF: composition,composition,1,293,https://doi.org/10.1038/s41467-024-45422-9,0.27,0.1485157613024765
pdi,pdi_mean,rf_composition,RF: composition,composition,1,294,https://doi.org/10.1038/s41467-024-45422-9,0.21,0.1485157613024765
pdi,pdi_mean,rf_composition,RF: composition,composition,1,295,https://doi.org/10.1038/s41467-024-45422-9,0.13,0.1485157613024765
pdi,pdi_mean,rf_composition,RF: composition,composition,1,296,https://doi.org/10.1038/s41467-024-45422-9,0.16,0.1485157613024765
pdi,pdi_mean,rf_composition,RF: composition,composition,1,297,https://doi.org/10.1038/s41467-024-45422-9,0.25,0.1485157613024765
pdi,pdi_mean,rf_composition,RF: composition,composition,1,298,https://doi.org/10.1038/s41467-024-45422-9,0.16,0.1485157613024765
pdi,pdi_mean,rf_composition,RF: composition,composition,2,444,10.1002/anie.201809056,0.055,0.18488231741492134
pdi,pdi_mean,rf_composition,RF: composition,composition,2,446,10.1002/anie.201809056,0.041,0.18488231741492134
pdi,pdi_mean,rf_composition,RF: composition,composition,2,756,https://doi.org/10.1016/j.ijpharm.2023.123050,0.02,0.10921286706151047
pdi,pdi_mean,rf_composition,RF: composition,composition,2,763,https://doi.org/10.1016/j.ijpharm.2023.123050,0.1,0.10921286706151047
pdi,pdi_mean,rf_composition,RF: composition,composition,2,773,https://doi.org/10.1016/j.ijpharm.2023.123050,0.05,0.18488231741492134
pdi,pdi_mean,rf_composition,RF: composition,composition,2,959,https://doi.org/10.1038/s41587-019-0247-3,0.2,0.1293946419049222
pdi,pdi_mean,rf_composition,RF: composition,composition,2,960,https://doi.org/10.1038/s41587-019-0247-3,0.1,0.21848149503247768
pdi,pdi_mean,rf_composition,RF: composition,composition,2,961,https://doi.org/10.1038/s41587-019-0247-3,0.2,0.17287667251437086
pdi,pdi_mean,rf_composition,RF: composition,composition,2,962,https://doi.org/10.1038/s41587-019-0247-3,0.2,0.18087571117651685
pdi,pdi_mean,rf_composition,RF: composition,composition,2,963,https://doi.org/10.1038/s41587-019-0247-3,0.3,0.17287667251437086
pdi,pdi_mean,rf_composition,RF: composition,composition,2,964,https://doi.org/10.1038/s41587-019-0247-3,0.3,0.15643176582936325
pdi,pdi_mean,rf_composition,RF: composition,composition,2,965,https://doi.org/10.1038/s41587-019-0247-3,0.2,0.1214995234721448
pdi,pdi_mean,rf_composition,RF: composition,composition,2,966,https://doi.org/10.1038/s41587-019-0247-3,0.2,0.1577150053391052
pdi,pdi_mean,rf_composition,RF: composition,composition,2,967,https://doi.org/10.1038/s41587-019-0247-3,0.3,0.17287667251437086
pdi,pdi_mean,rf_composition,RF: composition,composition,2,968,https://doi.org/10.1038/s41587-019-0247-3,0.2,0.17287667251437086
pdi,pdi_mean,rf_composition,RF: composition,composition,2,969,https://doi.org/10.1038/s41587-019-0247-3,0.2,0.15660063867243854
pdi,pdi_mean,rf_composition,RF: composition,composition,2,970,https://doi.org/10.1038/s41587-019-0247-3,0.2,0.17287667251437086
pdi,pdi_mean,rf_composition,RF: composition,composition,2,971,https://doi.org/10.1038/s41587-019-0247-3,0.2,0.11320314268078582
pdi,pdi_mean,rf_composition,RF: composition,composition,2,972,https://doi.org/10.1038/s41587-019-0247-3,0.2,0.20195627619047607
pdi,pdi_mean,rf_composition,RF: composition,composition,2,973,https://doi.org/10.1038/s41587-019-0247-3,0.2,0.17287667251437086
pdi,pdi_mean,rf_composition,RF: composition,composition,2,974,https://doi.org/10.1038/s41587-019-0247-3,0.1,0.17172859608515645
pdi,pdi_mean,rf_composition,RF: composition,composition,2,975,https://doi.org/10.1038/s41587-019-0247-3,0.3,0.15173049654609475
pdi,pdi_mean,rf_composition,RF: composition,composition,2,976,https://doi.org/10.1038/s41587-019-0247-3,0.2,0.17287667251437086
pdi,pdi_mean,rf_composition,RF: composition,composition,2,977,https://doi.org/10.1038/s41587-019-0247-3,0.2,0.1383426343970398
pdi,pdi_mean,rf_composition,RF: composition,composition,2,978,https://doi.org/10.1038/s41587-019-0247-3,0.3,0.18900972222222207
pdi,pdi_mean,rf_composition,RF: composition,composition,2,979,https://doi.org/10.1038/s41587-019-0247-3,0.1,0.17075926203254022
pdi,pdi_mean,rf_composition,RF: composition,composition,2,980,https://doi.org/10.1038/s41587-019-0247-3,0.1,0.1530273614331896
pdi,pdi_mean,rf_composition,RF: composition,composition,2,981,https://doi.org/10.1038/s41587-019-0247-3,0.2,0.18488231741492134
pdi,pdi_mean,rf_composition,RF: composition,composition,2,982,https://doi.org/10.1038/s41587-019-0247-3,0.3,0.19700723518065236
pdi,pdi_mean,rf_composition,RF: composition,composition,2,983,https://doi.org/10.1038/s41587-019-0247-3,0.2,0.18488231741492134
pdi,pdi_mean,rf_composition,RF: composition,composition,2,984,https://doi.org/10.1038/s41587-019-0247-3,0.1,0.18488231741492134
pdi,pdi_mean,rf_composition,RF: composition,composition,2,985,https://doi.org/10.1038/s41587-019-0247-3,0.2,0.21848149503247768
pdi,pdi_mean,rf_composition,RF: composition,composition,2,986,https://doi.org/10.1038/s41587-019-0247-3,0.2,0.21242579016856322
pdi,pdi_mean,rf_composition,RF: composition,composition,2,987,https://doi.org/10.1038/s41587-019-0247-3,0.1,0.1917909085538198
pdi,pdi_mean,rf_composition,RF: composition,composition,2,988,https://doi.org/10.1038/s41587-019-0247-3,0.1,0.2637705928460428
pdi,pdi_mean,rf_composition,RF: composition,composition,2,989,https://doi.org/10.1038/s41587-019-0247-3,0.2,0.21828883664977825
pdi,pdi_mean,rf_composition,RF: composition,composition,2,990,https://doi.org/10.1038/s41587-019-0247-3,0.2,0.1293946419049222
pdi,pdi_mean,rf_composition,RF: composition,composition,2,991,https://doi.org/10.1038/s41587-019-0247-3,0.1,0.16135628855758613
pdi,pdi_mean,rf_composition,RF: composition,composition,2,992,https://doi.org/10.1038/s41587-019-0247-3,0.2,0.19563031573008946
pdi,pdi_mean,rf_composition,RF: composition,composition,2,1088,https://dx.doi.org/10.1021/acs.nanolett.0c01386,0.05,0.13359884841545822
pdi,pdi_mean,rf_composition,RF: composition,composition,2,1089,https://dx.doi.org/10.1021/acs.nanolett.0c01386,0.08,0.13359884841545822
pdi,pdi_mean,rf_composition,RF: composition,composition,2,1090,https://dx.doi.org/10.1021/acs.nanolett.0c01386,0.07,0.13359884841545822
pdi,pdi_mean,rf_composition,RF: composition,composition,2,1091,https://dx.doi.org/10.1021/acs.nanolett.0c01386,0.1,0.13359884841545822
pdi,pdi_mean,rf_composition,RF: composition,composition,2,1092,https://dx.doi.org/10.1021/acs.nanolett.0c01386,0.12,0.13359884841545822
pdi,pdi_mean,rf_composition,RF: composition,composition,3,2,https://doi.org/10.1038/s41467-024-50619-z,0.14,0.19410443110027342
pdi,pdi_mean,rf_composition,RF: composition,composition,3,3,https://doi.org/10.1038/s41467-024-50619-z,0.14,0.19410443110027342
pdi,pdi_mean,rf_composition,RF: composition,composition,3,4,https://doi.org/10.1038/s41467-024-50619-z,0.09,0.19410443110027342
pdi,pdi_mean,rf_composition,RF: composition,composition,3,5,https://doi.org/10.1038/s41467-024-50619-z,0.17,0.19410443110027342
pdi,pdi_mean,rf_composition,RF: composition,composition,3,6,https://doi.org/10.1038/s41467-024-50619-z,0.14,0.19410443110027342
pdi,pdi_mean,rf_composition,RF: composition,composition,3,7,https://doi.org/10.1038/s41467-024-50619-z,0.15,0.19410443110027342
pdi,pdi_mean,rf_composition,RF: composition,composition,3,8,https://doi.org/10.1038/s41467-024-50619-z,0.01,0.19410443110027342
pdi,pdi_mean,rf_composition,RF: composition,composition,3,9,https://doi.org/10.1038/s41467-024-50619-z,0.09,0.19410443110027342
pdi,pdi_mean,rf_composition,RF: composition,composition,3,10,https://doi.org/10.1038/s41467-024-50619-z,0.15,0.19410443110027342
pdi,pdi_mean,rf_composition,RF: composition,composition,3,11,https://doi.org/10.1038/s41467-024-50619-z,0.16,0.19410443110027342
pdi,pdi_mean,rf_composition,RF: composition,composition,3,12,https://doi.org/10.1038/s41467-024-50619-z,0.17,0.19410443110027342
pdi,pdi_mean,rf_composition,RF: composition,composition,3,13,https://doi.org/10.1038/s41467-024-50619-z,0.02,0.19410443110027342
pdi,pdi_mean,rf_composition,RF: composition,composition,3,14,https://doi.org/10.1038/s41467-024-50619-z,0.12,0.19410443110027342
pdi,pdi_mean,rf_composition,RF: composition,composition,3,15,https://doi.org/10.1038/s41467-024-50619-z,0.14,0.19410443110027342
pdi,pdi_mean,rf_composition,RF: composition,composition,3,16,https://doi.org/10.1038/s41467-024-50619-z,0.1,0.19410443110027342
pdi,pdi_mean,rf_composition,RF: composition,composition,3,17,https://doi.org/10.1038/s41467-024-50619-z,0.12,0.19410443110027342
pdi,pdi_mean,rf_composition,RF: composition,composition,3,18,https://doi.org/10.1038/s41467-024-50619-z,0.1,0.19410443110027342
pdi,pdi_mean,rf_composition,RF: composition,composition,3,19,https://doi.org/10.1038/s41467-024-50619-z,0.15,0.19410443110027342
pdi,pdi_mean,rf_composition,RF: composition,composition,3,20,https://doi.org/10.1038/s41467-024-50619-z,0.1,0.19410443110027342
pdi,pdi_mean,rf_composition,RF: composition,composition,3,21,https://doi.org/10.1038/s41467-024-50619-z,0.1,0.19410443110027342
pdi,pdi_mean,rf_composition,RF: composition,composition,3,22,https://doi.org/10.1038/s41467-024-50619-z,0.13,0.19410443110027342
pdi,pdi_mean,rf_composition,RF: composition,composition,3,23,https://doi.org/10.1038/s41467-024-50619-z,0.16,0.19410443110027342
pdi,pdi_mean,rf_composition,RF: composition,composition,3,24,https://doi.org/10.1038/s41467-024-50619-z,0.16,0.19410443110027342
pdi,pdi_mean,rf_composition,RF: composition,composition,3,25,https://doi.org/10.1038/s41467-024-50619-z,0.23,0.19410443110027342
pdi,pdi_mean,rf_composition,RF: composition,composition,3,26,https://doi.org/10.1038/s41467-024-50619-z,0.14,0.19410443110027342
pdi,pdi_mean,rf_composition,RF: composition,composition,3,27,https://doi.org/10.1038/s41467-024-50619-z,0.14,0.19410443110027342
pdi,pdi_mean,rf_composition,RF: composition,composition,3,28,https://doi.org/10.1038/s41467-024-50619-z,0.14,0.19410443110027342
pdi,pdi_mean,rf_composition,RF: composition,composition,3,29,https://doi.org/10.1038/s41467-024-50619-z,0.15,0.19410443110027342
pdi,pdi_mean,rf_composition,RF: composition,composition,3,30,https://doi.org/10.1038/s41467-024-50619-z,0.15,0.19410443110027342
pdi,pdi_mean,rf_composition,RF: composition,composition,3,575,10.1002/jbm.a.37705,0.28,0.19410443110027342
pdi,pdi_mean,rf_composition,RF: composition,composition,3,576,10.1002/jbm.a.37705,0.18,0.19410443110027342
pdi,pdi_mean,rf_composition,RF: composition,composition,3,578,10.1002/jbm.a.37705,0.22,0.19410443110027342
pdi,pdi_mean,rf_composition,RF: composition,composition,3,778,10.1002/btm2.10580,0.168,0.22047360555601145
pdi,pdi_mean,rf_composition,RF: composition,composition,3,779,10.1002/btm2.10580,0.154,0.16224869645801238
pdi,pdi_mean,rf_composition,RF: composition,composition,3,780,10.1002/btm2.10580,0.152,0.2351666386946383
pdi,pdi_mean,rf_composition,RF: composition,composition,3,781,10.1002/btm2.10580,0.153,0.10682990324737933
pdi,pdi_mean,rf_composition,RF: composition,composition,3,782,10.1002/btm2.10580,0.162,0.16224869645801238
pdi,pdi_mean,rf_composition,RF: composition,composition,3,783,10.1002/btm2.10580,0.172,0.10682990324737933
pdi,pdi_mean,rf_composition,RF: composition,composition,3,784,10.1002/btm2.10580,0.166,0.16224869645801238
pdi,pdi_mean,rf_composition,RF: composition,composition,3,785,10.1002/btm2.10580,0.174,0.16963650837969232
pdi,pdi_mean,rf_composition,RF: composition,composition,3,913,https://doi.org/10.1038/s41434-022-00370-1,0.004,0.21648647568225177
pdi,pdi_mean,rf_composition,RF: composition,composition,3,914,https://doi.org/10.1038/s41434-022-00370-1,0.011,0.10682990324737933
pdi,pdi_mean,rf_composition,RF: composition,composition,3,915,https://doi.org/10.1038/s41434-022-00370-1,0.017,0.17628968182861746
pdi,pdi_mean,rf_composition,RF: composition,composition,3,1021,10.1073/pnas.1209367109,0.09,0.169947952217081
pdi,pdi_mean,rf_composition,RF: composition,composition,4,198,10.1002/adma.201606944,0.197,0.18436704955257038
pdi,pdi_mean,rf_composition,RF: composition,composition,4,199,10.1002/adma.201606944,0.197,0.18436704955257038
pdi,pdi_mean,rf_composition,RF: composition,composition,4,509,https://doi.org/10.34133/bmr.0017,0.106,0.10210628103135656
pdi,pdi_mean,rf_composition,RF: composition,composition,4,510,https://doi.org/10.34133/bmr.0017,0.079,0.10210628103135656
pdi,pdi_mean,rf_composition,RF: composition,composition,4,511,https://doi.org/10.34133/bmr.0017,0.077,0.17809467452782837
pdi,pdi_mean,rf_composition,RF: composition,composition,4,512,https://doi.org/10.34133/bmr.0017,0.11,0.17809467452782837
pdi,pdi_mean,rf_composition,RF: composition,composition,4,513,https://doi.org/10.34133/bmr.0017,0.074,0.17989446817862206
pdi,pdi_mean,rf_composition,RF: composition,composition,4,635,10.1021/jacs.2c12893,0.11,0.18436704955257038
pdi,pdi_mean,rf_composition,RF: composition,composition,4,636,10.1021/jacs.2c12893,0.09,0.10210628103135656
pdi,pdi_mean,rf_composition,RF: composition,composition,4,641,https://doi.org/10.1016/j.jpha.2024.100996,0.12,0.19151475176859353
pdi,pdi_mean,rf_composition,RF: composition,composition,4,642,https://doi.org/10.1016/j.jpha.2024.100996,0.107,0.19693927431851338
pdi,pdi_mean,rf_composition,RF: composition,composition,4,643,https://doi.org/10.1016/j.jpha.2024.100996,0.071,0.10210628103135656
pdi,pdi_mean,rf_composition,RF: composition,composition,4,644,https://doi.org/10.1016/j.jpha.2024.100996,0.069,0.10210628103135656
pdi,pdi_mean,rf_composition,RF: composition,composition,4,645,https://doi.org/10.1016/j.jpha.2024.100996,0.099,0.10210628103135656
pdi,pdi_mean,rf_composition,RF: composition,composition,4,646,https://doi.org/10.1016/j.jpha.2024.100996,0.212,0.10210628103135656
pdi,pdi_mean,rf_composition,RF: composition,composition,4,647,https://doi.org/10.1016/j.jpha.2024.100996,0.208,0.10210628103135656
pdi,pdi_mean,rf_composition,RF: composition,composition,4,648,https://doi.org/10.1016/j.jpha.2024.100996,0.178,0.10210628103135656
pdi,pdi_mean,rf_composition,RF: composition,composition,4,649,https://doi.org/10.1016/j.jpha.2024.100996,0.258,0.10210628103135656
pdi,pdi_mean,rf_composition,RF: composition,composition,4,650,https://doi.org/10.1016/j.jpha.2024.100996,0.222,0.19693927431851338
pdi,pdi_mean,rf_composition,RF: composition,composition,4,651,https://doi.org/10.1016/j.jpha.2024.100996,0.233,0.11044941618490349
pdi,pdi_mean,rf_composition,RF: composition,composition,4,652,https://doi.org/10.1016/j.jpha.2024.100996,0.087,0.19151475176859353
pdi,pdi_mean,rf_composition,RF: composition,composition,4,653,https://doi.org/10.1016/j.jpha.2024.100996,0.073,0.19693927431851338
pdi,pdi_mean,rf_composition,RF: composition,composition,4,654,https://doi.org/10.1016/j.jpha.2024.100996,0.067,0.10210628103135656
pdi,pdi_mean,rf_composition,RF: composition,composition,4,655,https://doi.org/10.1016/j.jpha.2024.100996,0.203,0.11044941618490349
pdi,pdi_mean,rf_composition,RF: composition,composition,4,656,https://doi.org/10.1016/j.jpha.2024.100996,0.211,0.11044941618490349
pdi,pdi_mean,rf_composition,RF: composition,composition,4,657,https://doi.org/10.1016/j.jpha.2024.100996,0.198,0.10210628103135656
pdi,pdi_mean,rf_composition,RF: composition,composition,4,658,https://doi.org/10.1016/j.jpha.2024.100996,0.32,0.10210628103135656
pdi,pdi_mean,rf_composition,RF: composition,composition,4,659,https://doi.org/10.1016/j.jpha.2024.100996,0.374,0.11044941618490349
pdi,pdi_mean,rf_composition,RF: composition,composition,4,660,https://doi.org/10.1016/j.jpha.2024.100996,0.331,0.11044941618490349
pdi,pdi_mean,rf_composition,RF: composition,composition,4,661,https://doi.org/10.1016/j.jpha.2024.100996,0.149,0.19693927431851338
pdi,pdi_mean,rf_composition,RF: composition,composition,4,662,https://doi.org/10.1016/j.jpha.2024.100996,0.156,0.10210628103135656
pdi,pdi_mean,rf_composition,RF: composition,composition,4,663,https://doi.org/10.1016/j.jpha.2024.100996,0.146,0.18738254700668874
pdi,pdi_mean,rf_composition,RF: composition,composition,4,664,https://doi.org/10.1016/j.jpha.2024.100996,0.09,0.10210628103135656
pdi,pdi_mean,rf_composition,RF: composition,composition,4,1005,10.1002/smll.201805097,0.106,0.18436704955257038
pdi,pdi_mean,rf_composition,RF: composition,composition,4,1006,10.1002/smll.201805097,0.129,0.18436704955257038
pdi,pdi_mean,rf_composition,RF: composition,composition,4,1007,10.1002/smll.201805097,0.135,0.18436704955257038
pdi,pdi_mean,rf_composition,RF: composition,composition,4,1008,10.1002/smll.201805097,0.138,0.18436704955257038
pdi,pdi_mean,rf_composition,RF: composition,composition,4,1009,10.1002/smll.201805097,0.141,0.18436704955257038
pdi,pdi_mean,rf_composition,RF: composition,composition,4,1010,10.1002/smll.201805097,0.117,0.18436704955257038
pdi,pdi_mean,rf_composition,RF: composition,composition,4,1011,10.1002/smll.201805097,0.19,0.18436704955257038
pdi,pdi_mean,rf_composition,RF: composition,composition,4,1012,10.1002/smll.201805097,0.127,0.18436704955257038
pdi,pdi_mean,rf_composition,RF: composition,composition,4,1013,10.1002/smll.201805097,0.216,0.18436704955257038
pdi,pdi_mean,rf_composition,RF: composition,composition,4,1014,10.1002/smll.201805097,0.17,0.18436704955257038
pdi,pdi_mean,rf_composition,RF: composition,composition,4,1015,10.1002/smll.201805097,0.324,0.18436704955257038
pdi,pdi_mean,rf_composition,RF: composition,composition,5,109,10.1021/acs.nanolett.5b02497,0.147,0.08520383623598622
pdi,pdi_mean,rf_composition,RF: composition,composition,5,110,10.1021/acs.nanolett.5b02497,0.221,0.11160901483616978
pdi,pdi_mean,rf_composition,RF: composition,composition,5,113,https://doi.org/10.1016/j.ymthe.2018.03.010,0.14,0.10837172092134693
pdi,pdi_mean,rf_composition,RF: composition,composition,5,114,https://doi.org/10.1016/j.ymthe.2018.03.010,0.14,0.10837172092134693
pdi,pdi_mean,rf_composition,RF: composition,composition,5,115,https://doi.org/10.1016/j.ymthe.2018.03.010,0.11,0.10837172092134693
pdi,pdi_mean,rf_composition,RF: composition,composition,5,116,https://doi.org/10.1016/j.ymthe.2018.03.010,0.07,0.10837172092134693
pdi,pdi_mean,rf_composition,RF: composition,composition,5,117,https://doi.org/10.1016/j.ymthe.2018.03.010,0.04,0.10837172092134693
pdi,pdi_mean,rf_composition,RF: composition,composition,5,118,https://doi.org/10.1016/j.ymthe.2018.03.010,0.11,0.10837172092134693
pdi,pdi_mean,rf_composition,RF: composition,composition,5,119,https://doi.org/10.1016/j.ymthe.2018.03.010,0.15,0.10837172092134693
pdi,pdi_mean,rf_composition,RF: composition,composition,5,120,https://doi.org/10.1016/j.ymthe.2018.03.010,0.1,0.10837172092134693
pdi,pdi_mean,rf_composition,RF: composition,composition,5,121,https://doi.org/10.1016/j.ymthe.2018.03.010,0.16,0.10837172092134693
pdi,pdi_mean,rf_composition,RF: composition,composition,5,122,https://doi.org/10.1016/j.ymthe.2018.03.010,0.14,0.10837172092134693
pdi,pdi_mean,rf_composition,RF: composition,composition,5,123,https://doi.org/10.1016/j.ymthe.2018.03.010,0.11,0.10837172092134693
pdi,pdi_mean,rf_composition,RF: composition,composition,5,450,10.1016/j.jconrel.2019.10.028,0.198,0.1509187449953118
pdi,pdi_mean,rf_composition,RF: composition,composition,5,451,10.1016/j.jconrel.2019.10.028,0.226,0.1691270767148662
pdi,pdi_mean,rf_composition,RF: composition,composition,5,452,10.1016/j.jconrel.2019.10.028,0.224,0.18159972150799394
pdi,pdi_mean,rf_composition,RF: composition,composition,5,453,10.1016/j.jconrel.2019.10.028,0.202,0.21782114668836927
pdi,pdi_mean,rf_composition,RF: composition,composition,5,454,10.1016/j.jconrel.2019.10.028,0.226,0.17481226235881053
pdi,pdi_mean,rf_composition,RF: composition,composition,5,455,10.1016/j.jconrel.2019.10.028,0.221,0.1676190047551815
pdi,pdi_mean,rf_composition,RF: composition,composition,5,456,10.1016/j.jconrel.2019.10.028,0.212,0.16758141628735854
pdi,pdi_mean,rf_composition,RF: composition,composition,5,457,10.1016/j.jconrel.2019.10.028,0.205,0.1642392589723256
pdi,pdi_mean,rf_composition,RF: composition,composition,5,458,10.1016/j.jconrel.2019.10.028,0.174,0.16863413917133943
pdi,pdi_mean,rf_composition,RF: composition,composition,5,459,10.1016/j.jconrel.2019.10.028,0.208,0.14849894125231253
pdi,pdi_mean,rf_composition,RF: composition,composition,5,460,10.1016/j.jconrel.2019.10.028,0.203,0.18149742634370236
pdi,pdi_mean,rf_composition,RF: composition,composition,5,461,10.1016/j.jconrel.2019.10.028,0.224,0.18149742634370236
pdi,pdi_mean,rf_composition,RF: composition,composition,5,462,10.1016/j.jconrel.2019.10.028,0.204,0.18149742634370236
pdi,pdi_mean,rf_composition,RF: composition,composition,5,463,10.1016/j.jconrel.2019.10.028,0.214,0.18149742634370236
pdi,pdi_mean,rf_composition,RF: composition,composition,5,464,10.1016/j.jconrel.2019.10.028,0.233,0.18149742634370236
pdi,pdi_mean,rf_composition,RF: composition,composition,5,465,10.1016/j.jconrel.2019.10.028,0.223,0.18149742634370236
pdi,pdi_mean,rf_composition,RF: composition,composition,5,863,https://doi.org/10.1016/j.jconrel.2025.01.071,0.2,0.14887697011060833
pdi,pdi_mean,rf_composition,RF: composition,composition,5,864,https://doi.org/10.1016/j.jconrel.2025.01.071,0.2,0.14887697011060833
pdi,pdi_mean,rf_composition,RF: composition,composition,5,865,https://doi.org/10.1016/j.jconrel.2025.01.071,0.2,0.14887697011060833
pdi,pdi_mean,rf_composition,RF: composition,composition,5,866,https://doi.org/10.1016/j.jconrel.2025.01.071,0.2,0.14887697011060833
pdi,pdi_mean,rf_composition,RF: composition,composition,5,885,https://doi.org/10.1021/acs.nanolett.1c01353,0.0985,0.18149742634370236
pdi,pdi_mean,rf_composition,RF: composition,composition,5,932,https://doi.org/10.1248/cpb.c24-00089,0.22,0.10837172092134693
pdi,pdi_mean,rf_composition,RF: composition,composition,5,933,https://doi.org/10.1248/cpb.c24-00089,0.121,0.10837172092134693
pdi,pdi_mean,rf_composition,RF: composition,composition,5,934,https://doi.org/10.1248/cpb.c24-00089,0.081,0.10837172092134693
pdi,pdi_mean,rf_composition,RF: composition,composition,5,935,https://doi.org/10.1248/cpb.c24-00089,0.058,0.10837172092134693
pdi,pdi_mean,rf_composition,RF: composition,composition,5,936,https://doi.org/10.1248/cpb.c24-00089,0.072,0.10837172092134693
pdi,pdi_mean,rf_composition,RF: composition,composition,5,937,https://doi.org/10.1248/cpb.c24-00089,0.109,0.10837172092134693
pdi,pdi_mean,rf_composition,RF: composition,composition,5,938,https://doi.org/10.1248/cpb.c24-00089,0.053,0.10837172092134693
pdi,pdi_mean,rf_composition,RF: composition,composition,5,939,https://doi.org/10.1248/cpb.c24-00089,0.057,0.10837172092134693
pdi,pdi_mean,rf_composition,RF: composition,composition,5,940,https://doi.org/10.1248/cpb.c24-00089,0.062,0.10837172092134693
pdi,pdi_mean,ridge_descriptors,Ridge: descriptors,descriptors,1,202,https://doi.org/10.1038/s41467-024-45422-9,0.4,0.0759111208261422
pdi,pdi_mean,ridge_descriptors,Ridge: descriptors,descriptors,1,203,https://doi.org/10.1038/s41467-024-45422-9,0.35,0.0831064513951015
pdi,pdi_mean,ridge_descriptors,Ridge: descriptors,descriptors,1,204,https://doi.org/10.1038/s41467-024-45422-9,0.29,0.0950545431438828
pdi,pdi_mean,ridge_descriptors,Ridge: descriptors,descriptors,1,205,https://doi.org/10.1038/s41467-024-45422-9,0.29,0.1010877354350021
pdi,pdi_mean,ridge_descriptors,Ridge: descriptors,descriptors,1,206,https://doi.org/10.1038/s41467-024-45422-9,0.34,0.08626293822991545
pdi,pdi_mean,ridge_descriptors,Ridge: descriptors,descriptors,1,207,https://doi.org/10.1038/s41467-024-45422-9,0.31,0.08565141244094168
pdi,pdi_mean,ridge_descriptors,Ridge: descriptors,descriptors,1,208,https://doi.org/10.1038/s41467-024-45422-9,0.25,0.08029782688576978
pdi,pdi_mean,ridge_descriptors,Ridge: descriptors,descriptors,1,209,https://doi.org/10.1038/s41467-024-45422-9,0.41,0.08690826435641504
pdi,pdi_mean,ridge_descriptors,Ridge: descriptors,descriptors,1,210,https://doi.org/10.1038/s41467-024-45422-9,0.21,0.09874663843522585
pdi,pdi_mean,ridge_descriptors,Ridge: descriptors,descriptors,1,211,https://doi.org/10.1038/s41467-024-45422-9,0.4,0.10468091717328179
pdi,pdi_mean,ridge_descriptors,Ridge: descriptors,descriptors,1,212,https://doi.org/10.1038/s41467-024-45422-9,0.15,0.0899550335212585
pdi,pdi_mean,ridge_descriptors,Ridge: descriptors,descriptors,1,213,https://doi.org/10.1038/s41467-024-45422-9,0.22,0.08934350773228474
pdi,pdi_mean,ridge_descriptors,Ridge: descriptors,descriptors,1,214,https://doi.org/10.1038/s41467-024-45422-9,0.21,0.08029782688576978
pdi,pdi_mean,ridge_descriptors,Ridge: descriptors,descriptors,1,215,https://doi.org/10.1038/s41467-024-45422-9,0.24,0.08690826435641504
pdi,pdi_mean,ridge_descriptors,Ridge: descriptors,descriptors,1,216,https://doi.org/10.1038/s41467-024-45422-9,0.31,0.09874663843522585
pdi,pdi_mean,ridge_descriptors,Ridge: descriptors,descriptors,1,217,https://doi.org/10.1038/s41467-024-45422-9,0.25,0.10468091717328179
pdi,pdi_mean,ridge_descriptors,Ridge: descriptors,descriptors,1,218,https://doi.org/10.1038/s41467-024-45422-9,0.27,0.0899550335212585
pdi,pdi_mean,ridge_descriptors,Ridge: descriptors,descriptors,1,219,https://doi.org/10.1038/s41467-024-45422-9,0.21,0.08934350773228474
pdi,pdi_mean,ridge_descriptors,Ridge: descriptors,descriptors,1,220,https://doi.org/10.1038/s41467-024-45422-9,0.23,0.0843583425636453
pdi,pdi_mean,ridge_descriptors,Ridge: descriptors,descriptors,1,221,https://doi.org/10.1038/s41467-024-45422-9,0.21,0.09050144609469471
pdi,pdi_mean,ridge_descriptors,Ridge: descriptors,descriptors,1,222,https://doi.org/10.1038/s41467-024-45422-9,0.27,0.10225033693800116
pdi,pdi_mean,ridge_descriptors,Ridge: descriptors,descriptors,1,223,https://doi.org/10.1038/s41467-024-45422-9,0.22,0.10810340063817012
pdi,pdi_mean,ridge_descriptors,Ridge: descriptors,descriptors,1,224,https://doi.org/10.1038/s41467-024-45422-9,0.25,0.09345873202403382
pdi,pdi_mean,ridge_descriptors,Ridge: descriptors,descriptors,1,225,https://doi.org/10.1038/s41467-024-45422-9,0.23,0.09284720623506006
pdi,pdi_mean,ridge_descriptors,Ridge: descriptors,descriptors,1,227,https://doi.org/10.1038/s41467-024-45422-9,0.18,0.08816015552495883
pdi,pdi_mean,ridge_descriptors,Ridge: descriptors,descriptors,1,228,https://doi.org/10.1038/s41467-024-45422-9,0.26,0.09392392955958306
pdi,pdi_mean,ridge_descriptors,Ridge: descriptors,descriptors,1,229,https://doi.org/10.1038/s41467-024-45422-9,0.2,0.10559888514430893
pdi,pdi_mean,ridge_descriptors,Ridge: descriptors,descriptors,1,230,https://doi.org/10.1038/s41467-024-45422-9,0.23,0.11138444839081993
pdi,pdi_mean,ridge_descriptors,Ridge: descriptors,descriptors,1,231,https://doi.org/10.1038/s41467-024-45422-9,0.18,0.09680728023034157
pdi,pdi_mean,ridge_descriptors,Ridge: descriptors,descriptors,1,232,https://doi.org/10.1038/s41467-024-45422-9,0.14,0.09619575444136783
pdi,pdi_mean,ridge_descriptors,Ridge: descriptors,descriptors,1,233,https://doi.org/10.1038/s41467-024-45422-9,0.23,0.09175333726323852
pdi,pdi_mean,ridge_descriptors,Ridge: descriptors,descriptors,1,234,https://doi.org/10.1038/s41467-024-45422-9,0.19,0.09720497731223286
pdi,pdi_mean,ridge_descriptors,Ridge: descriptors,descriptors,1,235,https://doi.org/10.1038/s41467-024-45422-9,0.17,0.10881814143689374
pdi,pdi_mean,ridge_descriptors,Ridge: descriptors,descriptors,1,236,https://doi.org/10.1038/s41467-024-45422-9,0.1,0.11454699595213474
pdi,pdi_mean,ridge_descriptors,Ridge: descriptors,descriptors,1,237,https://doi.org/10.1038/s41467-024-45422-9,0.18,0.10002653652292638
pdi,pdi_mean,ridge_descriptors,Ridge: descriptors,descriptors,1,238,https://doi.org/10.1038/s41467-024-45422-9,0.16,0.09941501073395263
pdi,pdi_mean,ridge_descriptors,Ridge: descriptors,descriptors,1,239,https://doi.org/10.1038/s41467-024-45422-9,0.19,0.07342818121428923
pdi,pdi_mean,ridge_descriptors,Ridge: descriptors,descriptors,1,240,https://doi.org/10.1038/s41467-024-45422-9,0.13,0.07917153241977556
pdi,pdi_mean,ridge_descriptors,Ridge: descriptors,descriptors,1,241,https://doi.org/10.1038/s41467-024-45422-9,0.14,0.09084749547395901
pdi,pdi_mean,ridge_descriptors,Ridge: descriptors,descriptors,1,242,https://doi.org/10.1038/s41467-024-45422-9,0.22,0.09663575438199165
pdi,pdi_mean,ridge_descriptors,Ridge: descriptors,descriptors,1,243,https://doi.org/10.1038/s41467-024-45422-9,0.12,0.08205589055999166
pdi,pdi_mean,ridge_descriptors,Ridge: descriptors,descriptors,1,244,https://doi.org/10.1038/s41467-024-45422-9,0.16,0.08144436477101791
pdi,pdi_mean,ridge_descriptors,Ridge: descriptors,descriptors,1,245,https://doi.org/10.1038/s41467-024-45422-9,0.15,0.07873252623911539
pdi,pdi_mean,ridge_descriptors,Ridge: descriptors,descriptors,1,246,https://doi.org/10.1038/s41467-024-45422-9,0.16,0.08405524440702852
pdi,pdi_mean,ridge_descriptors,Ridge: descriptors,descriptors,1,247,https://doi.org/10.1038/s41467-024-45422-9,0.16,0.09564654331736169
pdi,pdi_mean,ridge_descriptors,Ridge: descriptors,descriptors,1,248,https://doi.org/10.1038/s41467-024-45422-9,0.1,0.10135666260102996
pdi,pdi_mean,ridge_descriptors,Ridge: descriptors,descriptors,1,249,https://doi.org/10.1038/s41467-024-45422-9,0.14,0.08685493840339434
pdi,pdi_mean,ridge_descriptors,Ridge: descriptors,descriptors,1,250,https://doi.org/10.1038/s41467-024-45422-9,0.14,0.08624341261442059
pdi,pdi_mean,ridge_descriptors,Ridge: descriptors,descriptors,1,251,https://doi.org/10.1038/s41467-024-45422-9,0.26,0.07873252623911539
pdi,pdi_mean,ridge_descriptors,Ridge: descriptors,descriptors,1,252,https://doi.org/10.1038/s41467-024-45422-9,0.19,0.08405524440702852
pdi,pdi_mean,ridge_descriptors,Ridge: descriptors,descriptors,1,253,https://doi.org/10.1038/s41467-024-45422-9,0.23,0.09564654331736169
pdi,pdi_mean,ridge_descriptors,Ridge: descriptors,descriptors,1,254,https://doi.org/10.1038/s41467-024-45422-9,0.1,0.10135666260102996
pdi,pdi_mean,ridge_descriptors,Ridge: descriptors,descriptors,1,255,https://doi.org/10.1038/s41467-024-45422-9,0.13,0.08685493840339434
pdi,pdi_mean,ridge_descriptors,Ridge: descriptors,descriptors,1,256,https://doi.org/10.1038/s41467-024-45422-9,0.21,0.08624341261442059
pdi,pdi_mean,ridge_descriptors,Ridge: descriptors,descriptors,1,257,https://doi.org/10.1038/s41467-024-45422-9,0.16,0.0837081744719484
pdi,pdi_mean,ridge_descriptors,Ridge: descriptors,descriptors,1,258,https://doi.org/10.1038/s41467-024-45422-9,0.25,0.08870388363627399
pdi,pdi_mean,ridge_descriptors,Ridge: descriptors,descriptors,1,259,https://doi.org/10.1038/s41467-024-45422-9,0.25,0.10022821025087852
pdi,pdi_mean,ridge_descriptors,Ridge: descriptors,descriptors,1,260,https://doi.org/10.1038/s41467-024-45422-9,0.16,0.10587614848357943
pdi,pdi_mean,ridge_descriptors,Ridge: descriptors,descriptors,1,261,https://doi.org/10.1038/s41467-024-45422-9,0.2,0.09143660533691117
pdi,pdi_mean,ridge_descriptors,Ridge: descriptors,descriptors,1,262,https://doi.org/10.1038/s41467-024-45422-9,0.25,0.09082507954793742
pdi,pdi_mean,ridge_descriptors,Ridge: descriptors,descriptors,1,263,https://doi.org/10.1038/s41467-024-45422-9,0.22,0.09294856857353617
pdi,pdi_mean,ridge_descriptors,Ridge: descriptors,descriptors,1,264,https://doi.org/10.1038/s41467-024-45422-9,0.18,0.09747599955028007
pdi,pdi_mean,ridge_descriptors,Ridge: descriptors,descriptors,1,265,https://doi.org/10.1038/s41467-024-45422-9,0.22,0.10890243707066902
pdi,pdi_mean,ridge_descriptors,Ridge: descriptors,descriptors,1,266,https://doi.org/10.1038/s41467-024-45422-9,0.12,0.11445883699663228
pdi,pdi_mean,ridge_descriptors,Ridge: descriptors,descriptors,1,267,https://doi.org/10.1038/s41467-024-45422-9,0.12,0.10011083215670168
pdi,pdi_mean,ridge_descriptors,Ridge: descriptors,descriptors,1,268,https://doi.org/10.1038/s41467-024-45422-9,0.13,0.09949930636772791
pdi,pdi_mean,ridge_descriptors,Ridge: descriptors,descriptors,1,269,https://doi.org/10.1038/s41467-024-45422-9,0.08,0.08698009788736855
pdi,pdi_mean,ridge_descriptors,Ridge: descriptors,descriptors,1,270,https://doi.org/10.1038/s41467-024-45422-9,0.18,0.0935905353580138
pdi,pdi_mean,ridge_descriptors,Ridge: descriptors,descriptors,1,271,https://doi.org/10.1038/s41467-024-45422-9,0.07,0.1054289094368246
pdi,pdi_mean,ridge_descriptors,Ridge: descriptors,descriptors,1,272,https://doi.org/10.1038/s41467-024-45422-9,0.1,0.11136318817488054
pdi,pdi_mean,ridge_descriptors,Ridge: descriptors,descriptors,1,273,https://doi.org/10.1038/s41467-024-45422-9,0.12,0.09663730452285724
pdi,pdi_mean,ridge_descriptors,Ridge: descriptors,descriptors,1,274,https://doi.org/10.1038/s41467-024-45422-9,0.11,0.09602577873388349
pdi,pdi_mean,ridge_descriptors,Ridge: descriptors,descriptors,1,275,https://doi.org/10.1038/s41467-024-45422-9,0.18,0.07778729813443216
pdi,pdi_mean,ridge_descriptors,Ridge: descriptors,descriptors,1,276,https://doi.org/10.1038/s41467-024-45422-9,0.23,0.08638837959076218
pdi,pdi_mean,ridge_descriptors,Ridge: descriptors,descriptors,1,277,https://doi.org/10.1038/s41467-024-45422-9,0.13,0.09665137813407461
pdi,pdi_mean,ridge_descriptors,Ridge: descriptors,descriptors,1,278,https://doi.org/10.1038/s41467-024-45422-9,0.09,0.09933289081497566
pdi,pdi_mean,ridge_descriptors,Ridge: descriptors,descriptors,1,279,https://doi.org/10.1038/s41467-024-45422-9,0.29,0.10302618875671504
pdi,pdi_mean,ridge_descriptors,Ridge: descriptors,descriptors,1,280,https://doi.org/10.1038/s41467-024-45422-9,0.25,0.10302618875671504
pdi,pdi_mean,ridge_descriptors,Ridge: descriptors,descriptors,1,281,https://doi.org/10.1038/s41467-024-45422-9,0.24,0.0937833742903554
pdi,pdi_mean,ridge_descriptors,Ridge: descriptors,descriptors,1,282,https://doi.org/10.1038/s41467-024-45422-9,0.21,0.09615431831615222
pdi,pdi_mean,ridge_descriptors,Ridge: descriptors,descriptors,1,283,https://doi.org/10.1038/s41467-024-45422-9,0.16,0.1035733740433586
pdi,pdi_mean,ridge_descriptors,Ridge: descriptors,descriptors,1,284,https://doi.org/10.1038/s41467-024-45422-9,0.15,0.10608846692536178
pdi,pdi_mean,ridge_descriptors,Ridge: descriptors,descriptors,1,285,https://doi.org/10.1038/s41467-024-45422-9,0.26,0.10298101331821437
pdi,pdi_mean,ridge_descriptors,Ridge: descriptors,descriptors,1,286,https://doi.org/10.1038/s41467-024-45422-9,0.3,0.10403667960739021
pdi,pdi_mean,ridge_descriptors,Ridge: descriptors,descriptors,1,288,https://doi.org/10.1038/s41467-024-45422-9,0.23,0.08475147685211007
pdi,pdi_mean,ridge_descriptors,Ridge: descriptors,descriptors,1,289,https://doi.org/10.1038/s41467-024-45422-9,0.16,0.09237303837011651
pdi,pdi_mean,ridge_descriptors,Ridge: descriptors,descriptors,1,290,https://doi.org/10.1038/s41467-024-45422-9,0.19,0.0965782947849246
pdi,pdi_mean,ridge_descriptors,Ridge: descriptors,descriptors,1,291,https://doi.org/10.1038/s41467-024-45422-9,0.24,0.09568846544625235
pdi,pdi_mean,ridge_descriptors,Ridge: descriptors,descriptors,1,292,https://doi.org/10.1038/s41467-024-45422-9,0.22,0.08955052469551275
pdi,pdi_mean,ridge_descriptors,Ridge: descriptors,descriptors,1,293,https://doi.org/10.1038/s41467-024-45422-9,0.27,0.09871281355222908
pdi,pdi_mean,ridge_descriptors,Ridge: descriptors,descriptors,1,294,https://doi.org/10.1038/s41467-024-45422-9,0.21,0.09198581183193466
pdi,pdi_mean,ridge_descriptors,Ridge: descriptors,descriptors,1,295,https://doi.org/10.1038/s41467-024-45422-9,0.13,0.10098605699053274
pdi,pdi_mean,ridge_descriptors,Ridge: descriptors,descriptors,1,296,https://doi.org/10.1038/s41467-024-45422-9,0.16,0.10075792774594072
pdi,pdi_mean,ridge_descriptors,Ridge: descriptors,descriptors,1,297,https://doi.org/10.1038/s41467-024-45422-9,0.25,0.10940262349654677
pdi,pdi_mean,ridge_descriptors,Ridge: descriptors,descriptors,1,298,https://doi.org/10.1038/s41467-024-45422-9,0.16,0.10941522801723752
pdi,pdi_mean,ridge_descriptors,Ridge: descriptors,descriptors,2,444,10.1002/anie.201809056,0.055,0.16171538131789856
pdi,pdi_mean,ridge_descriptors,Ridge: descriptors,descriptors,2,446,10.1002/anie.201809056,0.041,0.16004877230157777
pdi,pdi_mean,ridge_descriptors,Ridge: descriptors,descriptors,2,756,https://doi.org/10.1016/j.ijpharm.2023.123050,0.02,0.16815565958214043
pdi,pdi_mean,ridge_descriptors,Ridge: descriptors,descriptors,2,763,https://doi.org/10.1016/j.ijpharm.2023.123050,0.1,0.16815565958214043
pdi,pdi_mean,ridge_descriptors,Ridge: descriptors,descriptors,2,773,https://doi.org/10.1016/j.ijpharm.2023.123050,0.05,0.16815565958214043
pdi,pdi_mean,ridge_descriptors,Ridge: descriptors,descriptors,2,959,https://doi.org/10.1038/s41587-019-0247-3,0.2,0.14450322450441971
pdi,pdi_mean,ridge_descriptors,Ridge: descriptors,descriptors,2,960,https://doi.org/10.1038/s41587-019-0247-3,0.1,0.14450322450441971
pdi,pdi_mean,ridge_descriptors,Ridge: descriptors,descriptors,2,961,https://doi.org/10.1038/s41587-019-0247-3,0.2,0.14450322450441971
pdi,pdi_mean,ridge_descriptors,Ridge: descriptors,descriptors,2,962,https://doi.org/10.1038/s41587-019-0247-3,0.2,0.14450322450441971
pdi,pdi_mean,ridge_descriptors,Ridge: descriptors,descriptors,2,963,https://doi.org/10.1038/s41587-019-0247-3,0.3,0.14450322450441971
pdi,pdi_mean,ridge_descriptors,Ridge: descriptors,descriptors,2,964,https://doi.org/10.1038/s41587-019-0247-3,0.3,0.14450322450441971
pdi,pdi_mean,ridge_descriptors,Ridge: descriptors,descriptors,2,965,https://doi.org/10.1038/s41587-019-0247-3,0.2,0.14450322450441971
pdi,pdi_mean,ridge_descriptors,Ridge: descriptors,descriptors,2,966,https://doi.org/10.1038/s41587-019-0247-3,0.2,0.14450322450441971
pdi,pdi_mean,ridge_descriptors,Ridge: descriptors,descriptors,2,967,https://doi.org/10.1038/s41587-019-0247-3,0.3,0.14450322450441971
pdi,pdi_mean,ridge_descriptors,Ridge: descriptors,descriptors,2,968,https://doi.org/10.1038/s41587-019-0247-3,0.2,0.14450322450441971
pdi,pdi_mean,ridge_descriptors,Ridge: descriptors,descriptors,2,969,https://doi.org/10.1038/s41587-019-0247-3,0.2,0.14450322450441971
pdi,pdi_mean,ridge_descriptors,Ridge: descriptors,descriptors,2,970,https://doi.org/10.1038/s41587-019-0247-3,0.2,0.14450322450441971
pdi,pdi_mean,ridge_descriptors,Ridge: descriptors,descriptors,2,971,https://doi.org/10.1038/s41587-019-0247-3,0.2,0.14450322450441971
pdi,pdi_mean,ridge_descriptors,Ridge: descriptors,descriptors,2,972,https://doi.org/10.1038/s41587-019-0247-3,0.2,0.14450322450441971
pdi,pdi_mean,ridge_descriptors,Ridge: descriptors,descriptors,2,973,https://doi.org/10.1038/s41587-019-0247-3,0.2,0.14450322450441971
pdi,pdi_mean,ridge_descriptors,Ridge: descriptors,descriptors,2,974,https://doi.org/10.1038/s41587-019-0247-3,0.1,0.14450322450441971
pdi,pdi_mean,ridge_descriptors,Ridge: descriptors,descriptors,2,975,https://doi.org/10.1038/s41587-019-0247-3,0.3,0.14450322450441971
pdi,pdi_mean,ridge_descriptors,Ridge: descriptors,descriptors,2,976,https://doi.org/10.1038/s41587-019-0247-3,0.2,0.14450322450441971
pdi,pdi_mean,ridge_descriptors,Ridge: descriptors,descriptors,2,977,https://doi.org/10.1038/s41587-019-0247-3,0.2,0.14450322450441971
pdi,pdi_mean,ridge_descriptors,Ridge: descriptors,descriptors,2,978,https://doi.org/10.1038/s41587-019-0247-3,0.3,0.14450322450441971
pdi,pdi_mean,ridge_descriptors,Ridge: descriptors,descriptors,2,979,https://doi.org/10.1038/s41587-019-0247-3,0.1,0.14450322450441971
pdi,pdi_mean,ridge_descriptors,Ridge: descriptors,descriptors,2,980,https://doi.org/10.1038/s41587-019-0247-3,0.1,0.14450322450441971
pdi,pdi_mean,ridge_descriptors,Ridge: descriptors,descriptors,2,981,https://doi.org/10.1038/s41587-019-0247-3,0.2,0.14450322450441971
pdi,pdi_mean,ridge_descriptors,Ridge: descriptors,descriptors,2,982,https://doi.org/10.1038/s41587-019-0247-3,0.3,0.14450322450441971
pdi,pdi_mean,ridge_descriptors,Ridge: descriptors,descriptors,2,983,https://doi.org/10.1038/s41587-019-0247-3,0.2,0.14450322450441971
pdi,pdi_mean,ridge_descriptors,Ridge: descriptors,descriptors,2,984,https://doi.org/10.1038/s41587-019-0247-3,0.1,0.14450322450441971
pdi,pdi_mean,ridge_descriptors,Ridge: descriptors,descriptors,2,985,https://doi.org/10.1038/s41587-019-0247-3,0.2,0.14450322450441971
pdi,pdi_mean,ridge_descriptors,Ridge: descriptors,descriptors,2,986,https://doi.org/10.1038/s41587-019-0247-3,0.2,0.14450322450441971
pdi,pdi_mean,ridge_descriptors,Ridge: descriptors,descriptors,2,987,https://doi.org/10.1038/s41587-019-0247-3,0.1,0.14450322450441971
pdi,pdi_mean,ridge_descriptors,Ridge: descriptors,descriptors,2,988,https://doi.org/10.1038/s41587-019-0247-3,0.1,0.14450322450441971
pdi,pdi_mean,ridge_descriptors,Ridge: descriptors,descriptors,2,989,https://doi.org/10.1038/s41587-019-0247-3,0.2,0.14450322450441971
pdi,pdi_mean,ridge_descriptors,Ridge: descriptors,descriptors,2,990,https://doi.org/10.1038/s41587-019-0247-3,0.2,0.14450322450441971
pdi,pdi_mean,ridge_descriptors,Ridge: descriptors,descriptors,2,991,https://doi.org/10.1038/s41587-019-0247-3,0.1,0.14450322450441971
pdi,pdi_mean,ridge_descriptors,Ridge: descriptors,descriptors,2,992,https://doi.org/10.1038/s41587-019-0247-3,0.2,0.14450322450441971
pdi,pdi_mean,ridge_descriptors,Ridge: descriptors,descriptors,2,1088,https://dx.doi.org/10.1021/acs.nanolett.0c01386,0.05,0.14263847533033816
pdi,pdi_mean,ridge_descriptors,Ridge: descriptors,descriptors,2,1089,https://dx.doi.org/10.1021/acs.nanolett.0c01386,0.08,0.14263847533033816
pdi,pdi_mean,ridge_descriptors,Ridge: descriptors,descriptors,2,1090,https://dx.doi.org/10.1021/acs.nanolett.0c01386,0.07,0.14263847533033816
pdi,pdi_mean,ridge_descriptors,Ridge: descriptors,descriptors,2,1091,https://dx.doi.org/10.1021/acs.nanolett.0c01386,0.1,0.14263847533033816
pdi,pdi_mean,ridge_descriptors,Ridge: descriptors,descriptors,2,1092,https://dx.doi.org/10.1021/acs.nanolett.0c01386,0.12,0.14263847533033816
pdi,pdi_mean,ridge_descriptors,Ridge: descriptors,descriptors,3,2,https://doi.org/10.1038/s41467-024-50619-z,0.14,0.17136262035301672
pdi,pdi_mean,ridge_descriptors,Ridge: descriptors,descriptors,3,3,https://doi.org/10.1038/s41467-024-50619-z,0.14,0.1673151115923057
pdi,pdi_mean,ridge_descriptors,Ridge: descriptors,descriptors,3,4,https://doi.org/10.1038/s41467-024-50619-z,0.09,0.17381737515271853
pdi,pdi_mean,ridge_descriptors,Ridge: descriptors,descriptors,3,5,https://doi.org/10.1038/s41467-024-50619-z,0.17,0.16329914659675937
pdi,pdi_mean,ridge_descriptors,Ridge: descriptors,descriptors,3,6,https://doi.org/10.1038/s41467-024-50619-z,0.14,0.17086502650427937
pdi,pdi_mean,ridge_descriptors,Ridge: descriptors,descriptors,3,7,https://doi.org/10.1038/s41467-024-50619-z,0.15,0.16204801360054036
pdi,pdi_mean,ridge_descriptors,Ridge: descriptors,descriptors,3,8,https://doi.org/10.1038/s41467-024-50619-z,0.01,0.1763159715020331
pdi,pdi_mean,ridge_descriptors,Ridge: descriptors,descriptors,3,9,https://doi.org/10.1038/s41467-024-50619-z,0.09,0.17619928480631408
pdi,pdi_mean,ridge_descriptors,Ridge: descriptors,descriptors,3,10,https://doi.org/10.1038/s41467-024-50619-z,0.15,0.1686920825819072
pdi,pdi_mean,ridge_descriptors,Ridge: descriptors,descriptors,3,11,https://doi.org/10.1038/s41467-024-50619-z,0.16,0.16845376481609123
pdi,pdi_mean,ridge_descriptors,Ridge: descriptors,descriptors,3,12,https://doi.org/10.1038/s41467-024-50619-z,0.17,0.16927385397531486
pdi,pdi_mean,ridge_descriptors,Ridge: descriptors,descriptors,3,13,https://doi.org/10.1038/s41467-024-50619-z,0.02,0.16467767425393837
pdi,pdi_mean,ridge_descriptors,Ridge: descriptors,descriptors,3,14,https://doi.org/10.1038/s41467-024-50619-z,0.12,0.16432313124336304
pdi,pdi_mean,ridge_descriptors,Ridge: descriptors,descriptors,3,15,https://doi.org/10.1038/s41467-024-50619-z,0.14,0.16334741426689006
pdi,pdi_mean,ridge_descriptors,Ridge: descriptors,descriptors,3,16,https://doi.org/10.1038/s41467-024-50619-z,0.1,0.17583894303527522
pdi,pdi_mean,ridge_descriptors,Ridge: descriptors,descriptors,3,17,https://doi.org/10.1038/s41467-024-50619-z,0.12,0.17573097143745733
pdi,pdi_mean,ridge_descriptors,Ridge: descriptors,descriptors,3,18,https://doi.org/10.1038/s41467-024-50619-z,0.1,0.17552463485988998
pdi,pdi_mean,ridge_descriptors,Ridge: descriptors,descriptors,3,19,https://doi.org/10.1038/s41467-024-50619-z,0.15,0.16495733410233823
pdi,pdi_mean,ridge_descriptors,Ridge: descriptors,descriptors,3,20,https://doi.org/10.1038/s41467-024-50619-z,0.1,0.16575162030389584
pdi,pdi_mean,ridge_descriptors,Ridge: descriptors,descriptors,3,21,https://doi.org/10.1038/s41467-024-50619-z,0.1,0.16576235663399275
pdi,pdi_mean,ridge_descriptors,Ridge: descriptors,descriptors,3,22,https://doi.org/10.1038/s41467-024-50619-z,0.13,0.16575162030389584
pdi,pdi_mean,ridge_descriptors,Ridge: descriptors,descriptors,3,23,https://doi.org/10.1038/s41467-024-50619-z,0.16,0.1653897918153441
pdi,pdi_mean,ridge_descriptors,Ridge: descriptors,descriptors,3,24,https://doi.org/10.1038/s41467-024-50619-z,0.16,0.16681316006291394
pdi,pdi_mean,ridge_descriptors,Ridge: descriptors,descriptors,3,25,https://doi.org/10.1038/s41467-024-50619-z,0.23,0.17926753995097622
pdi,pdi_mean,ridge_descriptors,Ridge: descriptors,descriptors,3,26,https://doi.org/10.1038/s41467-024-50619-z,0.14,0.1789129969404009
pdi,pdi_mean,ridge_descriptors,Ridge: descriptors,descriptors,3,27,https://doi.org/10.1038/s41467-024-50619-z,0.14,0.17891501537478013
pdi,pdi_mean,ridge_descriptors,Ridge: descriptors,descriptors,3,28,https://doi.org/10.1038/s41467-024-50619-z,0.14,0.17646002830491164
pdi,pdi_mean,ridge_descriptors,Ridge: descriptors,descriptors,3,29,https://doi.org/10.1038/s41467-024-50619-z,0.15,0.1753860029317163
pdi,pdi_mean,ridge_descriptors,Ridge: descriptors,descriptors,3,30,https://doi.org/10.1038/s41467-024-50619-z,0.15,0.17565764936512995
pdi,pdi_mean,ridge_descriptors,Ridge: descriptors,descriptors,3,575,10.1002/jbm.a.37705,0.28,0.19616370342618433
pdi,pdi_mean,ridge_descriptors,Ridge: descriptors,descriptors,3,576,10.1002/jbm.a.37705,0.18,0.19580795792288758
pdi,pdi_mean,ridge_descriptors,Ridge: descriptors,descriptors,3,578,10.1002/jbm.a.37705,0.22,0.19813931745703403
pdi,pdi_mean,ridge_descriptors,Ridge: descriptors,descriptors,3,778,10.1002/btm2.10580,0.168,0.1640578817125306
pdi,pdi_mean,ridge_descriptors,Ridge: descriptors,descriptors,3,779,10.1002/btm2.10580,0.154,0.1640578817125306
pdi,pdi_mean,ridge_descriptors,Ridge: descriptors,descriptors,3,780,10.1002/btm2.10580,0.152,0.1640578817125306
pdi,pdi_mean,ridge_descriptors,Ridge: descriptors,descriptors,3,781,10.1002/btm2.10580,0.153,0.1640578817125306
pdi,pdi_mean,ridge_descriptors,Ridge: descriptors,descriptors,3,782,10.1002/btm2.10580,0.162,0.15018985874496696
pdi,pdi_mean,ridge_descriptors,Ridge: descriptors,descriptors,3,783,10.1002/btm2.10580,0.172,0.15018985874496696
pdi,pdi_mean,ridge_descriptors,Ridge: descriptors,descriptors,3,784,10.1002/btm2.10580,0.166,0.1520894882983964
pdi,pdi_mean,ridge_descriptors,Ridge: descriptors,descriptors,3,785,10.1002/btm2.10580,0.174,0.1520894882983964
pdi,pdi_mean,ridge_descriptors,Ridge: descriptors,descriptors,3,913,https://doi.org/10.1038/s41434-022-00370-1,0.004,0.1640578817125306
pdi,pdi_mean,ridge_descriptors,Ridge: descriptors,descriptors,3,914,https://doi.org/10.1038/s41434-022-00370-1,0.011,0.1640578817125306
pdi,pdi_mean,ridge_descriptors,Ridge: descriptors,descriptors,3,915,https://doi.org/10.1038/s41434-022-00370-1,0.017,0.1640578817125306
pdi,pdi_mean,ridge_descriptors,Ridge: descriptors,descriptors,3,1021,10.1073/pnas.1209367109,0.09,0.1679610455258671
pdi,pdi_mean,ridge_descriptors,Ridge: descriptors,descriptors,4,198,10.1002/adma.201606944,0.197,0.080317847290895
pdi,pdi_mean,ridge_descriptors,Ridge: descriptors,descriptors,4,199,10.1002/adma.201606944,0.197,0.080317847290895
pdi,pdi_mean,ridge_descriptors,Ridge: descriptors,descriptors,4,509,https://doi.org/10.34133/bmr.0017,0.106,0.13181652034397734
pdi,pdi_mean,ridge_descriptors,Ridge: descriptors,descriptors,4,510,https://doi.org/10.34133/bmr.0017,0.079,0.13181652034397734
pdi,pdi_mean,ridge_descriptors,Ridge: descriptors,descriptors,4,511,https://doi.org/10.34133/bmr.0017,0.077,0.11961395231474944
pdi,pdi_mean,ridge_descriptors,Ridge: descriptors,descriptors,4,512,https://doi.org/10.34133/bmr.0017,0.11,0.11961395231474944
pdi,pdi_mean,ridge_descriptors,Ridge: descriptors,descriptors,4,513,https://doi.org/10.34133/bmr.0017,0.074,0.11961395231474944
pdi,pdi_mean,ridge_descriptors,Ridge: descriptors,descriptors,4,635,10.1021/jacs.2c12893,0.11,0.19806318172794
pdi,pdi_mean,ridge_descriptors,Ridge: descriptors,descriptors,4,636,10.1021/jacs.2c12893,0.09,0.12324291124191139
pdi,pdi_mean,ridge_descriptors,Ridge: descriptors,descriptors,4,641,https://doi.org/10.1016/j.jpha.2024.100996,0.12,0.11941806717791653
pdi,pdi_mean,ridge_descriptors,Ridge: descriptors,descriptors,4,642,https://doi.org/10.1016/j.jpha.2024.100996,0.107,0.11941806717791653
pdi,pdi_mean,ridge_descriptors,Ridge: descriptors,descriptors,4,643,https://doi.org/10.1016/j.jpha.2024.100996,0.071,0.11941806717791653
pdi,pdi_mean,ridge_descriptors,Ridge: descriptors,descriptors,4,644,https://doi.org/10.1016/j.jpha.2024.100996,0.069,0.11941806717791653
pdi,pdi_mean,ridge_descriptors,Ridge: descriptors,descriptors,4,645,https://doi.org/10.1016/j.jpha.2024.100996,0.099,0.11941806717791653
pdi,pdi_mean,ridge_descriptors,Ridge: descriptors,descriptors,4,646,https://doi.org/10.1016/j.jpha.2024.100996,0.212,0.13224814637953367
pdi,pdi_mean,ridge_descriptors,Ridge: descriptors,descriptors,4,647,https://doi.org/10.1016/j.jpha.2024.100996,0.208,0.13224814637953367
pdi,pdi_mean,ridge_descriptors,Ridge: descriptors,descriptors,4,648,https://doi.org/10.1016/j.jpha.2024.100996,0.178,0.13224814637953367
pdi,pdi_mean,ridge_descriptors,Ridge: descriptors,descriptors,4,649,https://doi.org/10.1016/j.jpha.2024.100996,0.258,0.13224814637953367
pdi,pdi_mean,ridge_descriptors,Ridge: descriptors,descriptors,4,650,https://doi.org/10.1016/j.jpha.2024.100996,0.222,0.13224814637953367
pdi,pdi_mean,ridge_descriptors,Ridge: descriptors,descriptors,4,651,https://doi.org/10.1016/j.jpha.2024.100996,0.233,0.13224814637953367
pdi,pdi_mean,ridge_descriptors,Ridge: descriptors,descriptors,4,652,https://doi.org/10.1016/j.jpha.2024.100996,0.087,0.12180518979706376
pdi,pdi_mean,ridge_descriptors,Ridge: descriptors,descriptors,4,653,https://doi.org/10.1016/j.jpha.2024.100996,0.073,0.12180518979706376
pdi,pdi_mean,ridge_descriptors,Ridge: descriptors,descriptors,4,654,https://doi.org/10.1016/j.jpha.2024.100996,0.067,0.12180518979706376
pdi,pdi_mean,ridge_descriptors,Ridge: descriptors,descriptors,4,655,https://doi.org/10.1016/j.jpha.2024.100996,0.203,0.12180518979706376
pdi,pdi_mean,ridge_descriptors,Ridge: descriptors,descriptors,4,656,https://doi.org/10.1016/j.jpha.2024.100996,0.211,0.12180518979706376
pdi,pdi_mean,ridge_descriptors,Ridge: descriptors,descriptors,4,657,https://doi.org/10.1016/j.jpha.2024.100996,0.198,0.12180518979706376
pdi,pdi_mean,ridge_descriptors,Ridge: descriptors,descriptors,4,658,https://doi.org/10.1016/j.jpha.2024.100996,0.32,0.12324291124191139
pdi,pdi_mean,ridge_descriptors,Ridge: descriptors,descriptors,4,659,https://doi.org/10.1016/j.jpha.2024.100996,0.374,0.12324291124191139
pdi,pdi_mean,ridge_descriptors,Ridge: descriptors,descriptors,4,660,https://doi.org/10.1016/j.jpha.2024.100996,0.331,0.12324291124191139
pdi,pdi_mean,ridge_descriptors,Ridge: descriptors,descriptors,4,661,https://doi.org/10.1016/j.jpha.2024.100996,0.149,0.12324291124191139
pdi,pdi_mean,ridge_descriptors,Ridge: descriptors,descriptors,4,662,https://doi.org/10.1016/j.jpha.2024.100996,0.156,0.12324291124191139
pdi,pdi_mean,ridge_descriptors,Ridge: descriptors,descriptors,4,663,https://doi.org/10.1016/j.jpha.2024.100996,0.146,0.12324291124191139
pdi,pdi_mean,ridge_descriptors,Ridge: descriptors,descriptors,4,664,https://doi.org/10.1016/j.jpha.2024.100996,0.09,0.12324291124191139
pdi,pdi_mean,ridge_descriptors,Ridge: descriptors,descriptors,4,1005,10.1002/smll.201805097,0.106,0.12077364754801297
pdi,pdi_mean,ridge_descriptors,Ridge: descriptors,descriptors,4,1006,10.1002/smll.201805097,0.129,0.12275784512668347
pdi,pdi_mean,ridge_descriptors,Ridge: descriptors,descriptors,4,1007,10.1002/smll.201805097,0.135,0.11077913511585977
pdi,pdi_mean,ridge_descriptors,Ridge: descriptors,descriptors,4,1008,10.1002/smll.201805097,0.138,0.11691334256410378
pdi,pdi_mean,ridge_descriptors,Ridge: descriptors,descriptors,4,1009,10.1002/smll.201805097,0.141,0.10757481701353147
pdi,pdi_mean,ridge_descriptors,Ridge: descriptors,descriptors,4,1010,10.1002/smll.201805097,0.117,0.10441390367147363
pdi,pdi_mean,ridge_descriptors,Ridge: descriptors,descriptors,4,1011,10.1002/smll.201805097,0.19,0.10186932560838037
pdi,pdi_mean,ridge_descriptors,Ridge: descriptors,descriptors,4,1012,10.1002/smll.201805097,0.127,0.09819294720488785
pdi,pdi_mean,ridge_descriptors,Ridge: descriptors,descriptors,4,1013,10.1002/smll.201805097,0.216,0.09512214459049005
pdi,pdi_mean,ridge_descriptors,Ridge: descriptors,descriptors,4,1014,10.1002/smll.201805097,0.17,0.08904076981929433
pdi,pdi_mean,ridge_descriptors,Ridge: descriptors,descriptors,4,1015,10.1002/smll.201805097,0.324,0.08302205237395337
pdi,pdi_mean,ridge_descriptors,Ridge: descriptors,descriptors,5,109,10.1021/acs.nanolett.5b02497,0.147,0.18436094962498967
pdi,pdi_mean,ridge_descriptors,Ridge: descriptors,descriptors,5,110,10.1021/acs.nanolett.5b02497,0.221,0.18436094962498967
pdi,pdi_mean,ridge_descriptors,Ridge: descriptors,descriptors,5,113,https://doi.org/10.1016/j.ymthe.2018.03.010,0.14,0.1533136867497203
pdi,pdi_mean,ridge_descriptors,Ridge: descriptors,descriptors,5,114,https://doi.org/10.1016/j.ymthe.2018.03.010,0.14,0.14777206395461598
pdi,pdi_mean,ridge_descriptors,Ridge: descriptors,descriptors,5,115,https://doi.org/10.1016/j.ymthe.2018.03.010,0.11,0.14900933152018564
pdi,pdi_mean,ridge_descriptors,Ridge: descriptors,descriptors,5,116,https://doi.org/10.1016/j.ymthe.2018.03.010,0.07,0.15022675158440163
pdi,pdi_mean,ridge_descriptors,Ridge: descriptors,descriptors,5,117,https://doi.org/10.1016/j.ymthe.2018.03.010,0.04,0.14722800904603112
pdi,pdi_mean,ridge_descriptors,Ridge: descriptors,descriptors,5,118,https://doi.org/10.1016/j.ymthe.2018.03.010,0.11,0.15005640614781524
pdi,pdi_mean,ridge_descriptors,Ridge: descriptors,descriptors,5,119,https://doi.org/10.1016/j.ymthe.2018.03.010,0.15,0.14281137586077036
pdi,pdi_mean,ridge_descriptors,Ridge: descriptors,descriptors,5,120,https://doi.org/10.1016/j.ymthe.2018.03.010,0.1,0.14799762494579966
pdi,pdi_mean,ridge_descriptors,Ridge: descriptors,descriptors,5,121,https://doi.org/10.1016/j.ymthe.2018.03.010,0.16,0.14857065799776
pdi,pdi_mean,ridge_descriptors,Ridge: descriptors,descriptors,5,122,https://doi.org/10.1016/j.ymthe.2018.03.010,0.14,0.14735434121242555
pdi,pdi_mean,ridge_descriptors,Ridge: descriptors,descriptors,5,123,https://doi.org/10.1016/j.ymthe.2018.03.010,0.11,0.15227112765479106
pdi,pdi_mean,ridge_descriptors,Ridge: descriptors,descriptors,5,450,10.1016/j.jconrel.2019.10.028,0.198,0.18436094962498967
pdi,pdi_mean,ridge_descriptors,Ridge: descriptors,descriptors,5,451,10.1016/j.jconrel.2019.10.028,0.226,0.18436094962498967
pdi,pdi_mean,ridge_descriptors,Ridge: descriptors,descriptors,5,452,10.1016/j.jconrel.2019.10.028,0.224,0.18436094962498967
pdi,pdi_mean,ridge_descriptors,Ridge: descriptors,descriptors,5,453,10.1016/j.jconrel.2019.10.028,0.202,0.18436094962498967
pdi,pdi_mean,ridge_descriptors,Ridge: descriptors,descriptors,5,454,10.1016/j.jconrel.2019.10.028,0.226,0.18436094962498967
pdi,pdi_mean,ridge_descriptors,Ridge: descriptors,descriptors,5,455,10.1016/j.jconrel.2019.10.028,0.221,0.18436094962498967
pdi,pdi_mean,ridge_descriptors,Ridge: descriptors,descriptors,5,456,10.1016/j.jconrel.2019.10.028,0.212,0.18436094962498967
pdi,pdi_mean,ridge_descriptors,Ridge: descriptors,descriptors,5,457,10.1016/j.jconrel.2019.10.028,0.205,0.18436094962498967
pdi,pdi_mean,ridge_descriptors,Ridge: descriptors,descriptors,5,458,10.1016/j.jconrel.2019.10.028,0.174,0.18436094962498967
pdi,pdi_mean,ridge_descriptors,Ridge: descriptors,descriptors,5,459,10.1016/j.jconrel.2019.10.028,0.208,0.18436094962498967
pdi,pdi_mean,ridge_descriptors,Ridge: descriptors,descriptors,5,460,10.1016/j.jconrel.2019.10.028,0.203,0.18436094962498967
pdi,pdi_mean,ridge_descriptors,Ridge: descriptors,descriptors,5,461,10.1016/j.jconrel.2019.10.028,0.224,0.18436094962498967
pdi,pdi_mean,ridge_descriptors,Ridge: descriptors,descriptors,5,462,10.1016/j.jconrel.2019.10.028,0.204,0.18436094962498967
pdi,pdi_mean,ridge_descriptors,Ridge: descriptors,descriptors,5,463,10.1016/j.jconrel.2019.10.028,0.214,0.18436094962498967
pdi,pdi_mean,ridge_descriptors,Ridge: descriptors,descriptors,5,464,10.1016/j.jconrel.2019.10.028,0.233,0.18436094962498967
pdi,pdi_mean,ridge_descriptors,Ridge: descriptors,descriptors,5,465,10.1016/j.jconrel.2019.10.028,0.223,0.18436094962498967
pdi,pdi_mean,ridge_descriptors,Ridge: descriptors,descriptors,5,863,https://doi.org/10.1016/j.jconrel.2025.01.071,0.2,0.1506248084172465
pdi,pdi_mean,ridge_descriptors,Ridge: descriptors,descriptors,5,864,https://doi.org/10.1016/j.jconrel.2025.01.071,0.2,0.1506248084172465
pdi,pdi_mean,ridge_descriptors,Ridge: descriptors,descriptors,5,865,https://doi.org/10.1016/j.jconrel.2025.01.071,0.2,0.1506248084172465
pdi,pdi_mean,ridge_descriptors,Ridge: descriptors,descriptors,5,866,https://doi.org/10.1016/j.jconrel.2025.01.071,0.2,0.1506248084172465
pdi,pdi_mean,ridge_descriptors,Ridge: descriptors,descriptors,5,885,https://doi.org/10.1021/acs.nanolett.1c01353,0.0985,0.18436094962498967
pdi,pdi_mean,ridge_descriptors,Ridge: descriptors,descriptors,5,932,https://doi.org/10.1248/cpb.c24-00089,0.22,0.16830458496246137
pdi,pdi_mean,ridge_descriptors,Ridge: descriptors,descriptors,5,933,https://doi.org/10.1248/cpb.c24-00089,0.121,0.16830458496246137
pdi,pdi_mean,ridge_descriptors,Ridge: descriptors,descriptors,5,934,https://doi.org/10.1248/cpb.c24-00089,0.081,0.16830458496246137
pdi,pdi_mean,ridge_descriptors,Ridge: descriptors,descriptors,5,935,https://doi.org/10.1248/cpb.c24-00089,0.058,0.16830458496246137
pdi,pdi_mean,ridge_descriptors,Ridge: descriptors,descriptors,5,936,https://doi.org/10.1248/cpb.c24-00089,0.072,0.16830458496246137
pdi,pdi_mean,ridge_descriptors,Ridge: descriptors,descriptors,5,937,https://doi.org/10.1248/cpb.c24-00089,0.109,0.16830458496246137
pdi,pdi_mean,ridge_descriptors,Ridge: descriptors,descriptors,5,938,https://doi.org/10.1248/cpb.c24-00089,0.053,0.16830458496246137
pdi,pdi_mean,ridge_descriptors,Ridge: descriptors,descriptors,5,939,https://doi.org/10.1248/cpb.c24-00089,0.057,0.16830458496246137
pdi,pdi_mean,ridge_descriptors,Ridge: descriptors,descriptors,5,940,https://doi.org/10.1248/cpb.c24-00089,0.062,0.16830458496246137
pdi,pdi_mean,rf_descriptors,RF: descriptors,descriptors,1,202,https://doi.org/10.1038/s41467-024-45422-9,0.4,0.1418562738595799
pdi,pdi_mean,rf_descriptors,RF: descriptors,descriptors,1,203,https://doi.org/10.1038/s41467-024-45422-9,0.35,0.14122377385957993
pdi,pdi_mean,rf_descriptors,RF: descriptors,descriptors,1,204,https://doi.org/10.1038/s41467-024-45422-9,0.29,0.14819908035689064
pdi,pdi_mean,rf_descriptors,RF: descriptors,descriptors,1,205,https://doi.org/10.1038/s41467-024-45422-9,0.29,0.14926486074031536
pdi,pdi_mean,rf_descriptors,RF: descriptors,descriptors,1,206,https://doi.org/10.1038/s41467-024-45422-9,0.34,0.14234607465323068
pdi,pdi_mean,rf_descriptors,RF: descriptors,descriptors,1,207,https://doi.org/10.1038/s41467-024-45422-9,0.31,0.14234607465323068
pdi,pdi_mean,rf_descriptors,RF: descriptors,descriptors,1,208,https://doi.org/10.1038/s41467-024-45422-9,0.25,0.1418562738595799
pdi,pdi_mean,rf_descriptors,RF: descriptors,descriptors,1,209,https://doi.org/10.1038/s41467-024-45422-9,0.41,0.14122377385957993
pdi,pdi_mean,rf_descriptors,RF: descriptors,descriptors,1,210,https://doi.org/10.1038/s41467-024-45422-9,0.21,0.14819908035689064
pdi,pdi_mean,rf_descriptors,RF: descriptors,descriptors,1,211,https://doi.org/10.1038/s41467-024-45422-9,0.4,0.14926486074031536
pdi,pdi_mean,rf_descriptors,RF: descriptors,descriptors,1,212,https://doi.org/10.1038/s41467-024-45422-9,0.15,0.14234607465323068
pdi,pdi_mean,rf_descriptors,RF: descriptors,descriptors,1,213,https://doi.org/10.1038/s41467-024-45422-9,0.22,0.14234607465323068
pdi,pdi_mean,rf_descriptors,RF: descriptors,descriptors,1,214,https://doi.org/10.1038/s41467-024-45422-9,0.21,0.1418562738595799
pdi,pdi_mean,rf_descriptors,RF: descriptors,descriptors,1,215,https://doi.org/10.1038/s41467-024-45422-9,0.24,0.14122377385957993
pdi,pdi_mean,rf_descriptors,RF: descriptors,descriptors,1,216,https://doi.org/10.1038/s41467-024-45422-9,0.31,0.14819908035689064
pdi,pdi_mean,rf_descriptors,RF: descriptors,descriptors,1,217,https://doi.org/10.1038/s41467-024-45422-9,0.25,0.14926486074031536
pdi,pdi_mean,rf_descriptors,RF: descriptors,descriptors,1,218,https://doi.org/10.1038/s41467-024-45422-9,0.27,0.14234607465323068
pdi,pdi_mean,rf_descriptors,RF: descriptors,descriptors,1,219,https://doi.org/10.1038/s41467-024-45422-9,0.21,0.14234607465323068
pdi,pdi_mean,rf_descriptors,RF: descriptors,descriptors,1,220,https://doi.org/10.1038/s41467-024-45422-9,0.23,0.1418562738595799
pdi,pdi_mean,rf_descriptors,RF: descriptors,descriptors,1,221,https://doi.org/10.1038/s41467-024-45422-9,0.21,0.14122377385957993
pdi,pdi_mean,rf_descriptors,RF: descriptors,descriptors,1,222,https://doi.org/10.1038/s41467-024-45422-9,0.27,0.14819908035689064
pdi,pdi_mean,rf_descriptors,RF: descriptors,descriptors,1,223,https://doi.org/10.1038/s41467-024-45422-9,0.22,0.14926486074031536
pdi,pdi_mean,rf_descriptors,RF: descriptors,descriptors,1,224,https://doi.org/10.1038/s41467-024-45422-9,0.25,0.14234607465323068
pdi,pdi_mean,rf_descriptors,RF: descriptors,descriptors,1,225,https://doi.org/10.1038/s41467-024-45422-9,0.23,0.14234607465323068
pdi,pdi_mean,rf_descriptors,RF: descriptors,descriptors,1,227,https://doi.org/10.1038/s41467-024-45422-9,0.18,0.1418562738595799
pdi,pdi_mean,rf_descriptors,RF: descriptors,descriptors,1,228,https://doi.org/10.1038/s41467-024-45422-9,0.26,0.14122377385957993
pdi,pdi_mean,rf_descriptors,RF: descriptors,descriptors,1,229,https://doi.org/10.1038/s41467-024-45422-9,0.2,0.14819908035689064
pdi,pdi_mean,rf_descriptors,RF: descriptors,descriptors,1,230,https://doi.org/10.1038/s41467-024-45422-9,0.23,0.14756591629587093
pdi,pdi_mean,rf_descriptors,RF: descriptors,descriptors,1,231,https://doi.org/10.1038/s41467-024-45422-9,0.18,0.1423960746532307
pdi,pdi_mean,rf_descriptors,RF: descriptors,descriptors,1,232,https://doi.org/10.1038/s41467-024-45422-9,0.14,0.1423960746532307
pdi,pdi_mean,rf_descriptors,RF: descriptors,descriptors,1,233,https://doi.org/10.1038/s41467-024-45422-9,0.23,0.1418562738595799
pdi,pdi_mean,rf_descriptors,RF: descriptors,descriptors,1,234,https://doi.org/10.1038/s41467-024-45422-9,0.19,0.13928184150304754
pdi,pdi_mean,rf_descriptors,RF: descriptors,descriptors,1,235,https://doi.org/10.1038/s41467-024-45422-9,0.17,0.1470756359124462
pdi,pdi_mean,rf_descriptors,RF: descriptors,descriptors,1,236,https://doi.org/10.1038/s41467-024-45422-9,0.1,0.1469888648889445
pdi,pdi_mean,rf_descriptors,RF: descriptors,descriptors,1,237,https://doi.org/10.1038/s41467-024-45422-9,0.18,0.14046982801098407
pdi,pdi_mean,rf_descriptors,RF: descriptors,descriptors,1,238,https://doi.org/10.1038/s41467-024-45422-9,0.16,0.14046982801098407
pdi,pdi_mean,rf_descriptors,RF: descriptors,descriptors,1,239,https://doi.org/10.1038/s41467-024-45422-9,0.19,0.14132455322465926
pdi,pdi_mean,rf_descriptors,RF: descriptors,descriptors,1,240,https://doi.org/10.1038/s41467-024-45422-9,0.13,0.14117171989132596
pdi,pdi_mean,rf_descriptors,RF: descriptors,descriptors,1,241,https://doi.org/10.1038/s41467-024-45422-9,0.14,0.1466804294651686
pdi,pdi_mean,rf_descriptors,RF: descriptors,descriptors,1,242,https://doi.org/10.1038/s41467-024-45422-9,0.22,0.14570313438378457
pdi,pdi_mean,rf_descriptors,RF: descriptors,descriptors,1,243,https://doi.org/10.1038/s41467-024-45422-9,0.12,0.14110973240381347
pdi,pdi_mean,rf_descriptors,RF: descriptors,descriptors,1,244,https://doi.org/10.1038/s41467-024-45422-9,0.16,0.14110973240381347
pdi,pdi_mean,rf_descriptors,RF: descriptors,descriptors,1,245,https://doi.org/10.1038/s41467-024-45422-9,0.15,0.14137455322465928
pdi,pdi_mean,rf_descriptors,RF: descriptors,descriptors,1,246,https://doi.org/10.1038/s41467-024-45422-9,0.16,0.13879849489337065
pdi,pdi_mean,rf_descriptors,RF: descriptors,descriptors,1,247,https://doi.org/10.1038/s41467-024-45422-9,0.16,0.14480668943011477
pdi,pdi_mean,rf_descriptors,RF: descriptors,descriptors,1,248,https://doi.org/10.1038/s41467-024-45422-9,0.1,0.13799247770314824
pdi,pdi_mean,rf_descriptors,RF: descriptors,descriptors,1,249,https://doi.org/10.1038/s41467-024-45422-9,0.14,0.13588266430513926
pdi,pdi_mean,rf_descriptors,RF: descriptors,descriptors,1,250,https://doi.org/10.1038/s41467-024-45422-9,0.14,0.13588266430513926
pdi,pdi_mean,rf_descriptors,RF: descriptors,descriptors,1,251,https://doi.org/10.1038/s41467-024-45422-9,0.26,0.14137455322465928
pdi,pdi_mean,rf_descriptors,RF: descriptors,descriptors,1,252,https://doi.org/10.1038/s41467-024-45422-9,0.19,0.13879849489337065
pdi,pdi_mean,rf_descriptors,RF: descriptors,descriptors,1,253,https://doi.org/10.1038/s41467-024-45422-9,0.23,0.14480668943011477
pdi,pdi_mean,rf_descriptors,RF: descriptors,descriptors,1,254,https://doi.org/10.1038/s41467-024-45422-9,0.1,0.13799247770314824
pdi,pdi_mean,rf_descriptors,RF: descriptors,descriptors,1,255,https://doi.org/10.1038/s41467-024-45422-9,0.13,0.13588266430513926
pdi,pdi_mean,rf_descriptors,RF: descriptors,descriptors,1,256,https://doi.org/10.1038/s41467-024-45422-9,0.21,0.13588266430513926
pdi,pdi_mean,rf_descriptors,RF: descriptors,descriptors,1,257,https://doi.org/10.1038/s41467-024-45422-9,0.16,0.14023465383238487
pdi,pdi_mean,rf_descriptors,RF: descriptors,descriptors,1,258,https://doi.org/10.1038/s41467-024-45422-9,0.25,0.12646912321844825
pdi,pdi_mean,rf_descriptors,RF: descriptors,descriptors,1,259,https://doi.org/10.1038/s41467-024-45422-9,0.25,0.13765936762784692
pdi,pdi_mean,rf_descriptors,RF: descriptors,descriptors,1,260,https://doi.org/10.1038/s41467-024-45422-9,0.16,0.14440416444776638
pdi,pdi_mean,rf_descriptors,RF: descriptors,descriptors,1,261,https://doi.org/10.1038/s41467-024-45422-9,0.2,0.13813515363342868
pdi,pdi_mean,rf_descriptors,RF: descriptors,descriptors,1,262,https://doi.org/10.1038/s41467-024-45422-9,0.25,0.13813515363342868
pdi,pdi_mean,rf_descriptors,RF: descriptors,descriptors,1,263,https://doi.org/10.1038/s41467-024-45422-9,0.22,0.12830118191403703
pdi,pdi_mean,rf_descriptors,RF: descriptors,descriptors,1,264,https://doi.org/10.1038/s41467-024-45422-9,0.18,0.13305317746614073
pdi,pdi_mean,rf_descriptors,RF: descriptors,descriptors,1,265,https://doi.org/10.1038/s41467-024-45422-9,0.22,0.13746866332211927
pdi,pdi_mean,rf_descriptors,RF: descriptors,descriptors,1,266,https://doi.org/10.1038/s41467-024-45422-9,0.12,0.13837128762627698
pdi,pdi_mean,rf_descriptors,RF: descriptors,descriptors,1,267,https://doi.org/10.1038/s41467-024-45422-9,0.12,0.134533908870409
pdi,pdi_mean,rf_descriptors,RF: descriptors,descriptors,1,268,https://doi.org/10.1038/s41467-024-45422-9,0.13,0.134533908870409
pdi,pdi_mean,rf_descriptors,RF: descriptors,descriptors,1,269,https://doi.org/10.1038/s41467-024-45422-9,0.08,0.14237159766910373
pdi,pdi_mean,rf_descriptors,RF: descriptors,descriptors,1,270,https://doi.org/10.1038/s41467-024-45422-9,0.18,0.14173909766910373
pdi,pdi_mean,rf_descriptors,RF: descriptors,descriptors,1,271,https://doi.org/10.1038/s41467-024-45422-9,0.07,0.14871440416641446
pdi,pdi_mean,rf_descriptors,RF: descriptors,descriptors,1,272,https://doi.org/10.1038/s41467-024-45422-9,0.1,0.1504716515449131
pdi,pdi_mean,rf_descriptors,RF: descriptors,descriptors,1,273,https://doi.org/10.1038/s41467-024-45422-9,0.12,0.14286139846275456
pdi,pdi_mean,rf_descriptors,RF: descriptors,descriptors,1,274,https://doi.org/10.1038/s41467-024-45422-9,0.11,0.14286139846275456
pdi,pdi_mean,rf_descriptors,RF: descriptors,descriptors,1,275,https://doi.org/10.1038/s41467-024-45422-9,0.18,0.14237159766910373
pdi,pdi_mean,rf_descriptors,RF: descriptors,descriptors,1,276,https://doi.org/10.1038/s41467-024-45422-9,0.23,0.14224776909767514
pdi,pdi_mean,rf_descriptors,RF: descriptors,descriptors,1,277,https://doi.org/10.1038/s41467-024-45422-9,0.13,0.141443840920297
pdi,pdi_mean,rf_descriptors,RF: descriptors,descriptors,1,278,https://doi.org/10.1038/s41467-024-45422-9,0.09,0.14276309290719896
pdi,pdi_mean,rf_descriptors,RF: descriptors,descriptors,1,279,https://doi.org/10.1038/s41467-024-45422-9,0.29,0.1346040935646092
pdi,pdi_mean,rf_descriptors,RF: descriptors,descriptors,1,280,https://doi.org/10.1038/s41467-024-45422-9,0.25,0.1346040935646092
pdi,pdi_mean,rf_descriptors,RF: descriptors,descriptors,1,281,https://doi.org/10.1038/s41467-024-45422-9,0.24,0.14224776909767514
pdi,pdi_mean,rf_descriptors,RF: descriptors,descriptors,1,282,https://doi.org/10.1038/s41467-024-45422-9,0.21,0.14224776909767514
pdi,pdi_mean,rf_descriptors,RF: descriptors,descriptors,1,283,https://doi.org/10.1038/s41467-024-45422-9,0.16,0.14103073674114286
pdi,pdi_mean,rf_descriptors,RF: descriptors,descriptors,1,284,https://doi.org/10.1038/s41467-024-45422-9,0.15,0.1304761690794648
pdi,pdi_mean,rf_descriptors,RF: descriptors,descriptors,1,285,https://doi.org/10.1038/s41467-024-45422-9,0.26,0.13749473211521318
pdi,pdi_mean,rf_descriptors,RF: descriptors,descriptors,1,286,https://doi.org/10.1038/s41467-024-45422-9,0.3,0.13959490330235935
pdi,pdi_mean,rf_descriptors,RF: descriptors,descriptors,1,288,https://doi.org/10.1038/s41467-024-45422-9,0.23,0.14129419266482748
pdi,pdi_mean,rf_descriptors,RF: descriptors,descriptors,1,289,https://doi.org/10.1038/s41467-024-45422-9,0.16,0.12594250969308474
pdi,pdi_mean,rf_descriptors,RF: descriptors,descriptors,1,290,https://doi.org/10.1038/s41467-024-45422-9,0.19,0.12824385503441013
pdi,pdi_mean,rf_descriptors,RF: descriptors,descriptors,1,291,https://doi.org/10.1038/s41467-024-45422-9,0.24,0.13159514228246472
pdi,pdi_mean,rf_descriptors,RF: descriptors,descriptors,1,292,https://doi.org/10.1038/s41467-024-45422-9,0.22,0.13779307600639698
pdi,pdi_mean,rf_descriptors,RF: descriptors,descriptors,1,293,https://doi.org/10.1038/s41467-024-45422-9,0.27,0.12908581626830415
pdi,pdi_mean,rf_descriptors,RF: descriptors,descriptors,1,294,https://doi.org/10.1038/s41467-024-45422-9,0.21,0.1290231691058941
pdi,pdi_mean,rf_descriptors,RF: descriptors,descriptors,1,295,https://doi.org/10.1038/s41467-024-45422-9,0.13,0.13101291420145716
pdi,pdi_mean,rf_descriptors,RF: descriptors,descriptors,1,296,https://doi.org/10.1038/s41467-024-45422-9,0.16,0.13369777357847862
pdi,pdi_mean,rf_descriptors,RF: descriptors,descriptors,1,297,https://doi.org/10.1038/s41467-024-45422-9,0.25,0.13072508883955003
pdi,pdi_mean,rf_descriptors,RF: descriptors,descriptors,1,298,https://doi.org/10.1038/s41467-024-45422-9,0.16,0.13519279468280754
pdi,pdi_mean,rf_descriptors,RF: descriptors,descriptors,2,444,10.1002/anie.201809056,0.055,0.2001657869407513
pdi,pdi_mean,rf_descriptors,RF: descriptors,descriptors,2,446,10.1002/anie.201809056,0.041,0.2025976726550369
pdi,pdi_mean,rf_descriptors,RF: descriptors,descriptors,2,756,https://doi.org/10.1016/j.ijpharm.2023.123050,0.02,0.18243375962843314
pdi,pdi_mean,rf_descriptors,RF: descriptors,descriptors,2,763,https://doi.org/10.1016/j.ijpharm.2023.123050,0.1,0.18243375962843314
pdi,pdi_mean,rf_descriptors,RF: descriptors,descriptors,2,773,https://doi.org/10.1016/j.ijpharm.2023.123050,0.05,0.18243375962843314
pdi,pdi_mean,rf_descriptors,RF: descriptors,descriptors,2,959,https://doi.org/10.1038/s41587-019-0247-3,0.2,0.12647887606230748
pdi,pdi_mean,rf_descriptors,RF: descriptors,descriptors,2,960,https://doi.org/10.1038/s41587-019-0247-3,0.1,0.12647887606230748
pdi,pdi_mean,rf_descriptors,RF: descriptors,descriptors,2,961,https://doi.org/10.1038/s41587-019-0247-3,0.2,0.12647887606230748
pdi,pdi_mean,rf_descriptors,RF: descriptors,descriptors,2,962,https://doi.org/10.1038/s41587-019-0247-3,0.2,0.12647887606230748
pdi,pdi_mean,rf_descriptors,RF: descriptors,descriptors,2,963,https://doi.org/10.1038/s41587-019-0247-3,0.3,0.12647887606230748
pdi,pdi_mean,rf_descriptors,RF: descriptors,descriptors,2,964,https://doi.org/10.1038/s41587-019-0247-3,0.3,0.12647887606230748
pdi,pdi_mean,rf_descriptors,RF: descriptors,descriptors,2,965,https://doi.org/10.1038/s41587-019-0247-3,0.2,0.12647887606230748
pdi,pdi_mean,rf_descriptors,RF: descriptors,descriptors,2,966,https://doi.org/10.1038/s41587-019-0247-3,0.2,0.12647887606230748
pdi,pdi_mean,rf_descriptors,RF: descriptors,descriptors,2,967,https://doi.org/10.1038/s41587-019-0247-3,0.3,0.12647887606230748
pdi,pdi_mean,rf_descriptors,RF: descriptors,descriptors,2,968,https://doi.org/10.1038/s41587-019-0247-3,0.2,0.12647887606230748
pdi,pdi_mean,rf_descriptors,RF: descriptors,descriptors,2,969,https://doi.org/10.1038/s41587-019-0247-3,0.2,0.12647887606230748
pdi,pdi_mean,rf_descriptors,RF: descriptors,descriptors,2,970,https://doi.org/10.1038/s41587-019-0247-3,0.2,0.12647887606230748
pdi,pdi_mean,rf_descriptors,RF: descriptors,descriptors,2,971,https://doi.org/10.1038/s41587-019-0247-3,0.2,0.12647887606230748
pdi,pdi_mean,rf_descriptors,RF: descriptors,descriptors,2,972,https://doi.org/10.1038/s41587-019-0247-3,0.2,0.12647887606230748
pdi,pdi_mean,rf_descriptors,RF: descriptors,descriptors,2,973,https://doi.org/10.1038/s41587-019-0247-3,0.2,0.12647887606230748
pdi,pdi_mean,rf_descriptors,RF: descriptors,descriptors,2,974,https://doi.org/10.1038/s41587-019-0247-3,0.1,0.12647887606230748
pdi,pdi_mean,rf_descriptors,RF: descriptors,descriptors,2,975,https://doi.org/10.1038/s41587-019-0247-3,0.3,0.12647887606230748
pdi,pdi_mean,rf_descriptors,RF: descriptors,descriptors,2,976,https://doi.org/10.1038/s41587-019-0247-3,0.2,0.12647887606230748
pdi,pdi_mean,rf_descriptors,RF: descriptors,descriptors,2,977,https://doi.org/10.1038/s41587-019-0247-3,0.2,0.12647887606230748
pdi,pdi_mean,rf_descriptors,RF: descriptors,descriptors,2,978,https://doi.org/10.1038/s41587-019-0247-3,0.3,0.12647887606230748
pdi,pdi_mean,rf_descriptors,RF: descriptors,descriptors,2,979,https://doi.org/10.1038/s41587-019-0247-3,0.1,0.12647887606230748
pdi,pdi_mean,rf_descriptors,RF: descriptors,descriptors,2,980,https://doi.org/10.1038/s41587-019-0247-3,0.1,0.12647887606230748
pdi,pdi_mean,rf_descriptors,RF: descriptors,descriptors,2,981,https://doi.org/10.1038/s41587-019-0247-3,0.2,0.12647887606230748
pdi,pdi_mean,rf_descriptors,RF: descriptors,descriptors,2,982,https://doi.org/10.1038/s41587-019-0247-3,0.3,0.12647887606230748
pdi,pdi_mean,rf_descriptors,RF: descriptors,descriptors,2,983,https://doi.org/10.1038/s41587-019-0247-3,0.2,0.12647887606230748
pdi,pdi_mean,rf_descriptors,RF: descriptors,descriptors,2,984,https://doi.org/10.1038/s41587-019-0247-3,0.1,0.12647887606230748
pdi,pdi_mean,rf_descriptors,RF: descriptors,descriptors,2,985,https://doi.org/10.1038/s41587-019-0247-3,0.2,0.12647887606230748
pdi,pdi_mean,rf_descriptors,RF: descriptors,descriptors,2,986,https://doi.org/10.1038/s41587-019-0247-3,0.2,0.12647887606230748
pdi,pdi_mean,rf_descriptors,RF: descriptors,descriptors,2,987,https://doi.org/10.1038/s41587-019-0247-3,0.1,0.12647887606230748
pdi,pdi_mean,rf_descriptors,RF: descriptors,descriptors,2,988,https://doi.org/10.1038/s41587-019-0247-3,0.1,0.12647887606230748
pdi,pdi_mean,rf_descriptors,RF: descriptors,descriptors,2,989,https://doi.org/10.1038/s41587-019-0247-3,0.2,0.12647887606230748
pdi,pdi_mean,rf_descriptors,RF: descriptors,descriptors,2,990,https://doi.org/10.1038/s41587-019-0247-3,0.2,0.12647887606230748
pdi,pdi_mean,rf_descriptors,RF: descriptors,descriptors,2,991,https://doi.org/10.1038/s41587-019-0247-3,0.1,0.12647887606230748
pdi,pdi_mean,rf_descriptors,RF: descriptors,descriptors,2,992,https://doi.org/10.1038/s41587-019-0247-3,0.2,0.12647887606230748
pdi,pdi_mean,rf_descriptors,RF: descriptors,descriptors,2,1088,https://dx.doi.org/10.1021/acs.nanolett.0c01386,0.05,0.15123830907993493
pdi,pdi_mean,rf_descriptors,RF: descriptors,descriptors,2,1089,https://dx.doi.org/10.1021/acs.nanolett.0c01386,0.08,0.15123830907993493
pdi,pdi_mean,rf_descriptors,RF: descriptors,descriptors,2,1090,https://dx.doi.org/10.1021/acs.nanolett.0c01386,0.07,0.15123830907993493
pdi,pdi_mean,rf_descriptors,RF: descriptors,descriptors,2,1091,https://dx.doi.org/10.1021/acs.nanolett.0c01386,0.1,0.15123830907993493
pdi,pdi_mean,rf_descriptors,RF: descriptors,descriptors,2,1092,https://dx.doi.org/10.1021/acs.nanolett.0c01386,0.12,0.15123830907993493
pdi,pdi_mean,rf_descriptors,RF: descriptors,descriptors,3,2,https://doi.org/10.1038/s41467-024-50619-z,0.14,0.17378485649801081
pdi,pdi_mean,rf_descriptors,RF: descriptors,descriptors,3,3,https://doi.org/10.1038/s41467-024-50619-z,0.14,0.15410317690807895
pdi,pdi_mean,rf_descriptors,RF: descriptors,descriptors,3,4,https://doi.org/10.1038/s41467-024-50619-z,0.09,0.15134533503063652
pdi,pdi_mean,rf_descriptors,RF: descriptors,descriptors,3,5,https://doi.org/10.1038/s41467-024-50619-z,0.17,0.16037625120457952
pdi,pdi_mean,rf_descriptors,RF: descriptors,descriptors,3,6,https://doi.org/10.1038/s41467-024-50619-z,0.14,0.18019787049567057
pdi,pdi_mean,rf_descriptors,RF: descriptors,descriptors,3,7,https://doi.org/10.1038/s41467-024-50619-z,0.15,0.152055984752992
pdi,pdi_mean,rf_descriptors,RF: descriptors,descriptors,3,8,https://doi.org/10.1038/s41467-024-50619-z,0.01,0.14364966240631183
pdi,pdi_mean,rf_descriptors,RF: descriptors,descriptors,3,9,https://doi.org/10.1038/s41467-024-50619-z,0.09,0.14509561995604656
pdi,pdi_mean,rf_descriptors,RF: descriptors,descriptors,3,10,https://doi.org/10.1038/s41467-024-50619-z,0.15,0.1376632317519987
pdi,pdi_mean,rf_descriptors,RF: descriptors,descriptors,3,11,https://doi.org/10.1038/s41467-024-50619-z,0.16,0.13845550516470345
pdi,pdi_mean,rf_descriptors,RF: descriptors,descriptors,3,12,https://doi.org/10.1038/s41467-024-50619-z,0.17,0.14892270322781065
pdi,pdi_mean,rf_descriptors,RF: descriptors,descriptors,3,13,https://doi.org/10.1038/s41467-024-50619-z,0.02,0.132154808370787
pdi,pdi_mean,rf_descriptors,RF: descriptors,descriptors,3,14,https://doi.org/10.1038/s41467-024-50619-z,0.12,0.13402096461810037
pdi,pdi_mean,rf_descriptors,RF: descriptors,descriptors,3,15,https://doi.org/10.1038/s41467-024-50619-z,0.14,0.15619554056217932
pdi,pdi_mean,rf_descriptors,RF: descriptors,descriptors,3,16,https://doi.org/10.1038/s41467-024-50619-z,0.1,0.15343944724300662
pdi,pdi_mean,rf_descriptors,RF: descriptors,descriptors,3,17,https://doi.org/10.1038/s41467-024-50619-z,0.12,0.15075962214577862
pdi,pdi_mean,rf_descriptors,RF: descriptors,descriptors,3,18,https://doi.org/10.1038/s41467-024-50619-z,0.1,0.1456716806473396
pdi,pdi_mean,rf_descriptors,RF: descriptors,descriptors,3,19,https://doi.org/10.1038/s41467-024-50619-z,0.15,0.1482151541103535
pdi,pdi_mean,rf_descriptors,RF: descriptors,descriptors,3,20,https://doi.org/10.1038/s41467-024-50619-z,0.1,0.14293083161425318
pdi,pdi_mean,rf_descriptors,RF: descriptors,descriptors,3,21,https://doi.org/10.1038/s41467-024-50619-z,0.1,0.1411406690762998
pdi,pdi_mean,rf_descriptors,RF: descriptors,descriptors,3,22,https://doi.org/10.1038/s41467-024-50619-z,0.13,0.14293083161425318
pdi,pdi_mean,rf_descriptors,RF: descriptors,descriptors,3,23,https://doi.org/10.1038/s41467-024-50619-z,0.16,0.1455845600926779
pdi,pdi_mean,rf_descriptors,RF: descriptors,descriptors,3,24,https://doi.org/10.1038/s41467-024-50619-z,0.16,0.15058491415357164
pdi,pdi_mean,rf_descriptors,RF: descriptors,descriptors,3,25,https://doi.org/10.1038/s41467-024-50619-z,0.23,0.15456282093938375
pdi,pdi_mean,rf_descriptors,RF: descriptors,descriptors,3,26,https://doi.org/10.1038/s41467-024-50619-z,0.14,0.1554811198522211
pdi,pdi_mean,rf_descriptors,RF: descriptors,descriptors,3,27,https://doi.org/10.1038/s41467-024-50619-z,0.14,0.14617749763794163
pdi,pdi_mean,rf_descriptors,RF: descriptors,descriptors,3,28,https://doi.org/10.1038/s41467-024-50619-z,0.14,0.16145355844083734
pdi,pdi_mean,rf_descriptors,RF: descriptors,descriptors,3,29,https://doi.org/10.1038/s41467-024-50619-z,0.15,0.16037429689536678
pdi,pdi_mean,rf_descriptors,RF: descriptors,descriptors,3,30,https://doi.org/10.1038/s41467-024-50619-z,0.15,0.1467258010748601
pdi,pdi_mean,rf_descriptors,RF: descriptors,descriptors,3,575,10.1002/jbm.a.37705,0.28,0.17718828456465904
pdi,pdi_mean,rf_descriptors,RF: descriptors,descriptors,3,576,10.1002/jbm.a.37705,0.18,0.17097199409395
pdi,pdi_mean,rf_descriptors,RF: descriptors,descriptors,3,578,10.1002/jbm.a.37705,0.22,0.19814583741870473
pdi,pdi_mean,rf_descriptors,RF: descriptors,descriptors,3,778,10.1002/btm2.10580,0.168,0.1544673114250256
pdi,pdi_mean,rf_descriptors,RF: descriptors,descriptors,3,779,10.1002/btm2.10580,0.154,0.1544673114250256
pdi,pdi_mean,rf_descriptors,RF: descriptors,descriptors,3,780,10.1002/btm2.10580,0.152,0.1544673114250256
pdi,pdi_mean,rf_descriptors,RF: descriptors,descriptors,3,781,10.1002/btm2.10580,0.153,0.1544673114250256
pdi,pdi_mean,rf_descriptors,RF: descriptors,descriptors,3,782,10.1002/btm2.10580,0.162,0.08569377787767801
pdi,pdi_mean,rf_descriptors,RF: descriptors,descriptors,3,783,10.1002/btm2.10580,0.172,0.08569377787767801
pdi,pdi_mean,rf_descriptors,RF: descriptors,descriptors,3,784,10.1002/btm2.10580,0.166,0.19293377635345133
pdi,pdi_mean,rf_descriptors,RF: descriptors,descriptors,3,785,10.1002/btm2.10580,0.174,0.19293377635345133
pdi,pdi_mean,rf_descriptors,RF: descriptors,descriptors,3,913,https://doi.org/10.1038/s41434-022-00370-1,0.004,0.1544673114250256
pdi,pdi_mean,rf_descriptors,RF: descriptors,descriptors,3,914,https://doi.org/10.1038/s41434-022-00370-1,0.011,0.1544673114250256
pdi,pdi_mean,rf_descriptors,RF: descriptors,descriptors,3,915,https://doi.org/10.1038/s41434-022-00370-1,0.017,0.1544673114250256
pdi,pdi_mean,rf_descriptors,RF: descriptors,descriptors,3,1021,10.1073/pnas.1209367109,0.09,0.1589392460456017
pdi,pdi_mean,rf_descriptors,RF: descriptors,descriptors,4,198,10.1002/adma.201606944,0.197,0.07270686234632935
pdi,pdi_mean,rf_descriptors,RF: descriptors,descriptors,4,199,10.1002/adma.201606944,0.197,0.07270686234632935
pdi,pdi_mean,rf_descriptors,RF: descriptors,descriptors,4,509,https://doi.org/10.34133/bmr.0017,0.106,0.13299694219201866
pdi,pdi_mean,rf_descriptors,RF: descriptors,descriptors,4,510,https://doi.org/10.34133/bmr.0017,0.079,0.13299694219201866
pdi,pdi_mean,rf_descriptors,RF: descriptors,descriptors,4,511,https://doi.org/10.34133/bmr.0017,0.077,0.13914045446290696
pdi,pdi_mean,rf_descriptors,RF: descriptors,descriptors,4,512,https://doi.org/10.34133/bmr.0017,0.11,0.13914045446290696
pdi,pdi_mean,rf_descriptors,RF: descriptors,descriptors,4,513,https://doi.org/10.34133/bmr.0017,0.074,0.13914045446290696
pdi,pdi_mean,rf_descriptors,RF: descriptors,descriptors,4,635,10.1021/jacs.2c12893,0.11,0.20455225199674046
pdi,pdi_mean,rf_descriptors,RF: descriptors,descriptors,4,636,10.1021/jacs.2c12893,0.09,0.09262979037061832
pdi,pdi_mean,rf_descriptors,RF: descriptors,descriptors,4,641,https://doi.org/10.1016/j.jpha.2024.100996,0.12,0.10275113688443484
pdi,pdi_mean,rf_descriptors,RF: descriptors,descriptors,4,642,https://doi.org/10.1016/j.jpha.2024.100996,0.107,0.10275113688443484
pdi,pdi_mean,rf_descriptors,RF: descriptors,descriptors,4,643,https://doi.org/10.1016/j.jpha.2024.100996,0.071,0.10275113688443484
pdi,pdi_mean,rf_descriptors,RF: descriptors,descriptors,4,644,https://doi.org/10.1016/j.jpha.2024.100996,0.069,0.10275113688443484
pdi,pdi_mean,rf_descriptors,RF: descriptors,descriptors,4,645,https://doi.org/10.1016/j.jpha.2024.100996,0.099,0.10275113688443484
pdi,pdi_mean,rf_descriptors,RF: descriptors,descriptors,4,646,https://doi.org/10.1016/j.jpha.2024.100996,0.212,0.119742872793177
pdi,pdi_mean,rf_descriptors,RF: descriptors,descriptors,4,647,https://doi.org/10.1016/j.jpha.2024.100996,0.208,0.119742872793177
pdi,pdi_mean,rf_descriptors,RF: descriptors,descriptors,4,648,https://doi.org/10.1016/j.jpha.2024.100996,0.178,0.119742872793177
pdi,pdi_mean,rf_descriptors,RF: descriptors,descriptors,4,649,https://doi.org/10.1016/j.jpha.2024.100996,0.258,0.119742872793177
pdi,pdi_mean,rf_descriptors,RF: descriptors,descriptors,4,650,https://doi.org/10.1016/j.jpha.2024.100996,0.222,0.119742872793177
pdi,pdi_mean,rf_descriptors,RF: descriptors,descriptors,4,651,https://doi.org/10.1016/j.jpha.2024.100996,0.233,0.119742872793177
pdi,pdi_mean,rf_descriptors,RF: descriptors,descriptors,4,652,https://doi.org/10.1016/j.jpha.2024.100996,0.087,0.1021412303982232
pdi,pdi_mean,rf_descriptors,RF: descriptors,descriptors,4,653,https://doi.org/10.1016/j.jpha.2024.100996,0.073,0.1021412303982232
pdi,pdi_mean,rf_descriptors,RF: descriptors,descriptors,4,654,https://doi.org/10.1016/j.jpha.2024.100996,0.067,0.1021412303982232
pdi,pdi_mean,rf_descriptors,RF: descriptors,descriptors,4,655,https://doi.org/10.1016/j.jpha.2024.100996,0.203,0.1021412303982232
pdi,pdi_mean,rf_descriptors,RF: descriptors,descriptors,4,656,https://doi.org/10.1016/j.jpha.2024.100996,0.211,0.1021412303982232
pdi,pdi_mean,rf_descriptors,RF: descriptors,descriptors,4,657,https://doi.org/10.1016/j.jpha.2024.100996,0.198,0.1021412303982232
pdi,pdi_mean,rf_descriptors,RF: descriptors,descriptors,4,658,https://doi.org/10.1016/j.jpha.2024.100996,0.32,0.09262979037061832
pdi,pdi_mean,rf_descriptors,RF: descriptors,descriptors,4,659,https://doi.org/10.1016/j.jpha.2024.100996,0.374,0.09262979037061832
pdi,pdi_mean,rf_descriptors,RF: descriptors,descriptors,4,660,https://doi.org/10.1016/j.jpha.2024.100996,0.331,0.09262979037061832
pdi,pdi_mean,rf_descriptors,RF: descriptors,descriptors,4,661,https://doi.org/10.1016/j.jpha.2024.100996,0.149,0.09262979037061832
pdi,pdi_mean,rf_descriptors,RF: descriptors,descriptors,4,662,https://doi.org/10.1016/j.jpha.2024.100996,0.156,0.09262979037061832
pdi,pdi_mean,rf_descriptors,RF: descriptors,descriptors,4,663,https://doi.org/10.1016/j.jpha.2024.100996,0.146,0.09262979037061832
pdi,pdi_mean,rf_descriptors,RF: descriptors,descriptors,4,664,https://doi.org/10.1016/j.jpha.2024.100996,0.09,0.09262979037061832
pdi,pdi_mean,rf_descriptors,RF: descriptors,descriptors,4,1005,10.1002/smll.201805097,0.106,0.1394434223377467
pdi,pdi_mean,rf_descriptors,RF: descriptors,descriptors,4,1006,10.1002/smll.201805097,0.129,0.14971555506977513
pdi,pdi_mean,rf_descriptors,RF: descriptors,descriptors,4,1007,10.1002/smll.201805097,0.135,0.15013792758022942
pdi,pdi_mean,rf_descriptors,RF: descriptors,descriptors,4,1008,10.1002/smll.201805097,0.138,0.15074271752280646
pdi,pdi_mean,rf_descriptors,RF: descriptors,descriptors,4,1009,10.1002/smll.201805097,0.141,0.15275621480328272
pdi,pdi_mean,rf_descriptors,RF: descriptors,descriptors,4,1010,10.1002/smll.201805097,0.117,0.1526495627358765
pdi,pdi_mean,rf_descriptors,RF: descriptors,descriptors,4,1011,10.1002/smll.201805097,0.19,0.15202541695475702
pdi,pdi_mean,rf_descriptors,RF: descriptors,descriptors,4,1012,10.1002/smll.201805097,0.127,0.15084171949931285
pdi,pdi_mean,rf_descriptors,RF: descriptors,descriptors,4,1013,10.1002/smll.201805097,0.216,0.1515107380178314
pdi,pdi_mean,rf_descriptors,RF: descriptors,descriptors,4,1014,10.1002/smll.201805097,0.17,0.14762615203936538
pdi,pdi_mean,rf_descriptors,RF: descriptors,descriptors,4,1015,10.1002/smll.201805097,0.324,0.13767462389456706
pdi,pdi_mean,rf_descriptors,RF: descriptors,descriptors,5,109,10.1021/acs.nanolett.5b02497,0.147,0.1729375473421927
pdi,pdi_mean,rf_descriptors,RF: descriptors,descriptors,5,110,10.1021/acs.nanolett.5b02497,0.221,0.1729375473421927
pdi,pdi_mean,rf_descriptors,RF: descriptors,descriptors,5,113,https://doi.org/10.1016/j.ymthe.2018.03.010,0.14,0.14659514740428142
pdi,pdi_mean,rf_descriptors,RF: descriptors,descriptors,5,114,https://doi.org/10.1016/j.ymthe.2018.03.010,0.14,0.14474745101010106
pdi,pdi_mean,rf_descriptors,RF: descriptors,descriptors,5,115,https://doi.org/10.1016/j.ymthe.2018.03.010,0.11,0.12387563461503986
pdi,pdi_mean,rf_descriptors,RF: descriptors,descriptors,5,116,https://doi.org/10.1016/j.ymthe.2018.03.010,0.07,0.12489346090402548
pdi,pdi_mean,rf_descriptors,RF: descriptors,descriptors,5,117,https://doi.org/10.1016/j.ymthe.2018.03.010,0.04,0.12571077133159247
pdi,pdi_mean,rf_descriptors,RF: descriptors,descriptors,5,118,https://doi.org/10.1016/j.ymthe.2018.03.010,0.11,0.1709198200545354
pdi,pdi_mean,rf_descriptors,RF: descriptors,descriptors,5,119,https://doi.org/10.1016/j.ymthe.2018.03.010,0.15,0.1531699379267522
pdi,pdi_mean,rf_descriptors,RF: descriptors,descriptors,5,120,https://doi.org/10.1016/j.ymthe.2018.03.010,0.1,0.1286202292681003
pdi,pdi_mean,rf_descriptors,RF: descriptors,descriptors,5,121,https://doi.org/10.1016/j.ymthe.2018.03.010,0.16,0.1315058377518779
pdi,pdi_mean,rf_descriptors,RF: descriptors,descriptors,5,122,https://doi.org/10.1016/j.ymthe.2018.03.010,0.14,0.1598051908923211
pdi,pdi_mean,rf_descriptors,RF: descriptors,descriptors,5,123,https://doi.org/10.1016/j.ymthe.2018.03.010,0.11,0.1378553099933472
pdi,pdi_mean,rf_descriptors,RF: descriptors,descriptors,5,450,10.1016/j.jconrel.2019.10.028,0.198,0.1729375473421927
pdi,pdi_mean,rf_descriptors,RF: descriptors,descriptors,5,451,10.1016/j.jconrel.2019.10.028,0.226,0.1729375473421927
pdi,pdi_mean,rf_descriptors,RF: descriptors,descriptors,5,452,10.1016/j.jconrel.2019.10.028,0.224,0.1729375473421927
pdi,pdi_mean,rf_descriptors,RF: descriptors,descriptors,5,453,10.1016/j.jconrel.2019.10.028,0.202,0.1729375473421927
pdi,pdi_mean,rf_descriptors,RF: descriptors,descriptors,5,454,10.1016/j.jconrel.2019.10.028,0.226,0.1729375473421927
pdi,pdi_mean,rf_descriptors,RF: descriptors,descriptors,5,455,10.1016/j.jconrel.2019.10.028,0.221,0.1729375473421927
pdi,pdi_mean,rf_descriptors,RF: descriptors,descriptors,5,456,10.1016/j.jconrel.2019.10.028,0.212,0.1729375473421927
pdi,pdi_mean,rf_descriptors,RF: descriptors,descriptors,5,457,10.1016/j.jconrel.2019.10.028,0.205,0.1729375473421927
pdi,pdi_mean,rf_descriptors,RF: descriptors,descriptors,5,458,10.1016/j.jconrel.2019.10.028,0.174,0.1729375473421927
pdi,pdi_mean,rf_descriptors,RF: descriptors,descriptors,5,459,10.1016/j.jconrel.2019.10.028,0.208,0.1729375473421927
pdi,pdi_mean,rf_descriptors,RF: descriptors,descriptors,5,460,10.1016/j.jconrel.2019.10.028,0.203,0.1729375473421927
pdi,pdi_mean,rf_descriptors,RF: descriptors,descriptors,5,461,10.1016/j.jconrel.2019.10.028,0.224,0.1729375473421927
pdi,pdi_mean,rf_descriptors,RF: descriptors,descriptors,5,462,10.1016/j.jconrel.2019.10.028,0.204,0.1729375473421927
pdi,pdi_mean,rf_descriptors,RF: descriptors,descriptors,5,463,10.1016/j.jconrel.2019.10.028,0.214,0.1729375473421927
pdi,pdi_mean,rf_descriptors,RF: descriptors,descriptors,5,464,10.1016/j.jconrel.2019.10.028,0.233,0.1729375473421927
pdi,pdi_mean,rf_descriptors,RF: descriptors,descriptors,5,465,10.1016/j.jconrel.2019.10.028,0.223,0.1729375473421927
pdi,pdi_mean,rf_descriptors,RF: descriptors,descriptors,5,863,https://doi.org/10.1016/j.jconrel.2025.01.071,0.2,0.17362510883716112
pdi,pdi_mean,rf_descriptors,RF: descriptors,descriptors,5,864,https://doi.org/10.1016/j.jconrel.2025.01.071,0.2,0.17362510883716112
pdi,pdi_mean,rf_descriptors,RF: descriptors,descriptors,5,865,https://doi.org/10.1016/j.jconrel.2025.01.071,0.2,0.17362510883716112
pdi,pdi_mean,rf_descriptors,RF: descriptors,descriptors,5,866,https://doi.org/10.1016/j.jconrel.2025.01.071,0.2,0.17362510883716112
pdi,pdi_mean,rf_descriptors,RF: descriptors,descriptors,5,885,https://doi.org/10.1021/acs.nanolett.1c01353,0.0985,0.1729375473421927
pdi,pdi_mean,rf_descriptors,RF: descriptors,descriptors,5,932,https://doi.org/10.1248/cpb.c24-00089,0.22,0.13868965781457496
pdi,pdi_mean,rf_descriptors,RF: descriptors,descriptors,5,933,https://doi.org/10.1248/cpb.c24-00089,0.121,0.13868965781457496
pdi,pdi_mean,rf_descriptors,RF: descriptors,descriptors,5,934,https://doi.org/10.1248/cpb.c24-00089,0.081,0.13868965781457496
pdi,pdi_mean,rf_descriptors,RF: descriptors,descriptors,5,935,https://doi.org/10.1248/cpb.c24-00089,0.058,0.13868965781457496
pdi,pdi_mean,rf_descriptors,RF: descriptors,descriptors,5,936,https://doi.org/10.1248/cpb.c24-00089,0.072,0.13868965781457496
pdi,pdi_mean,rf_descriptors,RF: descriptors,descriptors,5,937,https://doi.org/10.1248/cpb.c24-00089,0.109,0.13868965781457496
pdi,pdi_mean,rf_descriptors,RF: descriptors,descriptors,5,938,https://doi.org/10.1248/cpb.c24-00089,0.053,0.13868965781457496
pdi,pdi_mean,rf_descriptors,RF: descriptors,descriptors,5,939,https://doi.org/10.1248/cpb.c24-00089,0.057,0.13868965781457496
pdi,pdi_mean,rf_descriptors,RF: descriptors,descriptors,5,940,https://doi.org/10.1248/cpb.c24-00089,0.062,0.13868965781457496
pdi,pdi_mean,ridge_combined,Ridge: combined,combined,1,202,https://doi.org/10.1038/s41467-024-45422-9,0.4,0.07640229026255183
pdi,pdi_mean,ridge_combined,Ridge: combined,combined,1,203,https://doi.org/10.1038/s41467-024-45422-9,0.35,0.08327580229898678
pdi,pdi_mean,ridge_combined,Ridge: combined,combined,1,204,https://doi.org/10.1038/s41467-024-45422-9,0.29,0.09293862812377868
pdi,pdi_mean,ridge_combined,Ridge: combined,combined,1,205,https://doi.org/10.1038/s41467-024-45422-9,0.29,0.09892743387209055
pdi,pdi_mean,ridge_combined,Ridge: combined,combined,1,206,https://doi.org/10.1038/s41467-024-45422-9,0.34,0.08630420500538485
pdi,pdi_mean,ridge_combined,Ridge: combined,combined,1,207,https://doi.org/10.1038/s41467-024-45422-9,0.31,0.0857248092108217
pdi,pdi_mean,ridge_combined,Ridge: combined,combined,1,208,https://doi.org/10.1038/s41467-024-45422-9,0.25,0.08060646934870692
pdi,pdi_mean,ridge_combined,Ridge: combined,combined,1,209,https://doi.org/10.1038/s41467-024-45422-9,0.41,0.08695876241450258
pdi,pdi_mean,ridge_combined,Ridge: combined,combined,1,210,https://doi.org/10.1038/s41467-024-45422-9,0.21,0.09652381493479181
pdi,pdi_mean,ridge_combined,Ridge: combined,combined,1,211,https://doi.org/10.1038/s41467-024-45422-9,0.4,0.10242447531011403
pdi,pdi_mean,ridge_combined,Ridge: combined,combined,1,212,https://doi.org/10.1038/s41467-024-45422-9,0.15,0.08988939181639798
pdi,pdi_mean,ridge_combined,Ridge: combined,combined,1,213,https://doi.org/10.1038/s41467-024-45422-9,0.22,0.08930999602183483
pdi,pdi_mean,ridge_combined,Ridge: combined,combined,1,214,https://doi.org/10.1038/s41467-024-45422-9,0.21,0.08060646934870692
pdi,pdi_mean,ridge_combined,Ridge: combined,combined,1,215,https://doi.org/10.1038/s41467-024-45422-9,0.24,0.08695876241450258
pdi,pdi_mean,ridge_combined,Ridge: combined,combined,1,216,https://doi.org/10.1038/s41467-024-45422-9,0.31,0.09652381493479181
pdi,pdi_mean,ridge_combined,Ridge: combined,combined,1,217,https://doi.org/10.1038/s41467-024-45422-9,0.25,0.10242447531011403
pdi,pdi_mean,ridge_combined,Ridge: combined,combined,1,218,https://doi.org/10.1038/s41467-024-45422-9,0.27,0.08988939181639798
pdi,pdi_mean,ridge_combined,Ridge: combined,combined,1,219,https://doi.org/10.1038/s41467-024-45422-9,0.21,0.08930999602183483
pdi,pdi_mean,ridge_combined,Ridge: combined,combined,1,220,https://doi.org/10.1038/s41467-024-45422-9,0.23,0.08451996862431317
pdi,pdi_mean,ridge_combined,Ridge: combined,combined,1,221,https://doi.org/10.1038/s41467-024-45422-9,0.21,0.09045580385252605
pdi,pdi_mean,ridge_combined,Ridge: combined,combined,1,222,https://doi.org/10.1038/s41467-024-45422-9,0.27,0.0999411146900471
pdi,pdi_mean,ridge_combined,Ridge: combined,combined,1,223,https://doi.org/10.1038/s41467-024-45422-9,0.22,0.10576940146655289
pdi,pdi_mean,ridge_combined,Ridge: combined,combined,1,224,https://doi.org/10.1038/s41467-024-45422-9,0.25,0.09330669157165328
pdi,pdi_mean,ridge_combined,Ridge: combined,combined,1,225,https://doi.org/10.1038/s41467-024-45422-9,0.23,0.09272729577709012
pdi,pdi_mean,ridge_combined,Ridge: combined,combined,1,227,https://doi.org/10.1038/s41467-024-45422-9,0.18,0.08820292873982895
pdi,pdi_mean,ridge_combined,Ridge: combined,combined,1,228,https://doi.org/10.1038/s41467-024-45422-9,0.26,0.0938007300089649
pdi,pdi_mean,ridge_combined,Ridge: combined,combined,1,229,https://doi.org/10.1038/s41467-024-45422-9,0.2,0.1032201545170312
pdi,pdi_mean,ridge_combined,Ridge: combined,combined,1,230,https://doi.org/10.1038/s41467-024-45422-9,0.23,0.10898828924682163
pdi,pdi_mean,ridge_combined,Ridge: combined,combined,1,231,https://doi.org/10.1038/s41467-024-45422-9,0.18,0.09658573139863738
pdi,pdi_mean,ridge_combined,Ridge: combined,combined,1,232,https://doi.org/10.1038/s41467-024-45422-9,0.14,0.09600633560407423
pdi,pdi_mean,ridge_combined,Ridge: combined,combined,1,233,https://doi.org/10.1038/s41467-024-45422-9,0.23,0.09169997017785242
pdi,pdi_mean,ridge_combined,Ridge: combined,combined,1,234,https://doi.org/10.1038/s41467-024-45422-9,0.19,0.09701961778923364
pdi,pdi_mean,ridge_combined,Ridge: combined,combined,1,235,https://doi.org/10.1038/s41467-024-45422-9,0.17,0.10638397773712269
pdi,pdi_mean,ridge_combined,Ridge: combined,combined,1,236,https://doi.org/10.1038/s41467-024-45422-9,0.1,0.1121015773065154
pdi,pdi_mean,ridge_combined,Ridge: combined,combined,1,237,https://doi.org/10.1038/s41467-024-45422-9,0.18,0.09974955461872886
pdi,pdi_mean,ridge_combined,Ridge: combined,combined,1,238,https://doi.org/10.1038/s41467-024-45422-9,0.16,0.09917015882416572
pdi,pdi_mean,ridge_combined,Ridge: combined,combined,1,239,https://doi.org/10.1038/s41467-024-45422-9,0.19,0.07324679587921047
pdi,pdi_mean,ridge_combined,Ridge: combined,combined,1,240,https://doi.org/10.1038/s41467-024-45422-9,0.13,0.07882639764144254
pdi,pdi_mean,ridge_combined,Ridge: combined,combined,1,241,https://doi.org/10.1038/s41467-024-45422-9,0.14,0.08824671994125087
pdi,pdi_mean,ridge_combined,Ridge: combined,combined,1,242,https://doi.org/10.1038/s41467-024-45422-9,0.22,0.09401725687056722
pdi,pdi_mean,ridge_combined,Ridge: combined,combined,1,243,https://doi.org/10.1038/s41467-024-45422-9,0.12,0.08161229682285705
pdi,pdi_mean,ridge_combined,Ridge: combined,combined,1,244,https://doi.org/10.1038/s41467-024-45422-9,0.16,0.0810329010282939
pdi,pdi_mean,ridge_combined,Ridge: combined,combined,1,245,https://doi.org/10.1038/s41467-024-45422-9,0.15,0.07841623048953351
pdi,pdi_mean,ridge_combined,Ridge: combined,combined,1,246,https://doi.org/10.1038/s41467-024-45422-9,0.16,0.08362099124322445
pdi,pdi_mean,ridge_combined,Ridge: combined,combined,1,247,https://doi.org/10.1038/s41467-024-45422-9,0.16,0.09296586632364365
pdi,pdi_mean,ridge_combined,Ridge: combined,combined,1,248,https://doi.org/10.1038/s41467-024-45422-9,0.1,0.09866677026413737
pdi,pdi_mean,ridge_combined,Ridge: combined,combined,1,249,https://doi.org/10.1038/s41467-024-45422-9,0.14,0.08633144320524981
pdi,pdi_mean,ridge_combined,Ridge: combined,combined,1,250,https://doi.org/10.1038/s41467-024-45422-9,0.14,0.08575204741068666
pdi,pdi_mean,ridge_combined,Ridge: combined,combined,1,251,https://doi.org/10.1038/s41467-024-45422-9,0.26,0.07841623048953351
pdi,pdi_mean,ridge_combined,Ridge: combined,combined,1,252,https://doi.org/10.1038/s41467-024-45422-9,0.19,0.08362099124322445
pdi,pdi_mean,ridge_combined,Ridge: combined,combined,1,253,https://doi.org/10.1038/s41467-024-45422-9,0.23,0.09296586632364365
pdi,pdi_mean,ridge_combined,Ridge: combined,combined,1,254,https://doi.org/10.1038/s41467-024-45422-9,0.1,0.09866677026413737
pdi,pdi_mean,ridge_combined,Ridge: combined,combined,1,255,https://doi.org/10.1038/s41467-024-45422-9,0.13,0.08633144320524981
pdi,pdi_mean,ridge_combined,Ridge: combined,combined,1,256,https://doi.org/10.1038/s41467-024-45422-9,0.21,0.08575204741068666
pdi,pdi_mean,ridge_combined,Ridge: combined,combined,1,257,https://doi.org/10.1038/s41467-024-45422-9,0.16,0.08329275173830562
pdi,pdi_mean,ridge_combined,Ridge: combined,combined,1,258,https://doi.org/10.1038/s41467-024-45422-9,0.25,0.08820610317851521
pdi,pdi_mean,ridge_combined,Ridge: combined,combined,1,259,https://doi.org/10.1038/s41467-024-45422-9,0.25,0.09749129687246966
pdi,pdi_mean,ridge_combined,Ridge: combined,combined,1,260,https://doi.org/10.1038/s41467-024-45422-9,0.16,0.10313678907452452
pdi,pdi_mean,ridge_combined,Ridge: combined,combined,1,261,https://doi.org/10.1038/s41467-024-45422-9,0.2,0.09085687375407585
pdi,pdi_mean,ridge_combined,Ridge: combined,combined,1,262,https://doi.org/10.1038/s41467-024-45422-9,0.25,0.09027747795951269
pdi,pdi_mean,ridge_combined,Ridge: combined,combined,1,263,https://doi.org/10.1038/s41467-024-45422-9,0.22,0.09241228394226289
pdi,pdi_mean,ridge_combined,Ridge: combined,combined,1,264,https://doi.org/10.1038/s41467-024-45422-9,0.18,0.09690833609204193
pdi,pdi_mean,ridge_combined,Ridge: combined,combined,1,265,https://doi.org/10.1038/s41467-024-45422-9,0.22,0.10610629734459653
pdi,pdi_mean,ridge_combined,Ridge: combined,combined,1,266,https://doi.org/10.1038/s41467-024-45422-9,0.12,0.11167021651706804
pdi,pdi_mean,ridge_combined,Ridge: combined,combined,1,267,https://doi.org/10.1038/s41467-024-45422-9,0.12,0.09947187422620271
pdi,pdi_mean,ridge_combined,Ridge: combined,combined,1,268,https://doi.org/10.1038/s41467-024-45422-9,0.13,0.09889247843163956
pdi,pdi_mean,ridge_combined,Ridge: combined,combined,1,269,https://doi.org/10.1038/s41467-024-45422-9,0.08,0.08733477972679313
pdi,pdi_mean,ridge_combined,Ridge: combined,combined,1,270,https://doi.org/10.1038/s41467-024-45422-9,0.18,0.09368707279258878
pdi,pdi_mean,ridge_combined,Ridge: combined,combined,1,271,https://doi.org/10.1038/s41467-024-45422-9,0.07,0.10325212531287803
pdi,pdi_mean,ridge_combined,Ridge: combined,combined,1,272,https://doi.org/10.1038/s41467-024-45422-9,0.1,0.10915278568820025
pdi,pdi_mean,ridge_combined,Ridge: combined,combined,1,273,https://doi.org/10.1038/s41467-024-45422-9,0.12,0.09661770219448418
pdi,pdi_mean,ridge_combined,Ridge: combined,combined,1,274,https://doi.org/10.1038/s41467-024-45422-9,0.11,0.09603830639992103
pdi,pdi_mean,ridge_combined,Ridge: combined,combined,1,275,https://doi.org/10.1038/s41467-024-45422-9,0.18,0.07855269036949157
pdi,pdi_mean,ridge_combined,Ridge: combined,combined,1,276,https://doi.org/10.1038/s41467-024-45422-9,0.23,0.08642933590793211
pdi,pdi_mean,ridge_combined,Ridge: combined,combined,1,277,https://doi.org/10.1038/s41467-024-45422-9,0.13,0.09625241659901002
pdi,pdi_mean,ridge_combined,Ridge: combined,combined,1,278,https://doi.org/10.1038/s41467-024-45422-9,0.09,0.09927481350252695
pdi,pdi_mean,ridge_combined,Ridge: combined,combined,1,279,https://doi.org/10.1038/s41467-024-45422-9,0.29,0.1024534960585838
pdi,pdi_mean,ridge_combined,Ridge: combined,combined,1,280,https://doi.org/10.1038/s41467-024-45422-9,0.25,0.1024534960585838
pdi,pdi_mean,ridge_combined,Ridge: combined,combined,1,281,https://doi.org/10.1038/s41467-024-45422-9,0.24,0.09360933746147138
pdi,pdi_mean,ridge_combined,Ridge: combined,combined,1,282,https://doi.org/10.1038/s41467-024-45422-9,0.21,0.09596380287969603
pdi,pdi_mean,ridge_combined,Ridge: combined,combined,1,283,https://doi.org/10.1038/s41467-024-45422-9,0.16,0.10315550510719479
pdi,pdi_mean,ridge_combined,Ridge: combined,combined,1,284,https://doi.org/10.1038/s41467-024-45422-9,0.15,0.10547743050856029
pdi,pdi_mean,ridge_combined,Ridge: combined,combined,1,285,https://doi.org/10.1038/s41467-024-45422-9,0.26,0.10248303852812549
pdi,pdi_mean,ridge_combined,Ridge: combined,combined,1,286,https://doi.org/10.1038/s41467-024-45422-9,0.3,0.10360928061630631
pdi,pdi_mean,ridge_combined,Ridge: combined,combined,1,288,https://doi.org/10.1038/s41467-024-45422-9,0.23,0.0842694081308998
pdi,pdi_mean,ridge_combined,Ridge: combined,combined,1,289,https://doi.org/10.1038/s41467-024-45422-9,0.16,0.0916824779458941
pdi,pdi_mean,ridge_combined,Ridge: combined,combined,1,290,https://doi.org/10.1038/s41467-024-45422-9,0.19,0.09583156824037119
pdi,pdi_mean,ridge_combined,Ridge: combined,combined,1,291,https://doi.org/10.1038/s41467-024-45422-9,0.24,0.09489401683642108
pdi,pdi_mean,ridge_combined,Ridge: combined,combined,1,292,https://doi.org/10.1038/s41467-024-45422-9,0.22,0.08898855451329257
pdi,pdi_mean,ridge_combined,Ridge: combined,combined,1,293,https://doi.org/10.1038/s41467-024-45422-9,0.27,0.09781435055920247
pdi,pdi_mean,ridge_combined,Ridge: combined,combined,1,294,https://doi.org/10.1038/s41467-024-45422-9,0.21,0.09135963678746052
pdi,pdi_mean,ridge_combined,Ridge: combined,combined,1,295,https://doi.org/10.1038/s41467-024-45422-9,0.13,0.10020202612234382
pdi,pdi_mean,ridge_combined,Ridge: combined,combined,1,296,https://doi.org/10.1038/s41467-024-45422-9,0.16,0.10006186970098724
pdi,pdi_mean,ridge_combined,Ridge: combined,combined,1,297,https://doi.org/10.1038/s41467-024-45422-9,0.25,0.10858741635644892
pdi,pdi_mean,ridge_combined,Ridge: combined,combined,1,298,https://doi.org/10.1038/s41467-024-45422-9,0.16,0.10863955619136063
pdi,pdi_mean,ridge_combined,Ridge: combined,combined,2,444,10.1002/anie.201809056,0.055,0.16096094358914512
pdi,pdi_mean,ridge_combined,Ridge: combined,combined,2,446,10.1002/anie.201809056,0.041,0.1592990806985861
pdi,pdi_mean,ridge_combined,Ridge: combined,combined,2,756,https://doi.org/10.1016/j.ijpharm.2023.123050,0.02,0.16121083437082853
pdi,pdi_mean,ridge_combined,Ridge: combined,combined,2,763,https://doi.org/10.1016/j.ijpharm.2023.123050,0.1,0.16121083437082853
pdi,pdi_mean,ridge_combined,Ridge: combined,combined,2,773,https://doi.org/10.1016/j.ijpharm.2023.123050,0.05,0.16750440344609993
pdi,pdi_mean,ridge_combined,Ridge: combined,combined,2,959,https://doi.org/10.1038/s41587-019-0247-3,0.2,0.14650925357287314
pdi,pdi_mean,ridge_combined,Ridge: combined,combined,2,960,https://doi.org/10.1038/s41587-019-0247-3,0.1,0.15964411386839866
pdi,pdi_mean,ridge_combined,Ridge: combined,combined,2,961,https://doi.org/10.1038/s41587-019-0247-3,0.2,0.1523235118480218
pdi,pdi_mean,ridge_combined,Ridge: combined,combined,2,962,https://doi.org/10.1038/s41587-019-0247-3,0.2,0.1630363582232487
pdi,pdi_mean,ridge_combined,Ridge: combined,combined,2,963,https://doi.org/10.1038/s41587-019-0247-3,0.3,0.1523235118480218
pdi,pdi_mean,ridge_combined,Ridge: combined,combined,2,964,https://doi.org/10.1038/s41587-019-0247-3,0.3,0.11015902932147624
pdi,pdi_mean,ridge_combined,Ridge: combined,combined,2,965,https://doi.org/10.1038/s41587-019-0247-3,0.2,0.1327168978826998
pdi,pdi_mean,ridge_combined,Ridge: combined,combined,2,966,https://doi.org/10.1038/s41587-019-0247-3,0.2,0.20687346930466827
pdi,pdi_mean,ridge_combined,Ridge: combined,combined,2,967,https://doi.org/10.1038/s41587-019-0247-3,0.3,0.1523235118480218
pdi,pdi_mean,ridge_combined,Ridge: combined,combined,2,968,https://doi.org/10.1038/s41587-019-0247-3,0.2,0.1523235118480218
pdi,pdi_mean,ridge_combined,Ridge: combined,combined,2,969,https://doi.org/10.1038/s41587-019-0247-3,0.2,0.18318101154496955
pdi,pdi_mean,ridge_combined,Ridge: combined,combined,2,970,https://doi.org/10.1038/s41587-019-0247-3,0.2,0.1523235118480218
pdi,pdi_mean,ridge_combined,Ridge: combined,combined,2,971,https://doi.org/10.1038/s41587-019-0247-3,0.2,0.13661123169899947
pdi,pdi_mean,ridge_combined,Ridge: combined,combined,2,972,https://doi.org/10.1038/s41587-019-0247-3,0.2,0.1579652638815869
pdi,pdi_mean,ridge_combined,Ridge: combined,combined,2,973,https://doi.org/10.1038/s41587-019-0247-3,0.2,0.1523235118480218
pdi,pdi_mean,ridge_combined,Ridge: combined,combined,2,974,https://doi.org/10.1038/s41587-019-0247-3,0.1,0.13427247769575407
pdi,pdi_mean,ridge_combined,Ridge: combined,combined,2,975,https://doi.org/10.1038/s41587-019-0247-3,0.3,0.12528287425528972
pdi,pdi_mean,ridge_combined,Ridge: combined,combined,2,976,https://doi.org/10.1038/s41587-019-0247-3,0.2,0.1523235118480218
pdi,pdi_mean,ridge_combined,Ridge: combined,combined,2,977,https://doi.org/10.1038/s41587-019-0247-3,0.2,0.135062108968369
pdi,pdi_mean,ridge_combined,Ridge: combined,combined,2,978,https://doi.org/10.1038/s41587-019-0247-3,0.3,0.17290050858329004
pdi,pdi_mean,ridge_combined,Ridge: combined,combined,2,979,https://doi.org/10.1038/s41587-019-0247-3,0.1,0.17707245174454156
pdi,pdi_mean,ridge_combined,Ridge: combined,combined,2,980,https://doi.org/10.1038/s41587-019-0247-3,0.1,0.11224225312347069
pdi,pdi_mean,ridge_combined,Ridge: combined,combined,2,981,https://doi.org/10.1038/s41587-019-0247-3,0.2,0.14855130300147085
pdi,pdi_mean,ridge_combined,Ridge: combined,combined,2,982,https://doi.org/10.1038/s41587-019-0247-3,0.3,0.16650445852203413
pdi,pdi_mean,ridge_combined,Ridge: combined,combined,2,983,https://doi.org/10.1038/s41587-019-0247-3,0.2,0.14855130300147085
pdi,pdi_mean,ridge_combined,Ridge: combined,combined,2,984,https://doi.org/10.1038/s41587-019-0247-3,0.1,0.14855130300147085
pdi,pdi_mean,ridge_combined,Ridge: combined,combined,2,985,https://doi.org/10.1038/s41587-019-0247-3,0.2,0.15964411386839866
pdi,pdi_mean,ridge_combined,Ridge: combined,combined,2,986,https://doi.org/10.1038/s41587-019-0247-3,0.2,0.16327475571980704
pdi,pdi_mean,ridge_combined,Ridge: combined,combined,2,987,https://doi.org/10.1038/s41587-019-0247-3,0.1,0.1535994489346395
pdi,pdi_mean,ridge_combined,Ridge: combined,combined,2,988,https://doi.org/10.1038/s41587-019-0247-3,0.1,0.15033795720894935
pdi,pdi_mean,ridge_combined,Ridge: combined,combined,2,989,https://doi.org/10.1038/s41587-019-0247-3,0.2,0.15608755691201032
pdi,pdi_mean,ridge_combined,Ridge: combined,combined,2,990,https://doi.org/10.1038/s41587-019-0247-3,0.2,0.14650925357287314
pdi,pdi_mean,ridge_combined,Ridge: combined,combined,2,991,https://doi.org/10.1038/s41587-019-0247-3,0.1,0.1406137001734027
pdi,pdi_mean,ridge_combined,Ridge: combined,combined,2,992,https://doi.org/10.1038/s41587-019-0247-3,0.2,0.15036187117849525
pdi,pdi_mean,ridge_combined,Ridge: combined,combined,2,1088,https://dx.doi.org/10.1021/acs.nanolett.0c01386,0.05,0.14701525189471445
pdi,pdi_mean,ridge_combined,Ridge: combined,combined,2,1089,https://dx.doi.org/10.1021/acs.nanolett.0c01386,0.08,0.14701525189471445
pdi,pdi_mean,ridge_combined,Ridge: combined,combined,2,1090,https://dx.doi.org/10.1021/acs.nanolett.0c01386,0.07,0.14701525189471445
pdi,pdi_mean,ridge_combined,Ridge: combined,combined,2,1091,https://dx.doi.org/10.1021/acs.nanolett.0c01386,0.1,0.14701525189471445
pdi,pdi_mean,ridge_combined,Ridge: combined,combined,2,1092,https://dx.doi.org/10.1021/acs.nanolett.0c01386,0.12,0.14701525189471445
pdi,pdi_mean,ridge_combined,Ridge: combined,combined,3,2,https://doi.org/10.1038/s41467-024-50619-z,0.14,0.1825817978683773
pdi,pdi_mean,ridge_combined,Ridge: combined,combined,3,3,https://doi.org/10.1038/s41467-024-50619-z,0.14,0.1755569951453765
pdi,pdi_mean,ridge_combined,Ridge: combined,combined,3,4,https://doi.org/10.1038/s41467-024-50619-z,0.09,0.18421396835832898
pdi,pdi_mean,ridge_combined,Ridge: combined,combined,3,5,https://doi.org/10.1038/s41467-024-50619-z,0.17,0.17203944679555
pdi,pdi_mean,ridge_combined,Ridge: combined,combined,3,6,https://doi.org/10.1038/s41467-024-50619-z,0.14,0.18187993020457402
pdi,pdi_mean,ridge_combined,Ridge: combined,combined,3,7,https://doi.org/10.1038/s41467-024-50619-z,0.15,0.17086906664034088
pdi,pdi_mean,ridge_combined,Ridge: combined,combined,3,8,https://doi.org/10.1038/s41467-024-50619-z,0.01,0.18159167051582506
pdi,pdi_mean,ridge_combined,Ridge: combined,combined,3,9,https://doi.org/10.1038/s41467-024-50619-z,0.09,0.18149498537860947
pdi,pdi_mean,ridge_combined,Ridge: combined,combined,3,10,https://doi.org/10.1038/s41467-024-50619-z,0.15,0.17695626762562464
pdi,pdi_mean,ridge_combined,Ridge: combined,combined,3,11,https://doi.org/10.1038/s41467-024-50619-z,0.16,0.17674307538757106
pdi,pdi_mean,ridge_combined,Ridge: combined,combined,3,12,https://doi.org/10.1038/s41467-024-50619-z,0.17,0.17759168960493124
pdi,pdi_mean,ridge_combined,Ridge: combined,combined,3,13,https://doi.org/10.1038/s41467-024-50619-z,0.02,0.17323447810086884
pdi,pdi_mean,ridge_combined,Ridge: combined,combined,3,14,https://doi.org/10.1038/s41467-024-50619-z,0.12,0.17290995685534785
pdi,pdi_mean,ridge_combined,Ridge: combined,combined,3,15,https://doi.org/10.1038/s41467-024-50619-z,0.14,0.17247745571522335
pdi,pdi_mean,ridge_combined,Ridge: combined,combined,3,16,https://doi.org/10.1038/s41467-024-50619-z,0.1,0.1811242999648363
pdi,pdi_mean,ridge_combined,Ridge: combined,combined,3,17,https://doi.org/10.1038/s41467-024-50619-z,0.12,0.1809623810729877
pdi,pdi_mean,ridge_combined,Ridge: combined,combined,3,18,https://doi.org/10.1038/s41467-024-50619-z,0.1,0.18080606943736605
pdi,pdi_mean,ridge_combined,Ridge: combined,combined,3,19,https://doi.org/10.1038/s41467-024-50619-z,0.15,0.17396771301822955
pdi,pdi_mean,ridge_combined,Ridge: combined,combined,3,20,https://doi.org/10.1038/s41467-024-50619-z,0.1,0.17422430096477276
pdi,pdi_mean,ridge_combined,Ridge: combined,combined,3,21,https://doi.org/10.1038/s41467-024-50619-z,0.1,0.17424967088557794
pdi,pdi_mean,ridge_combined,Ridge: combined,combined,3,22,https://doi.org/10.1038/s41467-024-50619-z,0.13,0.17422430096477276
pdi,pdi_mean,ridge_combined,Ridge: combined,combined,3,23,https://doi.org/10.1038/s41467-024-50619-z,0.16,0.1739211734263804
pdi,pdi_mean,ridge_combined,Ridge: combined,combined,3,24,https://doi.org/10.1038/s41467-024-50619-z,0.16,0.17523028636397953
pdi,pdi_mean,ridge_combined,Ridge: combined,combined,3,25,https://doi.org/10.1038/s41467-024-50619-z,0.23,0.18424273502159028
pdi,pdi_mean,ridge_combined,Ridge: combined,combined,3,26,https://doi.org/10.1038/s41467-024-50619-z,0.14,0.1839182137760693
pdi,pdi_mean,ridge_combined,Ridge: combined,combined,3,27,https://doi.org/10.1038/s41467-024-50619-z,0.14,0.1839614797513953
pdi,pdi_mean,ridge_combined,Ridge: combined,combined,3,28,https://doi.org/10.1038/s41467-024-50619-z,0.14,0.18112245091008264
pdi,pdi_mean,ridge_combined,Ridge: combined,combined,3,29,https://doi.org/10.1038/s41467-024-50619-z,0.15,0.18026888076081152
pdi,pdi_mean,ridge_combined,Ridge: combined,combined,3,30,https://doi.org/10.1038/s41467-024-50619-z,0.15,0.1804232526576475
pdi,pdi_mean,ridge_combined,Ridge: combined,combined,3,575,10.1002/jbm.a.37705,0.28,0.19841498960310877
pdi,pdi_mean,ridge_combined,Ridge: combined,combined,3,576,10.1002/jbm.a.37705,0.18,0.19819965356350322
pdi,pdi_mean,ridge_combined,Ridge: combined,combined,3,578,10.1002/jbm.a.37705,0.22,0.19948026033431768
pdi,pdi_mean,ridge_combined,Ridge: combined,combined,3,778,10.1002/btm2.10580,0.168,0.18166036575545436
pdi,pdi_mean,ridge_combined,Ridge: combined,combined,3,779,10.1002/btm2.10580,0.154,0.17752096798465775
pdi,pdi_mean,ridge_combined,Ridge: combined,combined,3,780,10.1002/btm2.10580,0.152,0.15007665803663714
pdi,pdi_mean,ridge_combined,Ridge: combined,combined,3,781,10.1002/btm2.10580,0.153,0.16490627185069479
pdi,pdi_mean,ridge_combined,Ridge: combined,combined,3,782,10.1002/btm2.10580,0.162,0.1606316762268212
pdi,pdi_mean,ridge_combined,Ridge: combined,combined,3,783,10.1002/btm2.10580,0.172,0.14801698009285824
pdi,pdi_mean,ridge_combined,Ridge: combined,combined,3,784,10.1002/btm2.10580,0.166,0.16267542985633218
pdi,pdi_mean,ridge_combined,Ridge: combined,combined,3,785,10.1002/btm2.10580,0.174,0.148725677088277
pdi,pdi_mean,ridge_combined,Ridge: combined,combined,3,913,https://doi.org/10.1038/s41434-022-00370-1,0.004,0.17002792255916468
pdi,pdi_mean,ridge_combined,Ridge: combined,combined,3,914,https://doi.org/10.1038/s41434-022-00370-1,0.011,0.16490627185069479
pdi,pdi_mean,ridge_combined,Ridge: combined,combined,3,915,https://doi.org/10.1038/s41434-022-00370-1,0.017,0.16093326155618198
pdi,pdi_mean,ridge_combined,Ridge: combined,combined,3,1021,10.1073/pnas.1209367109,0.09,0.14707738241255167
pdi,pdi_mean,ridge_combined,Ridge: combined,combined,4,198,10.1002/adma.201606944,0.197,0.08102996563224028
pdi,pdi_mean,ridge_combined,Ridge: combined,combined,4,199,10.1002/adma.201606944,0.197,0.08102996563224028
pdi,pdi_mean,ridge_combined,Ridge: combined,combined,4,509,https://doi.org/10.34133/bmr.0017,0.106,0.1325342254306758
pdi,pdi_mean,ridge_combined,Ridge: combined,combined,4,510,https://doi.org/10.34133/bmr.0017,0.079,0.1325342254306758
pdi,pdi_mean,ridge_combined,Ridge: combined,combined,4,511,https://doi.org/10.34133/bmr.0017,0.077,0.12083237686360282
pdi,pdi_mean,ridge_combined,Ridge: combined,combined,4,512,https://doi.org/10.34133/bmr.0017,0.11,0.12083237686360282
pdi,pdi_mean,ridge_combined,Ridge: combined,combined,4,513,https://doi.org/10.34133/bmr.0017,0.074,0.12159231218548192
pdi,pdi_mean,ridge_combined,Ridge: combined,combined,4,635,10.1021/jacs.2c12893,0.11,0.19823403320532587
pdi,pdi_mean,ridge_combined,Ridge: combined,combined,4,636,10.1021/jacs.2c12893,0.09,0.12520283453588124
pdi,pdi_mean,ridge_combined,Ridge: combined,combined,4,641,https://doi.org/10.1016/j.jpha.2024.100996,0.12,0.11766425954144186
pdi,pdi_mean,ridge_combined,Ridge: combined,combined,4,642,https://doi.org/10.1016/j.jpha.2024.100996,0.107,0.11865180542452619
pdi,pdi_mean,ridge_combined,Ridge: combined,combined,4,643,https://doi.org/10.1016/j.jpha.2024.100996,0.071,0.12059985328592249
pdi,pdi_mean,ridge_combined,Ridge: combined,combined,4,644,https://doi.org/10.1016/j.jpha.2024.100996,0.069,0.12074761089399882
pdi,pdi_mean,ridge_combined,Ridge: combined,combined,4,645,https://doi.org/10.1016/j.jpha.2024.100996,0.099,0.12059985328592249
pdi,pdi_mean,ridge_combined,Ridge: combined,combined,4,646,https://doi.org/10.1016/j.jpha.2024.100996,0.212,0.13347461827815893
pdi,pdi_mean,ridge_combined,Ridge: combined,combined,4,647,https://doi.org/10.1016/j.jpha.2024.100996,0.208,0.13362237588623527
pdi,pdi_mean,ridge_combined,Ridge: combined,combined,4,648,https://doi.org/10.1016/j.jpha.2024.100996,0.178,0.13347461827815893
pdi,pdi_mean,ridge_combined,Ridge: combined,combined,4,649,https://doi.org/10.1016/j.jpha.2024.100996,0.258,0.13362237588623527
pdi,pdi_mean,ridge_combined,Ridge: combined,combined,4,650,https://doi.org/10.1016/j.jpha.2024.100996,0.222,0.13152657041676266
pdi,pdi_mean,ridge_combined,Ridge: combined,combined,4,651,https://doi.org/10.1016/j.jpha.2024.100996,0.233,0.13251195750311154
pdi,pdi_mean,ridge_combined,Ridge: combined,combined,4,652,https://doi.org/10.1016/j.jpha.2024.100996,0.087,0.12007826461326754
pdi,pdi_mean,ridge_combined,Ridge: combined,combined,4,653,https://doi.org/10.1016/j.jpha.2024.100996,0.073,0.12106581049635187
pdi,pdi_mean,ridge_combined,Ridge: combined,combined,4,654,https://doi.org/10.1016/j.jpha.2024.100996,0.067,0.12316161596582449
pdi,pdi_mean,ridge_combined,Ridge: combined,combined,4,655,https://doi.org/10.1016/j.jpha.2024.100996,0.203,0.12205119758270075
pdi,pdi_mean,ridge_combined,Ridge: combined,combined,4,656,https://doi.org/10.1016/j.jpha.2024.100996,0.211,0.12205119758270075
pdi,pdi_mean,ridge_combined,Ridge: combined,combined,4,657,https://doi.org/10.1016/j.jpha.2024.100996,0.198,0.12301385835774815
pdi,pdi_mean,ridge_combined,Ridge: combined,combined,4,658,https://doi.org/10.1016/j.jpha.2024.100996,0.32,0.1250550769278049
pdi,pdi_mean,ridge_combined,Ridge: combined,combined,4,659,https://doi.org/10.1016/j.jpha.2024.100996,0.374,0.12409241615275751
pdi,pdi_mean,ridge_combined,Ridge: combined,combined,4,660,https://doi.org/10.1016/j.jpha.2024.100996,0.331,0.12409241615275751
pdi,pdi_mean,ridge_combined,Ridge: combined,combined,4,661,https://doi.org/10.1016/j.jpha.2024.100996,0.149,0.12310702906640862
pdi,pdi_mean,ridge_combined,Ridge: combined,combined,4,662,https://doi.org/10.1016/j.jpha.2024.100996,0.156,0.1250550769278049
pdi,pdi_mean,ridge_combined,Ridge: combined,combined,4,663,https://doi.org/10.1016/j.jpha.2024.100996,0.146,0.12077640248692723
pdi,pdi_mean,ridge_combined,Ridge: combined,combined,4,664,https://doi.org/10.1016/j.jpha.2024.100996,0.09,0.12520283453588124
pdi,pdi_mean,ridge_combined,Ridge: combined,combined,4,1005,10.1002/smll.201805097,0.106,0.12127128574738189
pdi,pdi_mean,ridge_combined,Ridge: combined,combined,4,1006,10.1002/smll.201805097,0.129,0.12324144276712867
pdi,pdi_mean,ridge_combined,Ridge: combined,combined,4,1007,10.1002/smll.201805097,0.135,0.1113681519987963
pdi,pdi_mean,ridge_combined,Ridge: combined,combined,4,1008,10.1002/smll.201805097,0.138,0.11779262414480701
pdi,pdi_mean,ridge_combined,Ridge: combined,combined,4,1009,10.1002/smll.201805097,0.141,0.10820837667500223
pdi,pdi_mean,ridge_combined,Ridge: combined,combined,4,1010,10.1002/smll.201805097,0.117,0.10509681228882656
pdi,pdi_mean,ridge_combined,Ridge: combined,combined,4,1011,10.1002/smll.201805097,0.19,0.10260351759243978
pdi,pdi_mean,ridge_combined,Ridge: combined,combined,4,1012,10.1002/smll.201805097,0.127,0.09898572301939103
pdi,pdi_mean,ridge_combined,Ridge: combined,combined,4,1013,10.1002/smll.201805097,0.216,0.09597424725582022
pdi,pdi_mean,ridge_combined,Ridge: combined,combined,4,1014,10.1002/smll.201805097,0.17,0.09001819546078119
pdi,pdi_mean,ridge_combined,Ridge: combined,combined,4,1015,10.1002/smll.201805097,0.324,0.08413173899144592
pdi,pdi_mean,ridge_combined,Ridge: combined,combined,5,109,10.1021/acs.nanolett.5b02497,0.147,0.15437234656341273
pdi,pdi_mean,ridge_combined,Ridge: combined,combined,5,110,10.1021/acs.nanolett.5b02497,0.221,0.15466702980943722
pdi,pdi_mean,ridge_combined,Ridge: combined,combined,5,113,https://doi.org/10.1016/j.ymthe.2018.03.010,0.14,0.1562409650594585
pdi,pdi_mean,ridge_combined,Ridge: combined,combined,5,114,https://doi.org/10.1016/j.ymthe.2018.03.010,0.14,0.1481293904499714
pdi,pdi_mean,ridge_combined,Ridge: combined,combined,5,115,https://doi.org/10.1016/j.ymthe.2018.03.010,0.11,0.1508103431458748
pdi,pdi_mean,ridge_combined,Ridge: combined,combined,5,116,https://doi.org/10.1016/j.ymthe.2018.03.010,0.07,0.15154471748700593
pdi,pdi_mean,ridge_combined,Ridge: combined,combined,5,117,https://doi.org/10.1016/j.ymthe.2018.03.010,0.04,0.1475109406075732
pdi,pdi_mean,ridge_combined,Ridge: combined,combined,5,118,https://doi.org/10.1016/j.ymthe.2018.03.010,0.11,0.1500675119123059
pdi,pdi_mean,ridge_combined,Ridge: combined,combined,5,119,https://doi.org/10.1016/j.ymthe.2018.03.010,0.15,0.1430483179328853
pdi,pdi_mean,ridge_combined,Ridge: combined,combined,5,120,https://doi.org/10.1016/j.ymthe.2018.03.010,0.1,0.14822156237073908
pdi,pdi_mean,ridge_combined,Ridge: combined,combined,5,121,https://doi.org/10.1016/j.ymthe.2018.03.010,0.16,0.14890168400212248
pdi,pdi_mean,ridge_combined,Ridge: combined,combined,5,122,https://doi.org/10.1016/j.ymthe.2018.03.010,0.14,0.14755790791997478
pdi,pdi_mean,ridge_combined,Ridge: combined,combined,5,123,https://doi.org/10.1016/j.ymthe.2018.03.010,0.11,0.1545513191472257
pdi,pdi_mean,ridge_combined,Ridge: combined,combined,5,450,10.1016/j.jconrel.2019.10.028,0.198,0.16365916435384936
pdi,pdi_mean,ridge_combined,Ridge: combined,combined,5,451,10.1016/j.jconrel.2019.10.028,0.226,0.1893666446991255
pdi,pdi_mean,ridge_combined,Ridge: combined,combined,5,452,10.1016/j.jconrel.2019.10.028,0.224,0.1950265803733539
pdi,pdi_mean,ridge_combined,Ridge: combined,combined,5,453,10.1016/j.jconrel.2019.10.028,0.202,0.19538858074542076
pdi,pdi_mean,ridge_combined,Ridge: combined,combined,5,454,10.1016/j.jconrel.2019.10.028,0.226,0.18958323303174102
pdi,pdi_mean,ridge_combined,Ridge: combined,combined,5,455,10.1016/j.jconrel.2019.10.028,0.221,0.18696263135066551
pdi,pdi_mean,ridge_combined,Ridge: combined,combined,5,456,10.1016/j.jconrel.2019.10.028,0.212,0.18675017528675
pdi,pdi_mean,ridge_combined,Ridge: combined,combined,5,457,10.1016/j.jconrel.2019.10.028,0.205,0.17886959189043694
pdi,pdi_mean,ridge_combined,Ridge: combined,combined,5,458,10.1016/j.jconrel.2019.10.028,0.174,0.17919499185300997
pdi,pdi_mean,ridge_combined,Ridge: combined,combined,5,459,10.1016/j.jconrel.2019.10.028,0.208,0.18476454019730928
pdi,pdi_mean,ridge_combined,Ridge: combined,combined,5,460,10.1016/j.jconrel.2019.10.028,0.203,0.18146739012664098
pdi,pdi_mean,ridge_combined,Ridge: combined,combined,5,461,10.1016/j.jconrel.2019.10.028,0.224,0.18146739012664098
pdi,pdi_mean,ridge_combined,Ridge: combined,combined,5,462,10.1016/j.jconrel.2019.10.028,0.204,0.18146739012664098
pdi,pdi_mean,ridge_combined,Ridge: combined,combined,5,463,10.1016/j.jconrel.2019.10.028,0.214,0.18146739012664098
pdi,pdi_mean,ridge_combined,Ridge: combined,combined,5,464,10.1016/j.jconrel.2019.10.028,0.233,0.18146739012664098
pdi,pdi_mean,ridge_combined,Ridge: combined,combined,5,465,10.1016/j.jconrel.2019.10.028,0.223,0.18146739012664098
pdi,pdi_mean,ridge_combined,Ridge: combined,combined,5,863,https://doi.org/10.1016/j.jconrel.2025.01.071,0.2,0.14792757885488997
pdi,pdi_mean,ridge_combined,Ridge: combined,combined,5,864,https://doi.org/10.1016/j.jconrel.2025.01.071,0.2,0.14792757885488997
pdi,pdi_mean,ridge_combined,Ridge: combined,combined,5,865,https://doi.org/10.1016/j.jconrel.2025.01.071,0.2,0.14792757885488997
pdi,pdi_mean,ridge_combined,Ridge: combined,combined,5,866,https://doi.org/10.1016/j.jconrel.2025.01.071,0.2,0.14792757885488997
pdi,pdi_mean,ridge_combined,Ridge: combined,combined,5,885,https://doi.org/10.1021/acs.nanolett.1c01353,0.0985,0.18146739012664098
pdi,pdi_mean,ridge_combined,Ridge: combined,combined,5,932,https://doi.org/10.1248/cpb.c24-00089,0.22,0.16627949354560825
pdi,pdi_mean,ridge_combined,Ridge: combined,combined,5,933,https://doi.org/10.1248/cpb.c24-00089,0.121,0.16627949354560825
pdi,pdi_mean,ridge_combined,Ridge: combined,combined,5,934,https://doi.org/10.1248/cpb.c24-00089,0.081,0.16627949354560825
pdi,pdi_mean,ridge_combined,Ridge: combined,combined,5,935,https://doi.org/10.1248/cpb.c24-00089,0.058,0.16627949354560825
pdi,pdi_mean,ridge_combined,Ridge: combined,combined,5,936,https://doi.org/10.1248/cpb.c24-00089,0.072,0.16627949354560825
pdi,pdi_mean,ridge_combined,Ridge: combined,combined,5,937,https://doi.org/10.1248/cpb.c24-00089,0.109,0.16627949354560825
pdi,pdi_mean,ridge_combined,Ridge: combined,combined,5,938,https://doi.org/10.1248/cpb.c24-00089,0.053,0.16627949354560825
pdi,pdi_mean,ridge_combined,Ridge: combined,combined,5,939,https://doi.org/10.1248/cpb.c24-00089,0.057,0.16627949354560825
pdi,pdi_mean,ridge_combined,Ridge: combined,combined,5,940,https://doi.org/10.1248/cpb.c24-00089,0.062,0.16627949354560825
pdi,pdi_mean,rf_combined,RF: combined,combined,1,202,https://doi.org/10.1038/s41467-024-45422-9,0.4,0.14834142925685437
pdi,pdi_mean,rf_combined,RF: combined,combined,1,203,https://doi.org/10.1038/s41467-024-45422-9,0.35,0.14768912449494956
pdi,pdi_mean,rf_combined,RF: combined,combined,1,204,https://doi.org/10.1038/s41467-024-45422-9,0.29,0.14807889116161624
pdi,pdi_mean,rf_combined,RF: combined,combined,1,205,https://doi.org/10.1038/s41467-024-45422-9,0.29,0.14726583392718393
pdi,pdi_mean,rf_combined,RF: combined,combined,1,206,https://doi.org/10.1038/s41467-024-45422-9,0.34,0.14740789116161618
pdi,pdi_mean,rf_combined,RF: combined,combined,1,207,https://doi.org/10.1038/s41467-024-45422-9,0.31,0.14740789116161618
pdi,pdi_mean,rf_combined,RF: combined,combined,1,208,https://doi.org/10.1038/s41467-024-45422-9,0.25,0.14834142925685437
pdi,pdi_mean,rf_combined,RF: combined,combined,1,209,https://doi.org/10.1038/s41467-024-45422-9,0.41,0.14768912449494956
pdi,pdi_mean,rf_combined,RF: combined,combined,1,210,https://doi.org/10.1038/s41467-024-45422-9,0.21,0.14807889116161624
pdi,pdi_mean,rf_combined,RF: combined,combined,1,211,https://doi.org/10.1038/s41467-024-45422-9,0.4,0.14726583392718393
pdi,pdi_mean,rf_combined,RF: combined,combined,1,212,https://doi.org/10.1038/s41467-024-45422-9,0.15,0.14740789116161618
pdi,pdi_mean,rf_combined,RF: combined,combined,1,213,https://doi.org/10.1038/s41467-024-45422-9,0.22,0.14740789116161618
pdi,pdi_mean,rf_combined,RF: combined,combined,1,214,https://doi.org/10.1038/s41467-024-45422-9,0.21,0.14834142925685437
pdi,pdi_mean,rf_combined,RF: combined,combined,1,215,https://doi.org/10.1038/s41467-024-45422-9,0.24,0.14768912449494956
pdi,pdi_mean,rf_combined,RF: combined,combined,1,216,https://doi.org/10.1038/s41467-024-45422-9,0.31,0.14807889116161624
pdi,pdi_mean,rf_combined,RF: combined,combined,1,217,https://doi.org/10.1038/s41467-024-45422-9,0.25,0.14726583392718393
pdi,pdi_mean,rf_combined,RF: combined,combined,1,218,https://doi.org/10.1038/s41467-024-45422-9,0.27,0.14740789116161618
pdi,pdi_mean,rf_combined,RF: combined,combined,1,219,https://doi.org/10.1038/s41467-024-45422-9,0.21,0.14740789116161618
pdi,pdi_mean,rf_combined,RF: combined,combined,1,220,https://doi.org/10.1038/s41467-024-45422-9,0.23,0.14834142925685437
pdi,pdi_mean,rf_combined,RF: combined,combined,1,221,https://doi.org/10.1038/s41467-024-45422-9,0.21,0.14768912449494956
pdi,pdi_mean,rf_combined,RF: combined,combined,1,222,https://doi.org/10.1038/s41467-024-45422-9,0.27,0.14807889116161624
pdi,pdi_mean,rf_combined,RF: combined,combined,1,223,https://doi.org/10.1038/s41467-024-45422-9,0.22,0.1471457469706622
pdi,pdi_mean,rf_combined,RF: combined,combined,1,224,https://doi.org/10.1038/s41467-024-45422-9,0.25,0.14740789116161618
pdi,pdi_mean,rf_combined,RF: combined,combined,1,225,https://doi.org/10.1038/s41467-024-45422-9,0.23,0.14740789116161618
pdi,pdi_mean,rf_combined,RF: combined,combined,1,227,https://doi.org/10.1038/s41467-024-45422-9,0.18,0.14834142925685437
pdi,pdi_mean,rf_combined,RF: combined,combined,1,228,https://doi.org/10.1038/s41467-024-45422-9,0.26,0.14768912449494956
pdi,pdi_mean,rf_combined,RF: combined,combined,1,229,https://doi.org/10.1038/s41467-024-45422-9,0.2,0.1479588042050945
pdi,pdi_mean,rf_combined,RF: combined,combined,1,230,https://doi.org/10.1038/s41467-024-45422-9,0.23,0.14554122848326723
pdi,pdi_mean,rf_combined,RF: combined,combined,1,231,https://doi.org/10.1038/s41467-024-45422-9,0.18,0.14738180420509442
pdi,pdi_mean,rf_combined,RF: combined,combined,1,232,https://doi.org/10.1038/s41467-024-45422-9,0.14,0.14738180420509442
pdi,pdi_mean,rf_combined,RF: combined,combined,1,233,https://doi.org/10.1038/s41467-024-45422-9,0.23,0.14834142925685437
pdi,pdi_mean,rf_combined,RF: combined,combined,1,234,https://doi.org/10.1038/s41467-024-45422-9,0.19,0.14571861905103284
pdi,pdi_mean,rf_combined,RF: combined,combined,1,235,https://doi.org/10.1038/s41467-024-45422-9,0.17,0.14682411905103282
pdi,pdi_mean,rf_combined,RF: combined,combined,1,236,https://doi.org/10.1038/s41467-024-45422-9,0.1,0.1454845618166006
pdi,pdi_mean,rf_combined,RF: combined,combined,1,237,https://doi.org/10.1038/s41467-024-45422-9,0.18,0.1458547190510328
pdi,pdi_mean,rf_combined,RF: combined,combined,1,238,https://doi.org/10.1038/s41467-024-45422-9,0.16,0.1458547190510328
pdi,pdi_mean,rf_combined,RF: combined,combined,1,239,https://doi.org/10.1038/s41467-024-45422-9,0.19,0.14732661486291493
pdi,pdi_mean,rf_combined,RF: combined,combined,1,240,https://doi.org/10.1038/s41467-024-45422-9,0.13,0.14741322314448838
pdi,pdi_mean,rf_combined,RF: combined,combined,1,241,https://doi.org/10.1038/s41467-024-45422-9,0.14,0.14677068981115507
pdi,pdi_mean,rf_combined,RF: combined,combined,1,242,https://doi.org/10.1038/s41467-024-45422-9,0.22,0.14478466441432974
pdi,pdi_mean,rf_combined,RF: combined,combined,1,243,https://doi.org/10.1038/s41467-024-45422-9,0.12,0.14645010409686934
pdi,pdi_mean,rf_combined,RF: combined,combined,1,244,https://doi.org/10.1038/s41467-024-45422-9,0.16,0.14645010409686934
pdi,pdi_mean,rf_combined,RF: combined,combined,1,245,https://doi.org/10.1038/s41467-024-45422-9,0.15,0.1473005279063932
pdi,pdi_mean,rf_combined,RF: combined,combined,1,246,https://doi.org/10.1038/s41467-024-45422-9,0.16,0.14647473108099635
pdi,pdi_mean,rf_combined,RF: combined,combined,1,247,https://doi.org/10.1038/s41467-024-45422-9,0.16,0.14375035613275627
pdi,pdi_mean,rf_combined,RF: combined,combined,1,248,https://doi.org/10.1038/s41467-024-45422-9,0.1,0.1376385338935575
pdi,pdi_mean,rf_combined,RF: combined,combined,1,249,https://doi.org/10.1038/s41467-024-45422-9,0.14,0.14114222597402612
pdi,pdi_mean,rf_combined,RF: combined,combined,1,250,https://doi.org/10.1038/s41467-024-45422-9,0.14,0.14114222597402612
pdi,pdi_mean,rf_combined,RF: combined,combined,1,251,https://doi.org/10.1038/s41467-024-45422-9,0.26,0.1473005279063932
pdi,pdi_mean,rf_combined,RF: combined,combined,1,252,https://doi.org/10.1038/s41467-024-45422-9,0.19,0.14647473108099635
pdi,pdi_mean,rf_combined,RF: combined,combined,1,253,https://doi.org/10.1038/s41467-024-45422-9,0.23,0.14375035613275627
pdi,pdi_mean,rf_combined,RF: combined,combined,1,254,https://doi.org/10.1038/s41467-024-45422-9,0.1,0.1376385338935575
pdi,pdi_mean,rf_combined,RF: combined,combined,1,255,https://doi.org/10.1038/s41467-024-45422-9,0.13,0.14114222597402612
pdi,pdi_mean,rf_combined,RF: combined,combined,1,256,https://doi.org/10.1038/s41467-024-45422-9,0.21,0.14114222597402612
pdi,pdi_mean,rf_combined,RF: combined,combined,1,257,https://doi.org/10.1038/s41467-024-45422-9,0.16,0.14724590885877412
pdi,pdi_mean,rf_combined,RF: combined,combined,1,258,https://doi.org/10.1038/s41467-024-45422-9,0.25,0.13355221008403376
pdi,pdi_mean,rf_combined,RF: combined,combined,1,259,https://doi.org/10.1038/s41467-024-45422-9,0.25,0.13801101904761923
pdi,pdi_mean,rf_combined,RF: combined,combined,1,260,https://doi.org/10.1038/s41467-024-45422-9,0.16,0.1401850060075546
pdi,pdi_mean,rf_combined,RF: combined,combined,1,261,https://doi.org/10.1038/s41467-024-45422-9,0.2,0.14643165294117663
pdi,pdi_mean,rf_combined,RF: combined,combined,1,262,https://doi.org/10.1038/s41467-024-45422-9,0.25,0.14643165294117663
pdi,pdi_mean,rf_combined,RF: combined,combined,1,263,https://doi.org/10.1038/s41467-024-45422-9,0.22,0.1366933469277456
pdi,pdi_mean,rf_combined,RF: combined,combined,1,264,https://doi.org/10.1038/s41467-024-45422-9,0.18,0.13629366630003964
pdi,pdi_mean,rf_combined,RF: combined,combined,1,265,https://doi.org/10.1038/s41467-024-45422-9,0.22,0.13540085786435774
pdi,pdi_mean,rf_combined,RF: combined,combined,1,266,https://doi.org/10.1038/s41467-024-45422-9,0.12,0.13648018616628463
pdi,pdi_mean,rf_combined,RF: combined,combined,1,267,https://doi.org/10.1038/s41467-024-45422-9,0.12,0.13666608253380597
pdi,pdi_mean,rf_combined,RF: combined,combined,1,268,https://doi.org/10.1038/s41467-024-45422-9,0.13,0.13687320753380594
pdi,pdi_mean,rf_combined,RF: combined,combined,1,269,https://doi.org/10.1038/s41467-024-45422-9,0.08,0.1484897863997115
pdi,pdi_mean,rf_combined,RF: combined,combined,1,270,https://doi.org/10.1038/s41467-024-45422-9,0.18,0.14783748163780672
pdi,pdi_mean,rf_combined,RF: combined,combined,1,271,https://doi.org/10.1038/s41467-024-45422-9,0.07,0.14810489116161624
pdi,pdi_mean,rf_combined,RF: combined,combined,1,272,https://doi.org/10.1038/s41467-024-45422-9,0.1,0.14774421487956493
pdi,pdi_mean,rf_combined,RF: combined,combined,1,273,https://doi.org/10.1038/s41467-024-45422-9,0.12,0.14755624830447334
pdi,pdi_mean,rf_combined,RF: combined,combined,1,274,https://doi.org/10.1038/s41467-024-45422-9,0.11,0.14755624830447334
pdi,pdi_mean,rf_combined,RF: combined,combined,1,275,https://doi.org/10.1038/s41467-024-45422-9,0.18,0.1484897863997115
pdi,pdi_mean,rf_combined,RF: combined,combined,1,276,https://doi.org/10.1038/s41467-024-45422-9,0.23,0.14770152449494955
pdi,pdi_mean,rf_combined,RF: combined,combined,1,277,https://doi.org/10.1038/s41467-024-45422-9,0.13,0.14803721286310315
pdi,pdi_mean,rf_combined,RF: combined,combined,1,278,https://doi.org/10.1038/s41467-024-45422-9,0.09,0.1478498816378067
pdi,pdi_mean,rf_combined,RF: combined,combined,1,279,https://doi.org/10.1038/s41467-024-45422-9,0.29,0.14179021204823178
pdi,pdi_mean,rf_combined,RF: combined,combined,1,280,https://doi.org/10.1038/s41467-024-45422-9,0.25,0.14179021204823178
pdi,pdi_mean,rf_combined,RF: combined,combined,1,281,https://doi.org/10.1038/s41467-024-45422-9,0.24,0.14770152449494955
pdi,pdi_mean,rf_combined,RF: combined,combined,1,282,https://doi.org/10.1038/s41467-024-45422-9,0.21,0.14770152449494955
pdi,pdi_mean,rf_combined,RF: combined,combined,1,283,https://doi.org/10.1038/s41467-024-45422-9,0.16,0.1462799904796043
pdi,pdi_mean,rf_combined,RF: combined,combined,1,284,https://doi.org/10.1038/s41467-024-45422-9,0.15,0.13781651845293819
pdi,pdi_mean,rf_combined,RF: combined,combined,1,285,https://doi.org/10.1038/s41467-024-45422-9,0.26,0.1452399372328511
pdi,pdi_mean,rf_combined,RF: combined,combined,1,286,https://doi.org/10.1038/s41467-024-45422-9,0.3,0.14736419437570814
pdi,pdi_mean,rf_combined,RF: combined,combined,1,288,https://doi.org/10.1038/s41467-024-45422-9,0.23,0.14619698981115506
pdi,pdi_mean,rf_combined,RF: combined,combined,1,289,https://doi.org/10.1038/s41467-024-45422-9,0.16,0.13459025207537573
pdi,pdi_mean,rf_combined,RF: combined,combined,1,290,https://doi.org/10.1038/s41467-024-45422-9,0.19,0.1343187613660851
pdi,pdi_mean,rf_combined,RF: combined,combined,1,291,https://doi.org/10.1038/s41467-024-45422-9,0.24,0.13963417049062044
pdi,pdi_mean,rf_combined,RF: combined,combined,1,292,https://doi.org/10.1038/s41467-024-45422-9,0.22,0.14093885613275633
pdi,pdi_mean,rf_combined,RF: combined,combined,1,293,https://doi.org/10.1038/s41467-024-45422-9,0.27,0.13643751017316003
pdi,pdi_mean,rf_combined,RF: combined,combined,1,294,https://doi.org/10.1038/s41467-024-45422-9,0.21,0.1357734672268909
pdi,pdi_mean,rf_combined,RF: combined,combined,1,295,https://doi.org/10.1038/s41467-024-45422-9,0.13,0.1353882830277564
pdi,pdi_mean,rf_combined,RF: combined,combined,1,296,https://doi.org/10.1038/s41467-024-45422-9,0.16,0.1357943421547405
pdi,pdi_mean,rf_combined,RF: combined,combined,1,297,https://doi.org/10.1038/s41467-024-45422-9,0.25,0.13293355796670633
pdi,pdi_mean,rf_combined,RF: combined,combined,1,298,https://doi.org/10.1038/s41467-024-45422-9,0.16,0.13994963144045486
pdi,pdi_mean,rf_combined,RF: combined,combined,2,444,10.1002/anie.201809056,0.055,0.19894282150904694
pdi,pdi_mean,rf_combined,RF: combined,combined,2,446,10.1002/anie.201809056,0.041,0.20071521876179407
pdi,pdi_mean,rf_combined,RF: combined,combined,2,756,https://doi.org/10.1016/j.ijpharm.2023.123050,0.02,0.17397050537240555
pdi,pdi_mean,rf_combined,RF: combined,combined,2,763,https://doi.org/10.1016/j.ijpharm.2023.123050,0.1,0.17397050537240555
pdi,pdi_mean,rf_combined,RF: combined,combined,2,773,https://doi.org/10.1016/j.ijpharm.2023.123050,0.05,0.1814787098585755
pdi,pdi_mean,rf_combined,RF: combined,combined,2,959,https://doi.org/10.1038/s41587-019-0247-3,0.2,0.1302024370795871
pdi,pdi_mean,rf_combined,RF: combined,combined,2,960,https://doi.org/10.1038/s41587-019-0247-3,0.1,0.15729888686868693
pdi,pdi_mean,rf_combined,RF: combined,combined,2,961,https://doi.org/10.1038/s41587-019-0247-3,0.2,0.15593584631479643
pdi,pdi_mean,rf_combined,RF: combined,combined,2,962,https://doi.org/10.1038/s41587-019-0247-3,0.2,0.17810286349206358
pdi,pdi_mean,rf_combined,RF: combined,combined,2,963,https://doi.org/10.1038/s41587-019-0247-3,0.3,0.15593584631479643
pdi,pdi_mean,rf_combined,RF: combined,combined,2,964,https://doi.org/10.1038/s41587-019-0247-3,0.3,0.12004922835759016
pdi,pdi_mean,rf_combined,RF: combined,combined,2,965,https://doi.org/10.1038/s41587-019-0247-3,0.2,0.1506708129896249
pdi,pdi_mean,rf_combined,RF: combined,combined,2,966,https://doi.org/10.1038/s41587-019-0247-3,0.2,0.16290958730158728
pdi,pdi_mean,rf_combined,RF: combined,combined,2,967,https://doi.org/10.1038/s41587-019-0247-3,0.3,0.15593584631479643
pdi,pdi_mean,rf_combined,RF: combined,combined,2,968,https://doi.org/10.1038/s41587-019-0247-3,0.2,0.15593584631479643
pdi,pdi_mean,rf_combined,RF: combined,combined,2,969,https://doi.org/10.1038/s41587-019-0247-3,0.2,0.16295825396825392
pdi,pdi_mean,rf_combined,RF: combined,combined,2,970,https://doi.org/10.1038/s41587-019-0247-3,0.2,0.15593584631479643
pdi,pdi_mean,rf_combined,RF: combined,combined,2,971,https://doi.org/10.1038/s41587-019-0247-3,0.2,0.1145359209982827
pdi,pdi_mean,rf_combined,RF: combined,combined,2,972,https://doi.org/10.1038/s41587-019-0247-3,0.2,0.19596833571428576
pdi,pdi_mean,rf_combined,RF: combined,combined,2,973,https://doi.org/10.1038/s41587-019-0247-3,0.2,0.15593584631479643
pdi,pdi_mean,rf_combined,RF: combined,combined,2,974,https://doi.org/10.1038/s41587-019-0247-3,0.1,0.1323083565656566
pdi,pdi_mean,rf_combined,RF: combined,combined,2,975,https://doi.org/10.1038/s41587-019-0247-3,0.3,0.1187380378813997
pdi,pdi_mean,rf_combined,RF: combined,combined,2,976,https://doi.org/10.1038/s41587-019-0247-3,0.2,0.15593584631479643
pdi,pdi_mean,rf_combined,RF: combined,combined,2,977,https://doi.org/10.1038/s41587-019-0247-3,0.2,0.11524619474414466
pdi,pdi_mean,rf_combined,RF: combined,combined,2,978,https://doi.org/10.1038/s41587-019-0247-3,0.3,0.17952652777777783
pdi,pdi_mean,rf_combined,RF: combined,combined,2,979,https://doi.org/10.1038/s41587-019-0247-3,0.1,0.15536881947496964
pdi,pdi_mean,rf_combined,RF: combined,combined,2,980,https://doi.org/10.1038/s41587-019-0247-3,0.1,0.14325093543678552
pdi,pdi_mean,rf_combined,RF: combined,combined,2,981,https://doi.org/10.1038/s41587-019-0247-3,0.2,0.12771307979242974
pdi,pdi_mean,rf_combined,RF: combined,combined,2,982,https://doi.org/10.1038/s41587-019-0247-3,0.3,0.17976232777777784
pdi,pdi_mean,rf_combined,RF: combined,combined,2,983,https://doi.org/10.1038/s41587-019-0247-3,0.2,0.12771307979242974
pdi,pdi_mean,rf_combined,RF: combined,combined,2,984,https://doi.org/10.1038/s41587-019-0247-3,0.1,0.12771307979242974
pdi,pdi_mean,rf_combined,RF: combined,combined,2,985,https://doi.org/10.1038/s41587-019-0247-3,0.2,0.15729888686868693
pdi,pdi_mean,rf_combined,RF: combined,combined,2,986,https://doi.org/10.1038/s41587-019-0247-3,0.2,0.1573115186147187
pdi,pdi_mean,rf_combined,RF: combined,combined,2,987,https://doi.org/10.1038/s41587-019-0247-3,0.1,0.12873209840714836
pdi,pdi_mean,rf_combined,RF: combined,combined,2,988,https://doi.org/10.1038/s41587-019-0247-3,0.1,0.22841377063492077
pdi,pdi_mean,rf_combined,RF: combined,combined,2,989,https://doi.org/10.1038/s41587-019-0247-3,0.2,0.15264761471861477
pdi,pdi_mean,rf_combined,RF: combined,combined,2,990,https://doi.org/10.1038/s41587-019-0247-3,0.2,0.1302024370795871
pdi,pdi_mean,rf_combined,RF: combined,combined,2,991,https://doi.org/10.1038/s41587-019-0247-3,0.1,0.11697255656826827
pdi,pdi_mean,rf_combined,RF: combined,combined,2,992,https://doi.org/10.1038/s41587-019-0247-3,0.2,0.13088235598290598
pdi,pdi_mean,rf_combined,RF: combined,combined,2,1088,https://dx.doi.org/10.1021/acs.nanolett.0c01386,0.05,0.14783351183261176
pdi,pdi_mean,rf_combined,RF: combined,combined,2,1089,https://dx.doi.org/10.1021/acs.nanolett.0c01386,0.08,0.14783351183261176
pdi,pdi_mean,rf_combined,RF: combined,combined,2,1090,https://dx.doi.org/10.1021/acs.nanolett.0c01386,0.07,0.14783351183261176
pdi,pdi_mean,rf_combined,RF: combined,combined,2,1091,https://dx.doi.org/10.1021/acs.nanolett.0c01386,0.1,0.14783351183261176
pdi,pdi_mean,rf_combined,RF: combined,combined,2,1092,https://dx.doi.org/10.1021/acs.nanolett.0c01386,0.12,0.14783351183261176
pdi,pdi_mean,rf_combined,RF: combined,combined,3,2,https://doi.org/10.1038/s41467-024-50619-z,0.14,0.19300277582972575
pdi,pdi_mean,rf_combined,RF: combined,combined,3,3,https://doi.org/10.1038/s41467-024-50619-z,0.14,0.17620112882395378
pdi,pdi_mean,rf_combined,RF: combined,combined,3,4,https://doi.org/10.1038/s41467-024-50619-z,0.09,0.1839933480047729
pdi,pdi_mean,rf_combined,RF: combined,combined,3,5,https://doi.org/10.1038/s41467-024-50619-z,0.17,0.17391796945187163
pdi,pdi_mean,rf_combined,RF: combined,combined,3,6,https://doi.org/10.1038/s41467-024-50619-z,0.14,0.19232751922921854
pdi,pdi_mean,rf_combined,RF: combined,combined,3,7,https://doi.org/10.1038/s41467-024-50619-z,0.15,0.16565241415096324
pdi,pdi_mean,rf_combined,RF: combined,combined,3,8,https://doi.org/10.1038/s41467-024-50619-z,0.01,0.1654163503607502
pdi,pdi_mean,rf_combined,RF: combined,combined,3,9,https://doi.org/10.1038/s41467-024-50619-z,0.09,0.15927705194805167
pdi,pdi_mean,rf_combined,RF: combined,combined,3,10,https://doi.org/10.1038/s41467-024-50619-z,0.15,0.1666180312770562
pdi,pdi_mean,rf_combined,RF: combined,combined,3,11,https://doi.org/10.1038/s41467-024-50619-z,0.16,0.1579931900072148
pdi,pdi_mean,rf_combined,RF: combined,combined,3,12,https://doi.org/10.1038/s41467-024-50619-z,0.17,0.17857528354978344
pdi,pdi_mean,rf_combined,RF: combined,combined,3,13,https://doi.org/10.1038/s41467-024-50619-z,0.02,0.16511462307741268
pdi,pdi_mean,rf_combined,RF: combined,combined,3,14,https://doi.org/10.1038/s41467-024-50619-z,0.12,0.15861603361132307
pdi,pdi_mean,rf_combined,RF: combined,combined,3,15,https://doi.org/10.1038/s41467-024-50619-z,0.14,0.16974037288112204
pdi,pdi_mean,rf_combined,RF: combined,combined,3,16,https://doi.org/10.1038/s41467-024-50619-z,0.1,0.1687696269480518
pdi,pdi_mean,rf_combined,RF: combined,combined,3,17,https://doi.org/10.1038/s41467-024-50619-z,0.12,0.15801944769119747
pdi,pdi_mean,rf_combined,RF: combined,combined,3,18,https://doi.org/10.1038/s41467-024-50619-z,0.1,0.1796960199689198
pdi,pdi_mean,rf_combined,RF: combined,combined,3,19,https://doi.org/10.1038/s41467-024-50619-z,0.15,0.1633659997007893
pdi,pdi_mean,rf_combined,RF: combined,combined,3,20,https://doi.org/10.1038/s41467-024-50619-z,0.1,0.16543942781385276
pdi,pdi_mean,rf_combined,RF: combined,combined,3,21,https://doi.org/10.1038/s41467-024-50619-z,0.1,0.15777428178210656
pdi,pdi_mean,rf_combined,RF: combined,combined,3,22,https://doi.org/10.1038/s41467-024-50619-z,0.13,0.16543942781385276
pdi,pdi_mean,rf_combined,RF: combined,combined,3,23,https://doi.org/10.1038/s41467-024-50619-z,0.16,0.17705080735930728
pdi,pdi_mean,rf_combined,RF: combined,combined,3,24,https://doi.org/10.1038/s41467-024-50619-z,0.16,0.16303051221833684
pdi,pdi_mean,rf_combined,RF: combined,combined,3,25,https://doi.org/10.1038/s41467-024-50619-z,0.23,0.1653436670274169
pdi,pdi_mean,rf_combined,RF: combined,combined,3,26,https://doi.org/10.1038/s41467-024-50619-z,0.14,0.15948401782106753
pdi,pdi_mean,rf_combined,RF: combined,combined,3,27,https://doi.org/10.1038/s41467-024-50619-z,0.14,0.1785507317654566
pdi,pdi_mean,rf_combined,RF: combined,combined,3,28,https://doi.org/10.1038/s41467-024-50619-z,0.14,0.17444804509379513
pdi,pdi_mean,rf_combined,RF: combined,combined,3,29,https://doi.org/10.1038/s41467-024-50619-z,0.15,0.15862765071089027
pdi,pdi_mean,rf_combined,RF: combined,combined,3,30,https://doi.org/10.1038/s41467-024-50619-z,0.15,0.1751397286269285
pdi,pdi_mean,rf_combined,RF: combined,combined,3,575,10.1002/jbm.a.37705,0.28,0.18161582065026494
pdi,pdi_mean,rf_combined,RF: combined,combined,3,576,10.1002/jbm.a.37705,0.18,0.17680404132126046
pdi,pdi_mean,rf_combined,RF: combined,combined,3,578,10.1002/jbm.a.37705,0.22,0.19006654051104152
pdi,pdi_mean,rf_combined,RF: combined,combined,3,778,10.1002/btm2.10580,0.168,0.28595060822510854
pdi,pdi_mean,rf_combined,RF: combined,combined,3,779,10.1002/btm2.10580,0.154,0.24537138550338583
pdi,pdi_mean,rf_combined,RF: combined,combined,3,780,10.1002/btm2.10580,0.152,0.16785912132312092
pdi,pdi_mean,rf_combined,RF: combined,combined,3,781,10.1002/btm2.10580,0.153,0.10242612548562552
pdi,pdi_mean,rf_combined,RF: combined,combined,3,782,10.1002/btm2.10580,0.162,0.16930224237984243
pdi,pdi_mean,rf_combined,RF: combined,combined,3,783,10.1002/btm2.10580,0.172,0.08581263317205681
pdi,pdi_mean,rf_combined,RF: combined,combined,3,784,10.1002/btm2.10580,0.166,0.18890842715617737
pdi,pdi_mean,rf_combined,RF: combined,combined,3,785,10.1002/btm2.10580,0.174,0.19693261017316105
pdi,pdi_mean,rf_combined,RF: combined,combined,3,913,https://doi.org/10.1038/s41434-022-00370-1,0.004,0.29583619841269865
pdi,pdi_mean,rf_combined,RF: combined,combined,3,914,https://doi.org/10.1038/s41434-022-00370-1,0.011,0.10242612548562552
pdi,pdi_mean,rf_combined,RF: combined,combined,3,915,https://doi.org/10.1038/s41434-022-00370-1,0.017,0.12132219345099346
pdi,pdi_mean,rf_combined,RF: combined,combined,3,1021,10.1073/pnas.1209367109,0.09,0.14416969908979899
pdi,pdi_mean,rf_combined,RF: combined,combined,4,198,10.1002/adma.201606944,0.197,0.07190934643689638
pdi,pdi_mean,rf_combined,RF: combined,combined,4,199,10.1002/adma.201606944,0.197,0.07190934643689638
pdi,pdi_mean,rf_combined,RF: combined,combined,4,509,https://doi.org/10.34133/bmr.0017,0.106,0.12193165883838394
pdi,pdi_mean,rf_combined,RF: combined,combined,4,510,https://doi.org/10.34133/bmr.0017,0.079,0.12193165883838394
pdi,pdi_mean,rf_combined,RF: combined,combined,4,511,https://doi.org/10.34133/bmr.0017,0.077,0.14766001308332183
pdi,pdi_mean,rf_combined,RF: combined,combined,4,512,https://doi.org/10.34133/bmr.0017,0.11,0.14766001308332183
pdi,pdi_mean,rf_combined,RF: combined,combined,4,513,https://doi.org/10.34133/bmr.0017,0.074,0.14809054641665517
pdi,pdi_mean,rf_combined,RF: combined,combined,4,635,10.1021/jacs.2c12893,0.11,0.20353177792544233
pdi,pdi_mean,rf_combined,RF: combined,combined,4,636,10.1021/jacs.2c12893,0.09,0.08739585628815628
pdi,pdi_mean,rf_combined,RF: combined,combined,4,641,https://doi.org/10.1016/j.jpha.2024.100996,0.12,0.10629547367616904
pdi,pdi_mean,rf_combined,RF: combined,combined,4,642,https://doi.org/10.1016/j.jpha.2024.100996,0.107,0.11726661205151917
pdi,pdi_mean,rf_combined,RF: combined,combined,4,643,https://doi.org/10.1016/j.jpha.2024.100996,0.071,0.10368929841254378
pdi,pdi_mean,rf_combined,RF: combined,combined,4,644,https://doi.org/10.1016/j.jpha.2024.100996,0.069,0.10368929841254378
pdi,pdi_mean,rf_combined,RF: combined,combined,4,645,https://doi.org/10.1016/j.jpha.2024.100996,0.099,0.10368929841254378
pdi,pdi_mean,rf_combined,RF: combined,combined,4,646,https://doi.org/10.1016/j.jpha.2024.100996,0.212,0.11840224872284583
pdi,pdi_mean,rf_combined,RF: combined,combined,4,647,https://doi.org/10.1016/j.jpha.2024.100996,0.208,0.11840224872284583
pdi,pdi_mean,rf_combined,RF: combined,combined,4,648,https://doi.org/10.1016/j.jpha.2024.100996,0.178,0.11840224872284583
pdi,pdi_mean,rf_combined,RF: combined,combined,4,649,https://doi.org/10.1016/j.jpha.2024.100996,0.258,0.11840224872284583
pdi,pdi_mean,rf_combined,RF: combined,combined,4,650,https://doi.org/10.1016/j.jpha.2024.100996,0.222,0.13165116464287355
pdi,pdi_mean,rf_combined,RF: combined,combined,4,651,https://doi.org/10.1016/j.jpha.2024.100996,0.233,0.11956284634189347
pdi,pdi_mean,rf_combined,RF: combined,combined,4,652,https://doi.org/10.1016/j.jpha.2024.100996,0.087,0.10454706696621235
pdi,pdi_mean,rf_combined,RF: combined,combined,4,653,https://doi.org/10.1016/j.jpha.2024.100996,0.073,0.11639037330693046
pdi,pdi_mean,rf_combined,RF: combined,combined,4,654,https://doi.org/10.1016/j.jpha.2024.100996,0.067,0.10067765321052358
pdi,pdi_mean,rf_combined,RF: combined,combined,4,655,https://doi.org/10.1016/j.jpha.2024.100996,0.203,0.10203812312394357
pdi,pdi_mean,rf_combined,RF: combined,combined,4,656,https://doi.org/10.1016/j.jpha.2024.100996,0.211,0.10203812312394357
pdi,pdi_mean,rf_combined,RF: combined,combined,4,657,https://doi.org/10.1016/j.jpha.2024.100996,0.198,0.10067765321052358
pdi,pdi_mean,rf_combined,RF: combined,combined,4,658,https://doi.org/10.1016/j.jpha.2024.100996,0.32,0.08739585628815628
pdi,pdi_mean,rf_combined,RF: combined,combined,4,659,https://doi.org/10.1016/j.jpha.2024.100996,0.374,0.08740811486291493
pdi,pdi_mean,rf_combined,RF: combined,combined,4,660,https://doi.org/10.1016/j.jpha.2024.100996,0.331,0.08740811486291493
pdi,pdi_mean,rf_combined,RF: combined,combined,4,661,https://doi.org/10.1016/j.jpha.2024.100996,0.149,0.0877292952491952
pdi,pdi_mean,rf_combined,RF: combined,combined,4,662,https://doi.org/10.1016/j.jpha.2024.100996,0.156,0.08739585628815628
pdi,pdi_mean,rf_combined,RF: combined,combined,4,663,https://doi.org/10.1016/j.jpha.2024.100996,0.146,0.07844356884226886
pdi,pdi_mean,rf_combined,RF: combined,combined,4,664,https://doi.org/10.1016/j.jpha.2024.100996,0.09,0.08739585628815628
pdi,pdi_mean,rf_combined,RF: combined,combined,4,1005,10.1002/smll.201805097,0.106,0.13644598929403934
pdi,pdi_mean,rf_combined,RF: combined,combined,4,1006,10.1002/smll.201805097,0.129,0.15155795538432168
pdi,pdi_mean,rf_combined,RF: combined,combined,4,1007,10.1002/smll.201805097,0.135,0.1500996629573695
pdi,pdi_mean,rf_combined,RF: combined,combined,4,1008,10.1002/smll.201805097,0.138,0.15109279377603058
pdi,pdi_mean,rf_combined,RF: combined,combined,4,1009,10.1002/smll.201805097,0.141,0.15455335438772272
pdi,pdi_mean,rf_combined,RF: combined,combined,4,1010,10.1002/smll.201805097,0.117,0.1546262349613158
pdi,pdi_mean,rf_combined,RF: combined,combined,4,1011,10.1002/smll.201805097,0.19,0.15327572355311617
pdi,pdi_mean,rf_combined,RF: combined,combined,4,1012,10.1002/smll.201805097,0.127,0.1522839217271644
pdi,pdi_mean,rf_combined,RF: combined,combined,4,1013,10.1002/smll.201805097,0.216,0.1522100360128787
pdi,pdi_mean,rf_combined,RF: combined,combined,4,1014,10.1002/smll.201805097,0.17,0.1468873394400071
pdi,pdi_mean,rf_combined,RF: combined,combined,4,1015,10.1002/smll.201805097,0.324,0.1359073782276083
pdi,pdi_mean,rf_combined,RF: combined,combined,5,109,10.1021/acs.nanolett.5b02497,0.147,0.1833281227716726
pdi,pdi_mean,rf_combined,RF: combined,combined,5,110,10.1021/acs.nanolett.5b02497,0.221,0.18261687301587287
pdi,pdi_mean,rf_combined,RF: combined,combined,5,113,https://doi.org/10.1016/j.ymthe.2018.03.010,0.14,0.12348917643467644
pdi,pdi_mean,rf_combined,RF: combined,combined,5,114,https://doi.org/10.1016/j.ymthe.2018.03.010,0.14,0.1337538034188036
pdi,pdi_mean,rf_combined,RF: combined,combined,5,115,https://doi.org/10.1016/j.ymthe.2018.03.010,0.11,0.11455652542457542
pdi,pdi_mean,rf_combined,RF: combined,combined,5,116,https://doi.org/10.1016/j.ymthe.2018.03.010,0.07,0.10593146406926411
pdi,pdi_mean,rf_combined,RF: combined,combined,5,117,https://doi.org/10.1016/j.ymthe.2018.03.010,0.04,0.11697778470418478
pdi,pdi_mean,rf_combined,RF: combined,combined,5,118,https://doi.org/10.1016/j.ymthe.2018.03.010,0.11,0.15362570692640698
pdi,pdi_mean,rf_combined,RF: combined,combined,5,119,https://doi.org/10.1016/j.ymthe.2018.03.010,0.15,0.1406227029581529
pdi,pdi_mean,rf_combined,RF: combined,combined,5,120,https://doi.org/10.1016/j.ymthe.2018.03.010,0.1,0.11861538629148632
pdi,pdi_mean,rf_combined,RF: combined,combined,5,121,https://doi.org/10.1016/j.ymthe.2018.03.010,0.16,0.11733815796425806
pdi,pdi_mean,rf_combined,RF: combined,combined,5,122,https://doi.org/10.1016/j.ymthe.2018.03.010,0.14,0.1442848561327562
pdi,pdi_mean,rf_combined,RF: combined,combined,5,123,https://doi.org/10.1016/j.ymthe.2018.03.010,0.11,0.08424097494462064
pdi,pdi_mean,rf_combined,RF: combined,combined,5,450,10.1016/j.jconrel.2019.10.028,0.198,0.1942347888888887
pdi,pdi_mean,rf_combined,RF: combined,combined,5,451,10.1016/j.jconrel.2019.10.028,0.226,0.19269576399156405
pdi,pdi_mean,rf_combined,RF: combined,combined,5,452,10.1016/j.jconrel.2019.10.028,0.224,0.1838097636788049
pdi,pdi_mean,rf_combined,RF: combined,combined,5,453,10.1016/j.jconrel.2019.10.028,0.202,0.19899928590102717
pdi,pdi_mean,rf_combined,RF: combined,combined,5,454,10.1016/j.jconrel.2019.10.028,0.226,0.18310020470444596
pdi,pdi_mean,rf_combined,RF: combined,combined,5,455,10.1016/j.jconrel.2019.10.028,0.221,0.18010401605975723
pdi,pdi_mean,rf_combined,RF: combined,combined,5,456,10.1016/j.jconrel.2019.10.028,0.212,0.18007101605975726
pdi,pdi_mean,rf_combined,RF: combined,combined,5,457,10.1016/j.jconrel.2019.10.028,0.205,0.17452082380952394
pdi,pdi_mean,rf_combined,RF: combined,combined,5,458,10.1016/j.jconrel.2019.10.028,0.174,0.17400189010989017
pdi,pdi_mean,rf_combined,RF: combined,combined,5,459,10.1016/j.jconrel.2019.10.028,0.208,0.17466593369963368
pdi,pdi_mean,rf_combined,RF: combined,combined,5,460,10.1016/j.jconrel.2019.10.028,0.203,0.17622171269841272
pdi,pdi_mean,rf_combined,RF: combined,combined,5,461,10.1016/j.jconrel.2019.10.028,0.224,0.17622171269841272
pdi,pdi_mean,rf_combined,RF: combined,combined,5,462,10.1016/j.jconrel.2019.10.028,0.204,0.17622171269841272
pdi,pdi_mean,rf_combined,RF: combined,combined,5,463,10.1016/j.jconrel.2019.10.028,0.214,0.17622171269841272
pdi,pdi_mean,rf_combined,RF: combined,combined,5,464,10.1016/j.jconrel.2019.10.028,0.233,0.17622171269841272
pdi,pdi_mean,rf_combined,RF: combined,combined,5,465,10.1016/j.jconrel.2019.10.028,0.223,0.17622171269841272
pdi,pdi_mean,rf_combined,RF: combined,combined,5,863,https://doi.org/10.1016/j.jconrel.2025.01.071,0.2,0.16902744740259742
pdi,pdi_mean,rf_combined,RF: combined,combined,5,864,https://doi.org/10.1016/j.jconrel.2025.01.071,0.2,0.16902744740259742
pdi,pdi_mean,rf_combined,RF: combined,combined,5,865,https://doi.org/10.1016/j.jconrel.2025.01.071,0.2,0.16902744740259742
pdi,pdi_mean,rf_combined,RF: combined,combined,5,866,https://doi.org/10.1016/j.jconrel.2025.01.071,0.2,0.16902744740259742
pdi,pdi_mean,rf_combined,RF: combined,combined,5,885,https://doi.org/10.1021/acs.nanolett.1c01353,0.0985,0.17622171269841272
pdi,pdi_mean,rf_combined,RF: combined,combined,5,932,https://doi.org/10.1248/cpb.c24-00089,0.22,0.12927359048174059
pdi,pdi_mean,rf_combined,RF: combined,combined,5,933,https://doi.org/10.1248/cpb.c24-00089,0.121,0.12927359048174059
pdi,pdi_mean,rf_combined,RF: combined,combined,5,934,https://doi.org/10.1248/cpb.c24-00089,0.081,0.12927359048174059
pdi,pdi_mean,rf_combined,RF: combined,combined,5,935,https://doi.org/10.1248/cpb.c24-00089,0.058,0.12927359048174059
pdi,pdi_mean,rf_combined,RF: combined,combined,5,936,https://doi.org/10.1248/cpb.c24-00089,0.072,0.12927359048174059
pdi,pdi_mean,rf_combined,RF: combined,combined,5,937,https://doi.org/10.1248/cpb.c24-00089,0.109,0.12927359048174059
pdi,pdi_mean,rf_combined,RF: combined,combined,5,938,https://doi.org/10.1248/cpb.c24-00089,0.053,0.12927359048174059
pdi,pdi_mean,rf_combined,RF: combined,combined,5,939,https://doi.org/10.1248/cpb.c24-00089,0.057,0.12927359048174059
pdi,pdi_mean,rf_combined,RF: combined,combined,5,940,https://doi.org/10.1248/cpb.c24-00089,0.062,0.12927359048174059
encapsulation_efficiency,ee_mean,baseline_mean,Mean baseline,none,1,202,https://doi.org/10.1038/s41467-024-45422-9,52.8,79.35552325581395
encapsulation_efficiency,ee_mean,baseline_mean,Mean baseline,none,1,203,https://doi.org/10.1038/s41467-024-45422-9,69.7,79.35552325581395
encapsulation_efficiency,ee_mean,baseline_mean,Mean baseline,none,1,204,https://doi.org/10.1038/s41467-024-45422-9,57.4,79.35552325581395
encapsulation_efficiency,ee_mean,baseline_mean,Mean baseline,none,1,205,https://doi.org/10.1038/s41467-024-45422-9,63.0,79.35552325581395
encapsulation_efficiency,ee_mean,baseline_mean,Mean baseline,none,1,206,https://doi.org/10.1038/s41467-024-45422-9,51.5,79.35552325581395
encapsulation_efficiency,ee_mean,baseline_mean,Mean baseline,none,1,207,https://doi.org/10.1038/s41467-024-45422-9,76.9,79.35552325581395
encapsulation_efficiency,ee_mean,baseline_mean,Mean baseline,none,1,208,https://doi.org/10.1038/s41467-024-45422-9,73.4,79.35552325581395
encapsulation_efficiency,ee_mean,baseline_mean,Mean baseline,none,1,209,https://doi.org/10.1038/s41467-024-45422-9,77.6,79.35552325581395
encapsulation_efficiency,ee_mean,baseline_mean,Mean baseline,none,1,210,https://doi.org/10.1038/s41467-024-45422-9,71.6,79.35552325581395
encapsulation_efficiency,ee_mean,baseline_mean,Mean baseline,none,1,211,https://doi.org/10.1038/s41467-024-45422-9,78.3,79.35552325581395
encapsulation_efficiency,ee_mean,baseline_mean,Mean baseline,none,1,212,https://doi.org/10.1038/s41467-024-45422-9,73.0,79.35552325581395
encapsulation_efficiency,ee_mean,baseline_mean,Mean baseline,none,1,213,https://doi.org/10.1038/s41467-024-45422-9,74.5,79.35552325581395
encapsulation_efficiency,ee_mean,baseline_mean,Mean baseline,none,1,214,https://doi.org/10.1038/s41467-024-45422-9,54.4,79.35552325581395
encapsulation_efficiency,ee_mean,baseline_mean,Mean baseline,none,1,215,https://doi.org/10.1038/s41467-024-45422-9,59.8,79.35552325581395
encapsulation_efficiency,ee_mean,baseline_mean,Mean baseline,none,1,216,https://doi.org/10.1038/s41467-024-45422-9,51.3,79.35552325581395
encapsulation_efficiency,ee_mean,baseline_mean,Mean baseline,none,1,217,https://doi.org/10.1038/s41467-024-45422-9,75.1,79.35552325581395
encapsulation_efficiency,ee_mean,baseline_mean,Mean baseline,none,1,218,https://doi.org/10.1038/s41467-024-45422-9,54.8,79.35552325581395
encapsulation_efficiency,ee_mean,baseline_mean,Mean baseline,none,1,219,https://doi.org/10.1038/s41467-024-45422-9,85.6,79.35552325581395
encapsulation_efficiency,ee_mean,baseline_mean,Mean baseline,none,1,220,https://doi.org/10.1038/s41467-024-45422-9,84.3,79.35552325581395
encapsulation_efficiency,ee_mean,baseline_mean,Mean baseline,none,1,221,https://doi.org/10.1038/s41467-024-45422-9,75.1,79.35552325581395
encapsulation_efficiency,ee_mean,baseline_mean,Mean baseline,none,1,222,https://doi.org/10.1038/s41467-024-45422-9,85.7,79.35552325581395
encapsulation_efficiency,ee_mean,baseline_mean,Mean baseline,none,1,223,https://doi.org/10.1038/s41467-024-45422-9,77.3,79.35552325581395
encapsulation_efficiency,ee_mean,baseline_mean,Mean baseline,none,1,224,https://doi.org/10.1038/s41467-024-45422-9,71.9,79.35552325581395
encapsulation_efficiency,ee_mean,baseline_mean,Mean baseline,none,1,225,https://doi.org/10.1038/s41467-024-45422-9,87.1,79.35552325581395
encapsulation_efficiency,ee_mean,baseline_mean,Mean baseline,none,1,227,https://doi.org/10.1038/s41467-024-45422-9,48.1,79.35552325581395
encapsulation_efficiency,ee_mean,baseline_mean,Mean baseline,none,1,228,https://doi.org/10.1038/s41467-024-45422-9,66.2,79.35552325581395
encapsulation_efficiency,ee_mean,baseline_mean,Mean baseline,none,1,229,https://doi.org/10.1038/s41467-024-45422-9,54.9,79.35552325581395
encapsulation_efficiency,ee_mean,baseline_mean,Mean baseline,none,1,230,https://doi.org/10.1038/s41467-024-45422-9,50.9,79.35552325581395
encapsulation_efficiency,ee_mean,baseline_mean,Mean baseline,none,1,231,https://doi.org/10.1038/s41467-024-45422-9,48.7,79.35552325581395
encapsulation_efficiency,ee_mean,baseline_mean,Mean baseline,none,1,232,https://doi.org/10.1038/s41467-024-45422-9,69.4,79.35552325581395
encapsulation_efficiency,ee_mean,baseline_mean,Mean baseline,none,1,233,https://doi.org/10.1038/s41467-024-45422-9,54.9,79.35552325581395
encapsulation_efficiency,ee_mean,baseline_mean,Mean baseline,none,1,234,https://doi.org/10.1038/s41467-024-45422-9,73.2,79.35552325581395
encapsulation_efficiency,ee_mean,baseline_mean,Mean baseline,none,1,235,https://doi.org/10.1038/s41467-024-45422-9,53.1,79.35552325581395
encapsulation_efficiency,ee_mean,baseline_mean,Mean baseline,none,1,236,https://doi.org/10.1038/s41467-024-45422-9,64.1,79.35552325581395
encapsulation_efficiency,ee_mean,baseline_mean,Mean baseline,none,1,237,https://doi.org/10.1038/s41467-024-45422-9,57.3,79.35552325581395
encapsulation_efficiency,ee_mean,baseline_mean,Mean baseline,none,1,238,https://doi.org/10.1038/s41467-024-45422-9,58.4,79.35552325581395
encapsulation_efficiency,ee_mean,baseline_mean,Mean baseline,none,1,239,https://doi.org/10.1038/s41467-024-45422-9,39.2,79.35552325581395
encapsulation_efficiency,ee_mean,baseline_mean,Mean baseline,none,1,240,https://doi.org/10.1038/s41467-024-45422-9,42.5,79.35552325581395
encapsulation_efficiency,ee_mean,baseline_mean,Mean baseline,none,1,241,https://doi.org/10.1038/s41467-024-45422-9,48.8,79.35552325581395
encapsulation_efficiency,ee_mean,baseline_mean,Mean baseline,none,1,242,https://doi.org/10.1038/s41467-024-45422-9,49.6,79.35552325581395
encapsulation_efficiency,ee_mean,baseline_mean,Mean baseline,none,1,243,https://doi.org/10.1038/s41467-024-45422-9,46.8,79.35552325581395
encapsulation_efficiency,ee_mean,baseline_mean,Mean baseline,none,1,244,https://doi.org/10.1038/s41467-024-45422-9,37.0,79.35552325581395
encapsulation_efficiency,ee_mean,baseline_mean,Mean baseline,none,1,245,https://doi.org/10.1038/s41467-024-45422-9,53.4,79.35552325581395
encapsulation_efficiency,ee_mean,baseline_mean,Mean baseline,none,1,246,https://doi.org/10.1038/s41467-024-45422-9,77.9,79.35552325581395
encapsulation_efficiency,ee_mean,baseline_mean,Mean baseline,none,1,247,https://doi.org/10.1038/s41467-024-45422-9,60.2,79.35552325581395
encapsulation_efficiency,ee_mean,baseline_mean,Mean baseline,none,1,248,https://doi.org/10.1038/s41467-024-45422-9,66.7,79.35552325581395
encapsulation_efficiency,ee_mean,baseline_mean,Mean baseline,none,1,249,https://doi.org/10.1038/s41467-024-45422-9,45.5,79.35552325581395
encapsulation_efficiency,ee_mean,baseline_mean,Mean baseline,none,1,250,https://doi.org/10.1038/s41467-024-45422-9,63.3,79.35552325581395
encapsulation_efficiency,ee_mean,baseline_mean,Mean baseline,none,1,251,https://doi.org/10.1038/s41467-024-45422-9,78.5,79.35552325581395
encapsulation_efficiency,ee_mean,baseline_mean,Mean baseline,none,1,252,https://doi.org/10.1038/s41467-024-45422-9,78.8,79.35552325581395
encapsulation_efficiency,ee_mean,baseline_mean,Mean baseline,none,1,253,https://doi.org/10.1038/s41467-024-45422-9,79.3,79.35552325581395
encapsulation_efficiency,ee_mean,baseline_mean,Mean baseline,none,1,254,https://doi.org/10.1038/s41467-024-45422-9,77.9,79.35552325581395
encapsulation_efficiency,ee_mean,baseline_mean,Mean baseline,none,1,255,https://doi.org/10.1038/s41467-024-45422-9,79.0,79.35552325581395
encapsulation_efficiency,ee_mean,baseline_mean,Mean baseline,none,1,256,https://doi.org/10.1038/s41467-024-45422-9,79.4,79.35552325581395
encapsulation_efficiency,ee_mean,baseline_mean,Mean baseline,none,1,257,https://doi.org/10.1038/s41467-024-45422-9,57.8,79.35552325581395
encapsulation_efficiency,ee_mean,baseline_mean,Mean baseline,none,1,258,https://doi.org/10.1038/s41467-024-45422-9,63.9,79.35552325581395
encapsulation_efficiency,ee_mean,baseline_mean,Mean baseline,none,1,259,https://doi.org/10.1038/s41467-024-45422-9,41.8,79.35552325581395
encapsulation_efficiency,ee_mean,baseline_mean,Mean baseline,none,1,260,https://doi.org/10.1038/s41467-024-45422-9,40.6,79.35552325581395
encapsulation_efficiency,ee_mean,baseline_mean,Mean baseline,none,1,261,https://doi.org/10.1038/s41467-024-45422-9,57.6,79.35552325581395
encapsulation_efficiency,ee_mean,baseline_mean,Mean baseline,none,1,262,https://doi.org/10.1038/s41467-024-45422-9,59.2,79.35552325581395
encapsulation_efficiency,ee_mean,baseline_mean,Mean baseline,none,1,263,https://doi.org/10.1038/s41467-024-45422-9,46.9,79.35552325581395
encapsulation_efficiency,ee_mean,baseline_mean,Mean baseline,none,1,264,https://doi.org/10.1038/s41467-024-45422-9,65.6,79.35552325581395
encapsulation_efficiency,ee_mean,baseline_mean,Mean baseline,none,1,265,https://doi.org/10.1038/s41467-024-45422-9,54.3,79.35552325581395
encapsulation_efficiency,ee_mean,baseline_mean,Mean baseline,none,1,266,https://doi.org/10.1038/s41467-024-45422-9,48.0,79.35552325581395
encapsulation_efficiency,ee_mean,baseline_mean,Mean baseline,none,1,267,https://doi.org/10.1038/s41467-024-45422-9,47.1,79.35552325581395
encapsulation_efficiency,ee_mean,baseline_mean,Mean baseline,none,1,268,https://doi.org/10.1038/s41467-024-45422-9,37.2,79.35552325581395
encapsulation_efficiency,ee_mean,baseline_mean,Mean baseline,none,1,269,https://doi.org/10.1038/s41467-024-45422-9,77.8,79.35552325581395
encapsulation_efficiency,ee_mean,baseline_mean,Mean baseline,none,1,270,https://doi.org/10.1038/s41467-024-45422-9,84.0,79.35552325581395
encapsulation_efficiency,ee_mean,baseline_mean,Mean baseline,none,1,271,https://doi.org/10.1038/s41467-024-45422-9,74.6,79.35552325581395
encapsulation_efficiency,ee_mean,baseline_mean,Mean baseline,none,1,272,https://doi.org/10.1038/s41467-024-45422-9,82.2,79.35552325581395
encapsulation_efficiency,ee_mean,baseline_mean,Mean baseline,none,1,273,https://doi.org/10.1038/s41467-024-45422-9,81.0,79.35552325581395
encapsulation_efficiency,ee_mean,baseline_mean,Mean baseline,none,1,274,https://doi.org/10.1038/s41467-024-45422-9,79.8,79.35552325581395
encapsulation_efficiency,ee_mean,baseline_mean,Mean baseline,none,1,275,https://doi.org/10.1038/s41467-024-45422-9,85.2,79.35552325581395
encapsulation_efficiency,ee_mean,baseline_mean,Mean baseline,none,1,276,https://doi.org/10.1038/s41467-024-45422-9,81.2,79.35552325581395
encapsulation_efficiency,ee_mean,baseline_mean,Mean baseline,none,1,277,https://doi.org/10.1038/s41467-024-45422-9,85.1,79.35552325581395
encapsulation_efficiency,ee_mean,baseline_mean,Mean baseline,none,1,278,https://doi.org/10.1038/s41467-024-45422-9,85.3,79.35552325581395
encapsulation_efficiency,ee_mean,baseline_mean,Mean baseline,none,1,279,https://doi.org/10.1038/s41467-024-45422-9,80.6,79.35552325581395
encapsulation_efficiency,ee_mean,baseline_mean,Mean baseline,none,1,280,https://doi.org/10.1038/s41467-024-45422-9,80.6,79.35552325581395
encapsulation_efficiency,ee_mean,baseline_mean,Mean baseline,none,1,281,https://doi.org/10.1038/s41467-024-45422-9,83.1,79.35552325581395
encapsulation_efficiency,ee_mean,baseline_mean,Mean baseline,none,1,282,https://doi.org/10.1038/s41467-024-45422-9,82.4,79.35552325581395
encapsulation_efficiency,ee_mean,baseline_mean,Mean baseline,none,1,283,https://doi.org/10.1038/s41467-024-45422-9,78.5,79.35552325581395
encapsulation_efficiency,ee_mean,baseline_mean,Mean baseline,none,1,284,https://doi.org/10.1038/s41467-024-45422-9,79.7,79.35552325581395
encapsulation_efficiency,ee_mean,baseline_mean,Mean baseline,none,1,285,https://doi.org/10.1038/s41467-024-45422-9,82.4,79.35552325581395
encapsulation_efficiency,ee_mean,baseline_mean,Mean baseline,none,1,286,https://doi.org/10.1038/s41467-024-45422-9,83.4,79.35552325581395
encapsulation_efficiency,ee_mean,baseline_mean,Mean baseline,none,1,288,https://doi.org/10.1038/s41467-024-45422-9,84.2,79.35552325581395
encapsulation_efficiency,ee_mean,baseline_mean,Mean baseline,none,1,289,https://doi.org/10.1038/s41467-024-45422-9,81.8,79.35552325581395
encapsulation_efficiency,ee_mean,baseline_mean,Mean baseline,none,1,290,https://doi.org/10.1038/s41467-024-45422-9,86.8,79.35552325581395
encapsulation_efficiency,ee_mean,baseline_mean,Mean baseline,none,1,291,https://doi.org/10.1038/s41467-024-45422-9,82.4,79.35552325581395
encapsulation_efficiency,ee_mean,baseline_mean,Mean baseline,none,1,292,https://doi.org/10.1038/s41467-024-45422-9,83.2,79.35552325581395
encapsulation_efficiency,ee_mean,baseline_mean,Mean baseline,none,1,293,https://doi.org/10.1038/s41467-024-45422-9,75.9,79.35552325581395
encapsulation_efficiency,ee_mean,baseline_mean,Mean baseline,none,1,294,https://doi.org/10.1038/s41467-024-45422-9,85.5,79.35552325581395
encapsulation_efficiency,ee_mean,baseline_mean,Mean baseline,none,1,295,https://doi.org/10.1038/s41467-024-45422-9,73.8,79.35552325581395
encapsulation_efficiency,ee_mean,baseline_mean,Mean baseline,none,1,296,https://doi.org/10.1038/s41467-024-45422-9,75.1,79.35552325581395
encapsulation_efficiency,ee_mean,baseline_mean,Mean baseline,none,1,297,https://doi.org/10.1038/s41467-024-45422-9,80.4,79.35552325581395
encapsulation_efficiency,ee_mean,baseline_mean,Mean baseline,none,1,298,https://doi.org/10.1038/s41467-024-45422-9,84.9,79.35552325581395
encapsulation_efficiency,ee_mean,baseline_mean,Mean baseline,none,2,109,10.1021/acs.nanolett.5b02497,27.0,78.13683035714287
encapsulation_efficiency,ee_mean,baseline_mean,Mean baseline,none,2,110,10.1021/acs.nanolett.5b02497,48.0,78.13683035714287
encapsulation_efficiency,ee_mean,baseline_mean,Mean baseline,none,2,575,10.1002/jbm.a.37705,47.0,78.13683035714287
encapsulation_efficiency,ee_mean,baseline_mean,Mean baseline,none,2,576,10.1002/jbm.a.37705,95.0,78.13683035714287
encapsulation_efficiency,ee_mean,baseline_mean,Mean baseline,none,2,578,10.1002/jbm.a.37705,87.0,78.13683035714287
encapsulation_efficiency,ee_mean,baseline_mean,Mean baseline,none,2,803,https://doi.org/10.1038/s41467-022-33157-4,94.2,78.13683035714287
encapsulation_efficiency,ee_mean,baseline_mean,Mean baseline,none,2,807,https://doi.org/10.1038/s41467-022-33157-4,94.2,78.13683035714287
encapsulation_efficiency,ee_mean,baseline_mean,Mean baseline,none,2,812,https://doi.org/10.1038/s41467-022-33157-4,95.6,78.13683035714287
encapsulation_efficiency,ee_mean,baseline_mean,Mean baseline,none,2,885,https://doi.org/10.1021/acs.nanolett.1c01353,82.3,78.13683035714287
encapsulation_efficiency,ee_mean,baseline_mean,Mean baseline,none,2,959,https://doi.org/10.1038/s41587-019-0247-3,45.5,78.13683035714287
encapsulation_efficiency,ee_mean,baseline_mean,Mean baseline,none,2,960,https://doi.org/10.1038/s41587-019-0247-3,61.3,78.13683035714287
encapsulation_efficiency,ee_mean,baseline_mean,Mean baseline,none,2,961,https://doi.org/10.1038/s41587-019-0247-3,55.3,78.13683035714287
encapsulation_efficiency,ee_mean,baseline_mean,Mean baseline,none,2,962,https://doi.org/10.1038/s41587-019-0247-3,60.6,78.13683035714287
encapsulation_efficiency,ee_mean,baseline_mean,Mean baseline,none,2,963,https://doi.org/10.1038/s41587-019-0247-3,25.5,78.13683035714287
encapsulation_efficiency,ee_mean,baseline_mean,Mean baseline,none,2,964,https://doi.org/10.1038/s41587-019-0247-3,64.7,78.13683035714287
encapsulation_efficiency,ee_mean,baseline_mean,Mean baseline,none,2,965,https://doi.org/10.1038/s41587-019-0247-3,57.9,78.13683035714287
encapsulation_efficiency,ee_mean,baseline_mean,Mean baseline,none,2,966,https://doi.org/10.1038/s41587-019-0247-3,22.5,78.13683035714287
encapsulation_efficiency,ee_mean,baseline_mean,Mean baseline,none,2,967,https://doi.org/10.1038/s41587-019-0247-3,96.4,78.13683035714287
encapsulation_efficiency,ee_mean,baseline_mean,Mean baseline,none,2,968,https://doi.org/10.1038/s41587-019-0247-3,59.5,78.13683035714287
encapsulation_efficiency,ee_mean,baseline_mean,Mean baseline,none,2,969,https://doi.org/10.1038/s41587-019-0247-3,56.4,78.13683035714287
encapsulation_efficiency,ee_mean,baseline_mean,Mean baseline,none,2,970,https://doi.org/10.1038/s41587-019-0247-3,68.1,78.13683035714287
encapsulation_efficiency,ee_mean,baseline_mean,Mean baseline,none,2,971,https://doi.org/10.1038/s41587-019-0247-3,64.3,78.13683035714287
encapsulation_efficiency,ee_mean,baseline_mean,Mean baseline,none,2,972,https://doi.org/10.1038/s41587-019-0247-3,57.2,78.13683035714287
encapsulation_efficiency,ee_mean,baseline_mean,Mean baseline,none,2,973,https://doi.org/10.1038/s41587-019-0247-3,57.5,78.13683035714287
encapsulation_efficiency,ee_mean,baseline_mean,Mean baseline,none,2,974,https://doi.org/10.1038/s41587-019-0247-3,65.2,78.13683035714287
encapsulation_efficiency,ee_mean,baseline_mean,Mean baseline,none,2,975,https://doi.org/10.1038/s41587-019-0247-3,21.7,78.13683035714287
encapsulation_efficiency,ee_mean,baseline_mean,Mean baseline,none,2,976,https://doi.org/10.1038/s41587-019-0247-3,70.2,78.13683035714287
encapsulation_efficiency,ee_mean,baseline_mean,Mean baseline,none,2,977,https://doi.org/10.1038/s41587-019-0247-3,53.9,78.13683035714287
encapsulation_efficiency,ee_mean,baseline_mean,Mean baseline,none,2,978,https://doi.org/10.1038/s41587-019-0247-3,41.3,78.13683035714287
encapsulation_efficiency,ee_mean,baseline_mean,Mean baseline,none,2,979,https://doi.org/10.1038/s41587-019-0247-3,98.9,78.13683035714287
encapsulation_efficiency,ee_mean,baseline_mean,Mean baseline,none,2,980,https://doi.org/10.1038/s41587-019-0247-3,9.4,78.13683035714287
encapsulation_efficiency,ee_mean,baseline_mean,Mean baseline,none,2,981,https://doi.org/10.1038/s41587-019-0247-3,60.3,78.13683035714287
encapsulation_efficiency,ee_mean,baseline_mean,Mean baseline,none,2,982,https://doi.org/10.1038/s41587-019-0247-3,79.0,78.13683035714287
encapsulation_efficiency,ee_mean,baseline_mean,Mean baseline,none,2,983,https://doi.org/10.1038/s41587-019-0247-3,60.3,78.13683035714287
encapsulation_efficiency,ee_mean,baseline_mean,Mean baseline,none,2,984,https://doi.org/10.1038/s41587-019-0247-3,50.4,78.13683035714287
encapsulation_efficiency,ee_mean,baseline_mean,Mean baseline,none,2,985,https://doi.org/10.1038/s41587-019-0247-3,60.3,78.13683035714287
encapsulation_efficiency,ee_mean,baseline_mean,Mean baseline,none,2,986,https://doi.org/10.1038/s41587-019-0247-3,45.5,78.13683035714287
encapsulation_efficiency,ee_mean,baseline_mean,Mean baseline,none,2,987,https://doi.org/10.1038/s41587-019-0247-3,54.5,78.13683035714287
encapsulation_efficiency,ee_mean,baseline_mean,Mean baseline,none,2,988,https://doi.org/10.1038/s41587-019-0247-3,75.5,78.13683035714287
encapsulation_efficiency,ee_mean,baseline_mean,Mean baseline,none,2,989,https://doi.org/10.1038/s41587-019-0247-3,76.5,78.13683035714287
encapsulation_efficiency,ee_mean,baseline_mean,Mean baseline,none,2,990,https://doi.org/10.1038/s41587-019-0247-3,45.5,78.13683035714287
encapsulation_efficiency,ee_mean,baseline_mean,Mean baseline,none,2,991,https://doi.org/10.1038/s41587-019-0247-3,55.5,78.13683035714287
encapsulation_efficiency,ee_mean,baseline_mean,Mean baseline,none,2,992,https://doi.org/10.1038/s41587-019-0247-3,65.6,78.13683035714287
encapsulation_efficiency,ee_mean,baseline_mean,Mean baseline,none,3,63,https://doi.org/10.1016/j.omtn.2019.01.013,84.5,73.62839285714287
encapsulation_efficiency,ee_mean,baseline_mean,Mean baseline,none,3,64,https://doi.org/10.1016/j.omtn.2019.01.013,84.5,73.62839285714287
encapsulation_efficiency,ee_mean,baseline_mean,Mean baseline,none,3,198,10.1002/adma.201606944,60.0,73.62839285714287
encapsulation_efficiency,ee_mean,baseline_mean,Mean baseline,none,3,199,10.1002/adma.201606944,60.0,73.62839285714287
encapsulation_efficiency,ee_mean,baseline_mean,Mean baseline,none,3,509,https://doi.org/10.34133/bmr.0017,92.3,73.62839285714287
encapsulation_efficiency,ee_mean,baseline_mean,Mean baseline,none,3,510,https://doi.org/10.34133/bmr.0017,92.9,73.62839285714287
encapsulation_efficiency,ee_mean,baseline_mean,Mean baseline,none,3,511,https://doi.org/10.34133/bmr.0017,91.7,73.62839285714287
encapsulation_efficiency,ee_mean,baseline_mean,Mean baseline,none,3,512,https://doi.org/10.34133/bmr.0017,91.1,73.62839285714287
encapsulation_efficiency,ee_mean,baseline_mean,Mean baseline,none,3,513,https://doi.org/10.34133/bmr.0017,89.5,73.62839285714287
encapsulation_efficiency,ee_mean,baseline_mean,Mean baseline,none,3,641,https://doi.org/10.1016/j.jpha.2024.100996,93.176,73.62839285714287
encapsulation_efficiency,ee_mean,baseline_mean,Mean baseline,none,3,642,https://doi.org/10.1016/j.jpha.2024.100996,92.391,73.62839285714287
encapsulation_efficiency,ee_mean,baseline_mean,Mean baseline,none,3,643,https://doi.org/10.1016/j.jpha.2024.100996,96.439,73.62839285714287
encapsulation_efficiency,ee_mean,baseline_mean,Mean baseline,none,3,644,https://doi.org/10.1016/j.jpha.2024.100996,95.558,73.62839285714287
encapsulation_efficiency,ee_mean,baseline_mean,Mean baseline,none,3,645,https://doi.org/10.1016/j.jpha.2024.100996,91.141,73.62839285714287
encapsulation_efficiency,ee_mean,baseline_mean,Mean baseline,none,3,646,https://doi.org/10.1016/j.jpha.2024.100996,93.162,73.62839285714287
encapsulation_efficiency,ee_mean,baseline_mean,Mean baseline,none,3,647,https://doi.org/10.1016/j.jpha.2024.100996,91.161,73.62839285714287
encapsulation_efficiency,ee_mean,baseline_mean,Mean baseline,none,3,648,https://doi.org/10.1016/j.jpha.2024.100996,92.526,73.62839285714287
encapsulation_efficiency,ee_mean,baseline_mean,Mean baseline,none,3,649,https://doi.org/10.1016/j.jpha.2024.100996,92.043,73.62839285714287
encapsulation_efficiency,ee_mean,baseline_mean,Mean baseline,none,3,650,https://doi.org/10.1016/j.jpha.2024.100996,90.146,73.62839285714287
encapsulation_efficiency,ee_mean,baseline_mean,Mean baseline,none,3,651,https://doi.org/10.1016/j.jpha.2024.100996,92.571,73.62839285714287
encapsulation_efficiency,ee_mean,baseline_mean,Mean baseline,none,3,652,https://doi.org/10.1016/j.jpha.2024.100996,91.816,73.62839285714287
encapsulation_efficiency,ee_mean,baseline_mean,Mean baseline,none,3,653,https://doi.org/10.1016/j.jpha.2024.100996,93.363,73.62839285714287
encapsulation_efficiency,ee_mean,baseline_mean,Mean baseline,none,3,654,https://doi.org/10.1016/j.jpha.2024.100996,91.361,73.62839285714287
encapsulation_efficiency,ee_mean,baseline_mean,Mean baseline,none,3,655,https://doi.org/10.1016/j.jpha.2024.100996,90.261,73.62839285714287
encapsulation_efficiency,ee_mean,baseline_mean,Mean baseline,none,3,656,https://doi.org/10.1016/j.jpha.2024.100996,93.491,73.62839285714287
encapsulation_efficiency,ee_mean,baseline_mean,Mean baseline,none,3,657,https://doi.org/10.1016/j.jpha.2024.100996,90.138,73.62839285714287
encapsulation_efficiency,ee_mean,baseline_mean,Mean baseline,none,3,658,https://doi.org/10.1016/j.jpha.2024.100996,79.216,73.62839285714287
encapsulation_efficiency,ee_mean,baseline_mean,Mean baseline,none,3,659,https://doi.org/10.1016/j.jpha.2024.100996,74.532,73.62839285714287
encapsulation_efficiency,ee_mean,baseline_mean,Mean baseline,none,3,660,https://doi.org/10.1016/j.jpha.2024.100996,84.168,73.62839285714287
encapsulation_efficiency,ee_mean,baseline_mean,Mean baseline,none,3,661,https://doi.org/10.1016/j.jpha.2024.100996,75.923,73.62839285714287
encapsulation_efficiency,ee_mean,baseline_mean,Mean baseline,none,3,662,https://doi.org/10.1016/j.jpha.2024.100996,80.542,73.62839285714287
encapsulation_efficiency,ee_mean,baseline_mean,Mean baseline,none,3,663,https://doi.org/10.1016/j.jpha.2024.100996,77.349,73.62839285714287
encapsulation_efficiency,ee_mean,baseline_mean,Mean baseline,none,3,664,https://doi.org/10.1016/j.jpha.2024.100996,85.416,73.62839285714287
encapsulation_efficiency,ee_mean,baseline_mean,Mean baseline,none,3,716,10.1021/acs.jpcb.5b02891,95.0,73.62839285714287
encapsulation_efficiency,ee_mean,baseline_mean,Mean baseline,none,3,717,10.1021/acs.jpcb.5b02891,97.0,73.62839285714287
encapsulation_efficiency,ee_mean,baseline_mean,Mean baseline,none,3,718,10.1021/acs.jpcb.5b02891,47.0,73.62839285714287
encapsulation_efficiency,ee_mean,baseline_mean,Mean baseline,none,3,719,10.1021/acs.jpcb.5b02891,52.0,73.62839285714287
encapsulation_efficiency,ee_mean,baseline_mean,Mean baseline,none,3,736,10.1021/acs.jpcb.5b02891,95.0,73.62839285714287
encapsulation_efficiency,ee_mean,baseline_mean,Mean baseline,none,3,737,10.1021/acs.jpcb.5b02891,45.0,73.62839285714287
encapsulation_efficiency,ee_mean,baseline_mean,Mean baseline,none,3,738,10.1021/acs.jpcb.5b02891,95.0,73.62839285714287
encapsulation_efficiency,ee_mean,baseline_mean,Mean baseline,none,3,739,10.1021/acs.jpcb.5b02891,50.0,73.62839285714287
encapsulation_efficiency,ee_mean,baseline_mean,Mean baseline,none,3,875,https://doi.org/10.1101/2023.11.09.565872,88.0,73.62839285714287
encapsulation_efficiency,ee_mean,baseline_mean,Mean baseline,none,3,876,https://doi.org/10.1101/2023.11.09.565872,84.0,73.62839285714287
encapsulation_efficiency,ee_mean,baseline_mean,Mean baseline,none,4,444,10.1002/anie.201809056,99.0,73.29575892857143
encapsulation_efficiency,ee_mean,baseline_mean,Mean baseline,none,4,446,10.1002/anie.201809056,99.0,73.29575892857143
encapsulation_efficiency,ee_mean,baseline_mean,Mean baseline,none,4,450,10.1016/j.jconrel.2019.10.028,67.5,73.29575892857143
encapsulation_efficiency,ee_mean,baseline_mean,Mean baseline,none,4,451,10.1016/j.jconrel.2019.10.028,33.7,73.29575892857143
encapsulation_efficiency,ee_mean,baseline_mean,Mean baseline,none,4,452,10.1016/j.jconrel.2019.10.028,48.9,73.29575892857143
encapsulation_efficiency,ee_mean,baseline_mean,Mean baseline,none,4,453,10.1016/j.jconrel.2019.10.028,92.8,73.29575892857143
encapsulation_efficiency,ee_mean,baseline_mean,Mean baseline,none,4,454,10.1016/j.jconrel.2019.10.028,95.7,73.29575892857143
encapsulation_efficiency,ee_mean,baseline_mean,Mean baseline,none,4,455,10.1016/j.jconrel.2019.10.028,90.7,73.29575892857143
encapsulation_efficiency,ee_mean,baseline_mean,Mean baseline,none,4,456,10.1016/j.jconrel.2019.10.028,49.9,73.29575892857143
encapsulation_efficiency,ee_mean,baseline_mean,Mean baseline,none,4,457,10.1016/j.jconrel.2019.10.028,91.3,73.29575892857143
encapsulation_efficiency,ee_mean,baseline_mean,Mean baseline,none,4,458,10.1016/j.jconrel.2019.10.028,92.7,73.29575892857143
encapsulation_efficiency,ee_mean,baseline_mean,Mean baseline,none,4,459,10.1016/j.jconrel.2019.10.028,89.1,73.29575892857143
encapsulation_efficiency,ee_mean,baseline_mean,Mean baseline,none,4,460,10.1016/j.jconrel.2019.10.028,89.8,73.29575892857143
encapsulation_efficiency,ee_mean,baseline_mean,Mean baseline,none,4,461,10.1016/j.jconrel.2019.10.028,88.4,73.29575892857143
encapsulation_efficiency,ee_mean,baseline_mean,Mean baseline,none,4,462,10.1016/j.jconrel.2019.10.028,87.4,73.29575892857143
encapsulation_efficiency,ee_mean,baseline_mean,Mean baseline,none,4,463,10.1016/j.jconrel.2019.10.028,76.6,73.29575892857143
encapsulation_efficiency,ee_mean,baseline_mean,Mean baseline,none,4,464,10.1016/j.jconrel.2019.10.028,88.7,73.29575892857143
encapsulation_efficiency,ee_mean,baseline_mean,Mean baseline,none,4,465,10.1016/j.jconrel.2019.10.028,86.1,73.29575892857143
encapsulation_efficiency,ee_mean,baseline_mean,Mean baseline,none,4,778,10.1002/btm2.10580,91.5,73.29575892857143
encapsulation_efficiency,ee_mean,baseline_mean,Mean baseline,none,4,779,10.1002/btm2.10580,92.8,73.29575892857143
encapsulation_efficiency,ee_mean,baseline_mean,Mean baseline,none,4,780,10.1002/btm2.10580,93.4,73.29575892857143
encapsulation_efficiency,ee_mean,baseline_mean,Mean baseline,none,4,781,10.1002/btm2.10580,87.2,73.29575892857143
encapsulation_efficiency,ee_mean,baseline_mean,Mean baseline,none,4,782,10.1002/btm2.10580,93.9,73.29575892857143
encapsulation_efficiency,ee_mean,baseline_mean,Mean baseline,none,4,783,10.1002/btm2.10580,89.8,73.29575892857143
encapsulation_efficiency,ee_mean,baseline_mean,Mean baseline,none,4,784,10.1002/btm2.10580,91.2,73.29575892857143
encapsulation_efficiency,ee_mean,baseline_mean,Mean baseline,none,4,785,10.1002/btm2.10580,88.7,73.29575892857143
encapsulation_efficiency,ee_mean,baseline_mean,Mean baseline,none,4,913,https://doi.org/10.1038/s41434-022-00370-1,79.0,73.29575892857143
encapsulation_efficiency,ee_mean,baseline_mean,Mean baseline,none,4,915,https://doi.org/10.1038/s41434-022-00370-1,95.0,73.29575892857143
encapsulation_efficiency,ee_mean,baseline_mean,Mean baseline,none,4,922,https://doi.org/10.1073/pnas.2303567120,85.0,73.29575892857143
encapsulation_efficiency,ee_mean,baseline_mean,Mean baseline,none,4,923,https://doi.org/10.1073/pnas.2303567120,85.0,73.29575892857143
encapsulation_efficiency,ee_mean,baseline_mean,Mean baseline,none,4,928,https://doi.org/10.1073/pnas.2303567120,85.0,73.29575892857143
encapsulation_efficiency,ee_mean,baseline_mean,Mean baseline,none,4,929,https://doi.org/10.1073/pnas.2303567120,85.0,73.29575892857143
encapsulation_efficiency,ee_mean,baseline_mean,Mean baseline,none,4,931,https://doi.org/10.1073/pnas.2303567120,60.0,73.29575892857143
encapsulation_efficiency,ee_mean,baseline_mean,Mean baseline,none,4,932,https://doi.org/10.1248/cpb.c24-00089,66.5,73.29575892857143
encapsulation_efficiency,ee_mean,baseline_mean,Mean baseline,none,4,933,https://doi.org/10.1248/cpb.c24-00089,96.0,73.29575892857143
encapsulation_efficiency,ee_mean,baseline_mean,Mean baseline,none,4,934,https://doi.org/10.1248/cpb.c24-00089,96.0,73.29575892857143
encapsulation_efficiency,ee_mean,baseline_mean,Mean baseline,none,4,935,https://doi.org/10.1248/cpb.c24-00089,97.0,73.29575892857143
encapsulation_efficiency,ee_mean,baseline_mean,Mean baseline,none,4,936,https://doi.org/10.1248/cpb.c24-00089,97.0,73.29575892857143
encapsulation_efficiency,ee_mean,baseline_mean,Mean baseline,none,4,937,https://doi.org/10.1248/cpb.c24-00089,96.0,73.29575892857143
encapsulation_efficiency,ee_mean,baseline_mean,Mean baseline,none,4,938,https://doi.org/10.1248/cpb.c24-00089,96.0,73.29575892857143
encapsulation_efficiency,ee_mean,baseline_mean,Mean baseline,none,4,939,https://doi.org/10.1248/cpb.c24-00089,92.0,73.29575892857143
encapsulation_efficiency,ee_mean,baseline_mean,Mean baseline,none,4,940,https://doi.org/10.1248/cpb.c24-00089,97.0,73.29575892857143
encapsulation_efficiency,ee_mean,baseline_mean,Mean baseline,none,4,1021,10.1073/pnas.1209367109,93.6,73.29575892857143
encapsulation_efficiency,ee_mean,baseline_mean,Mean baseline,none,5,113,https://doi.org/10.1016/j.ymthe.2018.03.010,96.9,73.20441964285715
encapsulation_efficiency,ee_mean,baseline_mean,Mean baseline,none,5,114,https://doi.org/10.1016/j.ymthe.2018.03.010,91.8,73.20441964285715
encapsulation_efficiency,ee_mean,baseline_mean,Mean baseline,none,5,115,https://doi.org/10.1016/j.ymthe.2018.03.010,90.9,73.20441964285715
encapsulation_efficiency,ee_mean,baseline_mean,Mean baseline,none,5,116,https://doi.org/10.1016/j.ymthe.2018.03.010,97.6,73.20441964285715
encapsulation_efficiency,ee_mean,baseline_mean,Mean baseline,none,5,117,https://doi.org/10.1016/j.ymthe.2018.03.010,97.5,73.20441964285715
encapsulation_efficiency,ee_mean,baseline_mean,Mean baseline,none,5,118,https://doi.org/10.1016/j.ymthe.2018.03.010,97.0,73.20441964285715
encapsulation_efficiency,ee_mean,baseline_mean,Mean baseline,none,5,119,https://doi.org/10.1016/j.ymthe.2018.03.010,95.2,73.20441964285715
encapsulation_efficiency,ee_mean,baseline_mean,Mean baseline,none,5,120,https://doi.org/10.1016/j.ymthe.2018.03.010,95.8,73.20441964285715
encapsulation_efficiency,ee_mean,baseline_mean,Mean baseline,none,5,121,https://doi.org/10.1016/j.ymthe.2018.03.010,97.4,73.20441964285715
encapsulation_efficiency,ee_mean,baseline_mean,Mean baseline,none,5,122,https://doi.org/10.1016/j.ymthe.2018.03.010,98.3,73.20441964285715
encapsulation_efficiency,ee_mean,baseline_mean,Mean baseline,none,5,123,https://doi.org/10.1016/j.ymthe.2018.03.010,97.3,73.20441964285715
encapsulation_efficiency,ee_mean,baseline_mean,Mean baseline,none,5,563,10.1039/C9NR02004G,85.0,73.20441964285715
encapsulation_efficiency,ee_mean,baseline_mean,Mean baseline,none,5,635,10.1021/jacs.2c12893,88.31,73.20441964285715
encapsulation_efficiency,ee_mean,baseline_mean,Mean baseline,none,5,636,10.1021/jacs.2c12893,89.45,73.20441964285715
encapsulation_efficiency,ee_mean,baseline_mean,Mean baseline,none,5,756,https://doi.org/10.1016/j.ijpharm.2023.123050,96.0,73.20441964285715
encapsulation_efficiency,ee_mean,baseline_mean,Mean baseline,none,5,763,https://doi.org/10.1016/j.ijpharm.2023.123050,94.0,73.20441964285715
encapsulation_efficiency,ee_mean,baseline_mean,Mean baseline,none,5,773,https://doi.org/10.1016/j.ijpharm.2023.123050,96.0,73.20441964285715
encapsulation_efficiency,ee_mean,baseline_mean,Mean baseline,none,5,862,https://doi.org/10.1016/j.jconrel.2025.01.071,80.0,73.20441964285715
encapsulation_efficiency,ee_mean,baseline_mean,Mean baseline,none,5,863,https://doi.org/10.1016/j.jconrel.2025.01.071,80.0,73.20441964285715
encapsulation_efficiency,ee_mean,baseline_mean,Mean baseline,none,5,864,https://doi.org/10.1016/j.jconrel.2025.01.071,80.0,73.20441964285715
encapsulation_efficiency,ee_mean,baseline_mean,Mean baseline,none,5,865,https://doi.org/10.1016/j.jconrel.2025.01.071,80.0,73.20441964285715
encapsulation_efficiency,ee_mean,baseline_mean,Mean baseline,none,5,866,https://doi.org/10.1016/j.jconrel.2025.01.071,80.0,73.20441964285715
encapsulation_efficiency,ee_mean,baseline_mean,Mean baseline,none,5,867,https://doi.org/10.1016/j.jconrel.2025.01.071,80.0,73.20441964285715
encapsulation_efficiency,ee_mean,baseline_mean,Mean baseline,none,5,868,https://doi.org/10.1016/j.jconrel.2025.01.071,80.0,73.20441964285715
encapsulation_efficiency,ee_mean,baseline_mean,Mean baseline,none,5,869,https://doi.org/10.1016/j.jconrel.2025.01.071,80.0,73.20441964285715
encapsulation_efficiency,ee_mean,baseline_mean,Mean baseline,none,5,870,https://doi.org/10.1016/j.jconrel.2025.01.071,60.0,73.20441964285715
encapsulation_efficiency,ee_mean,baseline_mean,Mean baseline,none,5,911,https://doi.org/10.1101/2024.09.27.614859,95.0,73.20441964285715
encapsulation_efficiency,ee_mean,baseline_mean,Mean baseline,none,5,1005,10.1002/smll.201805097,31.1,73.20441964285715
encapsulation_efficiency,ee_mean,baseline_mean,Mean baseline,none,5,1006,10.1002/smll.201805097,89.7,73.20441964285715
encapsulation_efficiency,ee_mean,baseline_mean,Mean baseline,none,5,1007,10.1002/smll.201805097,93.6,73.20441964285715
encapsulation_efficiency,ee_mean,baseline_mean,Mean baseline,none,5,1008,10.1002/smll.201805097,89.3,73.20441964285715
encapsulation_efficiency,ee_mean,baseline_mean,Mean baseline,none,5,1009,10.1002/smll.201805097,89.7,73.20441964285715
encapsulation_efficiency,ee_mean,baseline_mean,Mean baseline,none,5,1010,10.1002/smll.201805097,84.7,73.20441964285715
encapsulation_efficiency,ee_mean,baseline_mean,Mean baseline,none,5,1011,10.1002/smll.201805097,88.1,73.20441964285715
encapsulation_efficiency,ee_mean,baseline_mean,Mean baseline,none,5,1012,10.1002/smll.201805097,86.2,73.20441964285715
encapsulation_efficiency,ee_mean,baseline_mean,Mean baseline,none,5,1013,10.1002/smll.201805097,82.1,73.20441964285715
encapsulation_efficiency,ee_mean,baseline_mean,Mean baseline,none,5,1014,10.1002/smll.201805097,69.0,73.20441964285715
encapsulation_efficiency,ee_mean,baseline_mean,Mean baseline,none,5,1015,10.1002/smll.201805097,64.4,73.20441964285715
encapsulation_efficiency,ee_mean,baseline_mean,Mean baseline,none,5,1088,https://dx.doi.org/10.1021/acs.nanolett.0c01386,95.0,73.20441964285715
encapsulation_efficiency,ee_mean,baseline_mean,Mean baseline,none,5,1089,https://dx.doi.org/10.1021/acs.nanolett.0c01386,92.0,73.20441964285715
encapsulation_efficiency,ee_mean,baseline_mean,Mean baseline,none,5,1090,https://dx.doi.org/10.1021/acs.nanolett.0c01386,90.0,73.20441964285715
encapsulation_efficiency,ee_mean,baseline_mean,Mean baseline,none,5,1091,https://dx.doi.org/10.1021/acs.nanolett.0c01386,88.0,73.20441964285715
encapsulation_efficiency,ee_mean,baseline_mean,Mean baseline,none,5,1092,https://dx.doi.org/10.1021/acs.nanolett.0c01386,85.0,73.20441964285715
encapsulation_efficiency,ee_mean,ridge_composition,Ridge: composition,composition,1,202,https://doi.org/10.1038/s41467-024-45422-9,52.8,80.27509162429615
encapsulation_efficiency,ee_mean,ridge_composition,Ridge: composition,composition,1,203,https://doi.org/10.1038/s41467-024-45422-9,69.7,80.27509162429615
encapsulation_efficiency,ee_mean,ridge_composition,Ridge: composition,composition,1,204,https://doi.org/10.1038/s41467-024-45422-9,57.4,80.27509162429615
encapsulation_efficiency,ee_mean,ridge_composition,Ridge: composition,composition,1,205,https://doi.org/10.1038/s41467-024-45422-9,63.0,80.27509162429615
encapsulation_efficiency,ee_mean,ridge_composition,Ridge: composition,composition,1,206,https://doi.org/10.1038/s41467-024-45422-9,51.5,80.27509162429615
encapsulation_efficiency,ee_mean,ridge_composition,Ridge: composition,composition,1,207,https://doi.org/10.1038/s41467-024-45422-9,76.9,80.27509162429615
encapsulation_efficiency,ee_mean,ridge_composition,Ridge: composition,composition,1,208,https://doi.org/10.1038/s41467-024-45422-9,73.4,80.27509162429615
encapsulation_efficiency,ee_mean,ridge_composition,Ridge: composition,composition,1,209,https://doi.org/10.1038/s41467-024-45422-9,77.6,80.27509162429615
encapsulation_efficiency,ee_mean,ridge_composition,Ridge: composition,composition,1,210,https://doi.org/10.1038/s41467-024-45422-9,71.6,80.27509162429615
encapsulation_efficiency,ee_mean,ridge_composition,Ridge: composition,composition,1,211,https://doi.org/10.1038/s41467-024-45422-9,78.3,80.27509162429615
encapsulation_efficiency,ee_mean,ridge_composition,Ridge: composition,composition,1,212,https://doi.org/10.1038/s41467-024-45422-9,73.0,80.27509162429615
encapsulation_efficiency,ee_mean,ridge_composition,Ridge: composition,composition,1,213,https://doi.org/10.1038/s41467-024-45422-9,74.5,80.27509162429615
encapsulation_efficiency,ee_mean,ridge_composition,Ridge: composition,composition,1,214,https://doi.org/10.1038/s41467-024-45422-9,54.4,80.27509162429615
encapsulation_efficiency,ee_mean,ridge_composition,Ridge: composition,composition,1,215,https://doi.org/10.1038/s41467-024-45422-9,59.8,80.27509162429615
encapsulation_efficiency,ee_mean,ridge_composition,Ridge: composition,composition,1,216,https://doi.org/10.1038/s41467-024-45422-9,51.3,80.27509162429615
encapsulation_efficiency,ee_mean,ridge_composition,Ridge: composition,composition,1,217,https://doi.org/10.1038/s41467-024-45422-9,75.1,80.27509162429615
encapsulation_efficiency,ee_mean,ridge_composition,Ridge: composition,composition,1,218,https://doi.org/10.1038/s41467-024-45422-9,54.8,80.27509162429615
encapsulation_efficiency,ee_mean,ridge_composition,Ridge: composition,composition,1,219,https://doi.org/10.1038/s41467-024-45422-9,85.6,80.27509162429615
encapsulation_efficiency,ee_mean,ridge_composition,Ridge: composition,composition,1,220,https://doi.org/10.1038/s41467-024-45422-9,84.3,80.27509162429615
encapsulation_efficiency,ee_mean,ridge_composition,Ridge: composition,composition,1,221,https://doi.org/10.1038/s41467-024-45422-9,75.1,80.27509162429615
encapsulation_efficiency,ee_mean,ridge_composition,Ridge: composition,composition,1,222,https://doi.org/10.1038/s41467-024-45422-9,85.7,80.27509162429615
encapsulation_efficiency,ee_mean,ridge_composition,Ridge: composition,composition,1,223,https://doi.org/10.1038/s41467-024-45422-9,77.3,80.27509162429615
encapsulation_efficiency,ee_mean,ridge_composition,Ridge: composition,composition,1,224,https://doi.org/10.1038/s41467-024-45422-9,71.9,80.27509162429615
encapsulation_efficiency,ee_mean,ridge_composition,Ridge: composition,composition,1,225,https://doi.org/10.1038/s41467-024-45422-9,87.1,80.27509162429615
encapsulation_efficiency,ee_mean,ridge_composition,Ridge: composition,composition,1,227,https://doi.org/10.1038/s41467-024-45422-9,48.1,80.27509162429615
encapsulation_efficiency,ee_mean,ridge_composition,Ridge: composition,composition,1,228,https://doi.org/10.1038/s41467-024-45422-9,66.2,80.27509162429615
encapsulation_efficiency,ee_mean,ridge_composition,Ridge: composition,composition,1,229,https://doi.org/10.1038/s41467-024-45422-9,54.9,80.27509162429615
encapsulation_efficiency,ee_mean,ridge_composition,Ridge: composition,composition,1,230,https://doi.org/10.1038/s41467-024-45422-9,50.9,80.27509162429615
encapsulation_efficiency,ee_mean,ridge_composition,Ridge: composition,composition,1,231,https://doi.org/10.1038/s41467-024-45422-9,48.7,80.27509162429615
encapsulation_efficiency,ee_mean,ridge_composition,Ridge: composition,composition,1,232,https://doi.org/10.1038/s41467-024-45422-9,69.4,80.27509162429615
encapsulation_efficiency,ee_mean,ridge_composition,Ridge: composition,composition,1,233,https://doi.org/10.1038/s41467-024-45422-9,54.9,80.27509162429615
encapsulation_efficiency,ee_mean,ridge_composition,Ridge: composition,composition,1,234,https://doi.org/10.1038/s41467-024-45422-9,73.2,80.27509162429615
encapsulation_efficiency,ee_mean,ridge_composition,Ridge: composition,composition,1,235,https://doi.org/10.1038/s41467-024-45422-9,53.1,80.27509162429615
encapsulation_efficiency,ee_mean,ridge_composition,Ridge: composition,composition,1,236,https://doi.org/10.1038/s41467-024-45422-9,64.1,80.27509162429615
encapsulation_efficiency,ee_mean,ridge_composition,Ridge: composition,composition,1,237,https://doi.org/10.1038/s41467-024-45422-9,57.3,80.27509162429615
encapsulation_efficiency,ee_mean,ridge_composition,Ridge: composition,composition,1,238,https://doi.org/10.1038/s41467-024-45422-9,58.4,80.27509162429615
encapsulation_efficiency,ee_mean,ridge_composition,Ridge: composition,composition,1,239,https://doi.org/10.1038/s41467-024-45422-9,39.2,80.27509162429615
encapsulation_efficiency,ee_mean,ridge_composition,Ridge: composition,composition,1,240,https://doi.org/10.1038/s41467-024-45422-9,42.5,80.27509162429615
encapsulation_efficiency,ee_mean,ridge_composition,Ridge: composition,composition,1,241,https://doi.org/10.1038/s41467-024-45422-9,48.8,80.27509162429615
encapsulation_efficiency,ee_mean,ridge_composition,Ridge: composition,composition,1,242,https://doi.org/10.1038/s41467-024-45422-9,49.6,80.27509162429615
encapsulation_efficiency,ee_mean,ridge_composition,Ridge: composition,composition,1,243,https://doi.org/10.1038/s41467-024-45422-9,46.8,80.27509162429615
encapsulation_efficiency,ee_mean,ridge_composition,Ridge: composition,composition,1,244,https://doi.org/10.1038/s41467-024-45422-9,37.0,80.27509162429615
encapsulation_efficiency,ee_mean,ridge_composition,Ridge: composition,composition,1,245,https://doi.org/10.1038/s41467-024-45422-9,53.4,80.27509162429615
encapsulation_efficiency,ee_mean,ridge_composition,Ridge: composition,composition,1,246,https://doi.org/10.1038/s41467-024-45422-9,77.9,80.27509162429615
encapsulation_efficiency,ee_mean,ridge_composition,Ridge: composition,composition,1,247,https://doi.org/10.1038/s41467-024-45422-9,60.2,80.27509162429615
encapsulation_efficiency,ee_mean,ridge_composition,Ridge: composition,composition,1,248,https://doi.org/10.1038/s41467-024-45422-9,66.7,80.27509162429615
encapsulation_efficiency,ee_mean,ridge_composition,Ridge: composition,composition,1,249,https://doi.org/10.1038/s41467-024-45422-9,45.5,80.27509162429615
encapsulation_efficiency,ee_mean,ridge_composition,Ridge: composition,composition,1,250,https://doi.org/10.1038/s41467-024-45422-9,63.3,80.27509162429615
encapsulation_efficiency,ee_mean,ridge_composition,Ridge: composition,composition,1,251,https://doi.org/10.1038/s41467-024-45422-9,78.5,80.27509162429615
encapsulation_efficiency,ee_mean,ridge_composition,Ridge: composition,composition,1,252,https://doi.org/10.1038/s41467-024-45422-9,78.8,80.27509162429615
encapsulation_efficiency,ee_mean,ridge_composition,Ridge: composition,composition,1,253,https://doi.org/10.1038/s41467-024-45422-9,79.3,80.27509162429615
encapsulation_efficiency,ee_mean,ridge_composition,Ridge: composition,composition,1,254,https://doi.org/10.1038/s41467-024-45422-9,77.9,80.27509162429615
encapsulation_efficiency,ee_mean,ridge_composition,Ridge: composition,composition,1,255,https://doi.org/10.1038/s41467-024-45422-9,79.0,80.27509162429615
encapsulation_efficiency,ee_mean,ridge_composition,Ridge: composition,composition,1,256,https://doi.org/10.1038/s41467-024-45422-9,79.4,80.27509162429615
encapsulation_efficiency,ee_mean,ridge_composition,Ridge: composition,composition,1,257,https://doi.org/10.1038/s41467-024-45422-9,57.8,80.27509162429615
encapsulation_efficiency,ee_mean,ridge_composition,Ridge: composition,composition,1,258,https://doi.org/10.1038/s41467-024-45422-9,63.9,80.27509162429615
encapsulation_efficiency,ee_mean,ridge_composition,Ridge: composition,composition,1,259,https://doi.org/10.1038/s41467-024-45422-9,41.8,80.27509162429615
encapsulation_efficiency,ee_mean,ridge_composition,Ridge: composition,composition,1,260,https://doi.org/10.1038/s41467-024-45422-9,40.6,80.27509162429615
encapsulation_efficiency,ee_mean,ridge_composition,Ridge: composition,composition,1,261,https://doi.org/10.1038/s41467-024-45422-9,57.6,80.27509162429615
encapsulation_efficiency,ee_mean,ridge_composition,Ridge: composition,composition,1,262,https://doi.org/10.1038/s41467-024-45422-9,59.2,80.27509162429615
encapsulation_efficiency,ee_mean,ridge_composition,Ridge: composition,composition,1,263,https://doi.org/10.1038/s41467-024-45422-9,46.9,80.27509162429615
encapsulation_efficiency,ee_mean,ridge_composition,Ridge: composition,composition,1,264,https://doi.org/10.1038/s41467-024-45422-9,65.6,80.27509162429615
encapsulation_efficiency,ee_mean,ridge_composition,Ridge: composition,composition,1,265,https://doi.org/10.1038/s41467-024-45422-9,54.3,80.27509162429615
encapsulation_efficiency,ee_mean,ridge_composition,Ridge: composition,composition,1,266,https://doi.org/10.1038/s41467-024-45422-9,48.0,80.27509162429615
encapsulation_efficiency,ee_mean,ridge_composition,Ridge: composition,composition,1,267,https://doi.org/10.1038/s41467-024-45422-9,47.1,80.27509162429615
encapsulation_efficiency,ee_mean,ridge_composition,Ridge: composition,composition,1,268,https://doi.org/10.1038/s41467-024-45422-9,37.2,80.27509162429615
encapsulation_efficiency,ee_mean,ridge_composition,Ridge: composition,composition,1,269,https://doi.org/10.1038/s41467-024-45422-9,77.8,80.27509162429615
encapsulation_efficiency,ee_mean,ridge_composition,Ridge: composition,composition,1,270,https://doi.org/10.1038/s41467-024-45422-9,84.0,80.27509162429615
encapsulation_efficiency,ee_mean,ridge_composition,Ridge: composition,composition,1,271,https://doi.org/10.1038/s41467-024-45422-9,74.6,80.27509162429615
encapsulation_efficiency,ee_mean,ridge_composition,Ridge: composition,composition,1,272,https://doi.org/10.1038/s41467-024-45422-9,82.2,80.27509162429615
encapsulation_efficiency,ee_mean,ridge_composition,Ridge: composition,composition,1,273,https://doi.org/10.1038/s41467-024-45422-9,81.0,80.27509162429615
encapsulation_efficiency,ee_mean,ridge_composition,Ridge: composition,composition,1,274,https://doi.org/10.1038/s41467-024-45422-9,79.8,80.27509162429615
encapsulation_efficiency,ee_mean,ridge_composition,Ridge: composition,composition,1,275,https://doi.org/10.1038/s41467-024-45422-9,85.2,80.27509162429615
encapsulation_efficiency,ee_mean,ridge_composition,Ridge: composition,composition,1,276,https://doi.org/10.1038/s41467-024-45422-9,81.2,80.27509162429615
encapsulation_efficiency,ee_mean,ridge_composition,Ridge: composition,composition,1,277,https://doi.org/10.1038/s41467-024-45422-9,85.1,80.27509162429615
encapsulation_efficiency,ee_mean,ridge_composition,Ridge: composition,composition,1,278,https://doi.org/10.1038/s41467-024-45422-9,85.3,80.27509162429615
encapsulation_efficiency,ee_mean,ridge_composition,Ridge: composition,composition,1,279,https://doi.org/10.1038/s41467-024-45422-9,80.6,80.27509162429615
encapsulation_efficiency,ee_mean,ridge_composition,Ridge: composition,composition,1,280,https://doi.org/10.1038/s41467-024-45422-9,80.6,80.27509162429615
encapsulation_efficiency,ee_mean,ridge_composition,Ridge: composition,composition,1,281,https://doi.org/10.1038/s41467-024-45422-9,83.1,80.27509162429615
encapsulation_efficiency,ee_mean,ridge_composition,Ridge: composition,composition,1,282,https://doi.org/10.1038/s41467-024-45422-9,82.4,80.27509162429615
encapsulation_efficiency,ee_mean,ridge_composition,Ridge: composition,composition,1,283,https://doi.org/10.1038/s41467-024-45422-9,78.5,80.27509162429615
encapsulation_efficiency,ee_mean,ridge_composition,Ridge: composition,composition,1,284,https://doi.org/10.1038/s41467-024-45422-9,79.7,80.27509162429615
encapsulation_efficiency,ee_mean,ridge_composition,Ridge: composition,composition,1,285,https://doi.org/10.1038/s41467-024-45422-9,82.4,80.27509162429615
encapsulation_efficiency,ee_mean,ridge_composition,Ridge: composition,composition,1,286,https://doi.org/10.1038/s41467-024-45422-9,83.4,80.27509162429615
encapsulation_efficiency,ee_mean,ridge_composition,Ridge: composition,composition,1,288,https://doi.org/10.1038/s41467-024-45422-9,84.2,80.27509162429615
encapsulation_efficiency,ee_mean,ridge_composition,Ridge: composition,composition,1,289,https://doi.org/10.1038/s41467-024-45422-9,81.8,80.27509162429615
encapsulation_efficiency,ee_mean,ridge_composition,Ridge: composition,composition,1,290,https://doi.org/10.1038/s41467-024-45422-9,86.8,80.27509162429615
encapsulation_efficiency,ee_mean,ridge_composition,Ridge: composition,composition,1,291,https://doi.org/10.1038/s41467-024-45422-9,82.4,80.27509162429615
encapsulation_efficiency,ee_mean,ridge_composition,Ridge: composition,composition,1,292,https://doi.org/10.1038/s41467-024-45422-9,83.2,80.27509162429615
encapsulation_efficiency,ee_mean,ridge_composition,Ridge: composition,composition,1,293,https://doi.org/10.1038/s41467-024-45422-9,75.9,80.27509162429615
encapsulation_efficiency,ee_mean,ridge_composition,Ridge: composition,composition,1,294,https://doi.org/10.1038/s41467-024-45422-9,85.5,80.27509162429615
encapsulation_efficiency,ee_mean,ridge_composition,Ridge: composition,composition,1,295,https://doi.org/10.1038/s41467-024-45422-9,73.8,80.27509162429615
encapsulation_efficiency,ee_mean,ridge_composition,Ridge: composition,composition,1,296,https://doi.org/10.1038/s41467-024-45422-9,75.1,80.27509162429615
encapsulation_efficiency,ee_mean,ridge_composition,Ridge: composition,composition,1,297,https://doi.org/10.1038/s41467-024-45422-9,80.4,80.27509162429615
encapsulation_efficiency,ee_mean,ridge_composition,Ridge: composition,composition,1,298,https://doi.org/10.1038/s41467-024-45422-9,84.9,80.27509162429615
encapsulation_efficiency,ee_mean,ridge_composition,Ridge: composition,composition,2,109,10.1021/acs.nanolett.5b02497,27.0,83.05007565641492
encapsulation_efficiency,ee_mean,ridge_composition,Ridge: composition,composition,2,110,10.1021/acs.nanolett.5b02497,48.0,69.59997019553973
encapsulation_efficiency,ee_mean,ridge_composition,Ridge: composition,composition,2,575,10.1002/jbm.a.37705,47.0,73.4900714781581
encapsulation_efficiency,ee_mean,ridge_composition,Ridge: composition,composition,2,576,10.1002/jbm.a.37705,95.0,73.4900714781581
encapsulation_efficiency,ee_mean,ridge_composition,Ridge: composition,composition,2,578,10.1002/jbm.a.37705,87.0,73.4900714781581
encapsulation_efficiency,ee_mean,ridge_composition,Ridge: composition,composition,2,803,https://doi.org/10.1038/s41467-022-33157-4,94.2,83.05007565641492
encapsulation_efficiency,ee_mean,ridge_composition,Ridge: composition,composition,2,807,https://doi.org/10.1038/s41467-022-33157-4,94.2,82.33648725360547
encapsulation_efficiency,ee_mean,ridge_composition,Ridge: composition,composition,2,812,https://doi.org/10.1038/s41467-022-33157-4,95.6,83.05007565641492
encapsulation_efficiency,ee_mean,ridge_composition,Ridge: composition,composition,2,885,https://doi.org/10.1021/acs.nanolett.1c01353,82.3,73.4900714781581
encapsulation_efficiency,ee_mean,ridge_composition,Ridge: composition,composition,2,959,https://doi.org/10.1038/s41587-019-0247-3,45.5,80.25382786304283
encapsulation_efficiency,ee_mean,ridge_composition,Ridge: composition,composition,2,960,https://doi.org/10.1038/s41587-019-0247-3,61.3,64.14754024681142
encapsulation_efficiency,ee_mean,ridge_composition,Ridge: composition,composition,2,961,https://doi.org/10.1038/s41587-019-0247-3,55.3,78.1827005670389
encapsulation_efficiency,ee_mean,ridge_composition,Ridge: composition,composition,2,962,https://doi.org/10.1038/s41587-019-0247-3,60.6,67.77308048666575
encapsulation_efficiency,ee_mean,ridge_composition,Ridge: composition,composition,2,963,https://doi.org/10.1038/s41587-019-0247-3,25.5,78.1827005670389
encapsulation_efficiency,ee_mean,ridge_composition,Ridge: composition,composition,2,964,https://doi.org/10.1038/s41587-019-0247-3,64.7,111.08956724033759
encapsulation_efficiency,ee_mean,ridge_composition,Ridge: composition,composition,2,965,https://doi.org/10.1038/s41587-019-0247-3,57.9,104.24658135160048
encapsulation_efficiency,ee_mean,ridge_composition,Ridge: composition,composition,2,966,https://doi.org/10.1038/s41587-019-0247-3,22.5,42.103757881573
encapsulation_efficiency,ee_mean,ridge_composition,Ridge: composition,composition,2,967,https://doi.org/10.1038/s41587-019-0247-3,96.4,78.1827005670389
encapsulation_efficiency,ee_mean,ridge_composition,Ridge: composition,composition,2,968,https://doi.org/10.1038/s41587-019-0247-3,59.5,78.1827005670389
encapsulation_efficiency,ee_mean,ridge_composition,Ridge: composition,composition,2,969,https://doi.org/10.1038/s41587-019-0247-3,56.4,63.199229363102496
encapsulation_efficiency,ee_mean,ridge_composition,Ridge: composition,composition,2,970,https://doi.org/10.1038/s41587-019-0247-3,68.1,78.1827005670389
encapsulation_efficiency,ee_mean,ridge_composition,Ridge: composition,composition,2,971,https://doi.org/10.1038/s41587-019-0247-3,64.3,81.57602829568565
encapsulation_efficiency,ee_mean,ridge_composition,Ridge: composition,composition,2,972,https://doi.org/10.1038/s41587-019-0247-3,57.2,79.3909892147475
encapsulation_efficiency,ee_mean,ridge_composition,Ridge: composition,composition,2,973,https://doi.org/10.1038/s41587-019-0247-3,57.5,78.1827005670389
encapsulation_efficiency,ee_mean,ridge_composition,Ridge: composition,composition,2,974,https://doi.org/10.1038/s41587-019-0247-3,65.2,86.93322974981602
encapsulation_efficiency,ee_mean,ridge_composition,Ridge: composition,composition,2,975,https://doi.org/10.1038/s41587-019-0247-3,21.7,103.71461254361135
encapsulation_efficiency,ee_mean,ridge_composition,Ridge: composition,composition,2,976,https://doi.org/10.1038/s41587-019-0247-3,70.2,78.1827005670389
encapsulation_efficiency,ee_mean,ridge_composition,Ridge: composition,composition,2,977,https://doi.org/10.1038/s41587-019-0247-3,53.9,88.59256858202197
encapsulation_efficiency,ee_mean,ridge_composition,Ridge: composition,composition,2,978,https://doi.org/10.1038/s41587-019-0247-3,41.3,62.22107642229385
encapsulation_efficiency,ee_mean,ridge_composition,Ridge: composition,composition,2,979,https://doi.org/10.1038/s41587-019-0247-3,98.9,69.76436660138779
encapsulation_efficiency,ee_mean,ridge_composition,Ridge: composition,composition,2,980,https://doi.org/10.1038/s41587-019-0247-3,9.4,118.52505842335427
encapsulation_efficiency,ee_mean,ridge_composition,Ridge: composition,composition,2,981,https://doi.org/10.1038/s41587-019-0247-3,60.3,73.4900714781581
encapsulation_efficiency,ee_mean,ridge_composition,Ridge: composition,composition,2,982,https://doi.org/10.1038/s41587-019-0247-3,79.0,66.93748207030622
encapsulation_efficiency,ee_mean,ridge_composition,Ridge: composition,composition,2,983,https://doi.org/10.1038/s41587-019-0247-3,60.3,73.4900714781581
encapsulation_efficiency,ee_mean,ridge_composition,Ridge: composition,composition,2,984,https://doi.org/10.1038/s41587-019-0247-3,50.4,73.4900714781581
encapsulation_efficiency,ee_mean,ridge_composition,Ridge: composition,composition,2,985,https://doi.org/10.1038/s41587-019-0247-3,60.3,64.14754024681142
encapsulation_efficiency,ee_mean,ridge_composition,Ridge: composition,composition,2,986,https://doi.org/10.1038/s41587-019-0247-3,45.5,61.27374202382876
encapsulation_efficiency,ee_mean,ridge_composition,Ridge: composition,composition,2,987,https://doi.org/10.1038/s41587-019-0247-3,54.5,69.1257975446169
encapsulation_efficiency,ee_mean,ridge_composition,Ridge: composition,composition,2,988,https://doi.org/10.1038/s41587-019-0247-3,75.5,79.09571119696786
encapsulation_efficiency,ee_mean,ridge_composition,Ridge: composition,composition,2,989,https://doi.org/10.1038/s41587-019-0247-3,76.5,71.71115076028255
encapsulation_efficiency,ee_mean,ridge_composition,Ridge: composition,composition,2,990,https://doi.org/10.1038/s41587-019-0247-3,45.5,80.25382786304283
encapsulation_efficiency,ee_mean,ridge_composition,Ridge: composition,composition,2,991,https://doi.org/10.1038/s41587-019-0247-3,55.5,81.33221227166617
encapsulation_efficiency,ee_mean,ridge_composition,Ridge: composition,composition,2,992,https://doi.org/10.1038/s41587-019-0247-3,65.6,71.71971414255913
encapsulation_efficiency,ee_mean,ridge_composition,Ridge: composition,composition,3,63,https://doi.org/10.1016/j.omtn.2019.01.013,84.5,75.1139807764339
encapsulation_efficiency,ee_mean,ridge_composition,Ridge: composition,composition,3,64,https://doi.org/10.1016/j.omtn.2019.01.013,84.5,75.1139807764339
encapsulation_efficiency,ee_mean,ridge_composition,Ridge: composition,composition,3,198,10.1002/adma.201606944,60.0,72.5006537767166
encapsulation_efficiency,ee_mean,ridge_composition,Ridge: composition,composition,3,199,10.1002/adma.201606944,60.0,72.5006537767166
encapsulation_efficiency,ee_mean,ridge_composition,Ridge: composition,composition,3,509,https://doi.org/10.34133/bmr.0017,92.3,75.1139807764339
encapsulation_efficiency,ee_mean,ridge_composition,Ridge: composition,composition,3,510,https://doi.org/10.34133/bmr.0017,92.9,75.1139807764339
encapsulation_efficiency,ee_mean,ridge_composition,Ridge: composition,composition,3,511,https://doi.org/10.34133/bmr.0017,91.7,71.61271474037301
encapsulation_efficiency,ee_mean,ridge_composition,Ridge: composition,composition,3,512,https://doi.org/10.34133/bmr.0017,91.1,71.61271474037301
encapsulation_efficiency,ee_mean,ridge_composition,Ridge: composition,composition,3,513,https://doi.org/10.34133/bmr.0017,89.5,71.86130285689794
encapsulation_efficiency,ee_mean,ridge_composition,Ridge: composition,composition,3,641,https://doi.org/10.1016/j.jpha.2024.100996,93.176,74.9668551004103
encapsulation_efficiency,ee_mean,ridge_composition,Ridge: composition,composition,3,642,https://doi.org/10.1016/j.jpha.2024.100996,92.391,75.34712080551078
encapsulation_efficiency,ee_mean,ridge_composition,Ridge: composition,composition,3,643,https://doi.org/10.1016/j.jpha.2024.100996,96.439,75.06004351364697
encapsulation_efficiency,ee_mean,ridge_composition,Ridge: composition,composition,3,644,https://doi.org/10.1016/j.jpha.2024.100996,95.558,75.1139807764339
encapsulation_efficiency,ee_mean,ridge_composition,Ridge: composition,composition,3,645,https://doi.org/10.1016/j.jpha.2024.100996,91.141,75.06004351364697
encapsulation_efficiency,ee_mean,ridge_composition,Ridge: composition,composition,3,646,https://doi.org/10.1016/j.jpha.2024.100996,93.162,75.06004351364697
encapsulation_efficiency,ee_mean,ridge_composition,Ridge: composition,composition,3,647,https://doi.org/10.1016/j.jpha.2024.100996,91.161,75.1139807764339
encapsulation_efficiency,ee_mean,ridge_composition,Ridge: composition,composition,3,648,https://doi.org/10.1016/j.jpha.2024.100996,92.526,75.06004351364697
encapsulation_efficiency,ee_mean,ridge_composition,Ridge: composition,composition,3,649,https://doi.org/10.1016/j.jpha.2024.100996,92.043,75.1139807764339
encapsulation_efficiency,ee_mean,ridge_composition,Ridge: composition,composition,3,650,https://doi.org/10.1016/j.jpha.2024.100996,90.146,75.34712080551078
encapsulation_efficiency,ee_mean,ridge_composition,Ridge: composition,composition,3,651,https://doi.org/10.1016/j.jpha.2024.100996,92.571,74.67447648702652
encapsulation_efficiency,ee_mean,ridge_composition,Ridge: composition,composition,3,652,https://doi.org/10.1016/j.jpha.2024.100996,91.816,74.9668551004103
encapsulation_efficiency,ee_mean,ridge_composition,Ridge: composition,composition,3,653,https://doi.org/10.1016/j.jpha.2024.100996,93.363,75.34712080551078
encapsulation_efficiency,ee_mean,ridge_composition,Ridge: composition,composition,3,654,https://doi.org/10.1016/j.jpha.2024.100996,91.361,75.1139807764339
encapsulation_efficiency,ee_mean,ridge_composition,Ridge: composition,composition,3,655,https://doi.org/10.1016/j.jpha.2024.100996,90.261,74.67447648702652
encapsulation_efficiency,ee_mean,ridge_composition,Ridge: composition,composition,3,656,https://doi.org/10.1016/j.jpha.2024.100996,93.491,74.67447648702652
encapsulation_efficiency,ee_mean,ridge_composition,Ridge: composition,composition,3,657,https://doi.org/10.1016/j.jpha.2024.100996,90.138,75.06004351364697
encapsulation_efficiency,ee_mean,ridge_composition,Ridge: composition,composition,3,658,https://doi.org/10.1016/j.jpha.2024.100996,79.216,75.06004351364697
encapsulation_efficiency,ee_mean,ridge_composition,Ridge: composition,composition,3,659,https://doi.org/10.1016/j.jpha.2024.100996,74.532,74.67447648702652
encapsulation_efficiency,ee_mean,ridge_composition,Ridge: composition,composition,3,660,https://doi.org/10.1016/j.jpha.2024.100996,84.168,74.67447648702652
encapsulation_efficiency,ee_mean,ridge_composition,Ridge: composition,composition,3,661,https://doi.org/10.1016/j.jpha.2024.100996,75.923,75.34712080551078
encapsulation_efficiency,ee_mean,ridge_composition,Ridge: composition,composition,3,662,https://doi.org/10.1016/j.jpha.2024.100996,80.542,75.06004351364697
encapsulation_efficiency,ee_mean,ridge_composition,Ridge: composition,composition,3,663,https://doi.org/10.1016/j.jpha.2024.100996,77.349,75.44913545534517
encapsulation_efficiency,ee_mean,ridge_composition,Ridge: composition,composition,3,664,https://doi.org/10.1016/j.jpha.2024.100996,85.416,75.1139807764339
encapsulation_efficiency,ee_mean,ridge_composition,Ridge: composition,composition,3,716,10.1021/acs.jpcb.5b02891,95.0,82.34423666514442
encapsulation_efficiency,ee_mean,ridge_composition,Ridge: composition,composition,3,717,10.1021/acs.jpcb.5b02891,97.0,82.34423666514442
encapsulation_efficiency,ee_mean,ridge_composition,Ridge: composition,composition,3,718,10.1021/acs.jpcb.5b02891,47.0,79.92704716746215
encapsulation_efficiency,ee_mean,ridge_composition,Ridge: composition,composition,3,719,10.1021/acs.jpcb.5b02891,52.0,79.92704716746215
encapsulation_efficiency,ee_mean,ridge_composition,Ridge: composition,composition,3,736,10.1021/acs.jpcb.5b02891,95.0,82.34423666514442
encapsulation_efficiency,ee_mean,ridge_composition,Ridge: composition,composition,3,737,10.1021/acs.jpcb.5b02891,45.0,79.92704716746215
encapsulation_efficiency,ee_mean,ridge_composition,Ridge: composition,composition,3,738,10.1021/acs.jpcb.5b02891,95.0,82.34423666514442
encapsulation_efficiency,ee_mean,ridge_composition,Ridge: composition,composition,3,739,10.1021/acs.jpcb.5b02891,50.0,79.92704716746215
encapsulation_efficiency,ee_mean,ridge_composition,Ridge: composition,composition,3,875,https://doi.org/10.1101/2023.11.09.565872,88.0,72.24141386813747
encapsulation_efficiency,ee_mean,ridge_composition,Ridge: composition,composition,3,876,https://doi.org/10.1101/2023.11.09.565872,84.0,72.24141386813747
encapsulation_efficiency,ee_mean,ridge_composition,Ridge: composition,composition,4,444,10.1002/anie.201809056,99.0,71.1566523196868
encapsulation_efficiency,ee_mean,ridge_composition,Ridge: composition,composition,4,446,10.1002/anie.201809056,99.0,71.1566523196868
encapsulation_efficiency,ee_mean,ridge_composition,Ridge: composition,composition,4,450,10.1016/j.jconrel.2019.10.028,67.5,86.67775052723249
encapsulation_efficiency,ee_mean,ridge_composition,Ridge: composition,composition,4,451,10.1016/j.jconrel.2019.10.028,33.7,81.85417053070032
encapsulation_efficiency,ee_mean,ridge_composition,Ridge: composition,composition,4,452,10.1016/j.jconrel.2019.10.028,48.9,57.31859025936623
encapsulation_efficiency,ee_mean,ridge_composition,Ridge: composition,composition,4,453,10.1016/j.jconrel.2019.10.028,92.8,60.04634681441348
encapsulation_efficiency,ee_mean,ridge_composition,Ridge: composition,composition,4,454,10.1016/j.jconrel.2019.10.028,95.7,63.430657343725464
encapsulation_efficiency,ee_mean,ridge_composition,Ridge: composition,composition,4,455,10.1016/j.jconrel.2019.10.028,90.7,64.85570103351573
encapsulation_efficiency,ee_mean,ridge_composition,Ridge: composition,composition,4,456,10.1016/j.jconrel.2019.10.028,49.9,63.649425768286136
encapsulation_efficiency,ee_mean,ridge_composition,Ridge: composition,composition,4,457,10.1016/j.jconrel.2019.10.028,91.3,70.74282709100584
encapsulation_efficiency,ee_mean,ridge_composition,Ridge: composition,composition,4,458,10.1016/j.jconrel.2019.10.028,92.7,72.10051329993031
encapsulation_efficiency,ee_mean,ridge_composition,Ridge: composition,composition,4,459,10.1016/j.jconrel.2019.10.028,89.1,73.75457692368234
encapsulation_efficiency,ee_mean,ridge_composition,Ridge: composition,composition,4,460,10.1016/j.jconrel.2019.10.028,89.8,71.1566523196868
encapsulation_efficiency,ee_mean,ridge_composition,Ridge: composition,composition,4,461,10.1016/j.jconrel.2019.10.028,88.4,71.1566523196868
encapsulation_efficiency,ee_mean,ridge_composition,Ridge: composition,composition,4,462,10.1016/j.jconrel.2019.10.028,87.4,71.1566523196868
encapsulation_efficiency,ee_mean,ridge_composition,Ridge: composition,composition,4,463,10.1016/j.jconrel.2019.10.028,76.6,71.1566523196868
encapsulation_efficiency,ee_mean,ridge_composition,Ridge: composition,composition,4,464,10.1016/j.jconrel.2019.10.028,88.7,71.1566523196868
encapsulation_efficiency,ee_mean,ridge_composition,Ridge: composition,composition,4,465,10.1016/j.jconrel.2019.10.028,86.1,71.1566523196868
encapsulation_efficiency,ee_mean,ridge_composition,Ridge: composition,composition,4,778,10.1002/btm2.10580,91.5,64.63413214780486
encapsulation_efficiency,ee_mean,ridge_composition,Ridge: composition,composition,4,779,10.1002/btm2.10580,92.8,71.67053501900001
encapsulation_efficiency,ee_mean,ridge_composition,Ridge: composition,composition,4,780,10.1002/btm2.10580,93.4,89.85275468787142
encapsulation_efficiency,ee_mean,ridge_composition,Ridge: composition,composition,4,781,10.1002/btm2.10580,87.2,77.54292783720622
encapsulation_efficiency,ee_mean,ridge_composition,Ridge: composition,composition,4,782,10.1002/btm2.10580,93.9,71.67053501900001
encapsulation_efficiency,ee_mean,ridge_composition,Ridge: composition,composition,4,783,10.1002/btm2.10580,89.8,77.54292783720622
encapsulation_efficiency,ee_mean,ridge_composition,Ridge: composition,composition,4,784,10.1002/btm2.10580,91.2,71.67053501900001
encapsulation_efficiency,ee_mean,ridge_composition,Ridge: composition,composition,4,785,10.1002/btm2.10580,88.7,78.8803814908335
encapsulation_efficiency,ee_mean,ridge_composition,Ridge: composition,composition,4,913,https://doi.org/10.1038/s41434-022-00370-1,79.0,68.16103849541686
encapsulation_efficiency,ee_mean,ridge_composition,Ridge: composition,composition,4,915,https://doi.org/10.1038/s41434-022-00370-1,95.0,85.27712914272823
encapsulation_efficiency,ee_mean,ridge_composition,Ridge: composition,composition,4,922,https://doi.org/10.1073/pnas.2303567120,85.0,82.92464056192996
encapsulation_efficiency,ee_mean,ridge_composition,Ridge: composition,composition,4,923,https://doi.org/10.1073/pnas.2303567120,85.0,82.92464056192996
encapsulation_efficiency,ee_mean,ridge_composition,Ridge: composition,composition,4,928,https://doi.org/10.1073/pnas.2303567120,85.0,82.92464056192996
encapsulation_efficiency,ee_mean,ridge_composition,Ridge: composition,composition,4,929,https://doi.org/10.1073/pnas.2303567120,85.0,82.92464056192996
encapsulation_efficiency,ee_mean,ridge_composition,Ridge: composition,composition,4,931,https://doi.org/10.1073/pnas.2303567120,60.0,82.92464056192996
encapsulation_efficiency,ee_mean,ridge_composition,Ridge: composition,composition,4,932,https://doi.org/10.1248/cpb.c24-00089,66.5,77.54292783720622
encapsulation_efficiency,ee_mean,ridge_composition,Ridge: composition,composition,4,933,https://doi.org/10.1248/cpb.c24-00089,96.0,77.54292783720622
encapsulation_efficiency,ee_mean,ridge_composition,Ridge: composition,composition,4,934,https://doi.org/10.1248/cpb.c24-00089,96.0,77.54292783720622
encapsulation_efficiency,ee_mean,ridge_composition,Ridge: composition,composition,4,935,https://doi.org/10.1248/cpb.c24-00089,97.0,77.54292783720622
encapsulation_efficiency,ee_mean,ridge_composition,Ridge: composition,composition,4,936,https://doi.org/10.1248/cpb.c24-00089,97.0,77.54292783720622
encapsulation_efficiency,ee_mean,ridge_composition,Ridge: composition,composition,4,937,https://doi.org/10.1248/cpb.c24-00089,96.0,77.54292783720622
encapsulation_efficiency,ee_mean,ridge_composition,Ridge: composition,composition,4,938,https://doi.org/10.1248/cpb.c24-00089,96.0,77.54292783720622
encapsulation_efficiency,ee_mean,ridge_composition,Ridge: composition,composition,4,939,https://doi.org/10.1248/cpb.c24-00089,92.0,77.54292783720622
encapsulation_efficiency,ee_mean,ridge_composition,Ridge: composition,composition,4,940,https://doi.org/10.1248/cpb.c24-00089,97.0,77.54292783720622
encapsulation_efficiency,ee_mean,ridge_composition,Ridge: composition,composition,4,1021,10.1073/pnas.1209367109,93.6,82.52011265267734
encapsulation_efficiency,ee_mean,ridge_composition,Ridge: composition,composition,5,113,https://doi.org/10.1016/j.ymthe.2018.03.010,96.9,74.48386890935389
encapsulation_efficiency,ee_mean,ridge_composition,Ridge: composition,composition,5,114,https://doi.org/10.1016/j.ymthe.2018.03.010,91.8,74.48386890935389
encapsulation_efficiency,ee_mean,ridge_composition,Ridge: composition,composition,5,115,https://doi.org/10.1016/j.ymthe.2018.03.010,90.9,74.48386890935389
encapsulation_efficiency,ee_mean,ridge_composition,Ridge: composition,composition,5,116,https://doi.org/10.1016/j.ymthe.2018.03.010,97.6,74.48386890935389
encapsulation_efficiency,ee_mean,ridge_composition,Ridge: composition,composition,5,117,https://doi.org/10.1016/j.ymthe.2018.03.010,97.5,74.48386890935389
encapsulation_efficiency,ee_mean,ridge_composition,Ridge: composition,composition,5,118,https://doi.org/10.1016/j.ymthe.2018.03.010,97.0,74.48386890935389
encapsulation_efficiency,ee_mean,ridge_composition,Ridge: composition,composition,5,119,https://doi.org/10.1016/j.ymthe.2018.03.010,95.2,74.48386890935389
encapsulation_efficiency,ee_mean,ridge_composition,Ridge: composition,composition,5,120,https://doi.org/10.1016/j.ymthe.2018.03.010,95.8,74.48386890935389
encapsulation_efficiency,ee_mean,ridge_composition,Ridge: composition,composition,5,121,https://doi.org/10.1016/j.ymthe.2018.03.010,97.4,74.48386890935389
encapsulation_efficiency,ee_mean,ridge_composition,Ridge: composition,composition,5,122,https://doi.org/10.1016/j.ymthe.2018.03.010,98.3,74.48386890935389
encapsulation_efficiency,ee_mean,ridge_composition,Ridge: composition,composition,5,123,https://doi.org/10.1016/j.ymthe.2018.03.010,97.3,74.48386890935389
encapsulation_efficiency,ee_mean,ridge_composition,Ridge: composition,composition,5,563,10.1039/C9NR02004G,85.0,75.52076947099006
encapsulation_efficiency,ee_mean,ridge_composition,Ridge: composition,composition,5,635,10.1021/jacs.2c12893,88.31,72.94023540478743
encapsulation_efficiency,ee_mean,ridge_composition,Ridge: composition,composition,5,636,10.1021/jacs.2c12893,89.45,74.48386890935389
encapsulation_efficiency,ee_mean,ridge_composition,Ridge: composition,composition,5,756,https://doi.org/10.1016/j.ijpharm.2023.123050,96.0,74.48386890935389
encapsulation_efficiency,ee_mean,ridge_composition,Ridge: composition,composition,5,763,https://doi.org/10.1016/j.ijpharm.2023.123050,94.0,74.48386890935389
encapsulation_efficiency,ee_mean,ridge_composition,Ridge: composition,composition,5,773,https://doi.org/10.1016/j.ijpharm.2023.123050,96.0,72.94023540478743
encapsulation_efficiency,ee_mean,ridge_composition,Ridge: composition,composition,5,862,https://doi.org/10.1016/j.jconrel.2025.01.071,80.0,75.32106019969441
encapsulation_efficiency,ee_mean,ridge_composition,Ridge: composition,composition,5,863,https://doi.org/10.1016/j.jconrel.2025.01.071,80.0,75.32106019969441
encapsulation_efficiency,ee_mean,ridge_composition,Ridge: composition,composition,5,864,https://doi.org/10.1016/j.jconrel.2025.01.071,80.0,75.32106019969441
encapsulation_efficiency,ee_mean,ridge_composition,Ridge: composition,composition,5,865,https://doi.org/10.1016/j.jconrel.2025.01.071,80.0,75.32106019969441
encapsulation_efficiency,ee_mean,ridge_composition,Ridge: composition,composition,5,866,https://doi.org/10.1016/j.jconrel.2025.01.071,80.0,75.32106019969441
encapsulation_efficiency,ee_mean,ridge_composition,Ridge: composition,composition,5,867,https://doi.org/10.1016/j.jconrel.2025.01.071,80.0,75.32106019969441
encapsulation_efficiency,ee_mean,ridge_composition,Ridge: composition,composition,5,868,https://doi.org/10.1016/j.jconrel.2025.01.071,80.0,75.32106019969441
encapsulation_efficiency,ee_mean,ridge_composition,Ridge: composition,composition,5,869,https://doi.org/10.1016/j.jconrel.2025.01.071,80.0,75.32106019969441
encapsulation_efficiency,ee_mean,ridge_composition,Ridge: composition,composition,5,870,https://doi.org/10.1016/j.jconrel.2025.01.071,60.0,75.32106019969441
encapsulation_efficiency,ee_mean,ridge_composition,Ridge: composition,composition,5,911,https://doi.org/10.1101/2024.09.27.614859,95.0,74.48386890935389
encapsulation_efficiency,ee_mean,ridge_composition,Ridge: composition,composition,5,1005,10.1002/smll.201805097,31.1,72.94023540478743
encapsulation_efficiency,ee_mean,ridge_composition,Ridge: composition,composition,5,1006,10.1002/smll.201805097,89.7,72.94023540478743
encapsulation_efficiency,ee_mean,ridge_composition,Ridge: composition,composition,5,1007,10.1002/smll.201805097,93.6,72.94023540478743
encapsulation_efficiency,ee_mean,ridge_composition,Ridge: composition,composition,5,1008,10.1002/smll.201805097,89.3,72.94023540478743
encapsulation_efficiency,ee_mean,ridge_composition,Ridge: composition,composition,5,1009,10.1002/smll.201805097,89.7,72.94023540478743
encapsulation_efficiency,ee_mean,ridge_composition,Ridge: composition,composition,5,1010,10.1002/smll.201805097,84.7,72.94023540478743
encapsulation_efficiency,ee_mean,ridge_composition,Ridge: composition,composition,5,1011,10.1002/smll.201805097,88.1,72.94023540478743
encapsulation_efficiency,ee_mean,ridge_composition,Ridge: composition,composition,5,1012,10.1002/smll.201805097,86.2,72.94023540478743
encapsulation_efficiency,ee_mean,ridge_composition,Ridge: composition,composition,5,1013,10.1002/smll.201805097,82.1,72.94023540478743
encapsulation_efficiency,ee_mean,ridge_composition,Ridge: composition,composition,5,1014,10.1002/smll.201805097,69.0,72.94023540478743
encapsulation_efficiency,ee_mean,ridge_composition,Ridge: composition,composition,5,1015,10.1002/smll.201805097,64.4,72.94023540478743
encapsulation_efficiency,ee_mean,ridge_composition,Ridge: composition,composition,5,1088,https://dx.doi.org/10.1021/acs.nanolett.0c01386,95.0,77.4360407456273
encapsulation_efficiency,ee_mean,ridge_composition,Ridge: composition,composition,5,1089,https://dx.doi.org/10.1021/acs.nanolett.0c01386,92.0,77.4360407456273
encapsulation_efficiency,ee_mean,ridge_composition,Ridge: composition,composition,5,1090,https://dx.doi.org/10.1021/acs.nanolett.0c01386,90.0,77.4360407456273
encapsulation_efficiency,ee_mean,ridge_composition,Ridge: composition,composition,5,1091,https://dx.doi.org/10.1021/acs.nanolett.0c01386,88.0,77.4360407456273
encapsulation_efficiency,ee_mean,ridge_composition,Ridge: composition,composition,5,1092,https://dx.doi.org/10.1021/acs.nanolett.0c01386,85.0,77.4360407456273
encapsulation_efficiency,ee_mean,rf_composition,RF: composition,composition,1,202,https://doi.org/10.1038/s41467-024-45422-9,52.8,78.7989020218576
encapsulation_efficiency,ee_mean,rf_composition,RF: composition,composition,1,203,https://doi.org/10.1038/s41467-024-45422-9,69.7,78.7989020218576
encapsulation_efficiency,ee_mean,rf_composition,RF: composition,composition,1,204,https://doi.org/10.1038/s41467-024-45422-9,57.4,78.7989020218576
encapsulation_efficiency,ee_mean,rf_composition,RF: composition,composition,1,205,https://doi.org/10.1038/s41467-024-45422-9,63.0,78.7989020218576
encapsulation_efficiency,ee_mean,rf_composition,RF: composition,composition,1,206,https://doi.org/10.1038/s41467-024-45422-9,51.5,78.7989020218576
encapsulation_efficiency,ee_mean,rf_composition,RF: composition,composition,1,207,https://doi.org/10.1038/s41467-024-45422-9,76.9,78.7989020218576
encapsulation_efficiency,ee_mean,rf_composition,RF: composition,composition,1,208,https://doi.org/10.1038/s41467-024-45422-9,73.4,78.7989020218576
encapsulation_efficiency,ee_mean,rf_composition,RF: composition,composition,1,209,https://doi.org/10.1038/s41467-024-45422-9,77.6,78.7989020218576
encapsulation_efficiency,ee_mean,rf_composition,RF: composition,composition,1,210,https://doi.org/10.1038/s41467-024-45422-9,71.6,78.7989020218576
encapsulation_efficiency,ee_mean,rf_composition,RF: composition,composition,1,211,https://doi.org/10.1038/s41467-024-45422-9,78.3,78.7989020218576
encapsulation_efficiency,ee_mean,rf_composition,RF: composition,composition,1,212,https://doi.org/10.1038/s41467-024-45422-9,73.0,78.7989020218576
encapsulation_efficiency,ee_mean,rf_composition,RF: composition,composition,1,213,https://doi.org/10.1038/s41467-024-45422-9,74.5,78.7989020218576
encapsulation_efficiency,ee_mean,rf_composition,RF: composition,composition,1,214,https://doi.org/10.1038/s41467-024-45422-9,54.4,78.7989020218576
encapsulation_efficiency,ee_mean,rf_composition,RF: composition,composition,1,215,https://doi.org/10.1038/s41467-024-45422-9,59.8,78.7989020218576
encapsulation_efficiency,ee_mean,rf_composition,RF: composition,composition,1,216,https://doi.org/10.1038/s41467-024-45422-9,51.3,78.7989020218576
encapsulation_efficiency,ee_mean,rf_composition,RF: composition,composition,1,217,https://doi.org/10.1038/s41467-024-45422-9,75.1,78.7989020218576
encapsulation_efficiency,ee_mean,rf_composition,RF: composition,composition,1,218,https://doi.org/10.1038/s41467-024-45422-9,54.8,78.7989020218576
encapsulation_efficiency,ee_mean,rf_composition,RF: composition,composition,1,219,https://doi.org/10.1038/s41467-024-45422-9,85.6,78.7989020218576
encapsulation_efficiency,ee_mean,rf_composition,RF: composition,composition,1,220,https://doi.org/10.1038/s41467-024-45422-9,84.3,78.7989020218576
encapsulation_efficiency,ee_mean,rf_composition,RF: composition,composition,1,221,https://doi.org/10.1038/s41467-024-45422-9,75.1,78.7989020218576
encapsulation_efficiency,ee_mean,rf_composition,RF: composition,composition,1,222,https://doi.org/10.1038/s41467-024-45422-9,85.7,78.7989020218576
encapsulation_efficiency,ee_mean,rf_composition,RF: composition,composition,1,223,https://doi.org/10.1038/s41467-024-45422-9,77.3,78.7989020218576
encapsulation_efficiency,ee_mean,rf_composition,RF: composition,composition,1,224,https://doi.org/10.1038/s41467-024-45422-9,71.9,78.7989020218576
encapsulation_efficiency,ee_mean,rf_composition,RF: composition,composition,1,225,https://doi.org/10.1038/s41467-024-45422-9,87.1,78.7989020218576
encapsulation_efficiency,ee_mean,rf_composition,RF: composition,composition,1,227,https://doi.org/10.1038/s41467-024-45422-9,48.1,78.7989020218576
encapsulation_efficiency,ee_mean,rf_composition,RF: composition,composition,1,228,https://doi.org/10.1038/s41467-024-45422-9,66.2,78.7989020218576
encapsulation_efficiency,ee_mean,rf_composition,RF: composition,composition,1,229,https://doi.org/10.1038/s41467-024-45422-9,54.9,78.7989020218576
encapsulation_efficiency,ee_mean,rf_composition,RF: composition,composition,1,230,https://doi.org/10.1038/s41467-024-45422-9,50.9,78.7989020218576
encapsulation_efficiency,ee_mean,rf_composition,RF: composition,composition,1,231,https://doi.org/10.1038/s41467-024-45422-9,48.7,78.7989020218576
encapsulation_efficiency,ee_mean,rf_composition,RF: composition,composition,1,232,https://doi.org/10.1038/s41467-024-45422-9,69.4,78.7989020218576
encapsulation_efficiency,ee_mean,rf_composition,RF: composition,composition,1,233,https://doi.org/10.1038/s41467-024-45422-9,54.9,78.7989020218576
encapsulation_efficiency,ee_mean,rf_composition,RF: composition,composition,1,234,https://doi.org/10.1038/s41467-024-45422-9,73.2,78.7989020218576
encapsulation_efficiency,ee_mean,rf_composition,RF: composition,composition,1,235,https://doi.org/10.1038/s41467-024-45422-9,53.1,78.7989020218576
encapsulation_efficiency,ee_mean,rf_composition,RF: composition,composition,1,236,https://doi.org/10.1038/s41467-024-45422-9,64.1,78.7989020218576
encapsulation_efficiency,ee_mean,rf_composition,RF: composition,composition,1,237,https://doi.org/10.1038/s41467-024-45422-9,57.3,78.7989020218576
encapsulation_efficiency,ee_mean,rf_composition,RF: composition,composition,1,238,https://doi.org/10.1038/s41467-024-45422-9,58.4,78.7989020218576
encapsulation_efficiency,ee_mean,rf_composition,RF: composition,composition,1,239,https://doi.org/10.1038/s41467-024-45422-9,39.2,78.7989020218576
encapsulation_efficiency,ee_mean,rf_composition,RF: composition,composition,1,240,https://doi.org/10.1038/s41467-024-45422-9,42.5,78.7989020218576
encapsulation_efficiency,ee_mean,rf_composition,RF: composition,composition,1,241,https://doi.org/10.1038/s41467-024-45422-9,48.8,78.7989020218576
encapsulation_efficiency,ee_mean,rf_composition,RF: composition,composition,1,242,https://doi.org/10.1038/s41467-024-45422-9,49.6,78.7989020218576
encapsulation_efficiency,ee_mean,rf_composition,RF: composition,composition,1,243,https://doi.org/10.1038/s41467-024-45422-9,46.8,78.7989020218576
encapsulation_efficiency,ee_mean,rf_composition,RF: composition,composition,1,244,https://doi.org/10.1038/s41467-024-45422-9,37.0,78.7989020218576
encapsulation_efficiency,ee_mean,rf_composition,RF: composition,composition,1,245,https://doi.org/10.1038/s41467-024-45422-9,53.4,78.7989020218576
encapsulation_efficiency,ee_mean,rf_composition,RF: composition,composition,1,246,https://doi.org/10.1038/s41467-024-45422-9,77.9,78.7989020218576
encapsulation_efficiency,ee_mean,rf_composition,RF: composition,composition,1,247,https://doi.org/10.1038/s41467-024-45422-9,60.2,78.7989020218576
encapsulation_efficiency,ee_mean,rf_composition,RF: composition,composition,1,248,https://doi.org/10.1038/s41467-024-45422-9,66.7,78.7989020218576
encapsulation_efficiency,ee_mean,rf_composition,RF: composition,composition,1,249,https://doi.org/10.1038/s41467-024-45422-9,45.5,78.7989020218576
encapsulation_efficiency,ee_mean,rf_composition,RF: composition,composition,1,250,https://doi.org/10.1038/s41467-024-45422-9,63.3,78.7989020218576
encapsulation_efficiency,ee_mean,rf_composition,RF: composition,composition,1,251,https://doi.org/10.1038/s41467-024-45422-9,78.5,78.7989020218576
encapsulation_efficiency,ee_mean,rf_composition,RF: composition,composition,1,252,https://doi.org/10.1038/s41467-024-45422-9,78.8,78.7989020218576
encapsulation_efficiency,ee_mean,rf_composition,RF: composition,composition,1,253,https://doi.org/10.1038/s41467-024-45422-9,79.3,78.7989020218576
encapsulation_efficiency,ee_mean,rf_composition,RF: composition,composition,1,254,https://doi.org/10.1038/s41467-024-45422-9,77.9,78.7989020218576
encapsulation_efficiency,ee_mean,rf_composition,RF: composition,composition,1,255,https://doi.org/10.1038/s41467-024-45422-9,79.0,78.7989020218576
encapsulation_efficiency,ee_mean,rf_composition,RF: composition,composition,1,256,https://doi.org/10.1038/s41467-024-45422-9,79.4,78.7989020218576
encapsulation_efficiency,ee_mean,rf_composition,RF: composition,composition,1,257,https://doi.org/10.1038/s41467-024-45422-9,57.8,78.7989020218576
encapsulation_efficiency,ee_mean,rf_composition,RF: composition,composition,1,258,https://doi.org/10.1038/s41467-024-45422-9,63.9,78.7989020218576
encapsulation_efficiency,ee_mean,rf_composition,RF: composition,composition,1,259,https://doi.org/10.1038/s41467-024-45422-9,41.8,78.7989020218576
encapsulation_efficiency,ee_mean,rf_composition,RF: composition,composition,1,260,https://doi.org/10.1038/s41467-024-45422-9,40.6,78.7989020218576
encapsulation_efficiency,ee_mean,rf_composition,RF: composition,composition,1,261,https://doi.org/10.1038/s41467-024-45422-9,57.6,78.7989020218576
encapsulation_efficiency,ee_mean,rf_composition,RF: composition,composition,1,262,https://doi.org/10.1038/s41467-024-45422-9,59.2,78.7989020218576
encapsulation_efficiency,ee_mean,rf_composition,RF: composition,composition,1,263,https://doi.org/10.1038/s41467-024-45422-9,46.9,78.7989020218576
encapsulation_efficiency,ee_mean,rf_composition,RF: composition,composition,1,264,https://doi.org/10.1038/s41467-024-45422-9,65.6,78.7989020218576
encapsulation_efficiency,ee_mean,rf_composition,RF: composition,composition,1,265,https://doi.org/10.1038/s41467-024-45422-9,54.3,78.7989020218576
encapsulation_efficiency,ee_mean,rf_composition,RF: composition,composition,1,266,https://doi.org/10.1038/s41467-024-45422-9,48.0,78.7989020218576
encapsulation_efficiency,ee_mean,rf_composition,RF: composition,composition,1,267,https://doi.org/10.1038/s41467-024-45422-9,47.1,78.7989020218576
encapsulation_efficiency,ee_mean,rf_composition,RF: composition,composition,1,268,https://doi.org/10.1038/s41467-024-45422-9,37.2,78.7989020218576
encapsulation_efficiency,ee_mean,rf_composition,RF: composition,composition,1,269,https://doi.org/10.1038/s41467-024-45422-9,77.8,78.7989020218576
encapsulation_efficiency,ee_mean,rf_composition,RF: composition,composition,1,270,https://doi.org/10.1038/s41467-024-45422-9,84.0,78.7989020218576
encapsulation_efficiency,ee_mean,rf_composition,RF: composition,composition,1,271,https://doi.org/10.1038/s41467-024-45422-9,74.6,78.7989020218576
encapsulation_efficiency,ee_mean,rf_composition,RF: composition,composition,1,272,https://doi.org/10.1038/s41467-024-45422-9,82.2,78.7989020218576
encapsulation_efficiency,ee_mean,rf_composition,RF: composition,composition,1,273,https://doi.org/10.1038/s41467-024-45422-9,81.0,78.7989020218576
encapsulation_efficiency,ee_mean,rf_composition,RF: composition,composition,1,274,https://doi.org/10.1038/s41467-024-45422-9,79.8,78.7989020218576
encapsulation_efficiency,ee_mean,rf_composition,RF: composition,composition,1,275,https://doi.org/10.1038/s41467-024-45422-9,85.2,78.7989020218576
encapsulation_efficiency,ee_mean,rf_composition,RF: composition,composition,1,276,https://doi.org/10.1038/s41467-024-45422-9,81.2,78.7989020218576
encapsulation_efficiency,ee_mean,rf_composition,RF: composition,composition,1,277,https://doi.org/10.1038/s41467-024-45422-9,85.1,78.7989020218576
encapsulation_efficiency,ee_mean,rf_composition,RF: composition,composition,1,278,https://doi.org/10.1038/s41467-024-45422-9,85.3,78.7989020218576
encapsulation_efficiency,ee_mean,rf_composition,RF: composition,composition,1,279,https://doi.org/10.1038/s41467-024-45422-9,80.6,78.7989020218576
encapsulation_efficiency,ee_mean,rf_composition,RF: composition,composition,1,280,https://doi.org/10.1038/s41467-024-45422-9,80.6,78.7989020218576
encapsulation_efficiency,ee_mean,rf_composition,RF: composition,composition,1,281,https://doi.org/10.1038/s41467-024-45422-9,83.1,78.7989020218576
encapsulation_efficiency,ee_mean,rf_composition,RF: composition,composition,1,282,https://doi.org/10.1038/s41467-024-45422-9,82.4,78.7989020218576
encapsulation_efficiency,ee_mean,rf_composition,RF: composition,composition,1,283,https://doi.org/10.1038/s41467-024-45422-9,78.5,78.7989020218576
encapsulation_efficiency,ee_mean,rf_composition,RF: composition,composition,1,284,https://doi.org/10.1038/s41467-024-45422-9,79.7,78.7989020218576
encapsulation_efficiency,ee_mean,rf_composition,RF: composition,composition,1,285,https://doi.org/10.1038/s41467-024-45422-9,82.4,78.7989020218576
encapsulation_efficiency,ee_mean,rf_composition,RF: composition,composition,1,286,https://doi.org/10.1038/s41467-024-45422-9,83.4,78.7989020218576
encapsulation_efficiency,ee_mean,rf_composition,RF: composition,composition,1,288,https://doi.org/10.1038/s41467-024-45422-9,84.2,78.7989020218576
encapsulation_efficiency,ee_mean,rf_composition,RF: composition,composition,1,289,https://doi.org/10.1038/s41467-024-45422-9,81.8,78.7989020218576
encapsulation_efficiency,ee_mean,rf_composition,RF: composition,composition,1,290,https://doi.org/10.1038/s41467-024-45422-9,86.8,78.7989020218576
encapsulation_efficiency,ee_mean,rf_composition,RF: composition,composition,1,291,https://doi.org/10.1038/s41467-024-45422-9,82.4,78.7989020218576
encapsulation_efficiency,ee_mean,rf_composition,RF: composition,composition,1,292,https://doi.org/10.1038/s41467-024-45422-9,83.2,78.7989020218576
encapsulation_efficiency,ee_mean,rf_composition,RF: composition,composition,1,293,https://doi.org/10.1038/s41467-024-45422-9,75.9,78.7989020218576
encapsulation_efficiency,ee_mean,rf_composition,RF: composition,composition,1,294,https://doi.org/10.1038/s41467-024-45422-9,85.5,78.7989020218576
encapsulation_efficiency,ee_mean,rf_composition,RF: composition,composition,1,295,https://doi.org/10.1038/s41467-024-45422-9,73.8,78.7989020218576
encapsulation_efficiency,ee_mean,rf_composition,RF: composition,composition,1,296,https://doi.org/10.1038/s41467-024-45422-9,75.1,78.7989020218576
encapsulation_efficiency,ee_mean,rf_composition,RF: composition,composition,1,297,https://doi.org/10.1038/s41467-024-45422-9,80.4,78.7989020218576
encapsulation_efficiency,ee_mean,rf_composition,RF: composition,composition,1,298,https://doi.org/10.1038/s41467-024-45422-9,84.9,78.7989020218576
encapsulation_efficiency,ee_mean,rf_composition,RF: composition,composition,2,109,10.1021/acs.nanolett.5b02497,27.0,85.14413324261608
encapsulation_efficiency,ee_mean,rf_composition,RF: composition,composition,2,110,10.1021/acs.nanolett.5b02497,48.0,81.32465341076266
encapsulation_efficiency,ee_mean,rf_composition,RF: composition,composition,2,575,10.1002/jbm.a.37705,47.0,70.72820095139143
encapsulation_efficiency,ee_mean,rf_composition,RF: composition,composition,2,576,10.1002/jbm.a.37705,95.0,70.72820095139143
encapsulation_efficiency,ee_mean,rf_composition,RF: composition,composition,2,578,10.1002/jbm.a.37705,87.0,70.72820095139143
encapsulation_efficiency,ee_mean,rf_composition,RF: composition,composition,2,803,https://doi.org/10.1038/s41467-022-33157-4,94.2,85.14413324261608
encapsulation_efficiency,ee_mean,rf_composition,RF: composition,composition,2,807,https://doi.org/10.1038/s41467-022-33157-4,94.2,85.14413324261608
encapsulation_efficiency,ee_mean,rf_composition,RF: composition,composition,2,812,https://doi.org/10.1038/s41467-022-33157-4,95.6,85.14413324261608
encapsulation_efficiency,ee_mean,rf_composition,RF: composition,composition,2,885,https://doi.org/10.1021/acs.nanolett.1c01353,82.3,70.72820095139143
encapsulation_efficiency,ee_mean,rf_composition,RF: composition,composition,2,959,https://doi.org/10.1038/s41587-019-0247-3,45.5,86.74966739411181
encapsulation_efficiency,ee_mean,rf_composition,RF: composition,composition,2,960,https://doi.org/10.1038/s41587-019-0247-3,61.3,84.38442636344438
encapsulation_efficiency,ee_mean,rf_composition,RF: composition,composition,2,961,https://doi.org/10.1038/s41587-019-0247-3,55.3,77.92829316859986
encapsulation_efficiency,ee_mean,rf_composition,RF: composition,composition,2,962,https://doi.org/10.1038/s41587-019-0247-3,60.6,69.02634192755474
encapsulation_efficiency,ee_mean,rf_composition,RF: composition,composition,2,963,https://doi.org/10.1038/s41587-019-0247-3,25.5,77.92829316859986
encapsulation_efficiency,ee_mean,rf_composition,RF: composition,composition,2,964,https://doi.org/10.1038/s41587-019-0247-3,64.7,84.51168440044313
encapsulation_efficiency,ee_mean,rf_composition,RF: composition,composition,2,965,https://doi.org/10.1038/s41587-019-0247-3,57.9,75.7032580158408
encapsulation_efficiency,ee_mean,rf_composition,RF: composition,composition,2,966,https://doi.org/10.1038/s41587-019-0247-3,22.5,62.77077188150434
encapsulation_efficiency,ee_mean,rf_composition,RF: composition,composition,2,967,https://doi.org/10.1038/s41587-019-0247-3,96.4,77.92829316859986
encapsulation_efficiency,ee_mean,rf_composition,RF: composition,composition,2,968,https://doi.org/10.1038/s41587-019-0247-3,59.5,77.92829316859986
encapsulation_efficiency,ee_mean,rf_composition,RF: composition,composition,2,969,https://doi.org/10.1038/s41587-019-0247-3,56.4,62.68370892262988
encapsulation_efficiency,ee_mean,rf_composition,RF: composition,composition,2,970,https://doi.org/10.1038/s41587-019-0247-3,68.1,77.92829316859986
encapsulation_efficiency,ee_mean,rf_composition,RF: composition,composition,2,971,https://doi.org/10.1038/s41587-019-0247-3,64.3,88.49065566451043
encapsulation_efficiency,ee_mean,rf_composition,RF: composition,composition,2,972,https://doi.org/10.1038/s41587-019-0247-3,57.2,73.07658640432342
encapsulation_efficiency,ee_mean,rf_composition,RF: composition,composition,2,973,https://doi.org/10.1038/s41587-019-0247-3,57.5,77.92829316859986
encapsulation_efficiency,ee_mean,rf_composition,RF: composition,composition,2,974,https://doi.org/10.1038/s41587-019-0247-3,65.2,83.9090500263563
encapsulation_efficiency,ee_mean,rf_composition,RF: composition,composition,2,975,https://doi.org/10.1038/s41587-019-0247-3,21.7,85.04066172048985
encapsulation_efficiency,ee_mean,rf_composition,RF: composition,composition,2,976,https://doi.org/10.1038/s41587-019-0247-3,70.2,77.92829316859986
encapsulation_efficiency,ee_mean,rf_composition,RF: composition,composition,2,977,https://doi.org/10.1038/s41587-019-0247-3,53.9,83.4146775950473
encapsulation_efficiency,ee_mean,rf_composition,RF: composition,composition,2,978,https://doi.org/10.1038/s41587-019-0247-3,41.3,71.29394504813975
encapsulation_efficiency,ee_mean,rf_composition,RF: composition,composition,2,979,https://doi.org/10.1038/s41587-019-0247-3,98.9,70.35216243679096
encapsulation_efficiency,ee_mean,rf_composition,RF: composition,composition,2,980,https://doi.org/10.1038/s41587-019-0247-3,9.4,75.97452686342551
encapsulation_efficiency,ee_mean,rf_composition,RF: composition,composition,2,981,https://doi.org/10.1038/s41587-019-0247-3,60.3,70.72820095139143
encapsulation_efficiency,ee_mean,rf_composition,RF: composition,composition,2,982,https://doi.org/10.1038/s41587-019-0247-3,79.0,71.65679297243949
encapsulation_efficiency,ee_mean,rf_composition,RF: composition,composition,2,983,https://doi.org/10.1038/s41587-019-0247-3,60.3,70.72820095139143
encapsulation_efficiency,ee_mean,rf_composition,RF: composition,composition,2,984,https://doi.org/10.1038/s41587-019-0247-3,50.4,70.72820095139143
encapsulation_efficiency,ee_mean,rf_composition,RF: composition,composition,2,985,https://doi.org/10.1038/s41587-019-0247-3,60.3,84.38442636344438
encapsulation_efficiency,ee_mean,rf_composition,RF: composition,composition,2,986,https://doi.org/10.1038/s41587-019-0247-3,45.5,84.6809995258774
encapsulation_efficiency,ee_mean,rf_composition,RF: composition,composition,2,987,https://doi.org/10.1038/s41587-019-0247-3,54.5,80.04172353005004
encapsulation_efficiency,ee_mean,rf_composition,RF: composition,composition,2,988,https://doi.org/10.1038/s41587-019-0247-3,75.5,86.74342262180046
encapsulation_efficiency,ee_mean,rf_composition,RF: composition,composition,2,989,https://doi.org/10.1038/s41587-019-0247-3,76.5,86.34860272638667
encapsulation_efficiency,ee_mean,rf_composition,RF: composition,composition,2,990,https://doi.org/10.1038/s41587-019-0247-3,45.5,86.74966739411181
encapsulation_efficiency,ee_mean,rf_composition,RF: composition,composition,2,991,https://doi.org/10.1038/s41587-019-0247-3,55.5,78.85428817722833
encapsulation_efficiency,ee_mean,rf_composition,RF: composition,composition,2,992,https://doi.org/10.1038/s41587-019-0247-3,65.6,72.73596944584615
encapsulation_efficiency,ee_mean,rf_composition,RF: composition,composition,3,63,https://doi.org/10.1016/j.omtn.2019.01.013,84.5,93.7703336025204
encapsulation_efficiency,ee_mean,rf_composition,RF: composition,composition,3,64,https://doi.org/10.1016/j.omtn.2019.01.013,84.5,93.7703336025204
encapsulation_efficiency,ee_mean,rf_composition,RF: composition,composition,3,198,10.1002/adma.201606944,60.0,70.97511259851407
encapsulation_efficiency,ee_mean,rf_composition,RF: composition,composition,3,199,10.1002/adma.201606944,60.0,70.97511259851407
encapsulation_efficiency,ee_mean,rf_composition,RF: composition,composition,3,509,https://doi.org/10.34133/bmr.0017,92.3,93.7703336025204
encapsulation_efficiency,ee_mean,rf_composition,RF: composition,composition,3,510,https://doi.org/10.34133/bmr.0017,92.9,93.7703336025204
encapsulation_efficiency,ee_mean,rf_composition,RF: composition,composition,3,511,https://doi.org/10.34133/bmr.0017,91.7,71.05198301265055
encapsulation_efficiency,ee_mean,rf_composition,RF: composition,composition,3,512,https://doi.org/10.34133/bmr.0017,91.1,71.05198301265055
encapsulation_efficiency,ee_mean,rf_composition,RF: composition,composition,3,513,https://doi.org/10.34133/bmr.0017,89.5,63.9728990738935
encapsulation_efficiency,ee_mean,rf_composition,RF: composition,composition,3,641,https://doi.org/10.1016/j.jpha.2024.100996,93.176,66.16731572977453
encapsulation_efficiency,ee_mean,rf_composition,RF: composition,composition,3,642,https://doi.org/10.1016/j.jpha.2024.100996,92.391,78.31720649419046
encapsulation_efficiency,ee_mean,rf_composition,RF: composition,composition,3,643,https://doi.org/10.1016/j.jpha.2024.100996,96.439,93.7703336025204
encapsulation_efficiency,ee_mean,rf_composition,RF: composition,composition,3,644,https://doi.org/10.1016/j.jpha.2024.100996,95.558,93.7703336025204
encapsulation_efficiency,ee_mean,rf_composition,RF: composition,composition,3,645,https://doi.org/10.1016/j.jpha.2024.100996,91.141,93.7703336025204
encapsulation_efficiency,ee_mean,rf_composition,RF: composition,composition,3,646,https://doi.org/10.1016/j.jpha.2024.100996,93.162,93.7703336025204
encapsulation_efficiency,ee_mean,rf_composition,RF: composition,composition,3,647,https://doi.org/10.1016/j.jpha.2024.100996,91.161,93.7703336025204
encapsulation_efficiency,ee_mean,rf_composition,RF: composition,composition,3,648,https://doi.org/10.1016/j.jpha.2024.100996,92.526,93.7703336025204
encapsulation_efficiency,ee_mean,rf_composition,RF: composition,composition,3,649,https://doi.org/10.1016/j.jpha.2024.100996,92.043,93.7703336025204
encapsulation_efficiency,ee_mean,rf_composition,RF: composition,composition,3,650,https://doi.org/10.1016/j.jpha.2024.100996,90.146,78.31720649419046
encapsulation_efficiency,ee_mean,rf_composition,RF: composition,composition,3,651,https://doi.org/10.1016/j.jpha.2024.100996,92.571,80.0863417532371
encapsulation_efficiency,ee_mean,rf_composition,RF: composition,composition,3,652,https://doi.org/10.1016/j.jpha.2024.100996,91.816,66.16731572977453
encapsulation_efficiency,ee_mean,rf_composition,RF: composition,composition,3,653,https://doi.org/10.1016/j.jpha.2024.100996,93.363,78.31720649419046
encapsulation_efficiency,ee_mean,rf_composition,RF: composition,composition,3,654,https://doi.org/10.1016/j.jpha.2024.100996,91.361,93.7703336025204
encapsulation_efficiency,ee_mean,rf_composition,RF: composition,composition,3,655,https://doi.org/10.1016/j.jpha.2024.100996,90.261,80.0863417532371
encapsulation_efficiency,ee_mean,rf_composition,RF: composition,composition,3,656,https://doi.org/10.1016/j.jpha.2024.100996,93.491,80.0863417532371
encapsulation_efficiency,ee_mean,rf_composition,RF: composition,composition,3,657,https://doi.org/10.1016/j.jpha.2024.100996,90.138,93.7703336025204
encapsulation_efficiency,ee_mean,rf_composition,RF: composition,composition,3,658,https://doi.org/10.1016/j.jpha.2024.100996,79.216,93.7703336025204
encapsulation_efficiency,ee_mean,rf_composition,RF: composition,composition,3,659,https://doi.org/10.1016/j.jpha.2024.100996,74.532,80.0863417532371
encapsulation_efficiency,ee_mean,rf_composition,RF: composition,composition,3,660,https://doi.org/10.1016/j.jpha.2024.100996,84.168,80.0863417532371
encapsulation_efficiency,ee_mean,rf_composition,RF: composition,composition,3,661,https://doi.org/10.1016/j.jpha.2024.100996,75.923,78.31720649419046
encapsulation_efficiency,ee_mean,rf_composition,RF: composition,composition,3,662,https://doi.org/10.1016/j.jpha.2024.100996,80.542,93.7703336025204
encapsulation_efficiency,ee_mean,rf_composition,RF: composition,composition,3,663,https://doi.org/10.1016/j.jpha.2024.100996,77.349,65.11628412990383
encapsulation_efficiency,ee_mean,rf_composition,RF: composition,composition,3,664,https://doi.org/10.1016/j.jpha.2024.100996,85.416,93.7703336025204
encapsulation_efficiency,ee_mean,rf_composition,RF: composition,composition,3,716,10.1021/acs.jpcb.5b02891,95.0,79.29907211269875
encapsulation_efficiency,ee_mean,rf_composition,RF: composition,composition,3,717,10.1021/acs.jpcb.5b02891,97.0,79.29907211269875
encapsulation_efficiency,ee_mean,rf_composition,RF: composition,composition,3,718,10.1021/acs.jpcb.5b02891,47.0,65.91462857834414
encapsulation_efficiency,ee_mean,rf_composition,RF: composition,composition,3,719,10.1021/acs.jpcb.5b02891,52.0,65.91462857834414
encapsulation_efficiency,ee_mean,rf_composition,RF: composition,composition,3,736,10.1021/acs.jpcb.5b02891,95.0,79.29907211269875
encapsulation_efficiency,ee_mean,rf_composition,RF: composition,composition,3,737,10.1021/acs.jpcb.5b02891,45.0,65.91462857834414
encapsulation_efficiency,ee_mean,rf_composition,RF: composition,composition,3,738,10.1021/acs.jpcb.5b02891,95.0,79.29907211269875
encapsulation_efficiency,ee_mean,rf_composition,RF: composition,composition,3,739,10.1021/acs.jpcb.5b02891,50.0,65.91462857834414
encapsulation_efficiency,ee_mean,rf_composition,RF: composition,composition,3,875,https://doi.org/10.1101/2023.11.09.565872,88.0,89.4691878485224
encapsulation_efficiency,ee_mean,rf_composition,RF: composition,composition,3,876,https://doi.org/10.1101/2023.11.09.565872,84.0,89.4691878485224
encapsulation_efficiency,ee_mean,rf_composition,RF: composition,composition,4,444,10.1002/anie.201809056,99.0,69.44677371721745
encapsulation_efficiency,ee_mean,rf_composition,RF: composition,composition,4,446,10.1002/anie.201809056,99.0,69.44677371721745
encapsulation_efficiency,ee_mean,rf_composition,RF: composition,composition,4,450,10.1016/j.jconrel.2019.10.028,67.5,59.10774485121435
encapsulation_efficiency,ee_mean,rf_composition,RF: composition,composition,4,451,10.1016/j.jconrel.2019.10.028,33.7,55.82342810275848
encapsulation_efficiency,ee_mean,rf_composition,RF: composition,composition,4,452,10.1016/j.jconrel.2019.10.028,48.9,58.61963298676887
encapsulation_efficiency,ee_mean,rf_composition,RF: composition,composition,4,453,10.1016/j.jconrel.2019.10.028,92.8,65.16837842566328
encapsulation_efficiency,ee_mean,rf_composition,RF: composition,composition,4,454,10.1016/j.jconrel.2019.10.028,95.7,63.98819620273576
encapsulation_efficiency,ee_mean,rf_composition,RF: composition,composition,4,455,10.1016/j.jconrel.2019.10.028,90.7,56.2237936090772
encapsulation_efficiency,ee_mean,rf_composition,RF: composition,composition,4,456,10.1016/j.jconrel.2019.10.028,49.9,56.95192503764863
encapsulation_efficiency,ee_mean,rf_composition,RF: composition,composition,4,457,10.1016/j.jconrel.2019.10.028,91.3,64.60072999847198
encapsulation_efficiency,ee_mean,rf_composition,RF: composition,composition,4,458,10.1016/j.jconrel.2019.10.028,92.7,68.10508901009428
encapsulation_efficiency,ee_mean,rf_composition,RF: composition,composition,4,459,10.1016/j.jconrel.2019.10.028,89.1,72.48641241552056
encapsulation_efficiency,ee_mean,rf_composition,RF: composition,composition,4,460,10.1016/j.jconrel.2019.10.028,89.8,69.44677371721745
encapsulation_efficiency,ee_mean,rf_composition,RF: composition,composition,4,461,10.1016/j.jconrel.2019.10.028,88.4,69.44677371721745
encapsulation_efficiency,ee_mean,rf_composition,RF: composition,composition,4,462,10.1016/j.jconrel.2019.10.028,87.4,69.44677371721745
encapsulation_efficiency,ee_mean,rf_composition,RF: composition,composition,4,463,10.1016/j.jconrel.2019.10.028,76.6,69.44677371721745
encapsulation_efficiency,ee_mean,rf_composition,RF: composition,composition,4,464,10.1016/j.jconrel.2019.10.028,88.7,69.44677371721745
encapsulation_efficiency,ee_mean,rf_composition,RF: composition,composition,4,465,10.1016/j.jconrel.2019.10.028,86.1,69.44677371721745
encapsulation_efficiency,ee_mean,rf_composition,RF: composition,composition,4,778,10.1002/btm2.10580,91.5,72.31268631839333
encapsulation_efficiency,ee_mean,rf_composition,RF: composition,composition,4,779,10.1002/btm2.10580,92.8,79.84537169581291
encapsulation_efficiency,ee_mean,rf_composition,RF: composition,composition,4,780,10.1002/btm2.10580,93.4,57.66505688620095
encapsulation_efficiency,ee_mean,rf_composition,RF: composition,composition,4,781,10.1002/btm2.10580,87.2,93.26795974582089
encapsulation_efficiency,ee_mean,rf_composition,RF: composition,composition,4,782,10.1002/btm2.10580,93.9,79.84537169581291
encapsulation_efficiency,ee_mean,rf_composition,RF: composition,composition,4,783,10.1002/btm2.10580,89.8,93.26795974582089
encapsulation_efficiency,ee_mean,rf_composition,RF: composition,composition,4,784,10.1002/btm2.10580,91.2,79.84537169581291
encapsulation_efficiency,ee_mean,rf_composition,RF: composition,composition,4,785,10.1002/btm2.10580,88.7,80.3209871982177
encapsulation_efficiency,ee_mean,rf_composition,RF: composition,composition,4,913,https://doi.org/10.1038/s41434-022-00370-1,79.0,61.02417298010971
encapsulation_efficiency,ee_mean,rf_composition,RF: composition,composition,4,915,https://doi.org/10.1038/s41434-022-00370-1,95.0,75.1700919477557
encapsulation_efficiency,ee_mean,rf_composition,RF: composition,composition,4,922,https://doi.org/10.1073/pnas.2303567120,85.0,83.80956716685509
encapsulation_efficiency,ee_mean,rf_composition,RF: composition,composition,4,923,https://doi.org/10.1073/pnas.2303567120,85.0,83.80956716685509
encapsulation_efficiency,ee_mean,rf_composition,RF: composition,composition,4,928,https://doi.org/10.1073/pnas.2303567120,85.0,83.80956716685509
encapsulation_efficiency,ee_mean,rf_composition,RF: composition,composition,4,929,https://doi.org/10.1073/pnas.2303567120,85.0,83.80956716685509
encapsulation_efficiency,ee_mean,rf_composition,RF: composition,composition,4,931,https://doi.org/10.1073/pnas.2303567120,60.0,83.80956716685509
encapsulation_efficiency,ee_mean,rf_composition,RF: composition,composition,4,932,https://doi.org/10.1248/cpb.c24-00089,66.5,93.26795974582089
encapsulation_efficiency,ee_mean,rf_composition,RF: composition,composition,4,933,https://doi.org/10.1248/cpb.c24-00089,96.0,93.26795974582089
encapsulation_efficiency,ee_mean,rf_composition,RF: composition,composition,4,934,https://doi.org/10.1248/cpb.c24-00089,96.0,93.26795974582089
encapsulation_efficiency,ee_mean,rf_composition,RF: composition,composition,4,935,https://doi.org/10.1248/cpb.c24-00089,97.0,93.26795974582089
encapsulation_efficiency,ee_mean,rf_composition,RF: composition,composition,4,936,https://doi.org/10.1248/cpb.c24-00089,97.0,93.26795974582089
encapsulation_efficiency,ee_mean,rf_composition,RF: composition,composition,4,937,https://doi.org/10.1248/cpb.c24-00089,96.0,93.26795974582089
encapsulation_efficiency,ee_mean,rf_composition,RF: composition,composition,4,938,https://doi.org/10.1248/cpb.c24-00089,96.0,93.26795974582089
encapsulation_efficiency,ee_mean,rf_composition,RF: composition,composition,4,939,https://doi.org/10.1248/cpb.c24-00089,92.0,93.26795974582089
encapsulation_efficiency,ee_mean,rf_composition,RF: composition,composition,4,940,https://doi.org/10.1248/cpb.c24-00089,97.0,93.26795974582089
encapsulation_efficiency,ee_mean,rf_composition,RF: composition,composition,4,1021,10.1073/pnas.1209367109,93.6,59.210988729336115
encapsulation_efficiency,ee_mean,rf_composition,RF: composition,composition,5,113,https://doi.org/10.1016/j.ymthe.2018.03.010,96.9,91.03640879869079
encapsulation_efficiency,ee_mean,rf_composition,RF: composition,composition,5,114,https://doi.org/10.1016/j.ymthe.2018.03.010,91.8,91.03640879869079
encapsulation_efficiency,ee_mean,rf_composition,RF: composition,composition,5,115,https://doi.org/10.1016/j.ymthe.2018.03.010,90.9,91.03640879869079
encapsulation_efficiency,ee_mean,rf_composition,RF: composition,composition,5,116,https://doi.org/10.1016/j.ymthe.2018.03.010,97.6,91.03640879869079
encapsulation_efficiency,ee_mean,rf_composition,RF: composition,composition,5,117,https://doi.org/10.1016/j.ymthe.2018.03.010,97.5,91.03640879869079
encapsulation_efficiency,ee_mean,rf_composition,RF: composition,composition,5,118,https://doi.org/10.1016/j.ymthe.2018.03.010,97.0,91.03640879869079
encapsulation_efficiency,ee_mean,rf_composition,RF: composition,composition,5,119,https://doi.org/10.1016/j.ymthe.2018.03.010,95.2,91.03640879869079
encapsulation_efficiency,ee_mean,rf_composition,RF: composition,composition,5,120,https://doi.org/10.1016/j.ymthe.2018.03.010,95.8,91.03640879869079
encapsulation_efficiency,ee_mean,rf_composition,RF: composition,composition,5,121,https://doi.org/10.1016/j.ymthe.2018.03.010,97.4,91.03640879869079
encapsulation_efficiency,ee_mean,rf_composition,RF: composition,composition,5,122,https://doi.org/10.1016/j.ymthe.2018.03.010,98.3,91.03640879869079
encapsulation_efficiency,ee_mean,rf_composition,RF: composition,composition,5,123,https://doi.org/10.1016/j.ymthe.2018.03.010,97.3,91.03640879869079
encapsulation_efficiency,ee_mean,rf_composition,RF: composition,composition,5,563,10.1039/C9NR02004G,85.0,85.9694232350526
encapsulation_efficiency,ee_mean,rf_composition,RF: composition,composition,5,635,10.1021/jacs.2c12893,88.31,69.47156935556046
encapsulation_efficiency,ee_mean,rf_composition,RF: composition,composition,5,636,10.1021/jacs.2c12893,89.45,91.03640879869079
encapsulation_efficiency,ee_mean,rf_composition,RF: composition,composition,5,756,https://doi.org/10.1016/j.ijpharm.2023.123050,96.0,91.03640879869079
encapsulation_efficiency,ee_mean,rf_composition,RF: composition,composition,5,763,https://doi.org/10.1016/j.ijpharm.2023.123050,94.0,91.03640879869079
encapsulation_efficiency,ee_mean,rf_composition,RF: composition,composition,5,773,https://doi.org/10.1016/j.ijpharm.2023.123050,96.0,69.47156935556046
encapsulation_efficiency,ee_mean,rf_composition,RF: composition,composition,5,862,https://doi.org/10.1016/j.jconrel.2025.01.071,80.0,86.50296374582183
encapsulation_efficiency,ee_mean,rf_composition,RF: composition,composition,5,863,https://doi.org/10.1016/j.jconrel.2025.01.071,80.0,86.50296374582183
encapsulation_efficiency,ee_mean,rf_composition,RF: composition,composition,5,864,https://doi.org/10.1016/j.jconrel.2025.01.071,80.0,86.50296374582183
encapsulation_efficiency,ee_mean,rf_composition,RF: composition,composition,5,865,https://doi.org/10.1016/j.jconrel.2025.01.071,80.0,86.50296374582183
encapsulation_efficiency,ee_mean,rf_composition,RF: composition,composition,5,866,https://doi.org/10.1016/j.jconrel.2025.01.071,80.0,86.50296374582183
encapsulation_efficiency,ee_mean,rf_composition,RF: composition,composition,5,867,https://doi.org/10.1016/j.jconrel.2025.01.071,80.0,86.50296374582183
encapsulation_efficiency,ee_mean,rf_composition,RF: composition,composition,5,868,https://doi.org/10.1016/j.jconrel.2025.01.071,80.0,86.50296374582183
encapsulation_efficiency,ee_mean,rf_composition,RF: composition,composition,5,869,https://doi.org/10.1016/j.jconrel.2025.01.071,80.0,86.50296374582183
encapsulation_efficiency,ee_mean,rf_composition,RF: composition,composition,5,870,https://doi.org/10.1016/j.jconrel.2025.01.071,60.0,86.50296374582183
encapsulation_efficiency,ee_mean,rf_composition,RF: composition,composition,5,911,https://doi.org/10.1101/2024.09.27.614859,95.0,91.03640879869079
encapsulation_efficiency,ee_mean,rf_composition,RF: composition,composition,5,1005,10.1002/smll.201805097,31.1,69.47156935556046
encapsulation_efficiency,ee_mean,rf_composition,RF: composition,composition,5,1006,10.1002/smll.201805097,89.7,69.47156935556046
encapsulation_efficiency,ee_mean,rf_composition,RF: composition,composition,5,1007,10.1002/smll.201805097,93.6,69.47156935556046
encapsulation_efficiency,ee_mean,rf_composition,RF: composition,composition,5,1008,10.1002/smll.201805097,89.3,69.47156935556046
encapsulation_efficiency,ee_mean,rf_composition,RF: composition,composition,5,1009,10.1002/smll.201805097,89.7,69.47156935556046
encapsulation_efficiency,ee_mean,rf_composition,RF: composition,composition,5,1010,10.1002/smll.201805097,84.7,69.47156935556046
encapsulation_efficiency,ee_mean,rf_composition,RF: composition,composition,5,1011,10.1002/smll.201805097,88.1,69.47156935556046
encapsulation_efficiency,ee_mean,rf_composition,RF: composition,composition,5,1012,10.1002/smll.201805097,86.2,69.47156935556046
encapsulation_efficiency,ee_mean,rf_composition,RF: composition,composition,5,1013,10.1002/smll.201805097,82.1,69.47156935556046
encapsulation_efficiency,ee_mean,rf_composition,RF: composition,composition,5,1014,10.1002/smll.201805097,69.0,69.47156935556046
encapsulation_efficiency,ee_mean,rf_composition,RF: composition,composition,5,1015,10.1002/smll.201805097,64.4,69.47156935556046
encapsulation_efficiency,ee_mean,rf_composition,RF: composition,composition,5,1088,https://dx.doi.org/10.1021/acs.nanolett.0c01386,95.0,78.04668733949849
encapsulation_efficiency,ee_mean,rf_composition,RF: composition,composition,5,1089,https://dx.doi.org/10.1021/acs.nanolett.0c01386,92.0,78.04668733949849
encapsulation_efficiency,ee_mean,rf_composition,RF: composition,composition,5,1090,https://dx.doi.org/10.1021/acs.nanolett.0c01386,90.0,78.04668733949849
encapsulation_efficiency,ee_mean,rf_composition,RF: composition,composition,5,1091,https://dx.doi.org/10.1021/acs.nanolett.0c01386,88.0,78.04668733949849
encapsulation_efficiency,ee_mean,rf_composition,RF: composition,composition,5,1092,https://dx.doi.org/10.1021/acs.nanolett.0c01386,85.0,78.04668733949849
encapsulation_efficiency,ee_mean,ridge_descriptors,Ridge: descriptors,descriptors,1,202,https://doi.org/10.1038/s41467-024-45422-9,52.8,111.68487771405846
encapsulation_efficiency,ee_mean,ridge_descriptors,Ridge: descriptors,descriptors,1,203,https://doi.org/10.1038/s41467-024-45422-9,69.7,109.43120881067298
encapsulation_efficiency,ee_mean,ridge_descriptors,Ridge: descriptors,descriptors,1,204,https://doi.org/10.1038/s41467-024-45422-9,57.4,101.93657761665251
encapsulation_efficiency,ee_mean,ridge_descriptors,Ridge: descriptors,descriptors,1,205,https://doi.org/10.1038/s41467-024-45422-9,63.0,97.32577935624218
encapsulation_efficiency,ee_mean,ridge_descriptors,Ridge: descriptors,descriptors,1,206,https://doi.org/10.1038/s41467-024-45422-9,51.5,105.15879277765076
encapsulation_efficiency,ee_mean,ridge_descriptors,Ridge: descriptors,descriptors,1,207,https://doi.org/10.1038/s41467-024-45422-9,76.9,105.95360420360343
encapsulation_efficiency,ee_mean,ridge_descriptors,Ridge: descriptors,descriptors,1,208,https://doi.org/10.1038/s41467-024-45422-9,73.4,110.30664848012606
encapsulation_efficiency,ee_mean,ridge_descriptors,Ridge: descriptors,descriptors,1,209,https://doi.org/10.1038/s41467-024-45422-9,77.6,108.48291031915645
encapsulation_efficiency,ee_mean,ridge_descriptors,Ridge: descriptors,descriptors,1,210,https://doi.org/10.1038/s41467-024-45422-9,71.6,101.06892804960185
encapsulation_efficiency,ee_mean,ridge_descriptors,Ridge: descriptors,descriptors,1,211,https://doi.org/10.1038/s41467-024-45422-9,78.3,96.5308370538628
encapsulation_efficiency,ee_mean,ridge_descriptors,Ridge: descriptors,descriptors,1,212,https://doi.org/10.1038/s41467-024-45422-9,73.0,104.2911432106001
encapsulation_efficiency,ee_mean,ridge_descriptors,Ridge: descriptors,descriptors,1,213,https://doi.org/10.1038/s41467-024-45422-9,74.5,105.08595463655277
encapsulation_efficiency,ee_mean,ridge_descriptors,Ridge: descriptors,descriptors,1,214,https://doi.org/10.1038/s41467-024-45422-9,54.4,110.30664848012606
encapsulation_efficiency,ee_mean,ridge_descriptors,Ridge: descriptors,descriptors,1,215,https://doi.org/10.1038/s41467-024-45422-9,59.8,108.48291031915645
encapsulation_efficiency,ee_mean,ridge_descriptors,Ridge: descriptors,descriptors,1,216,https://doi.org/10.1038/s41467-024-45422-9,51.3,101.06892804960185
encapsulation_efficiency,ee_mean,ridge_descriptors,Ridge: descriptors,descriptors,1,217,https://doi.org/10.1038/s41467-024-45422-9,75.1,96.5308370538628
encapsulation_efficiency,ee_mean,ridge_descriptors,Ridge: descriptors,descriptors,1,218,https://doi.org/10.1038/s41467-024-45422-9,54.8,104.2911432106001
encapsulation_efficiency,ee_mean,ridge_descriptors,Ridge: descriptors,descriptors,1,219,https://doi.org/10.1038/s41467-024-45422-9,85.6,105.08595463655277
encapsulation_efficiency,ee_mean,ridge_descriptors,Ridge: descriptors,descriptors,1,220,https://doi.org/10.1038/s41467-024-45422-9,84.3,109.16818831407943
encapsulation_efficiency,ee_mean,ridge_descriptors,Ridge: descriptors,descriptors,1,221,https://doi.org/10.1038/s41467-024-45422-9,75.1,107.68796801677706
encapsulation_efficiency,ee_mean,ridge_descriptors,Ridge: descriptors,descriptors,1,222,https://doi.org/10.1038/s41467-024-45422-9,85.7,100.33976117521958
encapsulation_efficiency,ee_mean,ridge_descriptors,Ridge: descriptors,descriptors,1,223,https://doi.org/10.1038/s41467-024-45422-9,77.3,95.86136799714109
encapsulation_efficiency,ee_mean,ridge_descriptors,Ridge: descriptors,descriptors,1,224,https://doi.org/10.1038/s41467-024-45422-9,71.9,103.56197633621782
encapsulation_efficiency,ee_mean,ridge_descriptors,Ridge: descriptors,descriptors,1,225,https://doi.org/10.1038/s41467-024-45422-9,87.1,104.3567877621705
encapsulation_efficiency,ee_mean,ridge_descriptors,Ridge: descriptors,descriptors,1,227,https://doi.org/10.1038/s41467-024-45422-9,48.1,108.21988982256289
encapsulation_efficiency,ee_mean,ridge_descriptors,Ridge: descriptors,descriptors,1,228,https://doi.org/10.1038/s41467-024-45422-9,66.2,107.01849896005535
encapsulation_efficiency,ee_mean,ridge_descriptors,Ridge: descriptors,descriptors,1,229,https://doi.org/10.1038/s41467-024-45422-9,54.9,99.7246388712701
encapsulation_efficiency,ee_mean,ridge_descriptors,Ridge: descriptors,descriptors,1,230,https://doi.org/10.1038/s41467-024-45422-9,50.9,95.29586248682146
encapsulation_efficiency,ee_mean,ridge_descriptors,Ridge: descriptors,descriptors,1,231,https://doi.org/10.1038/s41467-024-45422-9,48.7,102.94685403226835
encapsulation_efficiency,ee_mean,ridge_descriptors,Ridge: descriptors,descriptors,1,232,https://doi.org/10.1038/s41467-024-45422-9,69.4,103.74166545822102
encapsulation_efficiency,ee_mean,ridge_descriptors,Ridge: descriptors,descriptors,1,233,https://doi.org/10.1038/s41467-024-45422-9,54.9,107.42494752018351
encapsulation_efficiency,ee_mean,ridge_descriptors,Ridge: descriptors,descriptors,1,234,https://doi.org/10.1038/s41467-024-45422-9,73.2,106.45299344973571
encapsulation_efficiency,ee_mean,ridge_descriptors,Ridge: descriptors,descriptors,1,235,https://doi.org/10.1038/s41467-024-45422-9,53.1,99.20455370934795
encapsulation_efficiency,ee_mean,ridge_descriptors,Ridge: descriptors,descriptors,1,236,https://doi.org/10.1038/s41467-024-45422-9,64.1,94.8174615694333
encapsulation_efficiency,ee_mean,ridge_descriptors,Ridge: descriptors,descriptors,1,237,https://doi.org/10.1038/s41467-024-45422-9,57.3,102.4267688703462
encapsulation_efficiency,ee_mean,ridge_descriptors,Ridge: descriptors,descriptors,1,238,https://doi.org/10.1038/s41467-024-45422-9,58.4,103.22158029629887
encapsulation_efficiency,ee_mean,ridge_descriptors,Ridge: descriptors,descriptors,1,239,https://doi.org/10.1038/s41467-024-45422-9,39.2,113.38944115109885
encapsulation_efficiency,ee_mean,ridge_descriptors,Ridge: descriptors,descriptors,1,240,https://doi.org/10.1038/s41467-024-45422-9,42.5,112.20306226619678
encapsulation_efficiency,ee_mean,ridge_descriptors,Ridge: descriptors,descriptors,1,241,https://doi.org/10.1038/s41467-024-45422-9,48.8,104.9084616282529
encapsulation_efficiency,ee_mean,ridge_descriptors,Ridge: descriptors,descriptors,1,242,https://doi.org/10.1038/s41467-024-45422-9,49.6,100.47770377443379
encapsulation_efficiency,ee_mean,ridge_descriptors,Ridge: descriptors,descriptors,1,243,https://doi.org/10.1038/s41467-024-45422-9,46.8,108.13067678925114
encapsulation_efficiency,ee_mean,ridge_descriptors,Ridge: descriptors,descriptors,1,244,https://doi.org/10.1038/s41467-024-45422-9,37.0,108.92548821520381
encapsulation_efficiency,ee_mean,ridge_descriptors,Ridge: descriptors,descriptors,1,245,https://doi.org/10.1038/s41467-024-45422-9,53.4,112.25982198269577
encapsulation_efficiency,ee_mean,ridge_descriptors,Ridge: descriptors,descriptors,1,246,https://doi.org/10.1038/s41467-024-45422-9,77.9,111.38263305857416
encapsulation_efficiency,ee_mean,ridge_descriptors,Ridge: descriptors,descriptors,1,247,https://doi.org/10.1038/s41467-024-45422-9,60.2,104.15026553352979
encapsulation_efficiency,ee_mean,ridge_descriptors,Ridge: descriptors,descriptors,1,248,https://doi.org/10.1038/s41467-024-45422-9,66.7,99.77694488800041
encapsulation_efficiency,ee_mean,ridge_descriptors,Ridge: descriptors,descriptors,1,249,https://doi.org/10.1038/s41467-024-45422-9,45.5,107.37248069452806
encapsulation_efficiency,ee_mean,ridge_descriptors,Ridge: descriptors,descriptors,1,250,https://doi.org/10.1038/s41467-024-45422-9,63.3,108.16729212048074
encapsulation_efficiency,ee_mean,ridge_descriptors,Ridge: descriptors,descriptors,1,251,https://doi.org/10.1038/s41467-024-45422-9,78.5,112.25982198269577
encapsulation_efficiency,ee_mean,ridge_descriptors,Ridge: descriptors,descriptors,1,252,https://doi.org/10.1038/s41467-024-45422-9,78.8,111.38263305857416
encapsulation_efficiency,ee_mean,ridge_descriptors,Ridge: descriptors,descriptors,1,253,https://doi.org/10.1038/s41467-024-45422-9,79.3,104.15026553352979
encapsulation_efficiency,ee_mean,ridge_descriptors,Ridge: descriptors,descriptors,1,254,https://doi.org/10.1038/s41467-024-45422-9,77.9,99.77694488800041
encapsulation_efficiency,ee_mean,ridge_descriptors,Ridge: descriptors,descriptors,1,255,https://doi.org/10.1038/s41467-024-45422-9,79.0,107.37248069452806
encapsulation_efficiency,ee_mean,ridge_descriptors,Ridge: descriptors,descriptors,1,256,https://doi.org/10.1038/s41467-024-45422-9,79.4,108.16729212048074
encapsulation_efficiency,ee_mean,ridge_descriptors,Ridge: descriptors,descriptors,1,257,https://doi.org/10.1038/s41467-024-45422-9,57.8,111.3718142407545
encapsulation_efficiency,ee_mean,ridge_descriptors,Ridge: descriptors,descriptors,1,258,https://doi.org/10.1038/s41467-024-45422-9,63.9,110.73499611959551
encapsulation_efficiency,ee_mean,ridge_descriptors,Ridge: descriptors,descriptors,1,259,https://doi.org/10.1038/s41467-024-45422-9,41.8,103.5518571611164
encapsulation_efficiency,ee_mean,ridge_descriptors,Ridge: descriptors,descriptors,1,260,https://doi.org/10.1038/s41467-024-45422-9,40.6,99.22424323615466
encapsulation_efficiency,ee_mean,ridge_descriptors,Ridge: descriptors,descriptors,1,261,https://doi.org/10.1038/s41467-024-45422-9,57.6,106.77407232211466
encapsulation_efficiency,ee_mean,ridge_descriptors,Ridge: descriptors,descriptors,1,262,https://doi.org/10.1038/s41467-024-45422-9,59.2,107.56888374806734
encapsulation_efficiency,ee_mean,ridge_descriptors,Ridge: descriptors,descriptors,1,263,https://doi.org/10.1038/s41467-024-45422-9,46.9,110.11835370247536
encapsulation_efficiency,ee_mean,ridge_descriptors,Ridge: descriptors,descriptors,1,264,https://doi.org/10.1038/s41467-024-45422-9,65.6,109.82574752265141
encapsulation_efficiency,ee_mean,ridge_descriptors,Ridge: descriptors,descriptors,1,265,https://doi.org/10.1038/s41467-024-45422-9,54.3,102.71456279148639
encapsulation_efficiency,ee_mean,ridge_descriptors,Ridge: descriptors,descriptors,1,266,https://doi.org/10.1038/s41467-024-45422-9,48.0,98.45423489244742
encapsulation_efficiency,ee_mean,ridge_descriptors,Ridge: descriptors,descriptors,1,267,https://doi.org/10.1038/s41467-024-45422-9,47.1,105.93677795248465
encapsulation_efficiency,ee_mean,ridge_descriptors,Ridge: descriptors,descriptors,1,268,https://doi.org/10.1038/s41467-024-45422-9,37.2,106.73158937843732
encapsulation_efficiency,ee_mean,ridge_descriptors,Ridge: descriptors,descriptors,1,269,https://doi.org/10.1038/s41467-024-45422-9,77.8,104.00266008453677
encapsulation_efficiency,ee_mean,ridge_descriptors,Ridge: descriptors,descriptors,1,270,https://doi.org/10.1038/s41467-024-45422-9,84.0,102.17892192356715
encapsulation_efficiency,ee_mean,ridge_descriptors,Ridge: descriptors,descriptors,1,271,https://doi.org/10.1038/s41467-024-45422-9,74.6,94.76493965401255
encapsulation_efficiency,ee_mean,ridge_descriptors,Ridge: descriptors,descriptors,1,272,https://doi.org/10.1038/s41467-024-45422-9,82.2,90.2268486582735
encapsulation_efficiency,ee_mean,ridge_descriptors,Ridge: descriptors,descriptors,1,273,https://doi.org/10.1038/s41467-024-45422-9,81.0,97.9871548150108
encapsulation_efficiency,ee_mean,ridge_descriptors,Ridge: descriptors,descriptors,1,274,https://doi.org/10.1038/s41467-024-45422-9,79.8,98.78196624096347
encapsulation_efficiency,ee_mean,ridge_descriptors,Ridge: descriptors,descriptors,1,275,https://doi.org/10.1038/s41467-024-45422-9,85.2,107.06739306825466
encapsulation_efficiency,ee_mean,ridge_descriptors,Ridge: descriptors,descriptors,1,276,https://doi.org/10.1038/s41467-024-45422-9,81.2,113.50078422734867
encapsulation_efficiency,ee_mean,ridge_descriptors,Ridge: descriptors,descriptors,1,277,https://doi.org/10.1038/s41467-024-45422-9,85.1,104.4212165358548
encapsulation_efficiency,ee_mean,ridge_descriptors,Ridge: descriptors,descriptors,1,278,https://doi.org/10.1038/s41467-024-45422-9,85.3,106.36556454713433
encapsulation_efficiency,ee_mean,ridge_descriptors,Ridge: descriptors,descriptors,1,279,https://doi.org/10.1038/s41467-024-45422-9,80.6,109.32416690776269
encapsulation_efficiency,ee_mean,ridge_descriptors,Ridge: descriptors,descriptors,1,280,https://doi.org/10.1038/s41467-024-45422-9,80.6,109.32416690776269
encapsulation_efficiency,ee_mean,ridge_descriptors,Ridge: descriptors,descriptors,1,281,https://doi.org/10.1038/s41467-024-45422-9,83.1,111.75754343345274
encapsulation_efficiency,ee_mean,ridge_descriptors,Ridge: descriptors,descriptors,1,282,https://doi.org/10.1038/s41467-024-45422-9,82.4,111.94038606834135
encapsulation_efficiency,ee_mean,ridge_descriptors,Ridge: descriptors,descriptors,1,283,https://doi.org/10.1038/s41467-024-45422-9,78.5,107.87511409195983
encapsulation_efficiency,ee_mean,ridge_descriptors,Ridge: descriptors,descriptors,1,284,https://doi.org/10.1038/s41467-024-45422-9,79.7,108.91946987670116
encapsulation_efficiency,ee_mean,ridge_descriptors,Ridge: descriptors,descriptors,1,285,https://doi.org/10.1038/s41467-024-45422-9,82.4,103.46107748950718
encapsulation_efficiency,ee_mean,ridge_descriptors,Ridge: descriptors,descriptors,1,286,https://doi.org/10.1038/s41467-024-45422-9,83.4,101.2057239766315
encapsulation_efficiency,ee_mean,ridge_descriptors,Ridge: descriptors,descriptors,1,288,https://doi.org/10.1038/s41467-024-45422-9,84.2,116.50908652137466
encapsulation_efficiency,ee_mean,ridge_descriptors,Ridge: descriptors,descriptors,1,289,https://doi.org/10.1038/s41467-024-45422-9,81.8,105.96612756387947
encapsulation_efficiency,ee_mean,ridge_descriptors,Ridge: descriptors,descriptors,1,290,https://doi.org/10.1038/s41467-024-45422-9,86.8,111.97323635042747
encapsulation_efficiency,ee_mean,ridge_descriptors,Ridge: descriptors,descriptors,1,291,https://doi.org/10.1038/s41467-024-45422-9,82.4,107.77785663113545
encapsulation_efficiency,ee_mean,ridge_descriptors,Ridge: descriptors,descriptors,1,292,https://doi.org/10.1038/s41467-024-45422-9,83.2,115.75089042665157
encapsulation_efficiency,ee_mean,ridge_descriptors,Ridge: descriptors,descriptors,1,293,https://doi.org/10.1038/s41467-024-45422-9,75.9,113.29733643741531
encapsulation_efficiency,ee_mean,ridge_descriptors,Ridge: descriptors,descriptors,1,294,https://doi.org/10.1038/s41467-024-45422-9,85.5,114.8045715362712
encapsulation_efficiency,ee_mean,ridge_descriptors,Ridge: descriptors,descriptors,1,295,https://doi.org/10.1038/s41467-024-45422-9,73.8,111.50265815586181
encapsulation_efficiency,ee_mean,ridge_descriptors,Ridge: descriptors,descriptors,1,296,https://doi.org/10.1038/s41467-024-45422-9,75.1,113.89532293932709
encapsulation_efficiency,ee_mean,ridge_descriptors,Ridge: descriptors,descriptors,1,297,https://doi.org/10.1038/s41467-024-45422-9,80.4,110.8547592335577
encapsulation_efficiency,ee_mean,ridge_descriptors,Ridge: descriptors,descriptors,1,298,https://doi.org/10.1038/s41467-024-45422-9,84.9,104.51666082731207
encapsulation_efficiency,ee_mean,ridge_descriptors,Ridge: descriptors,descriptors,2,109,10.1021/acs.nanolett.5b02497,27.0,79.21784652945213
encapsulation_efficiency,ee_mean,ridge_descriptors,Ridge: descriptors,descriptors,2,110,10.1021/acs.nanolett.5b02497,48.0,79.21784652945213
encapsulation_efficiency,ee_mean,ridge_descriptors,Ridge: descriptors,descriptors,2,575,10.1002/jbm.a.37705,47.0,78.36225110679325
encapsulation_efficiency,ee_mean,ridge_descriptors,Ridge: descriptors,descriptors,2,576,10.1002/jbm.a.37705,95.0,78.92875185988474
encapsulation_efficiency,ee_mean,ridge_descriptors,Ridge: descriptors,descriptors,2,578,10.1002/jbm.a.37705,87.0,79.21784652945213
encapsulation_efficiency,ee_mean,ridge_descriptors,Ridge: descriptors,descriptors,2,803,https://doi.org/10.1038/s41467-022-33157-4,94.2,86.00350407187116
encapsulation_efficiency,ee_mean,ridge_descriptors,Ridge: descriptors,descriptors,2,807,https://doi.org/10.1038/s41467-022-33157-4,94.2,86.00350407187116
encapsulation_efficiency,ee_mean,ridge_descriptors,Ridge: descriptors,descriptors,2,812,https://doi.org/10.1038/s41467-022-33157-4,95.6,86.00350407187116
encapsulation_efficiency,ee_mean,ridge_descriptors,Ridge: descriptors,descriptors,2,885,https://doi.org/10.1021/acs.nanolett.1c01353,82.3,79.21784652945213
encapsulation_efficiency,ee_mean,ridge_descriptors,Ridge: descriptors,descriptors,2,959,https://doi.org/10.1038/s41587-019-0247-3,45.5,78.0174762211928
encapsulation_efficiency,ee_mean,ridge_descriptors,Ridge: descriptors,descriptors,2,960,https://doi.org/10.1038/s41587-019-0247-3,61.3,78.0174762211928
encapsulation_efficiency,ee_mean,ridge_descriptors,Ridge: descriptors,descriptors,2,961,https://doi.org/10.1038/s41587-019-0247-3,55.3,78.0174762211928
encapsulation_efficiency,ee_mean,ridge_descriptors,Ridge: descriptors,descriptors,2,962,https://doi.org/10.1038/s41587-019-0247-3,60.6,78.0174762211928
encapsulation_efficiency,ee_mean,ridge_descriptors,Ridge: descriptors,descriptors,2,963,https://doi.org/10.1038/s41587-019-0247-3,25.5,78.0174762211928
encapsulation_efficiency,ee_mean,ridge_descriptors,Ridge: descriptors,descriptors,2,964,https://doi.org/10.1038/s41587-019-0247-3,64.7,78.0174762211928
encapsulation_efficiency,ee_mean,ridge_descriptors,Ridge: descriptors,descriptors,2,965,https://doi.org/10.1038/s41587-019-0247-3,57.9,78.0174762211928
encapsulation_efficiency,ee_mean,ridge_descriptors,Ridge: descriptors,descriptors,2,966,https://doi.org/10.1038/s41587-019-0247-3,22.5,78.0174762211928
encapsulation_efficiency,ee_mean,ridge_descriptors,Ridge: descriptors,descriptors,2,967,https://doi.org/10.1038/s41587-019-0247-3,96.4,78.0174762211928
encapsulation_efficiency,ee_mean,ridge_descriptors,Ridge: descriptors,descriptors,2,968,https://doi.org/10.1038/s41587-019-0247-3,59.5,78.0174762211928
encapsulation_efficiency,ee_mean,ridge_descriptors,Ridge: descriptors,descriptors,2,969,https://doi.org/10.1038/s41587-019-0247-3,56.4,78.0174762211928
encapsulation_efficiency,ee_mean,ridge_descriptors,Ridge: descriptors,descriptors,2,970,https://doi.org/10.1038/s41587-019-0247-3,68.1,78.0174762211928
encapsulation_efficiency,ee_mean,ridge_descriptors,Ridge: descriptors,descriptors,2,971,https://doi.org/10.1038/s41587-019-0247-3,64.3,78.0174762211928
encapsulation_efficiency,ee_mean,ridge_descriptors,Ridge: descriptors,descriptors,2,972,https://doi.org/10.1038/s41587-019-0247-3,57.2,78.0174762211928
encapsulation_efficiency,ee_mean,ridge_descriptors,Ridge: descriptors,descriptors,2,973,https://doi.org/10.1038/s41587-019-0247-3,57.5,78.0174762211928
encapsulation_efficiency,ee_mean,ridge_descriptors,Ridge: descriptors,descriptors,2,974,https://doi.org/10.1038/s41587-019-0247-3,65.2,78.0174762211928
encapsulation_efficiency,ee_mean,ridge_descriptors,Ridge: descriptors,descriptors,2,975,https://doi.org/10.1038/s41587-019-0247-3,21.7,78.0174762211928
encapsulation_efficiency,ee_mean,ridge_descriptors,Ridge: descriptors,descriptors,2,976,https://doi.org/10.1038/s41587-019-0247-3,70.2,78.0174762211928
encapsulation_efficiency,ee_mean,ridge_descriptors,Ridge: descriptors,descriptors,2,977,https://doi.org/10.1038/s41587-019-0247-3,53.9,78.0174762211928
encapsulation_efficiency,ee_mean,ridge_descriptors,Ridge: descriptors,descriptors,2,978,https://doi.org/10.1038/s41587-019-0247-3,41.3,78.0174762211928
encapsulation_efficiency,ee_mean,ridge_descriptors,Ridge: descriptors,descriptors,2,979,https://doi.org/10.1038/s41587-019-0247-3,98.9,78.0174762211928
encapsulation_efficiency,ee_mean,ridge_descriptors,Ridge: descriptors,descriptors,2,980,https://doi.org/10.1038/s41587-019-0247-3,9.4,78.0174762211928
encapsulation_efficiency,ee_mean,ridge_descriptors,Ridge: descriptors,descriptors,2,981,https://doi.org/10.1038/s41587-019-0247-3,60.3,78.0174762211928
encapsulation_efficiency,ee_mean,ridge_descriptors,Ridge: descriptors,descriptors,2,982,https://doi.org/10.1038/s41587-019-0247-3,79.0,78.0174762211928
encapsulation_efficiency,ee_mean,ridge_descriptors,Ridge: descriptors,descriptors,2,983,https://doi.org/10.1038/s41587-019-0247-3,60.3,78.0174762211928
encapsulation_efficiency,ee_mean,ridge_descriptors,Ridge: descriptors,descriptors,2,984,https://doi.org/10.1038/s41587-019-0247-3,50.4,78.0174762211928
encapsulation_efficiency,ee_mean,ridge_descriptors,Ridge: descriptors,descriptors,2,985,https://doi.org/10.1038/s41587-019-0247-3,60.3,78.0174762211928
encapsulation_efficiency,ee_mean,ridge_descriptors,Ridge: descriptors,descriptors,2,986,https://doi.org/10.1038/s41587-019-0247-3,45.5,78.0174762211928
encapsulation_efficiency,ee_mean,ridge_descriptors,Ridge: descriptors,descriptors,2,987,https://doi.org/10.1038/s41587-019-0247-3,54.5,78.0174762211928
encapsulation_efficiency,ee_mean,ridge_descriptors,Ridge: descriptors,descriptors,2,988,https://doi.org/10.1038/s41587-019-0247-3,75.5,78.0174762211928
encapsulation_efficiency,ee_mean,ridge_descriptors,Ridge: descriptors,descriptors,2,989,https://doi.org/10.1038/s41587-019-0247-3,76.5,78.0174762211928
encapsulation_efficiency,ee_mean,ridge_descriptors,Ridge: descriptors,descriptors,2,990,https://doi.org/10.1038/s41587-019-0247-3,45.5,78.0174762211928
encapsulation_efficiency,ee_mean,ridge_descriptors,Ridge: descriptors,descriptors,2,991,https://doi.org/10.1038/s41587-019-0247-3,55.5,78.0174762211928
encapsulation_efficiency,ee_mean,ridge_descriptors,Ridge: descriptors,descriptors,2,992,https://doi.org/10.1038/s41587-019-0247-3,65.6,78.0174762211928
encapsulation_efficiency,ee_mean,ridge_descriptors,Ridge: descriptors,descriptors,3,63,https://doi.org/10.1016/j.omtn.2019.01.013,84.5,83.65604392764496
encapsulation_efficiency,ee_mean,ridge_descriptors,Ridge: descriptors,descriptors,3,64,https://doi.org/10.1016/j.omtn.2019.01.013,84.5,85.58593089061803
encapsulation_efficiency,ee_mean,ridge_descriptors,Ridge: descriptors,descriptors,3,198,10.1002/adma.201606944,60.0,78.55417583717038
encapsulation_efficiency,ee_mean,ridge_descriptors,Ridge: descriptors,descriptors,3,199,10.1002/adma.201606944,60.0,78.55417583717038
encapsulation_efficiency,ee_mean,ridge_descriptors,Ridge: descriptors,descriptors,3,509,https://doi.org/10.34133/bmr.0017,92.3,85.40434002044759
encapsulation_efficiency,ee_mean,ridge_descriptors,Ridge: descriptors,descriptors,3,510,https://doi.org/10.34133/bmr.0017,92.9,85.40434002044759
encapsulation_efficiency,ee_mean,ridge_descriptors,Ridge: descriptors,descriptors,3,511,https://doi.org/10.34133/bmr.0017,91.7,76.8973403224607
encapsulation_efficiency,ee_mean,ridge_descriptors,Ridge: descriptors,descriptors,3,512,https://doi.org/10.34133/bmr.0017,91.1,76.8973403224607
encapsulation_efficiency,ee_mean,ridge_descriptors,Ridge: descriptors,descriptors,3,513,https://doi.org/10.34133/bmr.0017,89.5,76.8973403224607
encapsulation_efficiency,ee_mean,ridge_descriptors,Ridge: descriptors,descriptors,3,641,https://doi.org/10.1016/j.jpha.2024.100996,93.176,85.58593089061803
encapsulation_efficiency,ee_mean,ridge_descriptors,Ridge: descriptors,descriptors,3,642,https://doi.org/10.1016/j.jpha.2024.100996,92.391,85.58593089061803
encapsulation_efficiency,ee_mean,ridge_descriptors,Ridge: descriptors,descriptors,3,643,https://doi.org/10.1016/j.jpha.2024.100996,96.439,85.58593089061803
encapsulation_efficiency,ee_mean,ridge_descriptors,Ridge: descriptors,descriptors,3,644,https://doi.org/10.1016/j.jpha.2024.100996,95.558,85.58593089061803
encapsulation_efficiency,ee_mean,ridge_descriptors,Ridge: descriptors,descriptors,3,645,https://doi.org/10.1016/j.jpha.2024.100996,91.141,85.58593089061803
encapsulation_efficiency,ee_mean,ridge_descriptors,Ridge: descriptors,descriptors,3,646,https://doi.org/10.1016/j.jpha.2024.100996,93.162,86.61839235051085
encapsulation_efficiency,ee_mean,ridge_descriptors,Ridge: descriptors,descriptors,3,647,https://doi.org/10.1016/j.jpha.2024.100996,91.161,86.61839235051085
encapsulation_efficiency,ee_mean,ridge_descriptors,Ridge: descriptors,descriptors,3,648,https://doi.org/10.1016/j.jpha.2024.100996,92.526,86.61839235051085
encapsulation_efficiency,ee_mean,ridge_descriptors,Ridge: descriptors,descriptors,3,649,https://doi.org/10.1016/j.jpha.2024.100996,92.043,86.61839235051085
encapsulation_efficiency,ee_mean,ridge_descriptors,Ridge: descriptors,descriptors,3,650,https://doi.org/10.1016/j.jpha.2024.100996,90.146,86.61839235051085
encapsulation_efficiency,ee_mean,ridge_descriptors,Ridge: descriptors,descriptors,3,651,https://doi.org/10.1016/j.jpha.2024.100996,92.571,86.61839235051085
encapsulation_efficiency,ee_mean,ridge_descriptors,Ridge: descriptors,descriptors,3,652,https://doi.org/10.1016/j.jpha.2024.100996,91.816,84.57893811764727
encapsulation_efficiency,ee_mean,ridge_descriptors,Ridge: descriptors,descriptors,3,653,https://doi.org/10.1016/j.jpha.2024.100996,93.363,84.57893811764727
encapsulation_efficiency,ee_mean,ridge_descriptors,Ridge: descriptors,descriptors,3,654,https://doi.org/10.1016/j.jpha.2024.100996,91.361,84.57893811764727
encapsulation_efficiency,ee_mean,ridge_descriptors,Ridge: descriptors,descriptors,3,655,https://doi.org/10.1016/j.jpha.2024.100996,90.261,84.57893811764727
encapsulation_efficiency,ee_mean,ridge_descriptors,Ridge: descriptors,descriptors,3,656,https://doi.org/10.1016/j.jpha.2024.100996,93.491,84.57893811764727
encapsulation_efficiency,ee_mean,ridge_descriptors,Ridge: descriptors,descriptors,3,657,https://doi.org/10.1016/j.jpha.2024.100996,90.138,84.57893811764727
encapsulation_efficiency,ee_mean,ridge_descriptors,Ridge: descriptors,descriptors,3,658,https://doi.org/10.1016/j.jpha.2024.100996,79.216,83.65604392764496
encapsulation_efficiency,ee_mean,ridge_descriptors,Ridge: descriptors,descriptors,3,659,https://doi.org/10.1016/j.jpha.2024.100996,74.532,83.65604392764496
encapsulation_efficiency,ee_mean,ridge_descriptors,Ridge: descriptors,descriptors,3,660,https://doi.org/10.1016/j.jpha.2024.100996,84.168,83.65604392764496
encapsulation_efficiency,ee_mean,ridge_descriptors,Ridge: descriptors,descriptors,3,661,https://doi.org/10.1016/j.jpha.2024.100996,75.923,83.65604392764496
encapsulation_efficiency,ee_mean,ridge_descriptors,Ridge: descriptors,descriptors,3,662,https://doi.org/10.1016/j.jpha.2024.100996,80.542,83.65604392764496
encapsulation_efficiency,ee_mean,ridge_descriptors,Ridge: descriptors,descriptors,3,663,https://doi.org/10.1016/j.jpha.2024.100996,77.349,83.65604392764496
encapsulation_efficiency,ee_mean,ridge_descriptors,Ridge: descriptors,descriptors,3,664,https://doi.org/10.1016/j.jpha.2024.100996,85.416,83.65604392764496
encapsulation_efficiency,ee_mean,ridge_descriptors,Ridge: descriptors,descriptors,3,716,10.1021/acs.jpcb.5b02891,95.0,74.93162183843293
encapsulation_efficiency,ee_mean,ridge_descriptors,Ridge: descriptors,descriptors,3,717,10.1021/acs.jpcb.5b02891,97.0,74.93162183843293
encapsulation_efficiency,ee_mean,ridge_descriptors,Ridge: descriptors,descriptors,3,718,10.1021/acs.jpcb.5b02891,47.0,74.93162183843293
encapsulation_efficiency,ee_mean,ridge_descriptors,Ridge: descriptors,descriptors,3,719,10.1021/acs.jpcb.5b02891,52.0,74.93162183843293
encapsulation_efficiency,ee_mean,ridge_descriptors,Ridge: descriptors,descriptors,3,736,10.1021/acs.jpcb.5b02891,95.0,74.93162183843293
encapsulation_efficiency,ee_mean,ridge_descriptors,Ridge: descriptors,descriptors,3,737,10.1021/acs.jpcb.5b02891,45.0,74.93162183843293
encapsulation_efficiency,ee_mean,ridge_descriptors,Ridge: descriptors,descriptors,3,738,10.1021/acs.jpcb.5b02891,95.0,74.93162183843293
encapsulation_efficiency,ee_mean,ridge_descriptors,Ridge: descriptors,descriptors,3,739,10.1021/acs.jpcb.5b02891,50.0,74.93162183843293
encapsulation_efficiency,ee_mean,ridge_descriptors,Ridge: descriptors,descriptors,3,875,https://doi.org/10.1101/2023.11.09.565872,88.0,85.40434002044759
encapsulation_efficiency,ee_mean,ridge_descriptors,Ridge: descriptors,descriptors,3,876,https://doi.org/10.1101/2023.11.09.565872,84.0,85.05451946888121
encapsulation_efficiency,ee_mean,ridge_descriptors,Ridge: descriptors,descriptors,4,444,10.1002/anie.201809056,99.0,66.19180444596867
encapsulation_efficiency,ee_mean,ridge_descriptors,Ridge: descriptors,descriptors,4,446,10.1002/anie.201809056,99.0,66.30897636779
encapsulation_efficiency,ee_mean,ridge_descriptors,Ridge: descriptors,descriptors,4,450,10.1016/j.jconrel.2019.10.028,67.5,65.93806766763068
encapsulation_efficiency,ee_mean,ridge_descriptors,Ridge: descriptors,descriptors,4,451,10.1016/j.jconrel.2019.10.028,33.7,65.93806766763068
encapsulation_efficiency,ee_mean,ridge_descriptors,Ridge: descriptors,descriptors,4,452,10.1016/j.jconrel.2019.10.028,48.9,65.93806766763068
encapsulation_efficiency,ee_mean,ridge_descriptors,Ridge: descriptors,descriptors,4,453,10.1016/j.jconrel.2019.10.028,92.8,65.93806766763068
encapsulation_efficiency,ee_mean,ridge_descriptors,Ridge: descriptors,descriptors,4,454,10.1016/j.jconrel.2019.10.028,95.7,65.93806766763068
encapsulation_efficiency,ee_mean,ridge_descriptors,Ridge: descriptors,descriptors,4,455,10.1016/j.jconrel.2019.10.028,90.7,65.93806766763068
encapsulation_efficiency,ee_mean,ridge_descriptors,Ridge: descriptors,descriptors,4,456,10.1016/j.jconrel.2019.10.028,49.9,65.93806766763068
encapsulation_efficiency,ee_mean,ridge_descriptors,Ridge: descriptors,descriptors,4,457,10.1016/j.jconrel.2019.10.028,91.3,65.93806766763068
encapsulation_efficiency,ee_mean,ridge_descriptors,Ridge: descriptors,descriptors,4,458,10.1016/j.jconrel.2019.10.028,92.7,65.93806766763068
encapsulation_efficiency,ee_mean,ridge_descriptors,Ridge: descriptors,descriptors,4,459,10.1016/j.jconrel.2019.10.028,89.1,65.93806766763068
encapsulation_efficiency,ee_mean,ridge_descriptors,Ridge: descriptors,descriptors,4,460,10.1016/j.jconrel.2019.10.028,89.8,65.93806766763068
encapsulation_efficiency,ee_mean,ridge_descriptors,Ridge: descriptors,descriptors,4,461,10.1016/j.jconrel.2019.10.028,88.4,65.93806766763068
encapsulation_efficiency,ee_mean,ridge_descriptors,Ridge: descriptors,descriptors,4,462,10.1016/j.jconrel.2019.10.028,87.4,65.93806766763068
encapsulation_efficiency,ee_mean,ridge_descriptors,Ridge: descriptors,descriptors,4,463,10.1016/j.jconrel.2019.10.028,76.6,65.93806766763068
encapsulation_efficiency,ee_mean,ridge_descriptors,Ridge: descriptors,descriptors,4,464,10.1016/j.jconrel.2019.10.028,88.7,65.93806766763068
encapsulation_efficiency,ee_mean,ridge_descriptors,Ridge: descriptors,descriptors,4,465,10.1016/j.jconrel.2019.10.028,86.1,65.93806766763068
encapsulation_efficiency,ee_mean,ridge_descriptors,Ridge: descriptors,descriptors,4,778,10.1002/btm2.10580,91.5,84.48463048376665
encapsulation_efficiency,ee_mean,ridge_descriptors,Ridge: descriptors,descriptors,4,779,10.1002/btm2.10580,92.8,84.48463048376665
encapsulation_efficiency,ee_mean,ridge_descriptors,Ridge: descriptors,descriptors,4,780,10.1002/btm2.10580,93.4,84.48463048376665
encapsulation_efficiency,ee_mean,ridge_descriptors,Ridge: descriptors,descriptors,4,781,10.1002/btm2.10580,87.2,84.48463048376665
encapsulation_efficiency,ee_mean,ridge_descriptors,Ridge: descriptors,descriptors,4,782,10.1002/btm2.10580,93.9,87.29540951314723
encapsulation_efficiency,ee_mean,ridge_descriptors,Ridge: descriptors,descriptors,4,783,10.1002/btm2.10580,89.8,87.29540951314723
encapsulation_efficiency,ee_mean,ridge_descriptors,Ridge: descriptors,descriptors,4,784,10.1002/btm2.10580,91.2,85.34118516252559
encapsulation_efficiency,ee_mean,ridge_descriptors,Ridge: descriptors,descriptors,4,785,10.1002/btm2.10580,88.7,85.34118516252559
encapsulation_efficiency,ee_mean,ridge_descriptors,Ridge: descriptors,descriptors,4,913,https://doi.org/10.1038/s41434-022-00370-1,79.0,84.48463048376665
encapsulation_efficiency,ee_mean,ridge_descriptors,Ridge: descriptors,descriptors,4,915,https://doi.org/10.1038/s41434-022-00370-1,95.0,84.48463048376665
encapsulation_efficiency,ee_mean,ridge_descriptors,Ridge: descriptors,descriptors,4,922,https://doi.org/10.1073/pnas.2303567120,85.0,84.48463048376665
encapsulation_efficiency,ee_mean,ridge_descriptors,Ridge: descriptors,descriptors,4,923,https://doi.org/10.1073/pnas.2303567120,85.0,84.48463048376665
encapsulation_efficiency,ee_mean,ridge_descriptors,Ridge: descriptors,descriptors,4,928,https://doi.org/10.1073/pnas.2303567120,85.0,84.48463048376665
encapsulation_efficiency,ee_mean,ridge_descriptors,Ridge: descriptors,descriptors,4,929,https://doi.org/10.1073/pnas.2303567120,85.0,84.48463048376665
encapsulation_efficiency,ee_mean,ridge_descriptors,Ridge: descriptors,descriptors,4,931,https://doi.org/10.1073/pnas.2303567120,60.0,84.48463048376665
encapsulation_efficiency,ee_mean,ridge_descriptors,Ridge: descriptors,descriptors,4,932,https://doi.org/10.1248/cpb.c24-00089,66.5,74.08460917962606
encapsulation_efficiency,ee_mean,ridge_descriptors,Ridge: descriptors,descriptors,4,933,https://doi.org/10.1248/cpb.c24-00089,96.0,74.08460917962606
encapsulation_efficiency,ee_mean,ridge_descriptors,Ridge: descriptors,descriptors,4,934,https://doi.org/10.1248/cpb.c24-00089,96.0,74.08460917962606
encapsulation_efficiency,ee_mean,ridge_descriptors,Ridge: descriptors,descriptors,4,935,https://doi.org/10.1248/cpb.c24-00089,97.0,74.08460917962606
encapsulation_efficiency,ee_mean,ridge_descriptors,Ridge: descriptors,descriptors,4,936,https://doi.org/10.1248/cpb.c24-00089,97.0,74.08460917962606
encapsulation_efficiency,ee_mean,ridge_descriptors,Ridge: descriptors,descriptors,4,937,https://doi.org/10.1248/cpb.c24-00089,96.0,74.08460917962606
encapsulation_efficiency,ee_mean,ridge_descriptors,Ridge: descriptors,descriptors,4,938,https://doi.org/10.1248/cpb.c24-00089,96.0,74.08460917962606
encapsulation_efficiency,ee_mean,ridge_descriptors,Ridge: descriptors,descriptors,4,939,https://doi.org/10.1248/cpb.c24-00089,92.0,74.08460917962606
encapsulation_efficiency,ee_mean,ridge_descriptors,Ridge: descriptors,descriptors,4,940,https://doi.org/10.1248/cpb.c24-00089,97.0,74.08460917962606
encapsulation_efficiency,ee_mean,ridge_descriptors,Ridge: descriptors,descriptors,4,1021,10.1073/pnas.1209367109,93.6,90.07677868800657
encapsulation_efficiency,ee_mean,ridge_descriptors,Ridge: descriptors,descriptors,5,113,https://doi.org/10.1016/j.ymthe.2018.03.010,96.9,90.68760318297828
encapsulation_efficiency,ee_mean,ridge_descriptors,Ridge: descriptors,descriptors,5,114,https://doi.org/10.1016/j.ymthe.2018.03.010,91.8,92.51476620534395
encapsulation_efficiency,ee_mean,ridge_descriptors,Ridge: descriptors,descriptors,5,115,https://doi.org/10.1016/j.ymthe.2018.03.010,90.9,93.03120605488168
encapsulation_efficiency,ee_mean,ridge_descriptors,Ridge: descriptors,descriptors,5,116,https://doi.org/10.1016/j.ymthe.2018.03.010,97.6,91.06628528056083
encapsulation_efficiency,ee_mean,ridge_descriptors,Ridge: descriptors,descriptors,5,117,https://doi.org/10.1016/j.ymthe.2018.03.010,97.5,92.92540523666977
encapsulation_efficiency,ee_mean,ridge_descriptors,Ridge: descriptors,descriptors,5,118,https://doi.org/10.1016/j.ymthe.2018.03.010,97.0,90.6821433598458
encapsulation_efficiency,ee_mean,ridge_descriptors,Ridge: descriptors,descriptors,5,119,https://doi.org/10.1016/j.ymthe.2018.03.010,95.2,93.76872725799718
encapsulation_efficiency,ee_mean,ridge_descriptors,Ridge: descriptors,descriptors,5,120,https://doi.org/10.1016/j.ymthe.2018.03.010,95.8,92.27462867892038
encapsulation_efficiency,ee_mean,ridge_descriptors,Ridge: descriptors,descriptors,5,121,https://doi.org/10.1016/j.ymthe.2018.03.010,97.4,92.2119494286343
encapsulation_efficiency,ee_mean,ridge_descriptors,Ridge: descriptors,descriptors,5,122,https://doi.org/10.1016/j.ymthe.2018.03.010,98.3,92.6265117645467
encapsulation_efficiency,ee_mean,ridge_descriptors,Ridge: descriptors,descriptors,5,123,https://doi.org/10.1016/j.ymthe.2018.03.010,97.3,84.1235425411912
encapsulation_efficiency,ee_mean,ridge_descriptors,Ridge: descriptors,descriptors,5,563,10.1039/C9NR02004G,85.0,72.73364473331117
encapsulation_efficiency,ee_mean,ridge_descriptors,Ridge: descriptors,descriptors,5,635,10.1021/jacs.2c12893,88.31,75.41096252737005
encapsulation_efficiency,ee_mean,ridge_descriptors,Ridge: descriptors,descriptors,5,636,10.1021/jacs.2c12893,89.45,84.1235425411912
encapsulation_efficiency,ee_mean,ridge_descriptors,Ridge: descriptors,descriptors,5,756,https://doi.org/10.1016/j.ijpharm.2023.123050,96.0,84.45784536876549
encapsulation_efficiency,ee_mean,ridge_descriptors,Ridge: descriptors,descriptors,5,763,https://doi.org/10.1016/j.ijpharm.2023.123050,94.0,84.45784536876549
encapsulation_efficiency,ee_mean,ridge_descriptors,Ridge: descriptors,descriptors,5,773,https://doi.org/10.1016/j.ijpharm.2023.123050,96.0,84.45784536876549
encapsulation_efficiency,ee_mean,ridge_descriptors,Ridge: descriptors,descriptors,5,862,https://doi.org/10.1016/j.jconrel.2025.01.071,80.0,90.59234175516893
encapsulation_efficiency,ee_mean,ridge_descriptors,Ridge: descriptors,descriptors,5,863,https://doi.org/10.1016/j.jconrel.2025.01.071,80.0,90.59234175516893
encapsulation_efficiency,ee_mean,ridge_descriptors,Ridge: descriptors,descriptors,5,864,https://doi.org/10.1016/j.jconrel.2025.01.071,80.0,90.59234175516893
encapsulation_efficiency,ee_mean,ridge_descriptors,Ridge: descriptors,descriptors,5,865,https://doi.org/10.1016/j.jconrel.2025.01.071,80.0,90.59234175516893
encapsulation_efficiency,ee_mean,ridge_descriptors,Ridge: descriptors,descriptors,5,866,https://doi.org/10.1016/j.jconrel.2025.01.071,80.0,90.59234175516893
encapsulation_efficiency,ee_mean,ridge_descriptors,Ridge: descriptors,descriptors,5,867,https://doi.org/10.1016/j.jconrel.2025.01.071,80.0,90.59234175516893
encapsulation_efficiency,ee_mean,ridge_descriptors,Ridge: descriptors,descriptors,5,868,https://doi.org/10.1016/j.jconrel.2025.01.071,80.0,90.59234175516893
encapsulation_efficiency,ee_mean,ridge_descriptors,Ridge: descriptors,descriptors,5,869,https://doi.org/10.1016/j.jconrel.2025.01.071,80.0,90.59234175516893
encapsulation_efficiency,ee_mean,ridge_descriptors,Ridge: descriptors,descriptors,5,870,https://doi.org/10.1016/j.jconrel.2025.01.071,60.0,90.59234175516893
encapsulation_efficiency,ee_mean,ridge_descriptors,Ridge: descriptors,descriptors,5,911,https://doi.org/10.1101/2024.09.27.614859,95.0,92.27462867892038
encapsulation_efficiency,ee_mean,ridge_descriptors,Ridge: descriptors,descriptors,5,1005,10.1002/smll.201805097,31.1,89.24484122797352
encapsulation_efficiency,ee_mean,ridge_descriptors,Ridge: descriptors,descriptors,5,1006,10.1002/smll.201805097,89.7,87.91732002301688
encapsulation_efficiency,ee_mean,ridge_descriptors,Ridge: descriptors,descriptors,5,1007,10.1002/smll.201805097,93.6,90.51788322397017
encapsulation_efficiency,ee_mean,ridge_descriptors,Ridge: descriptors,descriptors,5,1008,10.1002/smll.201805097,89.3,87.54144598405223
encapsulation_efficiency,ee_mean,ridge_descriptors,Ridge: descriptors,descriptors,5,1009,10.1002/smll.201805097,89.7,90.91224627985427
encapsulation_efficiency,ee_mean,ridge_descriptors,Ridge: descriptors,descriptors,5,1010,10.1002/smll.201805097,84.7,91.2963766065881
encapsulation_efficiency,ee_mean,ridge_descriptors,Ridge: descriptors,descriptors,5,1011,10.1002/smll.201805097,88.1,91.82291953704043
encapsulation_efficiency,ee_mean,ridge_descriptors,Ridge: descriptors,descriptors,5,1012,10.1002/smll.201805097,86.2,92.04085697400227
encapsulation_efficiency,ee_mean,ridge_descriptors,Ridge: descriptors,descriptors,5,1013,10.1002/smll.201805097,82.1,92.40374357852833
encapsulation_efficiency,ee_mean,ridge_descriptors,Ridge: descriptors,descriptors,5,1014,10.1002/smll.201805097,69.0,93.11531737822128
encapsulation_efficiency,ee_mean,ridge_descriptors,Ridge: descriptors,descriptors,5,1015,10.1002/smll.201805097,64.4,93.81211963118163
encapsulation_efficiency,ee_mean,ridge_descriptors,Ridge: descriptors,descriptors,5,1088,https://dx.doi.org/10.1021/acs.nanolett.0c01386,95.0,84.1235425411912
encapsulation_efficiency,ee_mean,ridge_descriptors,Ridge: descriptors,descriptors,5,1089,https://dx.doi.org/10.1021/acs.nanolett.0c01386,92.0,84.1235425411912
encapsulation_efficiency,ee_mean,ridge_descriptors,Ridge: descriptors,descriptors,5,1090,https://dx.doi.org/10.1021/acs.nanolett.0c01386,90.0,84.1235425411912
encapsulation_efficiency,ee_mean,ridge_descriptors,Ridge: descriptors,descriptors,5,1091,https://dx.doi.org/10.1021/acs.nanolett.0c01386,88.0,84.1235425411912
encapsulation_efficiency,ee_mean,ridge_descriptors,Ridge: descriptors,descriptors,5,1092,https://dx.doi.org/10.1021/acs.nanolett.0c01386,85.0,84.1235425411912
encapsulation_efficiency,ee_mean,rf_descriptors,RF: descriptors,descriptors,1,202,https://doi.org/10.1038/s41467-024-45422-9,52.8,80.43863990302079
encapsulation_efficiency,ee_mean,rf_descriptors,RF: descriptors,descriptors,1,203,https://doi.org/10.1038/s41467-024-45422-9,69.7,80.43863990302079
encapsulation_efficiency,ee_mean,rf_descriptors,RF: descriptors,descriptors,1,204,https://doi.org/10.1038/s41467-024-45422-9,57.4,69.85097964977597
encapsulation_efficiency,ee_mean,rf_descriptors,RF: descriptors,descriptors,1,205,https://doi.org/10.1038/s41467-024-45422-9,63.0,62.70902913440606
encapsulation_efficiency,ee_mean,rf_descriptors,RF: descriptors,descriptors,1,206,https://doi.org/10.1038/s41467-024-45422-9,51.5,80.43967511463694
encapsulation_efficiency,ee_mean,rf_descriptors,RF: descriptors,descriptors,1,207,https://doi.org/10.1038/s41467-024-45422-9,76.9,80.44973457632294
encapsulation_efficiency,ee_mean,rf_descriptors,RF: descriptors,descriptors,1,208,https://doi.org/10.1038/s41467-024-45422-9,73.4,80.43863990302079
encapsulation_efficiency,ee_mean,rf_descriptors,RF: descriptors,descriptors,1,209,https://doi.org/10.1038/s41467-024-45422-9,77.6,80.43863990302079
encapsulation_efficiency,ee_mean,rf_descriptors,RF: descriptors,descriptors,1,210,https://doi.org/10.1038/s41467-024-45422-9,71.6,69.85097964977597
encapsulation_efficiency,ee_mean,rf_descriptors,RF: descriptors,descriptors,1,211,https://doi.org/10.1038/s41467-024-45422-9,78.3,62.70902913440606
encapsulation_efficiency,ee_mean,rf_descriptors,RF: descriptors,descriptors,1,212,https://doi.org/10.1038/s41467-024-45422-9,73.0,80.43967511463694
encapsulation_efficiency,ee_mean,rf_descriptors,RF: descriptors,descriptors,1,213,https://doi.org/10.1038/s41467-024-45422-9,74.5,80.44973457632294
encapsulation_efficiency,ee_mean,rf_descriptors,RF: descriptors,descriptors,1,214,https://doi.org/10.1038/s41467-024-45422-9,54.4,80.43863990302079
encapsulation_efficiency,ee_mean,rf_descriptors,RF: descriptors,descriptors,1,215,https://doi.org/10.1038/s41467-024-45422-9,59.8,80.43863990302079
encapsulation_efficiency,ee_mean,rf_descriptors,RF: descriptors,descriptors,1,216,https://doi.org/10.1038/s41467-024-45422-9,51.3,69.85097964977597
encapsulation_efficiency,ee_mean,rf_descriptors,RF: descriptors,descriptors,1,217,https://doi.org/10.1038/s41467-024-45422-9,75.1,62.70902913440606
encapsulation_efficiency,ee_mean,rf_descriptors,RF: descriptors,descriptors,1,218,https://doi.org/10.1038/s41467-024-45422-9,54.8,80.43967511463694
encapsulation_efficiency,ee_mean,rf_descriptors,RF: descriptors,descriptors,1,219,https://doi.org/10.1038/s41467-024-45422-9,85.6,80.44973457632294
encapsulation_efficiency,ee_mean,rf_descriptors,RF: descriptors,descriptors,1,220,https://doi.org/10.1038/s41467-024-45422-9,84.3,80.43863990302079
encapsulation_efficiency,ee_mean,rf_descriptors,RF: descriptors,descriptors,1,221,https://doi.org/10.1038/s41467-024-45422-9,75.1,80.43863990302079
encapsulation_efficiency,ee_mean,rf_descriptors,RF: descriptors,descriptors,1,222,https://doi.org/10.1038/s41467-024-45422-9,85.7,69.85097964977597
encapsulation_efficiency,ee_mean,rf_descriptors,RF: descriptors,descriptors,1,223,https://doi.org/10.1038/s41467-024-45422-9,77.3,62.70902913440606
encapsulation_efficiency,ee_mean,rf_descriptors,RF: descriptors,descriptors,1,224,https://doi.org/10.1038/s41467-024-45422-9,71.9,80.43967511463694
encapsulation_efficiency,ee_mean,rf_descriptors,RF: descriptors,descriptors,1,225,https://doi.org/10.1038/s41467-024-45422-9,87.1,80.44973457632294
encapsulation_efficiency,ee_mean,rf_descriptors,RF: descriptors,descriptors,1,227,https://doi.org/10.1038/s41467-024-45422-9,48.1,80.43863990302079
encapsulation_efficiency,ee_mean,rf_descriptors,RF: descriptors,descriptors,1,228,https://doi.org/10.1038/s41467-024-45422-9,66.2,80.43863990302079
encapsulation_efficiency,ee_mean,rf_descriptors,RF: descriptors,descriptors,1,229,https://doi.org/10.1038/s41467-024-45422-9,54.9,69.85097964977597
encapsulation_efficiency,ee_mean,rf_descriptors,RF: descriptors,descriptors,1,230,https://doi.org/10.1038/s41467-024-45422-9,50.9,62.81220651535844
encapsulation_efficiency,ee_mean,rf_descriptors,RF: descriptors,descriptors,1,231,https://doi.org/10.1038/s41467-024-45422-9,48.7,80.43467511463693
encapsulation_efficiency,ee_mean,rf_descriptors,RF: descriptors,descriptors,1,232,https://doi.org/10.1038/s41467-024-45422-9,69.4,80.44473457632294
encapsulation_efficiency,ee_mean,rf_descriptors,RF: descriptors,descriptors,1,233,https://doi.org/10.1038/s41467-024-45422-9,54.9,80.43863990302079
encapsulation_efficiency,ee_mean,rf_descriptors,RF: descriptors,descriptors,1,234,https://doi.org/10.1038/s41467-024-45422-9,73.2,81.06916353926418
encapsulation_efficiency,ee_mean,rf_descriptors,RF: descriptors,descriptors,1,235,https://doi.org/10.1038/s41467-024-45422-9,53.1,69.94285703072833
encapsulation_efficiency,ee_mean,rf_descriptors,RF: descriptors,descriptors,1,236,https://doi.org/10.1038/s41467-024-45422-9,64.1,62.81242651535844
encapsulation_efficiency,ee_mean,rf_descriptors,RF: descriptors,descriptors,1,237,https://doi.org/10.1038/s41467-024-45422-9,57.3,81.07520716754699
encapsulation_efficiency,ee_mean,rf_descriptors,RF: descriptors,descriptors,1,238,https://doi.org/10.1038/s41467-024-45422-9,58.4,81.08526662923299
encapsulation_efficiency,ee_mean,rf_descriptors,RF: descriptors,descriptors,1,239,https://doi.org/10.1038/s41467-024-45422-9,39.2,80.306545999512
encapsulation_efficiency,ee_mean,rf_descriptors,RF: descriptors,descriptors,1,240,https://doi.org/10.1038/s41467-024-45422-9,42.5,80.301545999512
encapsulation_efficiency,ee_mean,rf_descriptors,RF: descriptors,descriptors,1,241,https://doi.org/10.1038/s41467-024-45422-9,48.8,69.76399549104579
encapsulation_efficiency,ee_mean,rf_descriptors,RF: descriptors,descriptors,1,242,https://doi.org/10.1038/s41467-024-45422-9,49.6,62.756652785680714
encapsulation_efficiency,ee_mean,rf_descriptors,RF: descriptors,descriptors,1,243,https://doi.org/10.1038/s41467-024-45422-9,46.8,80.2185958619218
encapsulation_efficiency,ee_mean,rf_descriptors,RF: descriptors,descriptors,1,244,https://doi.org/10.1038/s41467-024-45422-9,37.0,80.22228389503637
encapsulation_efficiency,ee_mean,rf_descriptors,RF: descriptors,descriptors,1,245,https://doi.org/10.1038/s41467-024-45422-9,53.4,80.301545999512
encapsulation_efficiency,ee_mean,rf_descriptors,RF: descriptors,descriptors,1,246,https://doi.org/10.1038/s41467-024-45422-9,77.9,80.46016027635183
encapsulation_efficiency,ee_mean,rf_descriptors,RF: descriptors,descriptors,1,247,https://doi.org/10.1038/s41467-024-45422-9,60.2,69.73379437546141
encapsulation_efficiency,ee_mean,rf_descriptors,RF: descriptors,descriptors,1,248,https://doi.org/10.1038/s41467-024-45422-9,66.7,62.809729148162674
encapsulation_efficiency,ee_mean,rf_descriptors,RF: descriptors,descriptors,1,249,https://doi.org/10.1038/s41467-024-45422-9,45.5,80.27633504374555
encapsulation_efficiency,ee_mean,rf_descriptors,RF: descriptors,descriptors,1,250,https://doi.org/10.1038/s41467-024-45422-9,63.3,80.28596139432045
encapsulation_efficiency,ee_mean,rf_descriptors,RF: descriptors,descriptors,1,251,https://doi.org/10.1038/s41467-024-45422-9,78.5,80.301545999512
encapsulation_efficiency,ee_mean,rf_descriptors,RF: descriptors,descriptors,1,252,https://doi.org/10.1038/s41467-024-45422-9,78.8,80.46016027635183
encapsulation_efficiency,ee_mean,rf_descriptors,RF: descriptors,descriptors,1,253,https://doi.org/10.1038/s41467-024-45422-9,79.3,69.73379437546141
encapsulation_efficiency,ee_mean,rf_descriptors,RF: descriptors,descriptors,1,254,https://doi.org/10.1038/s41467-024-45422-9,77.9,62.809729148162674
encapsulation_efficiency,ee_mean,rf_descriptors,RF: descriptors,descriptors,1,255,https://doi.org/10.1038/s41467-024-45422-9,79.0,80.27633504374555
encapsulation_efficiency,ee_mean,rf_descriptors,RF: descriptors,descriptors,1,256,https://doi.org/10.1038/s41467-024-45422-9,79.4,80.28596139432045
encapsulation_efficiency,ee_mean,rf_descriptors,RF: descriptors,descriptors,1,257,https://doi.org/10.1038/s41467-024-45422-9,57.8,80.32024490030564
encapsulation_efficiency,ee_mean,rf_descriptors,RF: descriptors,descriptors,1,258,https://doi.org/10.1038/s41467-024-45422-9,63.9,88.74468334189106
encapsulation_efficiency,ee_mean,rf_descriptors,RF: descriptors,descriptors,1,259,https://doi.org/10.1038/s41467-024-45422-9,41.8,70.74956463175509
encapsulation_efficiency,ee_mean,rf_descriptors,RF: descriptors,descriptors,1,260,https://doi.org/10.1038/s41467-024-45422-9,40.6,60.86849560365339
encapsulation_efficiency,ee_mean,rf_descriptors,RF: descriptors,descriptors,1,261,https://doi.org/10.1038/s41467-024-45422-9,57.6,80.90467410913205
encapsulation_efficiency,ee_mean,rf_descriptors,RF: descriptors,descriptors,1,262,https://doi.org/10.1038/s41467-024-45422-9,59.2,80.91430045970694
encapsulation_efficiency,ee_mean,rf_descriptors,RF: descriptors,descriptors,1,263,https://doi.org/10.1038/s41467-024-45422-9,46.9,89.52171904620741
encapsulation_efficiency,ee_mean,rf_descriptors,RF: descriptors,descriptors,1,264,https://doi.org/10.1038/s41467-024-45422-9,65.6,86.14326231927734
encapsulation_efficiency,ee_mean,rf_descriptors,RF: descriptors,descriptors,1,265,https://doi.org/10.1038/s41467-024-45422-9,54.3,68.99631321001195
encapsulation_efficiency,ee_mean,rf_descriptors,RF: descriptors,descriptors,1,266,https://doi.org/10.1038/s41467-024-45422-9,48.0,62.480085669406705
encapsulation_efficiency,ee_mean,rf_descriptors,RF: descriptors,descriptors,1,267,https://doi.org/10.1038/s41467-024-45422-9,47.1,85.90693914754047
encapsulation_efficiency,ee_mean,rf_descriptors,RF: descriptors,descriptors,1,268,https://doi.org/10.1038/s41467-024-45422-9,37.2,85.80200192575307
encapsulation_efficiency,ee_mean,rf_descriptors,RF: descriptors,descriptors,1,269,https://doi.org/10.1038/s41467-024-45422-9,77.8,80.43875656968746
encapsulation_efficiency,ee_mean,rf_descriptors,RF: descriptors,descriptors,1,270,https://doi.org/10.1038/s41467-024-45422-9,84.0,80.43875656968746
encapsulation_efficiency,ee_mean,rf_descriptors,RF: descriptors,descriptors,1,271,https://doi.org/10.1038/s41467-024-45422-9,74.6,69.8393069831093
encapsulation_efficiency,ee_mean,rf_descriptors,RF: descriptors,descriptors,1,272,https://doi.org/10.1038/s41467-024-45422-9,82.2,62.72601246773939
encapsulation_efficiency,ee_mean,rf_descriptors,RF: descriptors,descriptors,1,273,https://doi.org/10.1038/s41467-024-45422-9,81.0,80.4397917813036
encapsulation_efficiency,ee_mean,rf_descriptors,RF: descriptors,descriptors,1,274,https://doi.org/10.1038/s41467-024-45422-9,79.8,80.44985124298961
encapsulation_efficiency,ee_mean,rf_descriptors,RF: descriptors,descriptors,1,275,https://doi.org/10.1038/s41467-024-45422-9,85.2,80.43875656968746
encapsulation_efficiency,ee_mean,rf_descriptors,RF: descriptors,descriptors,1,276,https://doi.org/10.1038/s41467-024-45422-9,81.2,81.4813528302912
encapsulation_efficiency,ee_mean,rf_descriptors,RF: descriptors,descriptors,1,277,https://doi.org/10.1038/s41467-024-45422-9,85.1,81.36258820065352
encapsulation_efficiency,ee_mean,rf_descriptors,RF: descriptors,descriptors,1,278,https://doi.org/10.1038/s41467-024-45422-9,85.3,81.48146949695787
encapsulation_efficiency,ee_mean,rf_descriptors,RF: descriptors,descriptors,1,279,https://doi.org/10.1038/s41467-024-45422-9,80.6,91.07923205953198
encapsulation_efficiency,ee_mean,rf_descriptors,RF: descriptors,descriptors,1,280,https://doi.org/10.1038/s41467-024-45422-9,80.6,91.07923205953198
encapsulation_efficiency,ee_mean,rf_descriptors,RF: descriptors,descriptors,1,281,https://doi.org/10.1038/s41467-024-45422-9,83.1,81.4813528302912
encapsulation_efficiency,ee_mean,rf_descriptors,RF: descriptors,descriptors,1,282,https://doi.org/10.1038/s41467-024-45422-9,82.4,81.4813528302912
encapsulation_efficiency,ee_mean,rf_descriptors,RF: descriptors,descriptors,1,283,https://doi.org/10.1038/s41467-024-45422-9,78.5,82.10637175484858
encapsulation_efficiency,ee_mean,rf_descriptors,RF: descriptors,descriptors,1,284,https://doi.org/10.1038/s41467-024-45422-9,79.7,91.80995675022304
encapsulation_efficiency,ee_mean,rf_descriptors,RF: descriptors,descriptors,1,285,https://doi.org/10.1038/s41467-024-45422-9,82.4,82.0808648972347
encapsulation_efficiency,ee_mean,rf_descriptors,RF: descriptors,descriptors,1,286,https://doi.org/10.1038/s41467-024-45422-9,83.4,82.16827779124627
encapsulation_efficiency,ee_mean,rf_descriptors,RF: descriptors,descriptors,1,288,https://doi.org/10.1038/s41467-024-45422-9,84.2,81.99801358600767
encapsulation_efficiency,ee_mean,rf_descriptors,RF: descriptors,descriptors,1,289,https://doi.org/10.1038/s41467-024-45422-9,81.8,89.88219841032456
encapsulation_efficiency,ee_mean,rf_descriptors,RF: descriptors,descriptors,1,290,https://doi.org/10.1038/s41467-024-45422-9,86.8,91.19331964149637
encapsulation_efficiency,ee_mean,rf_descriptors,RF: descriptors,descriptors,1,291,https://doi.org/10.1038/s41467-024-45422-9,82.4,88.46677027014034
encapsulation_efficiency,ee_mean,rf_descriptors,RF: descriptors,descriptors,1,292,https://doi.org/10.1038/s41467-024-45422-9,83.2,83.54703221675993
encapsulation_efficiency,ee_mean,rf_descriptors,RF: descriptors,descriptors,1,293,https://doi.org/10.1038/s41467-024-45422-9,75.9,89.88594045029585
encapsulation_efficiency,ee_mean,rf_descriptors,RF: descriptors,descriptors,1,294,https://doi.org/10.1038/s41467-024-45422-9,85.5,84.14641515701973
encapsulation_efficiency,ee_mean,rf_descriptors,RF: descriptors,descriptors,1,295,https://doi.org/10.1038/s41467-024-45422-9,73.8,89.2627869501027
encapsulation_efficiency,ee_mean,rf_descriptors,RF: descriptors,descriptors,1,296,https://doi.org/10.1038/s41467-024-45422-9,75.1,87.53555316941916
encapsulation_efficiency,ee_mean,rf_descriptors,RF: descriptors,descriptors,1,297,https://doi.org/10.1038/s41467-024-45422-9,80.4,85.32485919426018
encapsulation_efficiency,ee_mean,rf_descriptors,RF: descriptors,descriptors,1,298,https://doi.org/10.1038/s41467-024-45422-9,84.9,85.8273119939155
encapsulation_efficiency,ee_mean,rf_descriptors,RF: descriptors,descriptors,2,109,10.1021/acs.nanolett.5b02497,27.0,79.7483780542158
encapsulation_efficiency,ee_mean,rf_descriptors,RF: descriptors,descriptors,2,110,10.1021/acs.nanolett.5b02497,48.0,79.7483780542158
encapsulation_efficiency,ee_mean,rf_descriptors,RF: descriptors,descriptors,2,575,10.1002/jbm.a.37705,47.0,86.35022099315468
encapsulation_efficiency,ee_mean,rf_descriptors,RF: descriptors,descriptors,2,576,10.1002/jbm.a.37705,95.0,87.01504104841517
encapsulation_efficiency,ee_mean,rf_descriptors,RF: descriptors,descriptors,2,578,10.1002/jbm.a.37705,87.0,79.7483780542158
encapsulation_efficiency,ee_mean,rf_descriptors,RF: descriptors,descriptors,2,803,https://doi.org/10.1038/s41467-022-33157-4,94.2,85.35883955706345
encapsulation_efficiency,ee_mean,rf_descriptors,RF: descriptors,descriptors,2,807,https://doi.org/10.1038/s41467-022-33157-4,94.2,85.35883955706345
encapsulation_efficiency,ee_mean,rf_descriptors,RF: descriptors,descriptors,2,812,https://doi.org/10.1038/s41467-022-33157-4,95.6,85.35883955706345
encapsulation_efficiency,ee_mean,rf_descriptors,RF: descriptors,descriptors,2,885,https://doi.org/10.1021/acs.nanolett.1c01353,82.3,79.7483780542158
encapsulation_efficiency,ee_mean,rf_descriptors,RF: descriptors,descriptors,2,959,https://doi.org/10.1038/s41587-019-0247-3,45.5,87.15218891406165
encapsulation_efficiency,ee_mean,rf_descriptors,RF: descriptors,descriptors,2,960,https://doi.org/10.1038/s41587-019-0247-3,61.3,87.15218891406165
encapsulation_efficiency,ee_mean,rf_descriptors,RF: descriptors,descriptors,2,961,https://doi.org/10.1038/s41587-019-0247-3,55.3,87.15218891406165
encapsulation_efficiency,ee_mean,rf_descriptors,RF: descriptors,descriptors,2,962,https://doi.org/10.1038/s41587-019-0247-3,60.6,87.15218891406165
encapsulation_efficiency,ee_mean,rf_descriptors,RF: descriptors,descriptors,2,963,https://doi.org/10.1038/s41587-019-0247-3,25.5,87.15218891406165
encapsulation_efficiency,ee_mean,rf_descriptors,RF: descriptors,descriptors,2,964,https://doi.org/10.1038/s41587-019-0247-3,64.7,87.15218891406165
encapsulation_efficiency,ee_mean,rf_descriptors,RF: descriptors,descriptors,2,965,https://doi.org/10.1038/s41587-019-0247-3,57.9,87.15218891406165
encapsulation_efficiency,ee_mean,rf_descriptors,RF: descriptors,descriptors,2,966,https://doi.org/10.1038/s41587-019-0247-3,22.5,87.15218891406165
encapsulation_efficiency,ee_mean,rf_descriptors,RF: descriptors,descriptors,2,967,https://doi.org/10.1038/s41587-019-0247-3,96.4,87.15218891406165
encapsulation_efficiency,ee_mean,rf_descriptors,RF: descriptors,descriptors,2,968,https://doi.org/10.1038/s41587-019-0247-3,59.5,87.15218891406165
encapsulation_efficiency,ee_mean,rf_descriptors,RF: descriptors,descriptors,2,969,https://doi.org/10.1038/s41587-019-0247-3,56.4,87.15218891406165
encapsulation_efficiency,ee_mean,rf_descriptors,RF: descriptors,descriptors,2,970,https://doi.org/10.1038/s41587-019-0247-3,68.1,87.15218891406165
encapsulation_efficiency,ee_mean,rf_descriptors,RF: descriptors,descriptors,2,971,https://doi.org/10.1038/s41587-019-0247-3,64.3,87.15218891406165
encapsulation_efficiency,ee_mean,rf_descriptors,RF: descriptors,descriptors,2,972,https://doi.org/10.1038/s41587-019-0247-3,57.2,87.15218891406165
encapsulation_efficiency,ee_mean,rf_descriptors,RF: descriptors,descriptors,2,973,https://doi.org/10.1038/s41587-019-0247-3,57.5,87.15218891406165
encapsulation_efficiency,ee_mean,rf_descriptors,RF: descriptors,descriptors,2,974,https://doi.org/10.1038/s41587-019-0247-3,65.2,87.15218891406165
encapsulation_efficiency,ee_mean,rf_descriptors,RF: descriptors,descriptors,2,975,https://doi.org/10.1038/s41587-019-0247-3,21.7,87.15218891406165
encapsulation_efficiency,ee_mean,rf_descriptors,RF: descriptors,descriptors,2,976,https://doi.org/10.1038/s41587-019-0247-3,70.2,87.15218891406165
encapsulation_efficiency,ee_mean,rf_descriptors,RF: descriptors,descriptors,2,977,https://doi.org/10.1038/s41587-019-0247-3,53.9,87.15218891406165
encapsulation_efficiency,ee_mean,rf_descriptors,RF: descriptors,descriptors,2,978,https://doi.org/10.1038/s41587-019-0247-3,41.3,87.15218891406165
encapsulation_efficiency,ee_mean,rf_descriptors,RF: descriptors,descriptors,2,979,https://doi.org/10.1038/s41587-019-0247-3,98.9,87.15218891406165
encapsulation_efficiency,ee_mean,rf_descriptors,RF: descriptors,descriptors,2,980,https://doi.org/10.1038/s41587-019-0247-3,9.4,87.15218891406165
encapsulation_efficiency,ee_mean,rf_descriptors,RF: descriptors,descriptors,2,981,https://doi.org/10.1038/s41587-019-0247-3,60.3,87.15218891406165
encapsulation_efficiency,ee_mean,rf_descriptors,RF: descriptors,descriptors,2,982,https://doi.org/10.1038/s41587-019-0247-3,79.0,87.15218891406165
encapsulation_efficiency,ee_mean,rf_descriptors,RF: descriptors,descriptors,2,983,https://doi.org/10.1038/s41587-019-0247-3,60.3,87.15218891406165
encapsulation_efficiency,ee_mean,rf_descriptors,RF: descriptors,descriptors,2,984,https://doi.org/10.1038/s41587-019-0247-3,50.4,87.15218891406165
encapsulation_efficiency,ee_mean,rf_descriptors,RF: descriptors,descriptors,2,985,https://doi.org/10.1038/s41587-019-0247-3,60.3,87.15218891406165
encapsulation_efficiency,ee_mean,rf_descriptors,RF: descriptors,descriptors,2,986,https://doi.org/10.1038/s41587-019-0247-3,45.5,87.15218891406165
encapsulation_efficiency,ee_mean,rf_descriptors,RF: descriptors,descriptors,2,987,https://doi.org/10.1038/s41587-019-0247-3,54.5,87.15218891406165
encapsulation_efficiency,ee_mean,rf_descriptors,RF: descriptors,descriptors,2,988,https://doi.org/10.1038/s41587-019-0247-3,75.5,87.15218891406165
encapsulation_efficiency,ee_mean,rf_descriptors,RF: descriptors,descriptors,2,989,https://doi.org/10.1038/s41587-019-0247-3,76.5,87.15218891406165
encapsulation_efficiency,ee_mean,rf_descriptors,RF: descriptors,descriptors,2,990,https://doi.org/10.1038/s41587-019-0247-3,45.5,87.15218891406165
encapsulation_efficiency,ee_mean,rf_descriptors,RF: descriptors,descriptors,2,991,https://doi.org/10.1038/s41587-019-0247-3,55.5,87.15218891406165
encapsulation_efficiency,ee_mean,rf_descriptors,RF: descriptors,descriptors,2,992,https://doi.org/10.1038/s41587-019-0247-3,65.6,87.15218891406165
encapsulation_efficiency,ee_mean,rf_descriptors,RF: descriptors,descriptors,3,63,https://doi.org/10.1016/j.omtn.2019.01.013,84.5,88.56449717645339
encapsulation_efficiency,ee_mean,rf_descriptors,RF: descriptors,descriptors,3,64,https://doi.org/10.1016/j.omtn.2019.01.013,84.5,89.62939881815593
encapsulation_efficiency,ee_mean,rf_descriptors,RF: descriptors,descriptors,3,198,10.1002/adma.201606944,60.0,92.97610665816397
encapsulation_efficiency,ee_mean,rf_descriptors,RF: descriptors,descriptors,3,199,10.1002/adma.201606944,60.0,92.97610665816397
encapsulation_efficiency,ee_mean,rf_descriptors,RF: descriptors,descriptors,3,509,https://doi.org/10.34133/bmr.0017,92.3,94.38995231601731
encapsulation_efficiency,ee_mean,rf_descriptors,RF: descriptors,descriptors,3,510,https://doi.org/10.34133/bmr.0017,92.9,94.38995231601731
encapsulation_efficiency,ee_mean,rf_descriptors,RF: descriptors,descriptors,3,511,https://doi.org/10.34133/bmr.0017,91.7,85.06906672771136
encapsulation_efficiency,ee_mean,rf_descriptors,RF: descriptors,descriptors,3,512,https://doi.org/10.34133/bmr.0017,91.1,85.06906672771136
encapsulation_efficiency,ee_mean,rf_descriptors,RF: descriptors,descriptors,3,513,https://doi.org/10.34133/bmr.0017,89.5,85.06906672771136
encapsulation_efficiency,ee_mean,rf_descriptors,RF: descriptors,descriptors,3,641,https://doi.org/10.1016/j.jpha.2024.100996,93.176,89.62939881815593
encapsulation_efficiency,ee_mean,rf_descriptors,RF: descriptors,descriptors,3,642,https://doi.org/10.1016/j.jpha.2024.100996,92.391,89.62939881815593
encapsulation_efficiency,ee_mean,rf_descriptors,RF: descriptors,descriptors,3,643,https://doi.org/10.1016/j.jpha.2024.100996,96.439,89.62939881815593
encapsulation_efficiency,ee_mean,rf_descriptors,RF: descriptors,descriptors,3,644,https://doi.org/10.1016/j.jpha.2024.100996,95.558,89.62939881815593
encapsulation_efficiency,ee_mean,rf_descriptors,RF: descriptors,descriptors,3,645,https://doi.org/10.1016/j.jpha.2024.100996,91.141,89.62939881815593
encapsulation_efficiency,ee_mean,rf_descriptors,RF: descriptors,descriptors,3,646,https://doi.org/10.1016/j.jpha.2024.100996,93.162,88.5565152212994
encapsulation_efficiency,ee_mean,rf_descriptors,RF: descriptors,descriptors,3,647,https://doi.org/10.1016/j.jpha.2024.100996,91.161,88.5565152212994
encapsulation_efficiency,ee_mean,rf_descriptors,RF: descriptors,descriptors,3,648,https://doi.org/10.1016/j.jpha.2024.100996,92.526,88.5565152212994
encapsulation_efficiency,ee_mean,rf_descriptors,RF: descriptors,descriptors,3,649,https://doi.org/10.1016/j.jpha.2024.100996,92.043,88.5565152212994
encapsulation_efficiency,ee_mean,rf_descriptors,RF: descriptors,descriptors,3,650,https://doi.org/10.1016/j.jpha.2024.100996,90.146,88.5565152212994
encapsulation_efficiency,ee_mean,rf_descriptors,RF: descriptors,descriptors,3,651,https://doi.org/10.1016/j.jpha.2024.100996,92.571,88.5565152212994
encapsulation_efficiency,ee_mean,rf_descriptors,RF: descriptors,descriptors,3,652,https://doi.org/10.1016/j.jpha.2024.100996,91.816,89.50226413665912
encapsulation_efficiency,ee_mean,rf_descriptors,RF: descriptors,descriptors,3,653,https://doi.org/10.1016/j.jpha.2024.100996,93.363,89.50226413665912
encapsulation_efficiency,ee_mean,rf_descriptors,RF: descriptors,descriptors,3,654,https://doi.org/10.1016/j.jpha.2024.100996,91.361,89.50226413665912
encapsulation_efficiency,ee_mean,rf_descriptors,RF: descriptors,descriptors,3,655,https://doi.org/10.1016/j.jpha.2024.100996,90.261,89.50226413665912
encapsulation_efficiency,ee_mean,rf_descriptors,RF: descriptors,descriptors,3,656,https://doi.org/10.1016/j.jpha.2024.100996,93.491,89.50226413665912
encapsulation_efficiency,ee_mean,rf_descriptors,RF: descriptors,descriptors,3,657,https://doi.org/10.1016/j.jpha.2024.100996,90.138,89.50226413665912
encapsulation_efficiency,ee_mean,rf_descriptors,RF: descriptors,descriptors,3,658,https://doi.org/10.1016/j.jpha.2024.100996,79.216,88.56449717645339
encapsulation_efficiency,ee_mean,rf_descriptors,RF: descriptors,descriptors,3,659,https://doi.org/10.1016/j.jpha.2024.100996,74.532,88.56449717645339
encapsulation_efficiency,ee_mean,rf_descriptors,RF: descriptors,descriptors,3,660,https://doi.org/10.1016/j.jpha.2024.100996,84.168,88.56449717645339
encapsulation_efficiency,ee_mean,rf_descriptors,RF: descriptors,descriptors,3,661,https://doi.org/10.1016/j.jpha.2024.100996,75.923,88.56449717645339
encapsulation_efficiency,ee_mean,rf_descriptors,RF: descriptors,descriptors,3,662,https://doi.org/10.1016/j.jpha.2024.100996,80.542,88.56449717645339
encapsulation_efficiency,ee_mean,rf_descriptors,RF: descriptors,descriptors,3,663,https://doi.org/10.1016/j.jpha.2024.100996,77.349,88.56449717645339
encapsulation_efficiency,ee_mean,rf_descriptors,RF: descriptors,descriptors,3,664,https://doi.org/10.1016/j.jpha.2024.100996,85.416,88.56449717645339
encapsulation_efficiency,ee_mean,rf_descriptors,RF: descriptors,descriptors,3,716,10.1021/acs.jpcb.5b02891,95.0,85.09007396138966
encapsulation_efficiency,ee_mean,rf_descriptors,RF: descriptors,descriptors,3,717,10.1021/acs.jpcb.5b02891,97.0,85.09007396138966
encapsulation_efficiency,ee_mean,rf_descriptors,RF: descriptors,descriptors,3,718,10.1021/acs.jpcb.5b02891,47.0,85.09007396138966
encapsulation_efficiency,ee_mean,rf_descriptors,RF: descriptors,descriptors,3,719,10.1021/acs.jpcb.5b02891,52.0,85.09007396138966
encapsulation_efficiency,ee_mean,rf_descriptors,RF: descriptors,descriptors,3,736,10.1021/acs.jpcb.5b02891,95.0,85.09007396138966
encapsulation_efficiency,ee_mean,rf_descriptors,RF: descriptors,descriptors,3,737,10.1021/acs.jpcb.5b02891,45.0,85.09007396138966
encapsulation_efficiency,ee_mean,rf_descriptors,RF: descriptors,descriptors,3,738,10.1021/acs.jpcb.5b02891,95.0,85.09007396138966
encapsulation_efficiency,ee_mean,rf_descriptors,RF: descriptors,descriptors,3,739,10.1021/acs.jpcb.5b02891,50.0,85.09007396138966
encapsulation_efficiency,ee_mean,rf_descriptors,RF: descriptors,descriptors,3,875,https://doi.org/10.1101/2023.11.09.565872,88.0,94.38995231601731
encapsulation_efficiency,ee_mean,rf_descriptors,RF: descriptors,descriptors,3,876,https://doi.org/10.1101/2023.11.09.565872,84.0,80.15103505764706
encapsulation_efficiency,ee_mean,rf_descriptors,RF: descriptors,descriptors,4,444,10.1002/anie.201809056,99.0,64.39248362724246
encapsulation_efficiency,ee_mean,rf_descriptors,RF: descriptors,descriptors,4,446,10.1002/anie.201809056,99.0,64.9033637066075
encapsulation_efficiency,ee_mean,rf_descriptors,RF: descriptors,descriptors,4,450,10.1016/j.jconrel.2019.10.028,67.5,67.58855703937736
encapsulation_efficiency,ee_mean,rf_descriptors,RF: descriptors,descriptors,4,451,10.1016/j.jconrel.2019.10.028,33.7,67.58855703937736
encapsulation_efficiency,ee_mean,rf_descriptors,RF: descriptors,descriptors,4,452,10.1016/j.jconrel.2019.10.028,48.9,67.58855703937736
encapsulation_efficiency,ee_mean,rf_descriptors,RF: descriptors,descriptors,4,453,10.1016/j.jconrel.2019.10.028,92.8,67.58855703937736
encapsulation_efficiency,ee_mean,rf_descriptors,RF: descriptors,descriptors,4,454,10.1016/j.jconrel.2019.10.028,95.7,67.58855703937736
encapsulation_efficiency,ee_mean,rf_descriptors,RF: descriptors,descriptors,4,455,10.1016/j.jconrel.2019.10.028,90.7,67.58855703937736
encapsulation_efficiency,ee_mean,rf_descriptors,RF: descriptors,descriptors,4,456,10.1016/j.jconrel.2019.10.028,49.9,67.58855703937736
encapsulation_efficiency,ee_mean,rf_descriptors,RF: descriptors,descriptors,4,457,10.1016/j.jconrel.2019.10.028,91.3,67.58855703937736
encapsulation_efficiency,ee_mean,rf_descriptors,RF: descriptors,descriptors,4,458,10.1016/j.jconrel.2019.10.028,92.7,67.58855703937736
encapsulation_efficiency,ee_mean,rf_descriptors,RF: descriptors,descriptors,4,459,10.1016/j.jconrel.2019.10.028,89.1,67.58855703937736
encapsulation_efficiency,ee_mean,rf_descriptors,RF: descriptors,descriptors,4,460,10.1016/j.jconrel.2019.10.028,89.8,67.58855703937736
encapsulation_efficiency,ee_mean,rf_descriptors,RF: descriptors,descriptors,4,461,10.1016/j.jconrel.2019.10.028,88.4,67.58855703937736
encapsulation_efficiency,ee_mean,rf_descriptors,RF: descriptors,descriptors,4,462,10.1016/j.jconrel.2019.10.028,87.4,67.58855703937736
encapsulation_efficiency,ee_mean,rf_descriptors,RF: descriptors,descriptors,4,463,10.1016/j.jconrel.2019.10.028,76.6,67.58855703937736
encapsulation_efficiency,ee_mean,rf_descriptors,RF: descriptors,descriptors,4,464,10.1016/j.jconrel.2019.10.028,88.7,67.58855703937736
encapsulation_efficiency,ee_mean,rf_descriptors,RF: descriptors,descriptors,4,465,10.1016/j.jconrel.2019.10.028,86.1,67.58855703937736
encapsulation_efficiency,ee_mean,rf_descriptors,RF: descriptors,descriptors,4,778,10.1002/btm2.10580,91.5,86.80287410879562
encapsulation_efficiency,ee_mean,rf_descriptors,RF: descriptors,descriptors,4,779,10.1002/btm2.10580,92.8,86.80287410879562
encapsulation_efficiency,ee_mean,rf_descriptors,RF: descriptors,descriptors,4,780,10.1002/btm2.10580,93.4,86.80287410879562
encapsulation_efficiency,ee_mean,rf_descriptors,RF: descriptors,descriptors,4,781,10.1002/btm2.10580,87.2,86.80287410879562
encapsulation_efficiency,ee_mean,rf_descriptors,RF: descriptors,descriptors,4,782,10.1002/btm2.10580,93.9,93.7402525310245
encapsulation_efficiency,ee_mean,rf_descriptors,RF: descriptors,descriptors,4,783,10.1002/btm2.10580,89.8,93.7402525310245
encapsulation_efficiency,ee_mean,rf_descriptors,RF: descriptors,descriptors,4,784,10.1002/btm2.10580,91.2,77.8703238649486
encapsulation_efficiency,ee_mean,rf_descriptors,RF: descriptors,descriptors,4,785,10.1002/btm2.10580,88.7,77.8703238649486
encapsulation_efficiency,ee_mean,rf_descriptors,RF: descriptors,descriptors,4,913,https://doi.org/10.1038/s41434-022-00370-1,79.0,86.80287410879562
encapsulation_efficiency,ee_mean,rf_descriptors,RF: descriptors,descriptors,4,915,https://doi.org/10.1038/s41434-022-00370-1,95.0,86.80287410879562
encapsulation_efficiency,ee_mean,rf_descriptors,RF: descriptors,descriptors,4,922,https://doi.org/10.1073/pnas.2303567120,85.0,86.80287410879562
encapsulation_efficiency,ee_mean,rf_descriptors,RF: descriptors,descriptors,4,923,https://doi.org/10.1073/pnas.2303567120,85.0,86.80287410879562
encapsulation_efficiency,ee_mean,rf_descriptors,RF: descriptors,descriptors,4,928,https://doi.org/10.1073/pnas.2303567120,85.0,86.80287410879562
encapsulation_efficiency,ee_mean,rf_descriptors,RF: descriptors,descriptors,4,929,https://doi.org/10.1073/pnas.2303567120,85.0,86.80287410879562
encapsulation_efficiency,ee_mean,rf_descriptors,RF: descriptors,descriptors,4,931,https://doi.org/10.1073/pnas.2303567120,60.0,86.80287410879562
encapsulation_efficiency,ee_mean,rf_descriptors,RF: descriptors,descriptors,4,932,https://doi.org/10.1248/cpb.c24-00089,66.5,77.03877665009891
encapsulation_efficiency,ee_mean,rf_descriptors,RF: descriptors,descriptors,4,933,https://doi.org/10.1248/cpb.c24-00089,96.0,77.03877665009891
encapsulation_efficiency,ee_mean,rf_descriptors,RF: descriptors,descriptors,4,934,https://doi.org/10.1248/cpb.c24-00089,96.0,77.03877665009891
encapsulation_efficiency,ee_mean,rf_descriptors,RF: descriptors,descriptors,4,935,https://doi.org/10.1248/cpb.c24-00089,97.0,77.03877665009891
encapsulation_efficiency,ee_mean,rf_descriptors,RF: descriptors,descriptors,4,936,https://doi.org/10.1248/cpb.c24-00089,97.0,77.03877665009891
encapsulation_efficiency,ee_mean,rf_descriptors,RF: descriptors,descriptors,4,937,https://doi.org/10.1248/cpb.c24-00089,96.0,77.03877665009891
encapsulation_efficiency,ee_mean,rf_descriptors,RF: descriptors,descriptors,4,938,https://doi.org/10.1248/cpb.c24-00089,96.0,77.03877665009891
encapsulation_efficiency,ee_mean,rf_descriptors,RF: descriptors,descriptors,4,939,https://doi.org/10.1248/cpb.c24-00089,92.0,77.03877665009891
encapsulation_efficiency,ee_mean,rf_descriptors,RF: descriptors,descriptors,4,940,https://doi.org/10.1248/cpb.c24-00089,97.0,77.03877665009891
encapsulation_efficiency,ee_mean,rf_descriptors,RF: descriptors,descriptors,4,1021,10.1073/pnas.1209367109,93.6,91.03740378749194
encapsulation_efficiency,ee_mean,rf_descriptors,RF: descriptors,descriptors,5,113,https://doi.org/10.1016/j.ymthe.2018.03.010,96.9,86.14707108079234
encapsulation_efficiency,ee_mean,rf_descriptors,RF: descriptors,descriptors,5,114,https://doi.org/10.1016/j.ymthe.2018.03.010,91.8,88.86531696638956
encapsulation_efficiency,ee_mean,rf_descriptors,RF: descriptors,descriptors,5,115,https://doi.org/10.1016/j.ymthe.2018.03.010,90.9,89.29271955506944
encapsulation_efficiency,ee_mean,rf_descriptors,RF: descriptors,descriptors,5,116,https://doi.org/10.1016/j.ymthe.2018.03.010,97.6,89.87027839738008
encapsulation_efficiency,ee_mean,rf_descriptors,RF: descriptors,descriptors,5,117,https://doi.org/10.1016/j.ymthe.2018.03.010,97.5,90.12475659820903
encapsulation_efficiency,ee_mean,rf_descriptors,RF: descriptors,descriptors,5,118,https://doi.org/10.1016/j.ymthe.2018.03.010,97.0,88.32801833630768
encapsulation_efficiency,ee_mean,rf_descriptors,RF: descriptors,descriptors,5,119,https://doi.org/10.1016/j.ymthe.2018.03.010,95.2,85.90243023045936
encapsulation_efficiency,ee_mean,rf_descriptors,RF: descriptors,descriptors,5,120,https://doi.org/10.1016/j.ymthe.2018.03.010,95.8,91.37866278361082
encapsulation_efficiency,ee_mean,rf_descriptors,RF: descriptors,descriptors,5,121,https://doi.org/10.1016/j.ymthe.2018.03.010,97.4,90.13949868860196
encapsulation_efficiency,ee_mean,rf_descriptors,RF: descriptors,descriptors,5,122,https://doi.org/10.1016/j.ymthe.2018.03.010,98.3,88.23595252823196
encapsulation_efficiency,ee_mean,rf_descriptors,RF: descriptors,descriptors,5,123,https://doi.org/10.1016/j.ymthe.2018.03.010,97.3,84.67384628601168
encapsulation_efficiency,ee_mean,rf_descriptors,RF: descriptors,descriptors,5,563,10.1039/C9NR02004G,85.0,72.6731654350761
encapsulation_efficiency,ee_mean,rf_descriptors,RF: descriptors,descriptors,5,635,10.1021/jacs.2c12893,88.31,75.67418264726174
encapsulation_efficiency,ee_mean,rf_descriptors,RF: descriptors,descriptors,5,636,10.1021/jacs.2c12893,89.45,84.67384628601168
encapsulation_efficiency,ee_mean,rf_descriptors,RF: descriptors,descriptors,5,756,https://doi.org/10.1016/j.ijpharm.2023.123050,96.0,74.88299449326597
encapsulation_efficiency,ee_mean,rf_descriptors,RF: descriptors,descriptors,5,763,https://doi.org/10.1016/j.ijpharm.2023.123050,94.0,74.88299449326597
encapsulation_efficiency,ee_mean,rf_descriptors,RF: descriptors,descriptors,5,773,https://doi.org/10.1016/j.ijpharm.2023.123050,96.0,74.88299449326597
encapsulation_efficiency,ee_mean,rf_descriptors,RF: descriptors,descriptors,5,862,https://doi.org/10.1016/j.jconrel.2025.01.071,80.0,88.32804619027596
encapsulation_efficiency,ee_mean,rf_descriptors,RF: descriptors,descriptors,5,863,https://doi.org/10.1016/j.jconrel.2025.01.071,80.0,88.32804619027596
encapsulation_efficiency,ee_mean,rf_descriptors,RF: descriptors,descriptors,5,864,https://doi.org/10.1016/j.jconrel.2025.01.071,80.0,88.32804619027596
encapsulation_efficiency,ee_mean,rf_descriptors,RF: descriptors,descriptors,5,865,https://doi.org/10.1016/j.jconrel.2025.01.071,80.0,88.32804619027596
encapsulation_efficiency,ee_mean,rf_descriptors,RF: descriptors,descriptors,5,866,https://doi.org/10.1016/j.jconrel.2025.01.071,80.0,88.32804619027596
encapsulation_efficiency,ee_mean,rf_descriptors,RF: descriptors,descriptors,5,867,https://doi.org/10.1016/j.jconrel.2025.01.071,80.0,88.32804619027596
encapsulation_efficiency,ee_mean,rf_descriptors,RF: descriptors,descriptors,5,868,https://doi.org/10.1016/j.jconrel.2025.01.071,80.0,88.32804619027596
encapsulation_efficiency,ee_mean,rf_descriptors,RF: descriptors,descriptors,5,869,https://doi.org/10.1016/j.jconrel.2025.01.071,80.0,88.32804619027596
encapsulation_efficiency,ee_mean,rf_descriptors,RF: descriptors,descriptors,5,870,https://doi.org/10.1016/j.jconrel.2025.01.071,60.0,88.32804619027596
encapsulation_efficiency,ee_mean,rf_descriptors,RF: descriptors,descriptors,5,911,https://doi.org/10.1101/2024.09.27.614859,95.0,91.37866278361082
encapsulation_efficiency,ee_mean,rf_descriptors,RF: descriptors,descriptors,5,1005,10.1002/smll.201805097,31.1,76.7640937216497
encapsulation_efficiency,ee_mean,rf_descriptors,RF: descriptors,descriptors,5,1006,10.1002/smll.201805097,89.7,78.82409297381528
encapsulation_efficiency,ee_mean,rf_descriptors,RF: descriptors,descriptors,5,1007,10.1002/smll.201805097,93.6,81.577655563229
encapsulation_efficiency,ee_mean,rf_descriptors,RF: descriptors,descriptors,5,1008,10.1002/smll.201805097,89.3,81.67251885356899
encapsulation_efficiency,ee_mean,rf_descriptors,RF: descriptors,descriptors,5,1009,10.1002/smll.201805097,89.7,87.22824257021945
encapsulation_efficiency,ee_mean,rf_descriptors,RF: descriptors,descriptors,5,1010,10.1002/smll.201805097,84.7,87.35074380831468
encapsulation_efficiency,ee_mean,rf_descriptors,RF: descriptors,descriptors,5,1011,10.1002/smll.201805097,88.1,87.4934228695149
encapsulation_efficiency,ee_mean,rf_descriptors,RF: descriptors,descriptors,5,1012,10.1002/smll.201805097,86.2,87.00843985267795
encapsulation_efficiency,ee_mean,rf_descriptors,RF: descriptors,descriptors,5,1013,10.1002/smll.201805097,82.1,86.9642114391859
encapsulation_efficiency,ee_mean,rf_descriptors,RF: descriptors,descriptors,5,1014,10.1002/smll.201805097,69.0,86.80850390403205
encapsulation_efficiency,ee_mean,rf_descriptors,RF: descriptors,descriptors,5,1015,10.1002/smll.201805097,64.4,86.86065933361358
encapsulation_efficiency,ee_mean,rf_descriptors,RF: descriptors,descriptors,5,1088,https://dx.doi.org/10.1021/acs.nanolett.0c01386,95.0,84.67384628601168
encapsulation_efficiency,ee_mean,rf_descriptors,RF: descriptors,descriptors,5,1089,https://dx.doi.org/10.1021/acs.nanolett.0c01386,92.0,84.67384628601168
encapsulation_efficiency,ee_mean,rf_descriptors,RF: descriptors,descriptors,5,1090,https://dx.doi.org/10.1021/acs.nanolett.0c01386,90.0,84.67384628601168
encapsulation_efficiency,ee_mean,rf_descriptors,RF: descriptors,descriptors,5,1091,https://dx.doi.org/10.1021/acs.nanolett.0c01386,88.0,84.67384628601168
encapsulation_efficiency,ee_mean,rf_descriptors,RF: descriptors,descriptors,5,1092,https://dx.doi.org/10.1021/acs.nanolett.0c01386,85.0,84.67384628601168
encapsulation_efficiency,ee_mean,ridge_combined,Ridge: combined,combined,1,202,https://doi.org/10.1038/s41467-024-45422-9,52.8,102.00540005665425
encapsulation_efficiency,ee_mean,ridge_combined,Ridge: combined,combined,1,203,https://doi.org/10.1038/s41467-024-45422-9,69.7,100.94021678708452
encapsulation_efficiency,ee_mean,ridge_combined,Ridge: combined,combined,1,204,https://doi.org/10.1038/s41467-024-45422-9,57.4,89.6715981082882
encapsulation_efficiency,ee_mean,ridge_combined,Ridge: combined,combined,1,205,https://doi.org/10.1038/s41467-024-45422-9,63.0,86.05224346307598
encapsulation_efficiency,ee_mean,ridge_combined,Ridge: combined,combined,1,206,https://doi.org/10.1038/s41467-024-45422-9,51.5,97.7842949323113
encapsulation_efficiency,ee_mean,ridge_combined,Ridge: combined,combined,1,207,https://doi.org/10.1038/s41467-024-45422-9,76.9,98.10043060190753
encapsulation_efficiency,ee_mean,ridge_combined,Ridge: combined,combined,1,208,https://doi.org/10.1038/s41467-024-45422-9,73.4,101.29504852109515
encapsulation_efficiency,ee_mean,ridge_combined,Ridge: combined,combined,1,209,https://doi.org/10.1038/s41467-024-45422-9,77.6,100.3886732000991
encapsulation_efficiency,ee_mean,ridge_combined,Ridge: combined,combined,1,210,https://doi.org/10.1038/s41467-024-45422-9,71.6,89.14984464558452
encapsulation_efficiency,ee_mean,ridge_combined,Ridge: combined,combined,1,211,https://doi.org/10.1038/s41467-024-45422-9,78.3,85.55734663194038
encapsulation_efficiency,ee_mean,ridge_combined,Ridge: combined,combined,1,212,https://doi.org/10.1038/s41467-024-45422-9,73.0,97.26254146960761
encapsulation_efficiency,ee_mean,ridge_combined,Ridge: combined,combined,1,213,https://doi.org/10.1038/s41467-024-45422-9,74.5,97.57867713920385
encapsulation_efficiency,ee_mean,ridge_combined,Ridge: combined,combined,1,214,https://doi.org/10.1038/s41467-024-45422-9,54.4,101.29504852109515
encapsulation_efficiency,ee_mean,ridge_combined,Ridge: combined,combined,1,215,https://doi.org/10.1038/s41467-024-45422-9,59.8,100.3886732000991
encapsulation_efficiency,ee_mean,ridge_combined,Ridge: combined,combined,1,216,https://doi.org/10.1038/s41467-024-45422-9,51.3,89.14984464558452
encapsulation_efficiency,ee_mean,ridge_combined,Ridge: combined,combined,1,217,https://doi.org/10.1038/s41467-024-45422-9,75.1,85.55734663194038
encapsulation_efficiency,ee_mean,ridge_combined,Ridge: combined,combined,1,218,https://doi.org/10.1038/s41467-024-45422-9,54.8,97.26254146960761
encapsulation_efficiency,ee_mean,ridge_combined,Ridge: combined,combined,1,219,https://doi.org/10.1038/s41467-024-45422-9,85.6,97.57867713920385
encapsulation_efficiency,ee_mean,ridge_combined,Ridge: combined,combined,1,220,https://doi.org/10.1038/s41467-024-45422-9,84.3,100.673262956856
encapsulation_efficiency,ee_mean,ridge_combined,Ridge: combined,combined,1,221,https://doi.org/10.1038/s41467-024-45422-9,75.1,99.8937763689635
encapsulation_efficiency,ee_mean,ridge_combined,Ridge: combined,combined,1,222,https://doi.org/10.1038/s41467-024-45422-9,85.7,88.67924396207512
encapsulation_efficiency,ee_mean,ridge_combined,Ridge: combined,combined,1,223,https://doi.org/10.1038/s41467-024-45422-9,77.3,85.10879714650007
encapsulation_efficiency,ee_mean,ridge_combined,Ridge: combined,combined,1,224,https://doi.org/10.1038/s41467-024-45422-9,71.9,96.79194078609822
encapsulation_efficiency,ee_mean,ridge_combined,Ridge: combined,combined,1,225,https://doi.org/10.1038/s41467-024-45422-9,87.1,97.10807645569446
encapsulation_efficiency,ee_mean,ridge_combined,Ridge: combined,combined,1,227,https://doi.org/10.1038/s41467-024-45422-9,48.1,100.12171936987059
encapsulation_efficiency,ee_mean,ridge_combined,Ridge: combined,combined,1,228,https://doi.org/10.1038/s41467-024-45422-9,66.2,99.44522688352319
encapsulation_efficiency,ee_mean,ridge_combined,Ridge: combined,combined,1,229,https://doi.org/10.1038/s41467-024-45422-9,54.9,88.2507690967257
encapsulation_efficiency,ee_mean,ridge_combined,Ridge: combined,combined,1,230,https://doi.org/10.1038/s41467-024-45422-9,50.9,84.69864974749298
encapsulation_efficiency,ee_mean,ridge_combined,Ridge: combined,combined,1,231,https://doi.org/10.1038/s41467-024-45422-9,48.7,96.36346592074881
encapsulation_efficiency,ee_mean,ridge_combined,Ridge: combined,combined,1,232,https://doi.org/10.1038/s41467-024-45422-9,69.4,96.67960159034504
encapsulation_efficiency,ee_mean,ridge_combined,Ridge: combined,combined,1,233,https://doi.org/10.1038/s41467-024-45422-9,54.9,99.62682253873498
encapsulation_efficiency,ee_mean,ridge_combined,Ridge: combined,combined,1,234,https://doi.org/10.1038/s41467-024-45422-9,73.2,99.03507948451612
encapsulation_efficiency,ee_mean,ridge_combined,Ridge: combined,combined,1,235,https://doi.org/10.1038/s41467-024-45422-9,53.1,87.85739907984296
encapsulation_efficiency,ee_mean,ridge_combined,Ridge: combined,combined,1,236,https://doi.org/10.1038/s41467-024-45422-9,64.1,84.32067706955159
encapsulation_efficiency,ee_mean,ridge_combined,Ridge: combined,combined,1,237,https://doi.org/10.1038/s41467-024-45422-9,57.3,95.97009590386605
encapsulation_efficiency,ee_mean,ridge_combined,Ridge: combined,combined,1,238,https://doi.org/10.1038/s41467-024-45422-9,58.4,96.28623157346229
encapsulation_efficiency,ee_mean,ridge_combined,Ridge: combined,combined,1,239,https://doi.org/10.1038/s41467-024-45422-9,39.2,101.56756172843163
encapsulation_efficiency,ee_mean,ridge_combined,Ridge: combined,combined,1,240,https://doi.org/10.1038/s41467-024-45422-9,42.5,100.89661437094419
encapsulation_efficiency,ee_mean,ridge_combined,Ridge: combined,combined,1,241,https://doi.org/10.1038/s41467-024-45422-9,48.8,89.70188303987295
encapsulation_efficiency,ee_mean,ridge_combined,Ridge: combined,combined,1,242,https://doi.org/10.1038/s41467-024-45422-9,49.6,86.14903177488068
encapsulation_efficiency,ee_mean,ridge_combined,Ridge: combined,combined,1,243,https://doi.org/10.1038/s41467-024-45422-9,46.8,97.81457986389606
encapsulation_efficiency,ee_mean,ridge_combined,Ridge: combined,combined,1,244,https://doi.org/10.1038/s41467-024-45422-9,37.0,98.13071553349229
encapsulation_efficiency,ee_mean,ridge_combined,Ridge: combined,combined,1,245,https://doi.org/10.1038/s41467-024-45422-9,53.4,100.84841145390752
encapsulation_efficiency,ee_mean,ridge_combined,Ridge: combined,combined,1,246,https://doi.org/10.1038/s41467-024-45422-9,77.9,100.29167277830038
encapsulation_efficiency,ee_mean,ridge_combined,Ridge: combined,combined,1,247,https://doi.org/10.1038/s41467-024-45422-9,60.2,89.11992913342574
encapsulation_efficiency,ee_mean,ridge_combined,Ridge: combined,combined,1,248,https://doi.org/10.1038/s41467-024-45422-9,66.7,85.58829404192467
encapsulation_efficiency,ee_mean,ridge_combined,Ridge: combined,combined,1,249,https://doi.org/10.1038/s41467-024-45422-9,45.5,97.23262595744885
encapsulation_efficiency,ee_mean,ridge_combined,Ridge: combined,combined,1,250,https://doi.org/10.1038/s41467-024-45422-9,63.3,97.54876162704508
encapsulation_efficiency,ee_mean,ridge_combined,Ridge: combined,combined,1,251,https://doi.org/10.1038/s41467-024-45422-9,78.5,100.84841145390752
encapsulation_efficiency,ee_mean,ridge_combined,Ridge: combined,combined,1,252,https://doi.org/10.1038/s41467-024-45422-9,78.8,100.29167277830038
encapsulation_efficiency,ee_mean,ridge_combined,Ridge: combined,combined,1,253,https://doi.org/10.1038/s41467-024-45422-9,79.3,89.11992913342574
encapsulation_efficiency,ee_mean,ridge_combined,Ridge: combined,combined,1,254,https://doi.org/10.1038/s41467-024-45422-9,77.9,85.58829404192467
encapsulation_efficiency,ee_mean,ridge_combined,Ridge: combined,combined,1,255,https://doi.org/10.1038/s41467-024-45422-9,79.0,97.23262595744885
encapsulation_efficiency,ee_mean,ridge_combined,Ridge: combined,combined,1,256,https://doi.org/10.1038/s41467-024-45422-9,79.4,97.54876162704508
encapsulation_efficiency,ee_mean,ridge_combined,Ridge: combined,combined,1,257,https://doi.org/10.1038/s41467-024-45422-9,57.8,100.2185076816753
encapsulation_efficiency,ee_mean,ridge_combined,Ridge: combined,combined,1,258,https://doi.org/10.1038/s41467-024-45422-9,63.9,99.75055724647406
encapsulation_efficiency,ee_mean,ridge_combined,Ridge: combined,combined,1,259,https://doi.org/10.1038/s41467-024-45422-9,41.8,88.59699766451041
encapsulation_efficiency,ee_mean,ridge_combined,Ridge: combined,combined,1,260,https://doi.org/10.1038/s41467-024-45422-9,40.6,85.08224573537309
encapsulation_efficiency,ee_mean,ridge_combined,Ridge: combined,combined,1,261,https://doi.org/10.1038/s41467-024-45422-9,57.6,96.7096944885335
encapsulation_efficiency,ee_mean,ridge_combined,Ridge: combined,combined,1,262,https://doi.org/10.1038/s41467-024-45422-9,59.2,97.02583015812974
encapsulation_efficiency,ee_mean,ridge_combined,Ridge: combined,combined,1,263,https://doi.org/10.1038/s41467-024-45422-9,46.9,99.1517216421677
encapsulation_efficiency,ee_mean,ridge_combined,Ridge: combined,combined,1,264,https://doi.org/10.1038/s41467-024-45422-9,65.6,98.81091631869035
encapsulation_efficiency,ee_mean,ridge_combined,Ridge: combined,combined,1,265,https://doi.org/10.1038/s41467-024-45422-9,54.3,87.6839352111264
encapsulation_efficiency,ee_mean,ridge_combined,Ridge: combined,combined,1,266,https://doi.org/10.1038/s41467-024-45422-9,48.0,84.19403741473714
encapsulation_efficiency,ee_mean,ridge_combined,Ridge: combined,combined,1,267,https://doi.org/10.1038/s41467-024-45422-9,47.1,95.7966320351495
encapsulation_efficiency,ee_mean,ridge_combined,Ridge: combined,combined,1,268,https://doi.org/10.1038/s41467-024-45422-9,37.2,96.11276770474574
encapsulation_efficiency,ee_mean,ridge_combined,Ridge: combined,combined,1,269,https://doi.org/10.1038/s41467-024-45422-9,77.8,98.858571751317
encapsulation_efficiency,ee_mean,ridge_combined,Ridge: combined,combined,1,270,https://doi.org/10.1038/s41467-024-45422-9,84.0,97.95219643032095
encapsulation_efficiency,ee_mean,ridge_combined,Ridge: combined,combined,1,271,https://doi.org/10.1038/s41467-024-45422-9,74.6,86.71336787580636
encapsulation_efficiency,ee_mean,ridge_combined,Ridge: combined,combined,1,272,https://doi.org/10.1038/s41467-024-45422-9,82.2,83.12086986216221
encapsulation_efficiency,ee_mean,ridge_combined,Ridge: combined,combined,1,273,https://doi.org/10.1038/s41467-024-45422-9,81.0,94.82606469982946
encapsulation_efficiency,ee_mean,ridge_combined,Ridge: combined,combined,1,274,https://doi.org/10.1038/s41467-024-45422-9,79.8,95.1422003694257
encapsulation_efficiency,ee_mean,ridge_combined,Ridge: combined,combined,1,275,https://doi.org/10.1038/s41467-024-45422-9,85.2,100.39314535698942
encapsulation_efficiency,ee_mean,ridge_combined,Ridge: combined,combined,1,276,https://doi.org/10.1038/s41467-024-45422-9,81.2,99.25854481278695
encapsulation_efficiency,ee_mean,ridge_combined,Ridge: combined,combined,1,277,https://doi.org/10.1038/s41467-024-45422-9,85.1,98.25114631850715
encapsulation_efficiency,ee_mean,ridge_combined,Ridge: combined,combined,1,278,https://doi.org/10.1038/s41467-024-45422-9,85.3,96.06588511979021
encapsulation_efficiency,ee_mean,ridge_combined,Ridge: combined,combined,1,279,https://doi.org/10.1038/s41467-024-45422-9,80.6,98.41996202765687
encapsulation_efficiency,ee_mean,ridge_combined,Ridge: combined,combined,1,280,https://doi.org/10.1038/s41467-024-45422-9,80.6,98.41996202765687
encapsulation_efficiency,ee_mean,ridge_combined,Ridge: combined,combined,1,281,https://doi.org/10.1038/s41467-024-45422-9,83.1,98.21210439466594
encapsulation_efficiency,ee_mean,ridge_combined,Ridge: combined,combined,1,282,https://doi.org/10.1038/s41467-024-45422-9,82.4,98.03176120605896
encapsulation_efficiency,ee_mean,ridge_combined,Ridge: combined,combined,1,283,https://doi.org/10.1038/s41467-024-45422-9,78.5,96.13804667120132
encapsulation_efficiency,ee_mean,ridge_combined,Ridge: combined,combined,1,284,https://doi.org/10.1038/s41467-024-45422-9,79.7,98.06921411369414
encapsulation_efficiency,ee_mean,ridge_combined,Ridge: combined,combined,1,285,https://doi.org/10.1038/s41467-024-45422-9,82.4,97.4939682623978
encapsulation_efficiency,ee_mean,ridge_combined,Ridge: combined,combined,1,286,https://doi.org/10.1038/s41467-024-45422-9,83.4,96.76029278899732
encapsulation_efficiency,ee_mean,ridge_combined,Ridge: combined,combined,1,288,https://doi.org/10.1038/s41467-024-45422-9,84.2,99.0544002838568
encapsulation_efficiency,ee_mean,ridge_combined,Ridge: combined,combined,1,289,https://doi.org/10.1038/s41467-024-45422-9,81.8,97.85374322889666
encapsulation_efficiency,ee_mean,ridge_combined,Ridge: combined,combined,1,290,https://doi.org/10.1038/s41467-024-45422-9,86.8,96.68497223010931
encapsulation_efficiency,ee_mean,ridge_combined,Ridge: combined,combined,1,291,https://doi.org/10.1038/s41467-024-45422-9,82.4,98.121661367402
encapsulation_efficiency,ee_mean,ridge_combined,Ridge: combined,combined,1,292,https://doi.org/10.1038/s41467-024-45422-9,83.2,98.47244637740958
encapsulation_efficiency,ee_mean,ridge_combined,Ridge: combined,combined,1,293,https://doi.org/10.1038/s41467-024-45422-9,75.9,98.71947170816514
encapsulation_efficiency,ee_mean,ridge_combined,Ridge: combined,combined,1,294,https://doi.org/10.1038/s41467-024-45422-9,85.5,98.0688852721765
encapsulation_efficiency,ee_mean,ridge_combined,Ridge: combined,combined,1,295,https://doi.org/10.1038/s41467-024-45422-9,73.8,96.20925871121945
encapsulation_efficiency,ee_mean,ridge_combined,Ridge: combined,combined,1,296,https://doi.org/10.1038/s41467-024-45422-9,75.1,97.12924434439277
encapsulation_efficiency,ee_mean,ridge_combined,Ridge: combined,combined,1,297,https://doi.org/10.1038/s41467-024-45422-9,80.4,95.36615520585114
encapsulation_efficiency,ee_mean,ridge_combined,Ridge: combined,combined,1,298,https://doi.org/10.1038/s41467-024-45422-9,84.9,96.11077395604663
encapsulation_efficiency,ee_mean,ridge_combined,Ridge: combined,combined,2,109,10.1021/acs.nanolett.5b02497,27.0,76.28390629096329
encapsulation_efficiency,ee_mean,ridge_combined,Ridge: combined,combined,2,110,10.1021/acs.nanolett.5b02497,48.0,76.8456854583958
encapsulation_efficiency,ee_mean,ridge_combined,Ridge: combined,combined,2,575,10.1002/jbm.a.37705,47.0,79.40377542683416
encapsulation_efficiency,ee_mean,ridge_combined,Ridge: combined,combined,2,576,10.1002/jbm.a.37705,95.0,80.1040256226726
encapsulation_efficiency,ee_mean,ridge_combined,Ridge: combined,combined,2,578,10.1002/jbm.a.37705,87.0,80.01550054488743
encapsulation_efficiency,ee_mean,ridge_combined,Ridge: combined,combined,2,803,https://doi.org/10.1038/s41467-022-33157-4,94.2,85.05326782977487
encapsulation_efficiency,ee_mean,ridge_combined,Ridge: combined,combined,2,807,https://doi.org/10.1038/s41467-022-33157-4,94.2,84.88231390150365
encapsulation_efficiency,ee_mean,ridge_combined,Ridge: combined,combined,2,812,https://doi.org/10.1038/s41467-022-33157-4,95.6,85.05326782977487
encapsulation_efficiency,ee_mean,ridge_combined,Ridge: combined,combined,2,885,https://doi.org/10.1021/acs.nanolett.1c01353,82.3,80.01550054488743
encapsulation_efficiency,ee_mean,ridge_combined,Ridge: combined,combined,2,959,https://doi.org/10.1038/s41587-019-0247-3,45.5,80.51218004289841
encapsulation_efficiency,ee_mean,ridge_combined,Ridge: combined,combined,2,960,https://doi.org/10.1038/s41587-019-0247-3,61.3,78.69448246699613
encapsulation_efficiency,ee_mean,ridge_combined,Ridge: combined,combined,2,961,https://doi.org/10.1038/s41587-019-0247-3,55.3,78.5800441242535
encapsulation_efficiency,ee_mean,ridge_combined,Ridge: combined,combined,2,962,https://doi.org/10.1038/s41587-019-0247-3,60.6,75.86518078520223
encapsulation_efficiency,ee_mean,ridge_combined,Ridge: combined,combined,2,963,https://doi.org/10.1038/s41587-019-0247-3,25.5,78.5800441242535
encapsulation_efficiency,ee_mean,ridge_combined,Ridge: combined,combined,2,964,https://doi.org/10.1038/s41587-019-0247-3,64.7,90.55144869821711
encapsulation_efficiency,ee_mean,ridge_combined,Ridge: combined,combined,2,965,https://doi.org/10.1038/s41587-019-0247-3,57.9,81.35561983048046
encapsulation_efficiency,ee_mean,ridge_combined,Ridge: combined,combined,2,966,https://doi.org/10.1038/s41587-019-0247-3,22.5,61.48047253146528
encapsulation_efficiency,ee_mean,ridge_combined,Ridge: combined,combined,2,967,https://doi.org/10.1038/s41587-019-0247-3,96.4,78.5800441242535
encapsulation_efficiency,ee_mean,ridge_combined,Ridge: combined,combined,2,968,https://doi.org/10.1038/s41587-019-0247-3,59.5,78.5800441242535
encapsulation_efficiency,ee_mean,ridge_combined,Ridge: combined,combined,2,969,https://doi.org/10.1038/s41587-019-0247-3,56.4,67.48675765286112
encapsulation_efficiency,ee_mean,ridge_combined,Ridge: combined,combined,2,970,https://doi.org/10.1038/s41587-019-0247-3,68.1,78.5800441242535
encapsulation_efficiency,ee_mean,ridge_combined,Ridge: combined,combined,2,971,https://doi.org/10.1038/s41587-019-0247-3,64.3,85.34808523897262
encapsulation_efficiency,ee_mean,ridge_combined,Ridge: combined,combined,2,972,https://doi.org/10.1038/s41587-019-0247-3,57.2,75.02194152651067
encapsulation_efficiency,ee_mean,ridge_combined,Ridge: combined,combined,2,973,https://doi.org/10.1038/s41587-019-0247-3,57.5,78.5800441242535
encapsulation_efficiency,ee_mean,ridge_combined,Ridge: combined,combined,2,974,https://doi.org/10.1038/s41587-019-0247-3,65.2,84.58661622252012
encapsulation_efficiency,ee_mean,ridge_combined,Ridge: combined,combined,2,975,https://doi.org/10.1038/s41587-019-0247-3,21.7,84.44938806477224
encapsulation_efficiency,ee_mean,ridge_combined,Ridge: combined,combined,2,976,https://doi.org/10.1038/s41587-019-0247-3,70.2,78.5800441242535
encapsulation_efficiency,ee_mean,ridge_combined,Ridge: combined,combined,2,977,https://doi.org/10.1038/s41587-019-0247-3,53.9,84.8115948228237
encapsulation_efficiency,ee_mean,ridge_combined,Ridge: combined,combined,2,978,https://doi.org/10.1038/s41587-019-0247-3,41.3,72.97289522117603
encapsulation_efficiency,ee_mean,ridge_combined,Ridge: combined,combined,2,979,https://doi.org/10.1038/s41587-019-0247-3,98.9,69.29375296648932
encapsulation_efficiency,ee_mean,ridge_combined,Ridge: combined,combined,2,980,https://doi.org/10.1038/s41587-019-0247-3,9.4,88.45655110148077
encapsulation_efficiency,ee_mean,ridge_combined,Ridge: combined,combined,2,981,https://doi.org/10.1038/s41587-019-0247-3,60.3,81.47447947429923
encapsulation_efficiency,ee_mean,ridge_combined,Ridge: combined,combined,2,982,https://doi.org/10.1038/s41587-019-0247-3,79.0,74.79640950935298
encapsulation_efficiency,ee_mean,ridge_combined,Ridge: combined,combined,2,983,https://doi.org/10.1038/s41587-019-0247-3,60.3,81.47447947429923
encapsulation_efficiency,ee_mean,ridge_combined,Ridge: combined,combined,2,984,https://doi.org/10.1038/s41587-019-0247-3,50.4,81.47447947429923
encapsulation_efficiency,ee_mean,ridge_combined,Ridge: combined,combined,2,985,https://doi.org/10.1038/s41587-019-0247-3,60.3,78.69448246699613
encapsulation_efficiency,ee_mean,ridge_combined,Ridge: combined,combined,2,986,https://doi.org/10.1038/s41587-019-0247-3,45.5,77.7240656708642
encapsulation_efficiency,ee_mean,ridge_combined,Ridge: combined,combined,2,987,https://doi.org/10.1038/s41587-019-0247-3,54.5,80.24641425469945
encapsulation_efficiency,ee_mean,ridge_combined,Ridge: combined,combined,2,988,https://doi.org/10.1038/s41587-019-0247-3,75.5,78.95050963716788
encapsulation_efficiency,ee_mean,ridge_combined,Ridge: combined,combined,2,989,https://doi.org/10.1038/s41587-019-0247-3,76.5,78.26824441704159
encapsulation_efficiency,ee_mean,ridge_combined,Ridge: combined,combined,2,990,https://doi.org/10.1038/s41587-019-0247-3,45.5,80.51218004289841
encapsulation_efficiency,ee_mean,ridge_combined,Ridge: combined,combined,2,991,https://doi.org/10.1038/s41587-019-0247-3,55.5,83.46002644966639
encapsulation_efficiency,ee_mean,ridge_combined,Ridge: combined,combined,2,992,https://doi.org/10.1038/s41587-019-0247-3,65.6,81.01786476139758
encapsulation_efficiency,ee_mean,ridge_combined,Ridge: combined,combined,3,63,https://doi.org/10.1016/j.omtn.2019.01.013,84.5,83.72133496716935
encapsulation_efficiency,ee_mean,ridge_combined,Ridge: combined,combined,3,64,https://doi.org/10.1016/j.omtn.2019.01.013,84.5,85.53575811297664
encapsulation_efficiency,ee_mean,ridge_combined,Ridge: combined,combined,3,198,10.1002/adma.201606944,60.0,78.71965935862004
encapsulation_efficiency,ee_mean,ridge_combined,Ridge: combined,combined,3,199,10.1002/adma.201606944,60.0,78.71965935862004
encapsulation_efficiency,ee_mean,ridge_combined,Ridge: combined,combined,3,509,https://doi.org/10.34133/bmr.0017,92.3,85.32836851600808
encapsulation_efficiency,ee_mean,ridge_combined,Ridge: combined,combined,3,510,https://doi.org/10.34133/bmr.0017,92.9,85.32836851600808
encapsulation_efficiency,ee_mean,ridge_combined,Ridge: combined,combined,3,511,https://doi.org/10.34133/bmr.0017,91.7,77.59919504142916
encapsulation_efficiency,ee_mean,ridge_combined,Ridge: combined,combined,3,512,https://doi.org/10.34133/bmr.0017,91.1,77.59919504142916
encapsulation_efficiency,ee_mean,ridge_combined,Ridge: combined,combined,3,513,https://doi.org/10.34133/bmr.0017,89.5,77.73756983623589
encapsulation_efficiency,ee_mean,ridge_combined,Ridge: combined,combined,3,641,https://doi.org/10.1016/j.jpha.2024.100996,93.176,85.54398363551661
encapsulation_efficiency,ee_mean,ridge_combined,Ridge: combined,combined,3,642,https://doi.org/10.1016/j.jpha.2024.100996,92.391,85.75946504633052
encapsulation_efficiency,ee_mean,ridge_combined,Ridge: combined,combined,3,643,https://doi.org/10.1016/j.jpha.2024.100996,96.439,85.50536132412306
encapsulation_efficiency,ee_mean,ridge_combined,Ridge: combined,combined,3,644,https://doi.org/10.1016/j.jpha.2024.100996,95.558,85.53575811297664
encapsulation_efficiency,ee_mean,ridge_combined,Ridge: combined,combined,3,645,https://doi.org/10.1016/j.jpha.2024.100996,91.141,85.50536132412306
encapsulation_efficiency,ee_mean,ridge_combined,Ridge: combined,combined,3,646,https://doi.org/10.1016/j.jpha.2024.100996,93.162,86.5966029611603
encapsulation_efficiency,ee_mean,ridge_combined,Ridge: combined,combined,3,647,https://doi.org/10.1016/j.jpha.2024.100996,91.161,86.62699975001388
encapsulation_efficiency,ee_mean,ridge_combined,Ridge: combined,combined,3,648,https://doi.org/10.1016/j.jpha.2024.100996,92.526,86.5966029611603
encapsulation_efficiency,ee_mean,ridge_combined,Ridge: combined,combined,3,649,https://doi.org/10.1016/j.jpha.2024.100996,92.043,86.62699975001388
encapsulation_efficiency,ee_mean,ridge_combined,Ridge: combined,combined,3,650,https://doi.org/10.1016/j.jpha.2024.100996,90.146,86.85070668336775
encapsulation_efficiency,ee_mean,ridge_combined,Ridge: combined,combined,3,651,https://doi.org/10.1016/j.jpha.2024.100996,92.571,86.37727580769975
encapsulation_efficiency,ee_mean,ridge_combined,Ridge: combined,combined,3,652,https://doi.org/10.1016/j.jpha.2024.100996,91.816,84.54620645427583
encapsulation_efficiency,ee_mean,ridge_combined,Ridge: combined,combined,3,653,https://doi.org/10.1016/j.jpha.2024.100996,93.363,84.76168786508973
encapsulation_efficiency,ee_mean,ridge_combined,Ridge: combined,combined,3,654,https://doi.org/10.1016/j.jpha.2024.100996,91.361,84.53798093173586
encapsulation_efficiency,ee_mean,ridge_combined,Ridge: combined,combined,3,655,https://doi.org/10.1016/j.jpha.2024.100996,90.261,84.28825698942173
encapsulation_efficiency,ee_mean,ridge_combined,Ridge: combined,combined,3,656,https://doi.org/10.1016/j.jpha.2024.100996,93.491,84.28825698942173
encapsulation_efficiency,ee_mean,ridge_combined,Ridge: combined,combined,3,657,https://doi.org/10.1016/j.jpha.2024.100996,90.138,84.50758414288228
encapsulation_efficiency,ee_mean,ridge_combined,Ridge: combined,combined,3,658,https://doi.org/10.1016/j.jpha.2024.100996,79.216,83.69093817831578
encapsulation_efficiency,ee_mean,ridge_combined,Ridge: combined,combined,3,659,https://doi.org/10.1016/j.jpha.2024.100996,74.532,83.47161102485524
encapsulation_efficiency,ee_mean,ridge_combined,Ridge: combined,combined,3,660,https://doi.org/10.1016/j.jpha.2024.100996,84.168,83.47161102485524
encapsulation_efficiency,ee_mean,ridge_combined,Ridge: combined,combined,3,661,https://doi.org/10.1016/j.jpha.2024.100996,75.923,83.94504190052322
encapsulation_efficiency,ee_mean,ridge_combined,Ridge: combined,combined,3,662,https://doi.org/10.1016/j.jpha.2024.100996,80.542,83.69093817831578
encapsulation_efficiency,ee_mean,ridge_combined,Ridge: combined,combined,3,663,https://doi.org/10.1016/j.jpha.2024.100996,77.349,83.81371151868372
encapsulation_efficiency,ee_mean,ridge_combined,Ridge: combined,combined,3,664,https://doi.org/10.1016/j.jpha.2024.100996,85.416,83.72133496716935
encapsulation_efficiency,ee_mean,ridge_combined,Ridge: combined,combined,3,716,10.1021/acs.jpcb.5b02891,95.0,75.17058929992896
encapsulation_efficiency,ee_mean,ridge_combined,Ridge: combined,combined,3,717,10.1021/acs.jpcb.5b02891,97.0,75.17058929992896
encapsulation_efficiency,ee_mean,ridge_combined,Ridge: combined,combined,3,718,10.1021/acs.jpcb.5b02891,47.0,72.24319825988619
encapsulation_efficiency,ee_mean,ridge_combined,Ridge: combined,combined,3,719,10.1021/acs.jpcb.5b02891,52.0,72.24319825988619
encapsulation_efficiency,ee_mean,ridge_combined,Ridge: combined,combined,3,736,10.1021/acs.jpcb.5b02891,95.0,75.17058929992896
encapsulation_efficiency,ee_mean,ridge_combined,Ridge: combined,combined,3,737,10.1021/acs.jpcb.5b02891,45.0,72.24319825988619
encapsulation_efficiency,ee_mean,ridge_combined,Ridge: combined,combined,3,738,10.1021/acs.jpcb.5b02891,95.0,75.17058929992896
encapsulation_efficiency,ee_mean,ridge_combined,Ridge: combined,combined,3,739,10.1021/acs.jpcb.5b02891,50.0,72.24319825988617
encapsulation_efficiency,ee_mean,ridge_combined,Ridge: combined,combined,3,875,https://doi.org/10.1101/2023.11.09.565872,88.0,85.09025884177606
encapsulation_efficiency,ee_mean,ridge_combined,Ridge: combined,combined,3,876,https://doi.org/10.1101/2023.11.09.565872,84.0,84.75204067705687
encapsulation_efficiency,ee_mean,ridge_combined,Ridge: combined,combined,4,444,10.1002/anie.201809056,99.0,66.27242287993676
encapsulation_efficiency,ee_mean,ridge_combined,Ridge: combined,combined,4,446,10.1002/anie.201809056,99.0,66.42783538401103
encapsulation_efficiency,ee_mean,ridge_combined,Ridge: combined,combined,4,450,10.1016/j.jconrel.2019.10.028,67.5,68.18196019537731
encapsulation_efficiency,ee_mean,ridge_combined,Ridge: combined,combined,4,451,10.1016/j.jconrel.2019.10.028,33.7,61.840454054118894
encapsulation_efficiency,ee_mean,ridge_combined,Ridge: combined,combined,4,452,10.1016/j.jconrel.2019.10.028,48.9,60.650440290281466
encapsulation_efficiency,ee_mean,ridge_combined,Ridge: combined,combined,4,453,10.1016/j.jconrel.2019.10.028,92.8,61.07897668300836
encapsulation_efficiency,ee_mean,ridge_combined,Ridge: combined,combined,4,454,10.1016/j.jconrel.2019.10.028,95.7,62.503534580481144
encapsulation_efficiency,ee_mean,ridge_combined,Ridge: combined,combined,4,455,10.1016/j.jconrel.2019.10.028,90.7,64.00118921228083
encapsulation_efficiency,ee_mean,ridge_combined,Ridge: combined,combined,4,456,10.1016/j.jconrel.2019.10.028,49.9,63.8264430488616
encapsulation_efficiency,ee_mean,ridge_combined,Ridge: combined,combined,4,457,10.1016/j.jconrel.2019.10.028,91.3,66.83472482897666
encapsulation_efficiency,ee_mean,ridge_combined,Ridge: combined,combined,4,458,10.1016/j.jconrel.2019.10.028,92.7,67.00708568566182
encapsulation_efficiency,ee_mean,ridge_combined,Ridge: combined,combined,4,459,10.1016/j.jconrel.2019.10.028,89.1,64.72093123425414
encapsulation_efficiency,ee_mean,ridge_combined,Ridge: combined,combined,4,460,10.1016/j.jconrel.2019.10.028,89.8,65.6267816141119
encapsulation_efficiency,ee_mean,ridge_combined,Ridge: combined,combined,4,461,10.1016/j.jconrel.2019.10.028,88.4,65.6267816141119
encapsulation_efficiency,ee_mean,ridge_combined,Ridge: combined,combined,4,462,10.1016/j.jconrel.2019.10.028,87.4,65.6267816141119
encapsulation_efficiency,ee_mean,ridge_combined,Ridge: combined,combined,4,463,10.1016/j.jconrel.2019.10.028,76.6,65.6267816141119
encapsulation_efficiency,ee_mean,ridge_combined,Ridge: combined,combined,4,464,10.1016/j.jconrel.2019.10.028,88.7,65.6267816141119
encapsulation_efficiency,ee_mean,ridge_combined,Ridge: combined,combined,4,465,10.1016/j.jconrel.2019.10.028,86.1,65.6267816141119
encapsulation_efficiency,ee_mean,ridge_combined,Ridge: combined,combined,4,778,10.1002/btm2.10580,91.5,78.24475637177167
encapsulation_efficiency,ee_mean,ridge_combined,Ridge: combined,combined,4,779,10.1002/btm2.10580,92.8,83.4431232837482
encapsulation_efficiency,ee_mean,ridge_combined,Ridge: combined,combined,4,780,10.1002/btm2.10580,93.4,88.11046235925981
encapsulation_efficiency,ee_mean,ridge_combined,Ridge: combined,combined,4,781,10.1002/btm2.10580,87.2,84.6716619742834
encapsulation_efficiency,ee_mean,ridge_combined,Ridge: combined,combined,4,782,10.1002/btm2.10580,93.9,85.45118926079532
encapsulation_efficiency,ee_mean,ridge_combined,Ridge: combined,combined,4,783,10.1002/btm2.10580,89.8,86.6797279513305
encapsulation_efficiency,ee_mean,ridge_combined,Ridge: combined,combined,4,784,10.1002/btm2.10580,91.2,83.59894217798676
encapsulation_efficiency,ee_mean,ridge_combined,Ridge: combined,combined,4,785,10.1002/btm2.10580,88.7,85.92955458267298
encapsulation_efficiency,ee_mean,ridge_combined,Ridge: combined,combined,4,913,https://doi.org/10.1038/s41434-022-00370-1,79.0,83.32649722134997
encapsulation_efficiency,ee_mean,ridge_combined,Ridge: combined,combined,4,915,https://doi.org/10.1038/s41434-022-00370-1,95.0,85.48813712584396
encapsulation_efficiency,ee_mean,ridge_combined,Ridge: combined,combined,4,922,https://doi.org/10.1073/pnas.2303567120,85.0,86.59414804283504
encapsulation_efficiency,ee_mean,ridge_combined,Ridge: combined,combined,4,923,https://doi.org/10.1073/pnas.2303567120,85.0,86.59414804283504
encapsulation_efficiency,ee_mean,ridge_combined,Ridge: combined,combined,4,928,https://doi.org/10.1073/pnas.2303567120,85.0,86.59414804283504
encapsulation_efficiency,ee_mean,ridge_combined,Ridge: combined,combined,4,929,https://doi.org/10.1073/pnas.2303567120,85.0,86.59414804283504
encapsulation_efficiency,ee_mean,ridge_combined,Ridge: combined,combined,4,931,https://doi.org/10.1073/pnas.2303567120,60.0,86.59414804283504
encapsulation_efficiency,ee_mean,ridge_combined,Ridge: combined,combined,4,932,https://doi.org/10.1248/cpb.c24-00089,66.5,74.35816335450268
encapsulation_efficiency,ee_mean,ridge_combined,Ridge: combined,combined,4,933,https://doi.org/10.1248/cpb.c24-00089,96.0,74.35816335450268
encapsulation_efficiency,ee_mean,ridge_combined,Ridge: combined,combined,4,934,https://doi.org/10.1248/cpb.c24-00089,96.0,74.35816335450268
encapsulation_efficiency,ee_mean,ridge_combined,Ridge: combined,combined,4,935,https://doi.org/10.1248/cpb.c24-00089,97.0,74.35816335450268
encapsulation_efficiency,ee_mean,ridge_combined,Ridge: combined,combined,4,936,https://doi.org/10.1248/cpb.c24-00089,97.0,74.35816335450268
encapsulation_efficiency,ee_mean,ridge_combined,Ridge: combined,combined,4,937,https://doi.org/10.1248/cpb.c24-00089,96.0,74.35816335450268
encapsulation_efficiency,ee_mean,ridge_combined,Ridge: combined,combined,4,938,https://doi.org/10.1248/cpb.c24-00089,96.0,74.35816335450268
encapsulation_efficiency,ee_mean,ridge_combined,Ridge: combined,combined,4,939,https://doi.org/10.1248/cpb.c24-00089,92.0,74.35816335450268
encapsulation_efficiency,ee_mean,ridge_combined,Ridge: combined,combined,4,940,https://doi.org/10.1248/cpb.c24-00089,97.0,74.35816335450268
encapsulation_efficiency,ee_mean,ridge_combined,Ridge: combined,combined,4,1021,10.1073/pnas.1209367109,93.6,93.77892929991589
encapsulation_efficiency,ee_mean,ridge_combined,Ridge: combined,combined,5,113,https://doi.org/10.1016/j.ymthe.2018.03.010,96.9,87.49594596500208
encapsulation_efficiency,ee_mean,ridge_combined,Ridge: combined,combined,5,114,https://doi.org/10.1016/j.ymthe.2018.03.010,91.8,86.90161637454223
encapsulation_efficiency,ee_mean,ridge_combined,Ridge: combined,combined,5,115,https://doi.org/10.1016/j.ymthe.2018.03.010,90.9,87.76346184344496
encapsulation_efficiency,ee_mean,ridge_combined,Ridge: combined,combined,5,116,https://doi.org/10.1016/j.ymthe.2018.03.010,97.6,87.55419568473295
encapsulation_efficiency,ee_mean,ridge_combined,Ridge: combined,combined,5,117,https://doi.org/10.1016/j.ymthe.2018.03.010,97.5,87.54183815876543
encapsulation_efficiency,ee_mean,ridge_combined,Ridge: combined,combined,5,118,https://doi.org/10.1016/j.ymthe.2018.03.010,97.0,87.07478765200582
encapsulation_efficiency,ee_mean,ridge_combined,Ridge: combined,combined,5,119,https://doi.org/10.1016/j.ymthe.2018.03.010,95.2,87.75771572540754
encapsulation_efficiency,ee_mean,ridge_combined,Ridge: combined,combined,5,120,https://doi.org/10.1016/j.ymthe.2018.03.010,95.8,87.27678090091216
encapsulation_efficiency,ee_mean,ridge_combined,Ridge: combined,combined,5,121,https://doi.org/10.1016/j.ymthe.2018.03.010,97.4,86.87254934041921
encapsulation_efficiency,ee_mean,ridge_combined,Ridge: combined,combined,5,122,https://doi.org/10.1016/j.ymthe.2018.03.010,98.3,87.60693830353392
encapsulation_efficiency,ee_mean,ridge_combined,Ridge: combined,combined,5,123,https://doi.org/10.1016/j.ymthe.2018.03.010,97.3,84.07616998678421
encapsulation_efficiency,ee_mean,ridge_combined,Ridge: combined,combined,5,563,10.1039/C9NR02004G,85.0,76.30924410196396
encapsulation_efficiency,ee_mean,ridge_combined,Ridge: combined,combined,5,635,10.1021/jacs.2c12893,88.31,75.96396695341988
encapsulation_efficiency,ee_mean,ridge_combined,Ridge: combined,combined,5,636,10.1021/jacs.2c12893,89.45,84.07616998678421
encapsulation_efficiency,ee_mean,ridge_combined,Ridge: combined,combined,5,756,https://doi.org/10.1016/j.ijpharm.2023.123050,96.0,75.49458810594608
encapsulation_efficiency,ee_mean,ridge_combined,Ridge: combined,combined,5,763,https://doi.org/10.1016/j.ijpharm.2023.123050,94.0,75.49458810594608
encapsulation_efficiency,ee_mean,ridge_combined,Ridge: combined,combined,5,773,https://doi.org/10.1016/j.ijpharm.2023.123050,96.0,77.49277370132162
encapsulation_efficiency,ee_mean,ridge_combined,Ridge: combined,combined,5,862,https://doi.org/10.1016/j.jconrel.2025.01.071,80.0,87.60540844283193
encapsulation_efficiency,ee_mean,ridge_combined,Ridge: combined,combined,5,863,https://doi.org/10.1016/j.jconrel.2025.01.071,80.0,87.60540844283193
encapsulation_efficiency,ee_mean,ridge_combined,Ridge: combined,combined,5,864,https://doi.org/10.1016/j.jconrel.2025.01.071,80.0,87.60540844283193
encapsulation_efficiency,ee_mean,ridge_combined,Ridge: combined,combined,5,865,https://doi.org/10.1016/j.jconrel.2025.01.071,80.0,87.60540844283193
encapsulation_efficiency,ee_mean,ridge_combined,Ridge: combined,combined,5,866,https://doi.org/10.1016/j.jconrel.2025.01.071,80.0,87.60540844283193
encapsulation_efficiency,ee_mean,ridge_combined,Ridge: combined,combined,5,867,https://doi.org/10.1016/j.jconrel.2025.01.071,80.0,87.60540844283193
encapsulation_efficiency,ee_mean,ridge_combined,Ridge: combined,combined,5,868,https://doi.org/10.1016/j.jconrel.2025.01.071,80.0,87.60540844283193
encapsulation_efficiency,ee_mean,ridge_combined,Ridge: combined,combined,5,869,https://doi.org/10.1016/j.jconrel.2025.01.071,80.0,87.60540844283193
encapsulation_efficiency,ee_mean,ridge_combined,Ridge: combined,combined,5,870,https://doi.org/10.1016/j.jconrel.2025.01.071,60.0,87.60540844283193
encapsulation_efficiency,ee_mean,ridge_combined,Ridge: combined,combined,5,911,https://doi.org/10.1101/2024.09.27.614859,95.0,87.27678090091216
encapsulation_efficiency,ee_mean,ridge_combined,Ridge: combined,combined,5,1005,10.1002/smll.201805097,31.1,83.47427033922715
encapsulation_efficiency,ee_mean,ridge_combined,Ridge: combined,combined,5,1006,10.1002/smll.201805097,89.7,83.00217691386365
encapsulation_efficiency,ee_mean,ridge_combined,Ridge: combined,combined,5,1007,10.1002/smll.201805097,93.6,85.18535203140695
encapsulation_efficiency,ee_mean,ridge_combined,Ridge: combined,combined,5,1008,10.1002/smll.201805097,89.3,83.40811141311495
encapsulation_efficiency,ee_mean,ridge_combined,Ridge: combined,combined,5,1009,10.1002/smll.201805097,89.7,85.72794279431133
encapsulation_efficiency,ee_mean,ridge_combined,Ridge: combined,combined,5,1010,10.1002/smll.201805097,84.7,86.26105656158327
encapsulation_efficiency,ee_mean,ridge_combined,Ridge: combined,combined,5,1011,10.1002/smll.201805097,88.1,86.75510562674573
encapsulation_efficiency,ee_mean,ridge_combined,Ridge: combined,combined,5,1012,10.1002/smll.201805097,86.2,87.30526009219261
encapsulation_efficiency,ee_mean,ridge_combined,Ridge: combined,combined,5,1013,10.1002/smll.201805097,82.1,87.81869908261635
encapsulation_efficiency,ee_mean,ridge_combined,Ridge: combined,combined,5,1014,10.1002/smll.201805097,69.0,88.83242634496989
encapsulation_efficiency,ee_mean,ridge_combined,Ridge: combined,combined,5,1015,10.1002/smll.201805097,64.4,89.83247300639933
encapsulation_efficiency,ee_mean,ridge_combined,Ridge: combined,combined,5,1088,https://dx.doi.org/10.1021/acs.nanolett.0c01386,95.0,83.35569410788578
encapsulation_efficiency,ee_mean,ridge_combined,Ridge: combined,combined,5,1089,https://dx.doi.org/10.1021/acs.nanolett.0c01386,92.0,83.35569410788578
encapsulation_efficiency,ee_mean,ridge_combined,Ridge: combined,combined,5,1090,https://dx.doi.org/10.1021/acs.nanolett.0c01386,90.0,83.35569410788578
encapsulation_efficiency,ee_mean,ridge_combined,Ridge: combined,combined,5,1091,https://dx.doi.org/10.1021/acs.nanolett.0c01386,88.0,83.35569410788578
encapsulation_efficiency,ee_mean,ridge_combined,Ridge: combined,combined,5,1092,https://dx.doi.org/10.1021/acs.nanolett.0c01386,85.0,83.35569410788578
encapsulation_efficiency,ee_mean,rf_combined,RF: combined,combined,1,202,https://doi.org/10.1038/s41467-024-45422-9,52.8,77.63706513438918
encapsulation_efficiency,ee_mean,rf_combined,RF: combined,combined,1,203,https://doi.org/10.1038/s41467-024-45422-9,69.7,77.70952149802554
encapsulation_efficiency,ee_mean,rf_combined,RF: combined,combined,1,204,https://doi.org/10.1038/s41467-024-45422-9,57.4,67.08869002314647
encapsulation_efficiency,ee_mean,rf_combined,RF: combined,combined,1,205,https://doi.org/10.1038/s41467-024-45422-9,63.0,60.605991079418
encapsulation_efficiency,ee_mean,rf_combined,RF: combined,combined,1,206,https://doi.org/10.1038/s41467-024-45422-9,51.5,77.7079376863705
encapsulation_efficiency,ee_mean,rf_combined,RF: combined,combined,1,207,https://doi.org/10.1038/s41467-024-45422-9,76.9,77.7528776863705
encapsulation_efficiency,ee_mean,rf_combined,RF: combined,combined,1,208,https://doi.org/10.1038/s41467-024-45422-9,73.4,77.63706513438918
encapsulation_efficiency,ee_mean,rf_combined,RF: combined,combined,1,209,https://doi.org/10.1038/s41467-024-45422-9,77.6,77.70952149802554
encapsulation_efficiency,ee_mean,rf_combined,RF: combined,combined,1,210,https://doi.org/10.1038/s41467-024-45422-9,71.6,67.08869002314647
encapsulation_efficiency,ee_mean,rf_combined,RF: combined,combined,1,211,https://doi.org/10.1038/s41467-024-45422-9,78.3,60.605991079418
encapsulation_efficiency,ee_mean,rf_combined,RF: combined,combined,1,212,https://doi.org/10.1038/s41467-024-45422-9,73.0,77.7079376863705
encapsulation_efficiency,ee_mean,rf_combined,RF: combined,combined,1,213,https://doi.org/10.1038/s41467-024-45422-9,74.5,77.7528776863705
encapsulation_efficiency,ee_mean,rf_combined,RF: combined,combined,1,214,https://doi.org/10.1038/s41467-024-45422-9,54.4,77.63706513438918
encapsulation_efficiency,ee_mean,rf_combined,RF: combined,combined,1,215,https://doi.org/10.1038/s41467-024-45422-9,59.8,77.70952149802554
encapsulation_efficiency,ee_mean,rf_combined,RF: combined,combined,1,216,https://doi.org/10.1038/s41467-024-45422-9,51.3,67.08869002314647
encapsulation_efficiency,ee_mean,rf_combined,RF: combined,combined,1,217,https://doi.org/10.1038/s41467-024-45422-9,75.1,60.605991079418
encapsulation_efficiency,ee_mean,rf_combined,RF: combined,combined,1,218,https://doi.org/10.1038/s41467-024-45422-9,54.8,77.7079376863705
encapsulation_efficiency,ee_mean,rf_combined,RF: combined,combined,1,219,https://doi.org/10.1038/s41467-024-45422-9,85.6,77.7528776863705
encapsulation_efficiency,ee_mean,rf_combined,RF: combined,combined,1,220,https://doi.org/10.1038/s41467-024-45422-9,84.3,77.63706513438918
encapsulation_efficiency,ee_mean,rf_combined,RF: combined,combined,1,221,https://doi.org/10.1038/s41467-024-45422-9,75.1,77.70952149802554
encapsulation_efficiency,ee_mean,rf_combined,RF: combined,combined,1,222,https://doi.org/10.1038/s41467-024-45422-9,85.7,67.08869002314647
encapsulation_efficiency,ee_mean,rf_combined,RF: combined,combined,1,223,https://doi.org/10.1038/s41467-024-45422-9,77.3,60.605991079418
encapsulation_efficiency,ee_mean,rf_combined,RF: combined,combined,1,224,https://doi.org/10.1038/s41467-024-45422-9,71.9,77.7079376863705
encapsulation_efficiency,ee_mean,rf_combined,RF: combined,combined,1,225,https://doi.org/10.1038/s41467-024-45422-9,87.1,77.7528776863705
encapsulation_efficiency,ee_mean,rf_combined,RF: combined,combined,1,227,https://doi.org/10.1038/s41467-024-45422-9,48.1,77.63706513438918
encapsulation_efficiency,ee_mean,rf_combined,RF: combined,combined,1,228,https://doi.org/10.1038/s41467-024-45422-9,66.2,77.70952149802554
encapsulation_efficiency,ee_mean,rf_combined,RF: combined,combined,1,229,https://doi.org/10.1038/s41467-024-45422-9,54.9,67.08869002314647
encapsulation_efficiency,ee_mean,rf_combined,RF: combined,combined,1,230,https://doi.org/10.1038/s41467-024-45422-9,50.9,60.748538879417985
encapsulation_efficiency,ee_mean,rf_combined,RF: combined,combined,1,231,https://doi.org/10.1038/s41467-024-45422-9,48.7,77.7079376863705
encapsulation_efficiency,ee_mean,rf_combined,RF: combined,combined,1,232,https://doi.org/10.1038/s41467-024-45422-9,69.4,77.7528776863705
encapsulation_efficiency,ee_mean,rf_combined,RF: combined,combined,1,233,https://doi.org/10.1038/s41467-024-45422-9,54.9,77.63706513438918
encapsulation_efficiency,ee_mean,rf_combined,RF: combined,combined,1,234,https://doi.org/10.1038/s41467-024-45422-9,73.2,78.3493435534368
encapsulation_efficiency,ee_mean,rf_combined,RF: combined,combined,1,235,https://doi.org/10.1038/s41467-024-45422-9,53.1,67.23123782314644
encapsulation_efficiency,ee_mean,rf_combined,RF: combined,combined,1,236,https://doi.org/10.1038/s41467-024-45422-9,64.1,60.760775807989425
encapsulation_efficiency,ee_mean,rf_combined,RF: combined,combined,1,237,https://doi.org/10.1038/s41467-024-45422-9,57.3,78.35015574178175
encapsulation_efficiency,ee_mean,rf_combined,RF: combined,combined,1,238,https://doi.org/10.1038/s41467-024-45422-9,58.4,78.39509574178176
encapsulation_efficiency,ee_mean,rf_combined,RF: combined,combined,1,239,https://doi.org/10.1038/s41467-024-45422-9,39.2,77.30830419989033
encapsulation_efficiency,ee_mean,rf_combined,RF: combined,combined,1,240,https://doi.org/10.1038/s41467-024-45422-9,42.5,77.3807605635267
encapsulation_efficiency,ee_mean,rf_combined,RF: combined,combined,1,241,https://doi.org/10.1038/s41467-024-45422-9,48.8,67.07997282314646
encapsulation_efficiency,ee_mean,rf_combined,RF: combined,combined,1,242,https://doi.org/10.1038/s41467-024-45422-9,49.6,60.69787800798943
encapsulation_efficiency,ee_mean,rf_combined,RF: combined,combined,1,243,https://doi.org/10.1038/s41467-024-45422-9,46.8,77.44389509949073
encapsulation_efficiency,ee_mean,rf_combined,RF: combined,combined,1,244,https://doi.org/10.1038/s41467-024-45422-9,37.0,77.48883509949074
encapsulation_efficiency,ee_mean,rf_combined,RF: combined,combined,1,245,https://doi.org/10.1038/s41467-024-45422-9,53.4,77.30830419989033
encapsulation_efficiency,ee_mean,rf_combined,RF: combined,combined,1,246,https://doi.org/10.1038/s41467-024-45422-9,77.9,77.47287192066958
encapsulation_efficiency,ee_mean,rf_combined,RF: combined,combined,1,247,https://doi.org/10.1038/s41467-024-45422-9,60.2,67.10787663844229
encapsulation_efficiency,ee_mean,rf_combined,RF: combined,combined,1,248,https://doi.org/10.1038/s41467-024-45422-9,66.7,60.85995146913939
encapsulation_efficiency,ee_mean,rf_combined,RF: combined,combined,1,249,https://doi.org/10.1038/s41467-024-45422-9,45.5,77.4890771405497
encapsulation_efficiency,ee_mean,rf_combined,RF: combined,combined,1,250,https://doi.org/10.1038/s41467-024-45422-9,63.3,77.5340171405497
encapsulation_efficiency,ee_mean,rf_combined,RF: combined,combined,1,251,https://doi.org/10.1038/s41467-024-45422-9,78.5,77.30830419989033
encapsulation_efficiency,ee_mean,rf_combined,RF: combined,combined,1,252,https://doi.org/10.1038/s41467-024-45422-9,78.8,77.47287192066958
encapsulation_efficiency,ee_mean,rf_combined,RF: combined,combined,1,253,https://doi.org/10.1038/s41467-024-45422-9,79.3,67.10787663844229
encapsulation_efficiency,ee_mean,rf_combined,RF: combined,combined,1,254,https://doi.org/10.1038/s41467-024-45422-9,77.9,60.85995146913939
encapsulation_efficiency,ee_mean,rf_combined,RF: combined,combined,1,255,https://doi.org/10.1038/s41467-024-45422-9,79.0,77.4890771405497
encapsulation_efficiency,ee_mean,rf_combined,RF: combined,combined,1,256,https://doi.org/10.1038/s41467-024-45422-9,79.4,77.5340171405497
encapsulation_efficiency,ee_mean,rf_combined,RF: combined,combined,1,257,https://doi.org/10.1038/s41467-024-45422-9,57.8,77.34414512846178
encapsulation_efficiency,ee_mean,rf_combined,RF: combined,combined,1,258,https://doi.org/10.1038/s41467-024-45422-9,63.9,86.60343708820203
encapsulation_efficiency,ee_mean,rf_combined,RF: combined,combined,1,259,https://doi.org/10.1038/s41467-024-45422-9,41.8,67.54857234418098
encapsulation_efficiency,ee_mean,rf_combined,RF: combined,combined,1,260,https://doi.org/10.1038/s41467-024-45422-9,40.6,58.02697696080064
encapsulation_efficiency,ee_mean,rf_combined,RF: combined,combined,1,261,https://doi.org/10.1038/s41467-024-45422-9,57.6,78.1154116636044
encapsulation_efficiency,ee_mean,rf_combined,RF: combined,combined,1,262,https://doi.org/10.1038/s41467-024-45422-9,59.2,78.1603516636044
encapsulation_efficiency,ee_mean,rf_combined,RF: combined,combined,1,263,https://doi.org/10.1038/s41467-024-45422-9,46.9,88.71839169844736
encapsulation_efficiency,ee_mean,rf_combined,RF: combined,combined,1,264,https://doi.org/10.1038/s41467-024-45422-9,65.6,85.99693195756889
encapsulation_efficiency,ee_mean,rf_combined,RF: combined,combined,1,265,https://doi.org/10.1038/s41467-024-45422-9,54.3,65.60419051175523
encapsulation_efficiency,ee_mean,rf_combined,RF: combined,combined,1,266,https://doi.org/10.1038/s41467-024-45422-9,48.0,59.711044684243866
encapsulation_efficiency,ee_mean,rf_combined,RF: combined,combined,1,267,https://doi.org/10.1038/s41467-024-45422-9,47.1,85.6291126495658
encapsulation_efficiency,ee_mean,rf_combined,RF: combined,combined,1,268,https://doi.org/10.1038/s41467-024-45422-9,37.2,85.59227996621973
encapsulation_efficiency,ee_mean,rf_combined,RF: combined,combined,1,269,https://doi.org/10.1038/s41467-024-45422-9,77.8,77.6245451343892
encapsulation_efficiency,ee_mean,rf_combined,RF: combined,combined,1,270,https://doi.org/10.1038/s41467-024-45422-9,84.0,77.69700149802556
encapsulation_efficiency,ee_mean,rf_combined,RF: combined,combined,1,271,https://doi.org/10.1038/s41467-024-45422-9,74.6,67.08869002314647
encapsulation_efficiency,ee_mean,rf_combined,RF: combined,combined,1,272,https://doi.org/10.1038/s41467-024-45422-9,82.2,60.605991079418
encapsulation_efficiency,ee_mean,rf_combined,RF: combined,combined,1,273,https://doi.org/10.1038/s41467-024-45422-9,81.0,77.6954176863705
encapsulation_efficiency,ee_mean,rf_combined,RF: combined,combined,1,274,https://doi.org/10.1038/s41467-024-45422-9,79.8,77.74035768637052
encapsulation_efficiency,ee_mean,rf_combined,RF: combined,combined,1,275,https://doi.org/10.1038/s41467-024-45422-9,85.2,77.6245451343892
encapsulation_efficiency,ee_mean,rf_combined,RF: combined,combined,1,276,https://doi.org/10.1038/s41467-024-45422-9,81.2,78.45315489243112
encapsulation_efficiency,ee_mean,rf_combined,RF: combined,combined,1,277,https://doi.org/10.1038/s41467-024-45422-9,85.1,77.92567021137495
encapsulation_efficiency,ee_mean,rf_combined,RF: combined,combined,1,278,https://doi.org/10.1038/s41467-024-45422-9,85.3,78.44063489243113
encapsulation_efficiency,ee_mean,rf_combined,RF: combined,combined,1,279,https://doi.org/10.1038/s41467-024-45422-9,80.6,87.99679291280684
encapsulation_efficiency,ee_mean,rf_combined,RF: combined,combined,1,280,https://doi.org/10.1038/s41467-024-45422-9,80.6,87.99679291280684
encapsulation_efficiency,ee_mean,rf_combined,RF: combined,combined,1,281,https://doi.org/10.1038/s41467-024-45422-9,83.1,78.45315489243112
encapsulation_efficiency,ee_mean,rf_combined,RF: combined,combined,1,282,https://doi.org/10.1038/s41467-024-45422-9,82.4,78.45315489243112
encapsulation_efficiency,ee_mean,rf_combined,RF: combined,combined,1,283,https://doi.org/10.1038/s41467-024-45422-9,78.5,79.04179544784238
encapsulation_efficiency,ee_mean,rf_combined,RF: combined,combined,1,284,https://doi.org/10.1038/s41467-024-45422-9,79.7,89.69112638611132
encapsulation_efficiency,ee_mean,rf_combined,RF: combined,combined,1,285,https://doi.org/10.1038/s41467-024-45422-9,82.4,78.72722339535764
encapsulation_efficiency,ee_mean,rf_combined,RF: combined,combined,1,286,https://doi.org/10.1038/s41467-024-45422-9,83.4,78.79382166779628
encapsulation_efficiency,ee_mean,rf_combined,RF: combined,combined,1,288,https://doi.org/10.1038/s41467-024-45422-9,84.2,78.36486725230458
encapsulation_efficiency,ee_mean,rf_combined,RF: combined,combined,1,289,https://doi.org/10.1038/s41467-024-45422-9,81.8,87.2413002996866
encapsulation_efficiency,ee_mean,rf_combined,RF: combined,combined,1,290,https://doi.org/10.1038/s41467-024-45422-9,86.8,89.23153227016458
encapsulation_efficiency,ee_mean,rf_combined,RF: combined,combined,1,291,https://doi.org/10.1038/s41467-024-45422-9,82.4,87.35489109547714
encapsulation_efficiency,ee_mean,rf_combined,RF: combined,combined,1,292,https://doi.org/10.1038/s41467-024-45422-9,83.2,79.42734778383976
encapsulation_efficiency,ee_mean,rf_combined,RF: combined,combined,1,293,https://doi.org/10.1038/s41467-024-45422-9,75.9,89.43498908160728
encapsulation_efficiency,ee_mean,rf_combined,RF: combined,combined,1,294,https://doi.org/10.1038/s41467-024-45422-9,85.5,79.96428338943414
encapsulation_efficiency,ee_mean,rf_combined,RF: combined,combined,1,295,https://doi.org/10.1038/s41467-024-45422-9,73.8,88.20504161588283
encapsulation_efficiency,ee_mean,rf_combined,RF: combined,combined,1,296,https://doi.org/10.1038/s41467-024-45422-9,75.1,86.76022571263344
encapsulation_efficiency,ee_mean,rf_combined,RF: combined,combined,1,297,https://doi.org/10.1038/s41467-024-45422-9,80.4,85.34064717446739
encapsulation_efficiency,ee_mean,rf_combined,RF: combined,combined,1,298,https://doi.org/10.1038/s41467-024-45422-9,84.9,86.47912274852338
encapsulation_efficiency,ee_mean,rf_combined,RF: combined,combined,2,109,10.1021/acs.nanolett.5b02497,27.0,77.88785757135138
encapsulation_efficiency,ee_mean,rf_combined,RF: combined,combined,2,110,10.1021/acs.nanolett.5b02497,48.0,77.82403120934895
encapsulation_efficiency,ee_mean,rf_combined,RF: combined,combined,2,575,10.1002/jbm.a.37705,47.0,85.1972921789636
encapsulation_efficiency,ee_mean,rf_combined,RF: combined,combined,2,576,10.1002/jbm.a.37705,95.0,85.72005832384089
encapsulation_efficiency,ee_mean,rf_combined,RF: combined,combined,2,578,10.1002/jbm.a.37705,87.0,86.12695968114315
encapsulation_efficiency,ee_mean,rf_combined,RF: combined,combined,2,803,https://doi.org/10.1038/s41467-022-33157-4,94.2,84.86488498259348
encapsulation_efficiency,ee_mean,rf_combined,RF: combined,combined,2,807,https://doi.org/10.1038/s41467-022-33157-4,94.2,84.86488498259348
encapsulation_efficiency,ee_mean,rf_combined,RF: combined,combined,2,812,https://doi.org/10.1038/s41467-022-33157-4,95.6,84.86488498259348
encapsulation_efficiency,ee_mean,rf_combined,RF: combined,combined,2,885,https://doi.org/10.1021/acs.nanolett.1c01353,82.3,86.12695968114315
encapsulation_efficiency,ee_mean,rf_combined,RF: combined,combined,2,959,https://doi.org/10.1038/s41587-019-0247-3,45.5,85.09849070647465
encapsulation_efficiency,ee_mean,rf_combined,RF: combined,combined,2,960,https://doi.org/10.1038/s41587-019-0247-3,61.3,86.01896322731425
encapsulation_efficiency,ee_mean,rf_combined,RF: combined,combined,2,961,https://doi.org/10.1038/s41587-019-0247-3,55.3,82.8216181483406
encapsulation_efficiency,ee_mean,rf_combined,RF: combined,combined,2,962,https://doi.org/10.1038/s41587-019-0247-3,60.6,80.75851720042186
encapsulation_efficiency,ee_mean,rf_combined,RF: combined,combined,2,963,https://doi.org/10.1038/s41587-019-0247-3,25.5,82.8216181483406
encapsulation_efficiency,ee_mean,rf_combined,RF: combined,combined,2,964,https://doi.org/10.1038/s41587-019-0247-3,64.7,86.3671154653353
encapsulation_efficiency,ee_mean,rf_combined,RF: combined,combined,2,965,https://doi.org/10.1038/s41587-019-0247-3,57.9,80.41478153506493
encapsulation_efficiency,ee_mean,rf_combined,RF: combined,combined,2,966,https://doi.org/10.1038/s41587-019-0247-3,22.5,69.26004011828171
encapsulation_efficiency,ee_mean,rf_combined,RF: combined,combined,2,967,https://doi.org/10.1038/s41587-019-0247-3,96.4,82.8216181483406
encapsulation_efficiency,ee_mean,rf_combined,RF: combined,combined,2,968,https://doi.org/10.1038/s41587-019-0247-3,59.5,82.8216181483406
encapsulation_efficiency,ee_mean,rf_combined,RF: combined,combined,2,969,https://doi.org/10.1038/s41587-019-0247-3,56.4,69.18762548191806
encapsulation_efficiency,ee_mean,rf_combined,RF: combined,combined,2,970,https://doi.org/10.1038/s41587-019-0247-3,68.1,82.8216181483406
encapsulation_efficiency,ee_mean,rf_combined,RF: combined,combined,2,971,https://doi.org/10.1038/s41587-019-0247-3,64.3,87.75123253420631
encapsulation_efficiency,ee_mean,rf_combined,RF: combined,combined,2,972,https://doi.org/10.1038/s41587-019-0247-3,57.2,77.99700222477517
encapsulation_efficiency,ee_mean,rf_combined,RF: combined,combined,2,973,https://doi.org/10.1038/s41587-019-0247-3,57.5,82.8216181483406
encapsulation_efficiency,ee_mean,rf_combined,RF: combined,combined,2,974,https://doi.org/10.1038/s41587-019-0247-3,65.2,85.66700720789822
encapsulation_efficiency,ee_mean,rf_combined,RF: combined,combined,2,975,https://doi.org/10.1038/s41587-019-0247-3,21.7,88.15516467962595
encapsulation_efficiency,ee_mean,rf_combined,RF: combined,combined,2,976,https://doi.org/10.1038/s41587-019-0247-3,70.2,82.8216181483406
encapsulation_efficiency,ee_mean,rf_combined,RF: combined,combined,2,977,https://doi.org/10.1038/s41587-019-0247-3,53.9,87.18808576453824
encapsulation_efficiency,ee_mean,rf_combined,RF: combined,combined,2,978,https://doi.org/10.1038/s41587-019-0247-3,41.3,79.67934101976913
encapsulation_efficiency,ee_mean,rf_combined,RF: combined,combined,2,979,https://doi.org/10.1038/s41587-019-0247-3,98.9,70.78027142886005
encapsulation_efficiency,ee_mean,rf_combined,RF: combined,combined,2,980,https://doi.org/10.1038/s41587-019-0247-3,9.4,82.56974627532475
encapsulation_efficiency,ee_mean,rf_combined,RF: combined,combined,2,981,https://doi.org/10.1038/s41587-019-0247-3,60.3,86.19624222565481
encapsulation_efficiency,ee_mean,rf_combined,RF: combined,combined,2,982,https://doi.org/10.1038/s41587-019-0247-3,79.0,79.67934101976913
encapsulation_efficiency,ee_mean,rf_combined,RF: combined,combined,2,983,https://doi.org/10.1038/s41587-019-0247-3,60.3,86.19624222565481
encapsulation_efficiency,ee_mean,rf_combined,RF: combined,combined,2,984,https://doi.org/10.1038/s41587-019-0247-3,50.4,86.19624222565481
encapsulation_efficiency,ee_mean,rf_combined,RF: combined,combined,2,985,https://doi.org/10.1038/s41587-019-0247-3,60.3,86.01896322731425
encapsulation_efficiency,ee_mean,rf_combined,RF: combined,combined,2,986,https://doi.org/10.1038/s41587-019-0247-3,45.5,85.39862632576303
encapsulation_efficiency,ee_mean,rf_combined,RF: combined,combined,2,987,https://doi.org/10.1038/s41587-019-0247-3,54.5,86.2973396320762
encapsulation_efficiency,ee_mean,rf_combined,RF: combined,combined,2,988,https://doi.org/10.1038/s41587-019-0247-3,75.5,87.36643949978897
encapsulation_efficiency,ee_mean,rf_combined,RF: combined,combined,2,989,https://doi.org/10.1038/s41587-019-0247-3,76.5,88.48116304906856
encapsulation_efficiency,ee_mean,rf_combined,RF: combined,combined,2,990,https://doi.org/10.1038/s41587-019-0247-3,45.5,85.09849070647465
encapsulation_efficiency,ee_mean,rf_combined,RF: combined,combined,2,991,https://doi.org/10.1038/s41587-019-0247-3,55.5,87.61951684715558
encapsulation_efficiency,ee_mean,rf_combined,RF: combined,combined,2,992,https://doi.org/10.1038/s41587-019-0247-3,65.6,85.96059583799244
encapsulation_efficiency,ee_mean,rf_combined,RF: combined,combined,3,63,https://doi.org/10.1016/j.omtn.2019.01.013,84.5,91.73462508436255
encapsulation_efficiency,ee_mean,rf_combined,RF: combined,combined,3,64,https://doi.org/10.1016/j.omtn.2019.01.013,84.5,91.52424614940615
encapsulation_efficiency,ee_mean,rf_combined,RF: combined,combined,3,198,10.1002/adma.201606944,60.0,92.94467611077364
encapsulation_efficiency,ee_mean,rf_combined,RF: combined,combined,3,199,10.1002/adma.201606944,60.0,92.94467611077364
encapsulation_efficiency,ee_mean,rf_combined,RF: combined,combined,3,509,https://doi.org/10.34133/bmr.0017,92.3,94.62526858252872
encapsulation_efficiency,ee_mean,rf_combined,RF: combined,combined,3,510,https://doi.org/10.34133/bmr.0017,92.9,94.62526858252872
encapsulation_efficiency,ee_mean,rf_combined,RF: combined,combined,3,511,https://doi.org/10.34133/bmr.0017,91.7,83.70012125611744
encapsulation_efficiency,ee_mean,rf_combined,RF: combined,combined,3,512,https://doi.org/10.34133/bmr.0017,91.1,83.70012125611744
encapsulation_efficiency,ee_mean,rf_combined,RF: combined,combined,3,513,https://doi.org/10.34133/bmr.0017,89.5,83.19073625611746
encapsulation_efficiency,ee_mean,rf_combined,RF: combined,combined,3,641,https://doi.org/10.1016/j.jpha.2024.100996,93.176,86.25297950205396
encapsulation_efficiency,ee_mean,rf_combined,RF: combined,combined,3,642,https://doi.org/10.1016/j.jpha.2024.100996,92.391,86.70702003213788
encapsulation_efficiency,ee_mean,rf_combined,RF: combined,combined,3,643,https://doi.org/10.1016/j.jpha.2024.100996,96.439,91.52424614940615
encapsulation_efficiency,ee_mean,rf_combined,RF: combined,combined,3,644,https://doi.org/10.1016/j.jpha.2024.100996,95.558,91.52424614940615
encapsulation_efficiency,ee_mean,rf_combined,RF: combined,combined,3,645,https://doi.org/10.1016/j.jpha.2024.100996,91.141,91.52424614940615
encapsulation_efficiency,ee_mean,rf_combined,RF: combined,combined,3,646,https://doi.org/10.1016/j.jpha.2024.100996,93.162,90.96611827740877
encapsulation_efficiency,ee_mean,rf_combined,RF: combined,combined,3,647,https://doi.org/10.1016/j.jpha.2024.100996,91.161,90.96611827740877
encapsulation_efficiency,ee_mean,rf_combined,RF: combined,combined,3,648,https://doi.org/10.1016/j.jpha.2024.100996,92.526,90.96611827740877
encapsulation_efficiency,ee_mean,rf_combined,RF: combined,combined,3,649,https://doi.org/10.1016/j.jpha.2024.100996,92.043,90.96611827740877
encapsulation_efficiency,ee_mean,rf_combined,RF: combined,combined,3,650,https://doi.org/10.1016/j.jpha.2024.100996,90.146,85.29282273684026
encapsulation_efficiency,ee_mean,rf_combined,RF: combined,combined,3,651,https://doi.org/10.1016/j.jpha.2024.100996,92.571,88.71729924281254
encapsulation_efficiency,ee_mean,rf_combined,RF: combined,combined,3,652,https://doi.org/10.1016/j.jpha.2024.100996,91.816,84.83576683136212
encapsulation_efficiency,ee_mean,rf_combined,RF: combined,combined,3,653,https://doi.org/10.1016/j.jpha.2024.100996,93.363,85.04722736980024
encapsulation_efficiency,ee_mean,rf_combined,RF: combined,combined,3,654,https://doi.org/10.1016/j.jpha.2024.100996,91.361,90.9851373640249
encapsulation_efficiency,ee_mean,rf_combined,RF: combined,combined,3,655,https://doi.org/10.1016/j.jpha.2024.100996,90.261,89.3076417697826
encapsulation_efficiency,ee_mean,rf_combined,RF: combined,combined,3,656,https://doi.org/10.1016/j.jpha.2024.100996,93.491,89.3076417697826
encapsulation_efficiency,ee_mean,rf_combined,RF: combined,combined,3,657,https://doi.org/10.1016/j.jpha.2024.100996,90.138,91.14664403069156
encapsulation_efficiency,ee_mean,rf_combined,RF: combined,combined,3,658,https://doi.org/10.1016/j.jpha.2024.100996,79.216,91.73462508436255
encapsulation_efficiency,ee_mean,rf_combined,RF: combined,combined,3,659,https://doi.org/10.1016/j.jpha.2024.100996,74.532,89.56690778482952
encapsulation_efficiency,ee_mean,rf_combined,RF: combined,combined,3,660,https://doi.org/10.1016/j.jpha.2024.100996,84.168,89.56690778482952
encapsulation_efficiency,ee_mean,rf_combined,RF: combined,combined,3,661,https://doi.org/10.1016/j.jpha.2024.100996,75.923,88.98435275220199
encapsulation_efficiency,ee_mean,rf_combined,RF: combined,combined,3,662,https://doi.org/10.1016/j.jpha.2024.100996,80.542,91.73462508436255
encapsulation_efficiency,ee_mean,rf_combined,RF: combined,combined,3,663,https://doi.org/10.1016/j.jpha.2024.100996,77.349,87.98799994437006
encapsulation_efficiency,ee_mean,rf_combined,RF: combined,combined,3,664,https://doi.org/10.1016/j.jpha.2024.100996,85.416,91.73462508436255
encapsulation_efficiency,ee_mean,rf_combined,RF: combined,combined,3,716,10.1021/acs.jpcb.5b02891,95.0,77.54825336784559
encapsulation_efficiency,ee_mean,rf_combined,RF: combined,combined,3,717,10.1021/acs.jpcb.5b02891,97.0,77.54825336784559
encapsulation_efficiency,ee_mean,rf_combined,RF: combined,combined,3,718,10.1021/acs.jpcb.5b02891,47.0,77.42217933965846
encapsulation_efficiency,ee_mean,rf_combined,RF: combined,combined,3,719,10.1021/acs.jpcb.5b02891,52.0,77.42217933965846
encapsulation_efficiency,ee_mean,rf_combined,RF: combined,combined,3,736,10.1021/acs.jpcb.5b02891,95.0,77.54825336784559
encapsulation_efficiency,ee_mean,rf_combined,RF: combined,combined,3,737,10.1021/acs.jpcb.5b02891,45.0,77.42217933965846
encapsulation_efficiency,ee_mean,rf_combined,RF: combined,combined,3,738,10.1021/acs.jpcb.5b02891,95.0,77.54825336784559
encapsulation_efficiency,ee_mean,rf_combined,RF: combined,combined,3,739,10.1021/acs.jpcb.5b02891,50.0,77.42217933965846
encapsulation_efficiency,ee_mean,rf_combined,RF: combined,combined,3,875,https://doi.org/10.1101/2023.11.09.565872,88.0,92.52154743922753
encapsulation_efficiency,ee_mean,rf_combined,RF: combined,combined,3,876,https://doi.org/10.1101/2023.11.09.565872,84.0,88.54657546337643
encapsulation_efficiency,ee_mean,rf_combined,RF: combined,combined,4,444,10.1002/anie.201809056,99.0,64.58655931337184
encapsulation_efficiency,ee_mean,rf_combined,RF: combined,combined,4,446,10.1002/anie.201809056,99.0,64.9641409006734
encapsulation_efficiency,ee_mean,rf_combined,RF: combined,combined,4,450,10.1016/j.jconrel.2019.10.028,67.5,65.99406032062376
encapsulation_efficiency,ee_mean,rf_combined,RF: combined,combined,4,451,10.1016/j.jconrel.2019.10.028,33.7,72.99004170979022
encapsulation_efficiency,ee_mean,rf_combined,RF: combined,combined,4,452,10.1016/j.jconrel.2019.10.028,48.9,69.8348128993784
encapsulation_efficiency,ee_mean,rf_combined,RF: combined,combined,4,453,10.1016/j.jconrel.2019.10.028,92.8,74.15901924786326
encapsulation_efficiency,ee_mean,rf_combined,RF: combined,combined,4,454,10.1016/j.jconrel.2019.10.028,95.7,74.20251093328892
encapsulation_efficiency,ee_mean,rf_combined,RF: combined,combined,4,455,10.1016/j.jconrel.2019.10.028,90.7,74.8860365047175
encapsulation_efficiency,ee_mean,rf_combined,RF: combined,combined,4,456,10.1016/j.jconrel.2019.10.028,49.9,74.85900717138416
encapsulation_efficiency,ee_mean,rf_combined,RF: combined,combined,4,457,10.1016/j.jconrel.2019.10.028,91.3,79.0632541713842
encapsulation_efficiency,ee_mean,rf_combined,RF: combined,combined,4,458,10.1016/j.jconrel.2019.10.028,92.7,79.5224128827839
encapsulation_efficiency,ee_mean,rf_combined,RF: combined,combined,4,459,10.1016/j.jconrel.2019.10.028,89.1,78.95913221345323
encapsulation_efficiency,ee_mean,rf_combined,RF: combined,combined,4,460,10.1016/j.jconrel.2019.10.028,89.8,79.33928742246646
encapsulation_efficiency,ee_mean,rf_combined,RF: combined,combined,4,461,10.1016/j.jconrel.2019.10.028,88.4,79.33928742246646
encapsulation_efficiency,ee_mean,rf_combined,RF: combined,combined,4,462,10.1016/j.jconrel.2019.10.028,87.4,79.33928742246646
encapsulation_efficiency,ee_mean,rf_combined,RF: combined,combined,4,463,10.1016/j.jconrel.2019.10.028,76.6,79.33928742246646
encapsulation_efficiency,ee_mean,rf_combined,RF: combined,combined,4,464,10.1016/j.jconrel.2019.10.028,88.7,79.33928742246646
encapsulation_efficiency,ee_mean,rf_combined,RF: combined,combined,4,465,10.1016/j.jconrel.2019.10.028,86.1,79.33928742246646
encapsulation_efficiency,ee_mean,rf_combined,RF: combined,combined,4,778,10.1002/btm2.10580,91.5,79.90981259088706
encapsulation_efficiency,ee_mean,rf_combined,RF: combined,combined,4,779,10.1002/btm2.10580,92.8,80.58257502379496
encapsulation_efficiency,ee_mean,rf_combined,RF: combined,combined,4,780,10.1002/btm2.10580,93.4,80.26128007058013
encapsulation_efficiency,ee_mean,rf_combined,RF: combined,combined,4,781,10.1002/btm2.10580,87.2,88.42336500466756
encapsulation_efficiency,ee_mean,rf_combined,RF: combined,combined,4,782,10.1002/btm2.10580,93.9,88.38738810853306
encapsulation_efficiency,ee_mean,rf_combined,RF: combined,combined,4,783,10.1002/btm2.10580,89.8,94.57221242912647
encapsulation_efficiency,ee_mean,rf_combined,RF: combined,combined,4,784,10.1002/btm2.10580,91.2,82.15286179384229
encapsulation_efficiency,ee_mean,rf_combined,RF: combined,combined,4,785,10.1002/btm2.10580,88.7,77.43468237603163
encapsulation_efficiency,ee_mean,rf_combined,RF: combined,combined,4,913,https://doi.org/10.1038/s41434-022-00370-1,79.0,79.96211084102022
encapsulation_efficiency,ee_mean,rf_combined,RF: combined,combined,4,915,https://doi.org/10.1038/s41434-022-00370-1,95.0,86.79976559255398
encapsulation_efficiency,ee_mean,rf_combined,RF: combined,combined,4,922,https://doi.org/10.1073/pnas.2303567120,85.0,91.53141276146113
encapsulation_efficiency,ee_mean,rf_combined,RF: combined,combined,4,923,https://doi.org/10.1073/pnas.2303567120,85.0,91.53141276146113
encapsulation_efficiency,ee_mean,rf_combined,RF: combined,combined,4,928,https://doi.org/10.1073/pnas.2303567120,85.0,91.53141276146113
encapsulation_efficiency,ee_mean,rf_combined,RF: combined,combined,4,929,https://doi.org/10.1073/pnas.2303567120,85.0,91.53141276146113
encapsulation_efficiency,ee_mean,rf_combined,RF: combined,combined,4,931,https://doi.org/10.1073/pnas.2303567120,60.0,91.53141276146113
encapsulation_efficiency,ee_mean,rf_combined,RF: combined,combined,4,932,https://doi.org/10.1248/cpb.c24-00089,66.5,79.22053130335776
encapsulation_efficiency,ee_mean,rf_combined,RF: combined,combined,4,933,https://doi.org/10.1248/cpb.c24-00089,96.0,79.22053130335776
encapsulation_efficiency,ee_mean,rf_combined,RF: combined,combined,4,934,https://doi.org/10.1248/cpb.c24-00089,96.0,79.22053130335776
encapsulation_efficiency,ee_mean,rf_combined,RF: combined,combined,4,935,https://doi.org/10.1248/cpb.c24-00089,97.0,79.22053130335776
encapsulation_efficiency,ee_mean,rf_combined,RF: combined,combined,4,936,https://doi.org/10.1248/cpb.c24-00089,97.0,79.22053130335776
encapsulation_efficiency,ee_mean,rf_combined,RF: combined,combined,4,937,https://doi.org/10.1248/cpb.c24-00089,96.0,79.22053130335776
encapsulation_efficiency,ee_mean,rf_combined,RF: combined,combined,4,938,https://doi.org/10.1248/cpb.c24-00089,96.0,79.22053130335776
encapsulation_efficiency,ee_mean,rf_combined,RF: combined,combined,4,939,https://doi.org/10.1248/cpb.c24-00089,92.0,79.22053130335776
encapsulation_efficiency,ee_mean,rf_combined,RF: combined,combined,4,940,https://doi.org/10.1248/cpb.c24-00089,97.0,79.22053130335776
encapsulation_efficiency,ee_mean,rf_combined,RF: combined,combined,4,1021,10.1073/pnas.1209367109,93.6,86.05853448073874
encapsulation_efficiency,ee_mean,rf_combined,RF: combined,combined,5,113,https://doi.org/10.1016/j.ymthe.2018.03.010,96.9,88.88813602329842
encapsulation_efficiency,ee_mean,rf_combined,RF: combined,combined,5,114,https://doi.org/10.1016/j.ymthe.2018.03.010,91.8,89.91353878866637
encapsulation_efficiency,ee_mean,rf_combined,RF: combined,combined,5,115,https://doi.org/10.1016/j.ymthe.2018.03.010,90.9,90.38857881051676
encapsulation_efficiency,ee_mean,rf_combined,RF: combined,combined,5,116,https://doi.org/10.1016/j.ymthe.2018.03.010,97.6,89.16221330814184
encapsulation_efficiency,ee_mean,rf_combined,RF: combined,combined,5,117,https://doi.org/10.1016/j.ymthe.2018.03.010,97.5,90.57423282725055
encapsulation_efficiency,ee_mean,rf_combined,RF: combined,combined,5,118,https://doi.org/10.1016/j.ymthe.2018.03.010,97.0,87.85004089841264
encapsulation_efficiency,ee_mean,rf_combined,RF: combined,combined,5,119,https://doi.org/10.1016/j.ymthe.2018.03.010,95.2,85.59940088359976
encapsulation_efficiency,ee_mean,rf_combined,RF: combined,combined,5,120,https://doi.org/10.1016/j.ymthe.2018.03.010,95.8,91.4691662907426
encapsulation_efficiency,ee_mean,rf_combined,RF: combined,combined,5,121,https://doi.org/10.1016/j.ymthe.2018.03.010,97.4,90.55875921689983
encapsulation_efficiency,ee_mean,rf_combined,RF: combined,combined,5,122,https://doi.org/10.1016/j.ymthe.2018.03.010,98.3,88.70846066455206
encapsulation_efficiency,ee_mean,rf_combined,RF: combined,combined,5,123,https://doi.org/10.1016/j.ymthe.2018.03.010,97.3,84.98776128831528
encapsulation_efficiency,ee_mean,rf_combined,RF: combined,combined,5,563,10.1039/C9NR02004G,85.0,85.95237895414031
encapsulation_efficiency,ee_mean,rf_combined,RF: combined,combined,5,635,10.1021/jacs.2c12893,88.31,85.78050217624718
encapsulation_efficiency,ee_mean,rf_combined,RF: combined,combined,5,636,10.1021/jacs.2c12893,89.45,84.98776128831528
encapsulation_efficiency,ee_mean,rf_combined,RF: combined,combined,5,756,https://doi.org/10.1016/j.ijpharm.2023.123050,96.0,75.11507163594412
encapsulation_efficiency,ee_mean,rf_combined,RF: combined,combined,5,763,https://doi.org/10.1016/j.ijpharm.2023.123050,94.0,75.11507163594412
encapsulation_efficiency,ee_mean,rf_combined,RF: combined,combined,5,773,https://doi.org/10.1016/j.ijpharm.2023.123050,96.0,77.54990981906903
encapsulation_efficiency,ee_mean,rf_combined,RF: combined,combined,5,862,https://doi.org/10.1016/j.jconrel.2025.01.071,80.0,87.13785536904759
encapsulation_efficiency,ee_mean,rf_combined,RF: combined,combined,5,863,https://doi.org/10.1016/j.jconrel.2025.01.071,80.0,87.13785536904759
encapsulation_efficiency,ee_mean,rf_combined,RF: combined,combined,5,864,https://doi.org/10.1016/j.jconrel.2025.01.071,80.0,87.13785536904759
encapsulation_efficiency,ee_mean,rf_combined,RF: combined,combined,5,865,https://doi.org/10.1016/j.jconrel.2025.01.071,80.0,87.13785536904759
encapsulation_efficiency,ee_mean,rf_combined,RF: combined,combined,5,866,https://doi.org/10.1016/j.jconrel.2025.01.071,80.0,87.13785536904759
encapsulation_efficiency,ee_mean,rf_combined,RF: combined,combined,5,867,https://doi.org/10.1016/j.jconrel.2025.01.071,80.0,87.13785536904759
encapsulation_efficiency,ee_mean,rf_combined,RF: combined,combined,5,868,https://doi.org/10.1016/j.jconrel.2025.01.071,80.0,87.13785536904759
encapsulation_efficiency,ee_mean,rf_combined,RF: combined,combined,5,869,https://doi.org/10.1016/j.jconrel.2025.01.071,80.0,87.13785536904759
encapsulation_efficiency,ee_mean,rf_combined,RF: combined,combined,5,870,https://doi.org/10.1016/j.jconrel.2025.01.071,60.0,87.13785536904759
encapsulation_efficiency,ee_mean,rf_combined,RF: combined,combined,5,911,https://doi.org/10.1101/2024.09.27.614859,95.0,91.4691662907426
encapsulation_efficiency,ee_mean,rf_combined,RF: combined,combined,5,1005,10.1002/smll.201805097,31.1,76.21546409640918
encapsulation_efficiency,ee_mean,rf_combined,RF: combined,combined,5,1006,10.1002/smll.201805097,89.7,78.20042233008657
encapsulation_efficiency,ee_mean,rf_combined,RF: combined,combined,5,1007,10.1002/smll.201805097,93.6,81.12452955753233
encapsulation_efficiency,ee_mean,rf_combined,RF: combined,combined,5,1008,10.1002/smll.201805097,89.3,83.5348028131008
encapsulation_efficiency,ee_mean,rf_combined,RF: combined,combined,5,1009,10.1002/smll.201805097,89.7,87.25316040413364
encapsulation_efficiency,ee_mean,rf_combined,RF: combined,combined,5,1010,10.1002/smll.201805097,84.7,87.41679303683426
encapsulation_efficiency,ee_mean,rf_combined,RF: combined,combined,5,1011,10.1002/smll.201805097,88.1,87.35493171815297
encapsulation_efficiency,ee_mean,rf_combined,RF: combined,combined,5,1012,10.1002/smll.201805097,86.2,87.44068045585004
encapsulation_efficiency,ee_mean,rf_combined,RF: combined,combined,5,1013,10.1002/smll.201805097,82.1,87.38625922965954
encapsulation_efficiency,ee_mean,rf_combined,RF: combined,combined,5,1014,10.1002/smll.201805097,69.0,87.22686027449706
encapsulation_efficiency,ee_mean,rf_combined,RF: combined,combined,5,1015,10.1002/smll.201805097,64.4,87.07031854836765
encapsulation_efficiency,ee_mean,rf_combined,RF: combined,combined,5,1088,https://dx.doi.org/10.1021/acs.nanolett.0c01386,95.0,85.29031031837025
encapsulation_efficiency,ee_mean,rf_combined,RF: combined,combined,5,1089,https://dx.doi.org/10.1021/acs.nanolett.0c01386,92.0,85.29031031837025
encapsulation_efficiency,ee_mean,rf_combined,RF: combined,combined,5,1090,https://dx.doi.org/10.1021/acs.nanolett.0c01386,90.0,85.29031031837025
encapsulation_efficiency,ee_mean,rf_combined,RF: combined,combined,5,1091,https://dx.doi.org/10.1021/acs.nanolett.0c01386,88.0,85.29031031837025
encapsulation_efficiency,ee_mean,rf_combined,RF: combined,combined,5,1092,https://dx.doi.org/10.1021/acs.nanolett.0c01386,85.0,85.29031031837025
