lnp_id,paper_doi,paper_title,lipid_molar_ratio,ionizable_lipid,helper_lipid,sterol_lipid,peg_lipid,mol_pct_ionizable,mol_pct_helper,mol_pct_sterol,mol_pct_peg,ratio_sum,ratio_sum_deviation_from_100,parse_method,parse_confidence,ratio_values_complete,ratio_values_nonnegative,ratio_values_at_most_100,ratio_sum_near_100,ratio_model_eligible,ratio_review_needed
1,https://doi.org/10.1038/s41467-024-50619-z,AGILE platform: a deep learning powered approach to accelerate LNP development for mRNA delivery,60:20:19.5:0.5,Custom lipid,DOPE,cholesterol,DMG-PEG2000,60.0,20.0,19.5,0.5,100.0,0.0,doi_lookup,high,True,True,True,True,True,False
2,https://doi.org/10.1038/s41467-024-50619-z,AGILE platform: a deep learning powered approach to accelerate LNP development for mRNA delivery,35:16:46.5:2.5,Custom lipid,DOPE,cholesterol,DMG-PEG2000,35.0,16.0,46.5,2.5,100.0,0.0,doi_lookup,high,True,True,True,True,True,False
3,https://doi.org/10.1038/s41467-024-50619-z,AGILE platform: a deep learning powered approach to accelerate LNP development for mRNA delivery,35:16:46.5:2.5,Custom lipid,DOPE,cholesterol,DMG-PEG2000,35.0,16.0,46.5,2.5,100.0,0.0,doi_lookup,high,True,True,True,True,True,False
4,https://doi.org/10.1038/s41467-024-50619-z,AGILE platform: a deep learning powered approach to accelerate LNP development for mRNA delivery,35:16:46.5:2.5,Custom lipid,DOPE,cholesterol,DMG-PEG2000,35.0,16.0,46.5,2.5,100.0,0.0,doi_lookup,high,True,True,True,True,True,False
5,https://doi.org/10.1038/s41467-024-50619-z,AGILE platform: a deep learning powered approach to accelerate LNP development for mRNA delivery,35:16:46.5:2.5,Custom lipid,DOPE,cholesterol,DMG-PEG2000,35.0,16.0,46.5,2.5,100.0,0.0,doi_lookup,high,True,True,True,True,True,False
6,https://doi.org/10.1038/s41467-024-50619-z,AGILE platform: a deep learning powered approach to accelerate LNP development for mRNA delivery,35:16:46.5:2.5,Custom lipid,DOPE,cholesterol,DMG-PEG2000,35.0,16.0,46.5,2.5,100.0,0.0,doi_lookup,high,True,True,True,True,True,False
7,https://doi.org/10.1038/s41467-024-50619-z,AGILE platform: a deep learning powered approach to accelerate LNP development for mRNA delivery,35:16:46.5:2.5,Custom lipid,DOPE,cholesterol,DMG-PEG2000,35.0,16.0,46.5,2.5,100.0,0.0,doi_lookup,high,True,True,True,True,True,False
8,https://doi.org/10.1038/s41467-024-50619-z,AGILE platform: a deep learning powered approach to accelerate LNP development for mRNA delivery,35:16:46.5:2.5,Custom lipid,DOPE,cholesterol,DMG-PEG2000,35.0,16.0,46.5,2.5,100.0,0.0,doi_lookup,high,True,True,True,True,True,False
9,https://doi.org/10.1038/s41467-024-50619-z,AGILE platform: a deep learning powered approach to accelerate LNP development for mRNA delivery,35:16:46.5:2.5,Custom lipid,DOPE,cholesterol,DMG-PEG2000,35.0,16.0,46.5,2.5,100.0,0.0,doi_lookup,high,True,True,True,True,True,False
10,https://doi.org/10.1038/s41467-024-50619-z,AGILE platform: a deep learning powered approach to accelerate LNP development for mRNA delivery,35:16:46.5:2.5,Custom lipid,DOPE,cholesterol,DMG-PEG2000,35.0,16.0,46.5,2.5,100.0,0.0,doi_lookup,high,True,True,True,True,True,False
11,https://doi.org/10.1038/s41467-024-50619-z,AGILE platform: a deep learning powered approach to accelerate LNP development for mRNA delivery,35:16:46.5:2.5,Custom lipid,DOPE,cholesterol,DMG-PEG2000,35.0,16.0,46.5,2.5,100.0,0.0,doi_lookup,high,True,True,True,True,True,False
12,https://doi.org/10.1038/s41467-024-50619-z,AGILE platform: a deep learning powered approach to accelerate LNP development for mRNA delivery,35:16:46.5:2.5,Custom lipid,DOPE,cholesterol,DMG-PEG2000,35.0,16.0,46.5,2.5,100.0,0.0,doi_lookup,high,True,True,True,True,True,False
13,https://doi.org/10.1038/s41467-024-50619-z,AGILE platform: a deep learning powered approach to accelerate LNP development for mRNA delivery,35:16:46.5:2.5,Custom lipid,DOPE,cholesterol,DMG-PEG2000,35.0,16.0,46.5,2.5,100.0,0.0,doi_lookup,high,True,True,True,True,True,False
14,https://doi.org/10.1038/s41467-024-50619-z,AGILE platform: a deep learning powered approach to accelerate LNP development for mRNA delivery,35:16:46.5:2.5,Custom lipid,DOPE,cholesterol,DMG-PEG2000,35.0,16.0,46.5,2.5,100.0,0.0,doi_lookup,high,True,True,True,True,True,False
15,https://doi.org/10.1038/s41467-024-50619-z,AGILE platform: a deep learning powered approach to accelerate LNP development for mRNA delivery,35:16:46.5:2.5,Custom lipid,DOPE,cholesterol,DMG-PEG2000,35.0,16.0,46.5,2.5,100.0,0.0,doi_lookup,high,True,True,True,True,True,False
16,https://doi.org/10.1038/s41467-024-50619-z,AGILE platform: a deep learning powered approach to accelerate LNP development for mRNA delivery,35:16:46.5:2.5,Custom lipid,DOPE,cholesterol,DMG-PEG2000,35.0,16.0,46.5,2.5,100.0,0.0,doi_lookup,high,True,True,True,True,True,False
17,https://doi.org/10.1038/s41467-024-50619-z,AGILE platform: a deep learning powered approach to accelerate LNP development for mRNA delivery,35:16:46.5:2.5,Custom lipid,DOPE,cholesterol,DMG-PEG2000,35.0,16.0,46.5,2.5,100.0,0.0,doi_lookup,high,True,True,True,True,True,False
18,https://doi.org/10.1038/s41467-024-50619-z,AGILE platform: a deep learning powered approach to accelerate LNP development for mRNA delivery,35:16:46.5:2.5,Custom lipid,DOPE,cholesterol,DMG-PEG2000,35.0,16.0,46.5,2.5,100.0,0.0,doi_lookup,high,True,True,True,True,True,False
19,https://doi.org/10.1038/s41467-024-50619-z,AGILE platform: a deep learning powered approach to accelerate LNP development for mRNA delivery,35:16:46.5:2.5,Custom lipid,DOPE,cholesterol,DMG-PEG2000,35.0,16.0,46.5,2.5,100.0,0.0,doi_lookup,high,True,True,True,True,True,False
20,https://doi.org/10.1038/s41467-024-50619-z,AGILE platform: a deep learning powered approach to accelerate LNP development for mRNA delivery,35:16:46.5:2.5,Custom lipid,DOPE,cholesterol,DMG-PEG2000,35.0,16.0,46.5,2.5,100.0,0.0,doi_lookup,high,True,True,True,True,True,False
21,https://doi.org/10.1038/s41467-024-50619-z,AGILE platform: a deep learning powered approach to accelerate LNP development for mRNA delivery,35:16:46.5:2.5,Custom lipid,DOPE,cholesterol,DMG-PEG2000,35.0,16.0,46.5,2.5,100.0,0.0,doi_lookup,high,True,True,True,True,True,False
22,https://doi.org/10.1038/s41467-024-50619-z,AGILE platform: a deep learning powered approach to accelerate LNP development for mRNA delivery,35:16:46.5:2.5,Custom lipid,DOPE,cholesterol,DMG-PEG2000,35.0,16.0,46.5,2.5,100.0,0.0,doi_lookup,high,True,True,True,True,True,False
23,https://doi.org/10.1038/s41467-024-50619-z,AGILE platform: a deep learning powered approach to accelerate LNP development for mRNA delivery,35:16:46.5:2.5,Custom lipid,DOPE,cholesterol,DMG-PEG2000,35.0,16.0,46.5,2.5,100.0,0.0,doi_lookup,high,True,True,True,True,True,False
24,https://doi.org/10.1038/s41467-024-50619-z,AGILE platform: a deep learning powered approach to accelerate LNP development for mRNA delivery,35:16:46.5:2.5,Custom lipid,DOPE,cholesterol,DMG-PEG2000,35.0,16.0,46.5,2.5,100.0,0.0,doi_lookup,high,True,True,True,True,True,False
25,https://doi.org/10.1038/s41467-024-50619-z,AGILE platform: a deep learning powered approach to accelerate LNP development for mRNA delivery,35:16:46.5:2.5,Custom lipid,DOPE,cholesterol,DMG-PEG2000,35.0,16.0,46.5,2.5,100.0,0.0,doi_lookup,high,True,True,True,True,True,False
26,https://doi.org/10.1038/s41467-024-50619-z,AGILE platform: a deep learning powered approach to accelerate LNP development for mRNA delivery,35:16:46.5:2.5,Custom lipid,DOPE,cholesterol,DMG-PEG2000,35.0,16.0,46.5,2.5,100.0,0.0,doi_lookup,high,True,True,True,True,True,False
27,https://doi.org/10.1038/s41467-024-50619-z,AGILE platform: a deep learning powered approach to accelerate LNP development for mRNA delivery,35:16:46.5:2.5,Custom lipid,DOPE,cholesterol,DMG-PEG2000,35.0,16.0,46.5,2.5,100.0,0.0,doi_lookup,high,True,True,True,True,True,False
28,https://doi.org/10.1038/s41467-024-50619-z,AGILE platform: a deep learning powered approach to accelerate LNP development for mRNA delivery,35:16:46.5:2.5,Custom lipid,DOPE,cholesterol,DMG-PEG2000,35.0,16.0,46.5,2.5,100.0,0.0,doi_lookup,high,True,True,True,True,True,False
29,https://doi.org/10.1038/s41467-024-50619-z,AGILE platform: a deep learning powered approach to accelerate LNP development for mRNA delivery,35:16:46.5:2.5,Custom lipid,DOPE,cholesterol,DMG-PEG2000,35.0,16.0,46.5,2.5,100.0,0.0,doi_lookup,high,True,True,True,True,True,False
30,https://doi.org/10.1038/s41467-024-50619-z,AGILE platform: a deep learning powered approach to accelerate LNP development for mRNA delivery,35:16:46.5:2.5,Custom lipid,DOPE,cholesterol,DMG-PEG2000,35.0,16.0,46.5,2.5,100.0,0.0,doi_lookup,high,True,True,True,True,True,False
31,https://doi.org/10.1038/s41467-024-50619-z,AGILE platform: a deep learning powered approach to accelerate LNP development for mRNA delivery,35:16:46.5:2.5,Custom lipid,DOPE,cholesterol,DMG-PEG2000,35.0,16.0,46.5,2.5,100.0,0.0,doi_lookup,high,True,True,True,True,True,False
32,https://doi.org/10.1038/s41467-024-50619-z,AGILE platform: a deep learning powered approach to accelerate LNP development for mRNA delivery,35:16:46.5:2.5,Custom lipid,DOPE,cholesterol,DMG-PEG2000,35.0,16.0,46.5,2.5,100.0,0.0,doi_lookup,high,True,True,True,True,True,False
33,https://doi.org/10.1038/s41467-024-50619-z,AGILE platform: a deep learning powered approach to accelerate LNP development for mRNA delivery,35:16:46.5:2.5,Custom lipid,DOPE,cholesterol,DMG-PEG2000,35.0,16.0,46.5,2.5,100.0,0.0,doi_lookup,high,True,True,True,True,True,False
51,10.1126/sciadv.abf4398,Engineered ionizable lipid nanoparticles for targeted delivery of RNA therapeutics into different types of cells in the liver,26.5:1.5:52:20,Custom lipid,DOPE,cholesterol,C16-Ceramide-PEG2000,,,,,,,ambiguous_doi,excluded,False,False,False,False,False,False
52,10.1126/sciadv.abf4398,Engineered ionizable lipid nanoparticles for targeted delivery of RNA therapeutics into different types of cells in the liver,26.5:1.5:52:20,Custom lipid,DOPE,cholesterol,C16-Ceramide-PEG2000,,,,,,,ambiguous_doi,excluded,False,False,False,False,False,False
53,10.1126/sciadv.abf4398,Engineered ionizable lipid nanoparticles for targeted delivery of RNA therapeutics into different types of cells in the liver,26.5:1.5:52:20,246C10,DOPE,cholesterol,C16-Ceramide-PEG2000,,,,,,,ambiguous_doi,excluded,False,False,False,False,False,False
54,10.1126/sciadv.abf4398,Engineered ionizable lipid nanoparticles for targeted delivery of RNA therapeutics into different types of cells in the liver,26.5:1.0:52:20,246C10,DOPE,cholesterol,C16-Ceramide-PEG2000,,,,,,,ambiguous_doi,excluded,False,False,False,False,False,False
55,10.1126/sciadv.abf4398,Engineered ionizable lipid nanoparticles for targeted delivery of RNA therapeutics into different types of cells in the liver,26.5:1.5:51.5:20,246C10,DOPE,cholesterol,C16-Ceramide-PEG2000,,,,,,,ambiguous_doi,excluded,False,False,False,False,False,False
56,10.1126/sciadv.abf4398,Engineered ionizable lipid nanoparticles for targeted delivery of RNA therapeutics into different types of cells in the liver,26.5:3.0:50.5:20,246C10,DOPE,cholesterol,C16-Ceramide-PEG2000,,,,,,,ambiguous_doi,excluded,False,False,False,False,False,False
57,10.1126/sciadv.abf4398,Engineered ionizable lipid nanoparticles for targeted delivery of RNA therapeutics into different types of cells in the liver,26.5:3.0:50.5:20,246C10,DOPE,cholesterol,C16-Ceramide-PEG2000,,,,,,,ambiguous_doi,excluded,False,False,False,False,False,False
58,10.1126/sciadv.abf4398,Engineered ionizable lipid nanoparticles for targeted delivery of RNA therapeutics into different types of cells in the liver,26.5:3.0:50.5:20,246C10,DOPE,cholesterol,C16-Ceramide-PEG2000,,,,,,,ambiguous_doi,excluded,False,False,False,False,False,False
63,https://doi.org/10.1016/j.omtn.2019.01.013,Optimization of Lipid Nanoparticles for Intramuscular Administration of mRNA Vaccines,50:10:38.5:1.5,DLin-MC3-DMA,DSPC,cholesterol,PEG-lipid,50.0,10.0,38.5,1.5,100.0,0.0,doi_lookup,high,True,True,True,True,True,False
64,https://doi.org/10.1016/j.omtn.2019.01.013,Optimization of Lipid Nanoparticles for Intramuscular Administration of mRNA Vaccines,50:10:38.5:1.5,DOTAP,DSPC,cholesterol,PEG-lipid,50.0,10.0,38.5,1.5,100.0,0.0,doi_lookup,high,True,True,True,True,True,False
65,https://doi.org/10.1016/j.omtn.2019.01.013,Optimization of Lipid Nanoparticles for Intramuscular Administration of mRNA Vaccines,50:10:38.5:1.5,Custom lipid,DSPC,cholesterol,PEG-lipid,50.0,10.0,38.5,1.5,100.0,0.0,doi_lookup,high,True,True,True,True,True,False
66,https://doi.org/10.1016/j.omtn.2019.01.013,Optimization of Lipid Nanoparticles for Intramuscular Administration of mRNA Vaccines,50:10:38.5:1.5,Custom lipid,DSPC,cholesterol,PEG-lipid,50.0,10.0,38.5,1.5,100.0,0.0,doi_lookup,high,True,True,True,True,True,False
67,https://doi.org/10.1016/j.omtn.2019.01.013,Optimization of Lipid Nanoparticles for Intramuscular Administration of mRNA Vaccines,50:10:38.5:1.5,Custom lipid,DSPC,cholesterol,PEG-lipid,50.0,10.0,38.5,1.5,100.0,0.0,doi_lookup,high,True,True,True,True,True,False
68,https://doi.org/10.1016/j.omtn.2019.01.013,Optimization of Lipid Nanoparticles for Intramuscular Administration of mRNA Vaccines,50:10:38.5:1.5,Custom lipid,DSPC,cholesterol,PEG-lipid,50.0,10.0,38.5,1.5,100.0,0.0,doi_lookup,high,True,True,True,True,True,False
69,https://doi.org/10.1016/j.omtn.2019.01.013,Optimization of Lipid Nanoparticles for Intramuscular Administration of mRNA Vaccines,50:10:38.5:1.5,Custom lipid,DSPC,cholesterol,PEG-lipid,50.0,10.0,38.5,1.5,100.0,0.0,doi_lookup,high,True,True,True,True,True,False
109,10.1021/acs.nanolett.5b02497,Optimization of Lipid Nanoparticle Formulations for mRNA Delivery in vivo with Fractional Factorial and Definitive Screening Designs,50:1.5:38.5:10,C12-200,DSPC,cholesterol,C14-PEG2000,50.0,1.5,38.5,10.0,100.0,0.0,doi_lookup,high,True,True,True,True,True,False
110,10.1021/acs.nanolett.5b02497,Optimization of Lipid Nanoparticle Formulations for mRNA Delivery in vivo with Fractional Factorial and Definitive Screening Designs,35:2.5:46.5:16,C12-200,DOPE,cholesterol,C14-PEG2000,35.0,2.5,46.5,16.0,100.0,0.0,doi_lookup,high,True,True,True,True,True,False
113,https://doi.org/10.1016/j.ymthe.2018.03.010,A Novel Amino Lipid Series for mRNA Delivery: Improved Endosomal Escape and Sustained Pharmacology and Safety in Non-human Primates,50:10:38.5:1.5,Custom lipid,DSPC,cholesterol,PEG-lipid,50.0,10.0,38.5,1.5,100.0,0.0,doi_lookup,high,True,True,True,True,True,False
114,https://doi.org/10.1016/j.ymthe.2018.03.010,A Novel Amino Lipid Series for mRNA Delivery: Improved Endosomal Escape and Sustained Pharmacology and Safety in Non-human Primates,50:10:38.5:1.5,Custom lipid,DSPC,cholesterol,PEG-lipid,50.0,10.0,38.5,1.5,100.0,0.0,doi_lookup,high,True,True,True,True,True,False
115,https://doi.org/10.1016/j.ymthe.2018.03.010,A Novel Amino Lipid Series for mRNA Delivery: Improved Endosomal Escape and Sustained Pharmacology and Safety in Non-human Primates,50:10:38.5:1.5,Custom lipid,DSPC,cholesterol,PEG-lipid,50.0,10.0,38.5,1.5,100.0,0.0,doi_lookup,high,True,True,True,True,True,False
116,https://doi.org/10.1016/j.ymthe.2018.03.010,A Novel Amino Lipid Series for mRNA Delivery: Improved Endosomal Escape and Sustained Pharmacology and Safety in Non-human Primates,50:10:38.5:1.5,Custom lipid,DSPC,cholesterol,PEG-lipid,50.0,10.0,38.5,1.5,100.0,0.0,doi_lookup,high,True,True,True,True,True,False
117,https://doi.org/10.1016/j.ymthe.2018.03.010,A Novel Amino Lipid Series for mRNA Delivery: Improved Endosomal Escape and Sustained Pharmacology and Safety in Non-human Primates,50:10:38.5:1.5,Heptadecan-9-yl 8-((2-hydroxyethyl)(8-(nonyloxy)-8-oxooctyl)amino)octanoate,DSPC,cholesterol,PEG-lipid,50.0,10.0,38.5,1.5,100.0,0.0,doi_lookup,high,True,True,True,True,True,False
118,https://doi.org/10.1016/j.ymthe.2018.03.010,A Novel Amino Lipid Series for mRNA Delivery: Improved Endosomal Escape and Sustained Pharmacology and Safety in Non-human Primates,50:10:38.5:1.5,Custom lipid,DSPC,cholesterol,PEG-lipid,50.0,10.0,38.5,1.5,100.0,0.0,doi_lookup,high,True,True,True,True,True,False
119,https://doi.org/10.1016/j.ymthe.2018.03.010,A Novel Amino Lipid Series for mRNA Delivery: Improved Endosomal Escape and Sustained Pharmacology and Safety in Non-human Primates,50:10:38.5:1.5,Custom lipid,DSPC,cholesterol,PEG-lipid,50.0,10.0,38.5,1.5,100.0,0.0,doi_lookup,high,True,True,True,True,True,False
120,https://doi.org/10.1016/j.ymthe.2018.03.010,A Novel Amino Lipid Series for mRNA Delivery: Improved Endosomal Escape and Sustained Pharmacology and Safety in Non-human Primates,50:10:38.5:1.5,SM-102,DSPC,cholesterol,PEG-lipid,50.0,10.0,38.5,1.5,100.0,0.0,doi_lookup,high,True,True,True,True,True,False
121,https://doi.org/10.1016/j.ymthe.2018.03.010,A Novel Amino Lipid Series for mRNA Delivery: Improved Endosomal Escape and Sustained Pharmacology and Safety in Non-human Primates,50:10:38.5:1.5,Custom lipid,DSPC,cholesterol,PEG-lipid,50.0,10.0,38.5,1.5,100.0,0.0,doi_lookup,high,True,True,True,True,True,False
122,https://doi.org/10.1016/j.ymthe.2018.03.010,A Novel Amino Lipid Series for mRNA Delivery: Improved Endosomal Escape and Sustained Pharmacology and Safety in Non-human Primates,50:10:38.5:1.5,Custom lipid,DSPC,cholesterol,PEG-lipid,50.0,10.0,38.5,1.5,100.0,0.0,doi_lookup,high,True,True,True,True,True,False
123,https://doi.org/10.1016/j.ymthe.2018.03.010,A Novel Amino Lipid Series for mRNA Delivery: Improved Endosomal Escape and Sustained Pharmacology and Safety in Non-human Primates,50:10:38.5:1.5,DLin-MC3-DMA,DSPC,cholesterol,PEG-lipid,50.0,10.0,38.5,1.5,100.0,0.0,doi_lookup,high,True,True,True,True,True,False
174,10.1126/sciadv.abc2315,Functionalized lipid-like nanoparticles for in vivo mRNA delivery and base editing,20:0.75:40:30,Custom lipid,DOPE,cholesterol,DMG-PEG2000,,,,,,,ambiguous_doi,excluded,False,False,False,False,False,False
175,10.1126/sciadv.abc2315,Functionalized lipid-like nanoparticles for in vivo mRNA delivery and base editing,20:0.75:40:30,Custom lipid,DOPE,cholesterol,DMG-PEG2000,,,,,,,ambiguous_doi,excluded,False,False,False,False,False,False
176,10.1126/sciadv.abc2315,Functionalized lipid-like nanoparticles for in vivo mRNA delivery and base editing,20:0.75:40:30,Custom lipid,DOPE,cholesterol,DMG-PEG2000,,,,,,,ambiguous_doi,excluded,False,False,False,False,False,False
177,10.1126/sciadv.abc2315,Functionalized lipid-like nanoparticles for in vivo mRNA delivery and base editing,20:0.75:40:30,Custom lipid,DOPE,cholesterol,DMG-PEG2000,,,,,,,ambiguous_doi,excluded,False,False,False,False,False,False
178,10.1126/sciadv.abc2315,Functionalized lipid-like nanoparticles for in vivo mRNA delivery and base editing,20:0.75:40:30,Custom lipid,DOPE,cholesterol,DMG-PEG2000,,,,,,,ambiguous_doi,excluded,False,False,False,False,False,False
179,10.1126/sciadv.abc2315,Functionalized lipid-like nanoparticles for in vivo mRNA delivery and base editing,20:0.75:40:30,Custom lipid,DOPE,cholesterol,DMG-PEG2000,,,,,,,ambiguous_doi,excluded,False,False,False,False,False,False
180,10.1126/sciadv.abc2315,Functionalized lipid-like nanoparticles for in vivo mRNA delivery and base editing,20:0.75:40:30,Custom lipid,DOPE,cholesterol,DMG-PEG2000,,,,,,,ambiguous_doi,excluded,False,False,False,False,False,False
181,10.1126/sciadv.abc2315,Functionalized lipid-like nanoparticles for in vivo mRNA delivery and base editing,20:0.75:40:30,Custom lipid,DOPE,cholesterol,DMG-PEG2000,,,,,,,ambiguous_doi,excluded,False,False,False,False,False,False
182,10.1126/sciadv.abc2315,Functionalized lipid-like nanoparticles for in vivo mRNA delivery and base editing,20:0.75:40:30,Custom lipid,DOPE,cholesterol,DMG-PEG2000,,,,,,,ambiguous_doi,excluded,False,False,False,False,False,False
183,10.1126/sciadv.abc2315,Functionalized lipid-like nanoparticles for in vivo mRNA delivery and base editing,20:0.75:40:30,Custom lipid,DOPE,cholesterol,DMG-PEG2000,,,,,,,ambiguous_doi,excluded,False,False,False,False,False,False
184,10.1126/sciadv.abc2315,Functionalized lipid-like nanoparticles for in vivo mRNA delivery and base editing,20:0.75:40:30,Custom lipid,DOPE,cholesterol,DMG-PEG2000,,,,,,,ambiguous_doi,excluded,False,False,False,False,False,False
198,10.1002/adma.201606944,Synthesis and Biological Evaluation of Ionizable Lipid Materials for the In Vivo Delivery of Messenger RNA to B Lymphocytes,35:16:46.5:2.5,OF-Deg-Lin,DOPE,cholesterol,C14-PEG2000,35.0,16.0,46.5,2.5,100.0,0.0,doi_lookup,high,True,True,True,True,True,False
199,10.1002/adma.201606944,Synthesis and Biological Evaluation of Ionizable Lipid Materials for the In Vivo Delivery of Messenger RNA to B Lymphocytes,35:16:46.5:2.5,OF-Deg-Lin,DOPE,cholesterol,C14-PEG2000,35.0,16.0,46.5,2.5,100.0,0.0,doi_lookup,high,True,True,True,True,True,False
200,10.1002/adma.201606944,Synthesis and Biological Evaluation of Ionizable Lipid Materials for the In Vivo Delivery of Messenger RNA to B Lymphocytes,35:16:46.5:2.5,OF-02,DOPE,cholesterol,C14-PEG2000,35.0,16.0,46.5,2.5,100.0,0.0,doi_lookup,high,True,True,True,True,True,False
201,10.1002/adma.201606944,Synthesis and Biological Evaluation of Ionizable Lipid Materials for the In Vivo Delivery of Messenger RNA to B Lymphocytes,35:16:46.5:2.5,OF-02,DOPE,cholesterol,C14-PEG2000,35.0,16.0,46.5,2.5,100.0,0.0,doi_lookup,high,True,True,True,True,True,False
202,https://doi.org/10.1038/s41467-024-45422-9,"High-throughput barcoding of nanoparticles identifies cationic, degradable lipid-like materials for mRNA delivery to the lungs in female preclinical models",35:2.5:46.5:16,Custom lipid,DOPE,cholesterol,C14-PEG2000,35.0,16.0,46.5,2.5,100.0,0.0,doi_lookup,high,True,True,True,True,True,False
203,https://doi.org/10.1038/s41467-024-45422-9,"High-throughput barcoding of nanoparticles identifies cationic, degradable lipid-like materials for mRNA delivery to the lungs in female preclinical models",35:2.5:46.5:16,Custom lipid,DOPE,cholesterol,C14-PEG2000,35.0,16.0,46.5,2.5,100.0,0.0,doi_lookup,high,True,True,True,True,True,False
204,https://doi.org/10.1038/s41467-024-45422-9,"High-throughput barcoding of nanoparticles identifies cationic, degradable lipid-like materials for mRNA delivery to the lungs in female preclinical models",35:2.5:46.5:16,Custom lipid,DOPE,cholesterol,C14-PEG2000,35.0,16.0,46.5,2.5,100.0,0.0,doi_lookup,high,True,True,True,True,True,False
205,https://doi.org/10.1038/s41467-024-45422-9,"High-throughput barcoding of nanoparticles identifies cationic, degradable lipid-like materials for mRNA delivery to the lungs in female preclinical models",35:2.5:46.5:16,Custom lipid,DOPE,cholesterol,C14-PEG2000,35.0,16.0,46.5,2.5,100.0,0.0,doi_lookup,high,True,True,True,True,True,False
206,https://doi.org/10.1038/s41467-024-45422-9,"High-throughput barcoding of nanoparticles identifies cationic, degradable lipid-like materials for mRNA delivery to the lungs in female preclinical models",35:2.5:46.5:16,Custom lipid,DOPE,cholesterol,C14-PEG2000,35.0,16.0,46.5,2.5,100.0,0.0,doi_lookup,high,True,True,True,True,True,False
207,https://doi.org/10.1038/s41467-024-45422-9,"High-throughput barcoding of nanoparticles identifies cationic, degradable lipid-like materials for mRNA delivery to the lungs in female preclinical models",35:2.5:46.5:16,Custom lipid,DOPE,cholesterol,C14-PEG2000,35.0,16.0,46.5,2.5,100.0,0.0,doi_lookup,high,True,True,True,True,True,False
208,https://doi.org/10.1038/s41467-024-45422-9,"High-throughput barcoding of nanoparticles identifies cationic, degradable lipid-like materials for mRNA delivery to the lungs in female preclinical models",35:2.5:46.5:16,Custom lipid,DOPE,cholesterol,C14-PEG2000,35.0,16.0,46.5,2.5,100.0,0.0,doi_lookup,high,True,True,True,True,True,False
209,https://doi.org/10.1038/s41467-024-45422-9,"High-throughput barcoding of nanoparticles identifies cationic, degradable lipid-like materials for mRNA delivery to the lungs in female preclinical models",35:2.5:46.5:16,Custom lipid,DOPE,cholesterol,C14-PEG2000,35.0,16.0,46.5,2.5,100.0,0.0,doi_lookup,high,True,True,True,True,True,False
210,https://doi.org/10.1038/s41467-024-45422-9,"High-throughput barcoding of nanoparticles identifies cationic, degradable lipid-like materials for mRNA delivery to the lungs in female preclinical models",35:2.5:46.5:16,Custom lipid,DOPE,cholesterol,C14-PEG2000,35.0,16.0,46.5,2.5,100.0,0.0,doi_lookup,high,True,True,True,True,True,False
211,https://doi.org/10.1038/s41467-024-45422-9,"High-throughput barcoding of nanoparticles identifies cationic, degradable lipid-like materials for mRNA delivery to the lungs in female preclinical models",35:2.5:46.5:16,Custom lipid,DOPE,cholesterol,C14-PEG2000,35.0,16.0,46.5,2.5,100.0,0.0,doi_lookup,high,True,True,True,True,True,False
212,https://doi.org/10.1038/s41467-024-45422-9,"High-throughput barcoding of nanoparticles identifies cationic, degradable lipid-like materials for mRNA delivery to the lungs in female preclinical models",35:2.5:46.5:16,Custom lipid,DOPE,cholesterol,C14-PEG2000,35.0,16.0,46.5,2.5,100.0,0.0,doi_lookup,high,True,True,True,True,True,False
213,https://doi.org/10.1038/s41467-024-45422-9,"High-throughput barcoding of nanoparticles identifies cationic, degradable lipid-like materials for mRNA delivery to the lungs in female preclinical models",35:2.5:46.5:16,Custom lipid,DOPE,cholesterol,C14-PEG2000,35.0,16.0,46.5,2.5,100.0,0.0,doi_lookup,high,True,True,True,True,True,False
214,https://doi.org/10.1038/s41467-024-45422-9,"High-throughput barcoding of nanoparticles identifies cationic, degradable lipid-like materials for mRNA delivery to the lungs in female preclinical models",35:2.5:46.5:16,Custom lipid,DOPE,cholesterol,C14-PEG2000,35.0,16.0,46.5,2.5,100.0,0.0,doi_lookup,high,True,True,True,True,True,False
215,https://doi.org/10.1038/s41467-024-45422-9,"High-throughput barcoding of nanoparticles identifies cationic, degradable lipid-like materials for mRNA delivery to the lungs in female preclinical models",35:2.5:46.5:16,Custom lipid,DOPE,cholesterol,C14-PEG2000,35.0,16.0,46.5,2.5,100.0,0.0,doi_lookup,high,True,True,True,True,True,False
216,https://doi.org/10.1038/s41467-024-45422-9,"High-throughput barcoding of nanoparticles identifies cationic, degradable lipid-like materials for mRNA delivery to the lungs in female preclinical models",35:2.5:46.5:16,Custom lipid,DOPE,cholesterol,C14-PEG2000,35.0,16.0,46.5,2.5,100.0,0.0,doi_lookup,high,True,True,True,True,True,False
217,https://doi.org/10.1038/s41467-024-45422-9,"High-throughput barcoding of nanoparticles identifies cationic, degradable lipid-like materials for mRNA delivery to the lungs in female preclinical models",35:2.5:46.5:16,Custom lipid,DOPE,cholesterol,C14-PEG2000,35.0,16.0,46.5,2.5,100.0,0.0,doi_lookup,high,True,True,True,True,True,False
218,https://doi.org/10.1038/s41467-024-45422-9,"High-throughput barcoding of nanoparticles identifies cationic, degradable lipid-like materials for mRNA delivery to the lungs in female preclinical models",35:2.5:46.5:16,Custom lipid,DOPE,cholesterol,C14-PEG2000,35.0,16.0,46.5,2.5,100.0,0.0,doi_lookup,high,True,True,True,True,True,False
219,https://doi.org/10.1038/s41467-024-45422-9,"High-throughput barcoding of nanoparticles identifies cationic, degradable lipid-like materials for mRNA delivery to the lungs in female preclinical models",35:2.5:46.5:16,Custom lipid,DOPE,cholesterol,C14-PEG2000,35.0,16.0,46.5,2.5,100.0,0.0,doi_lookup,high,True,True,True,True,True,False
220,https://doi.org/10.1038/s41467-024-45422-9,"High-throughput barcoding of nanoparticles identifies cationic, degradable lipid-like materials for mRNA delivery to the lungs in female preclinical models",35:2.5:46.5:16,Custom lipid,DOPE,cholesterol,C14-PEG2000,35.0,16.0,46.5,2.5,100.0,0.0,doi_lookup,high,True,True,True,True,True,False
221,https://doi.org/10.1038/s41467-024-45422-9,"High-throughput barcoding of nanoparticles identifies cationic, degradable lipid-like materials for mRNA delivery to the lungs in female preclinical models",35:2.5:46.5:16,Custom lipid,DOPE,cholesterol,C14-PEG2000,35.0,16.0,46.5,2.5,100.0,0.0,doi_lookup,high,True,True,True,True,True,False
222,https://doi.org/10.1038/s41467-024-45422-9,"High-throughput barcoding of nanoparticles identifies cationic, degradable lipid-like materials for mRNA delivery to the lungs in female preclinical models",35:2.5:46.5:16,Custom lipid,DOPE,cholesterol,C14-PEG2000,35.0,16.0,46.5,2.5,100.0,0.0,doi_lookup,high,True,True,True,True,True,False
223,https://doi.org/10.1038/s41467-024-45422-9,"High-throughput barcoding of nanoparticles identifies cationic, degradable lipid-like materials for mRNA delivery to the lungs in female preclinical models",35:2.5:46.5:16,Custom lipid,DOPE,cholesterol,C14-PEG2000,35.0,16.0,46.5,2.5,100.0,0.0,doi_lookup,high,True,True,True,True,True,False
224,https://doi.org/10.1038/s41467-024-45422-9,"High-throughput barcoding of nanoparticles identifies cationic, degradable lipid-like materials for mRNA delivery to the lungs in female preclinical models",35:2.5:46.5:16,Custom lipid,DOPE,cholesterol,C14-PEG2000,35.0,16.0,46.5,2.5,100.0,0.0,doi_lookup,high,True,True,True,True,True,False
225,https://doi.org/10.1038/s41467-024-45422-9,"High-throughput barcoding of nanoparticles identifies cationic, degradable lipid-like materials for mRNA delivery to the lungs in female preclinical models",35:2.5:46.5:16,Custom lipid,DOPE,cholesterol,C14-PEG2000,35.0,16.0,46.5,2.5,100.0,0.0,doi_lookup,high,True,True,True,True,True,False
226,https://doi.org/10.1038/s41467-024-45422-9,"High-throughput barcoding of nanoparticles identifies cationic, degradable lipid-like materials for mRNA delivery to the lungs in female preclinical models",25:0.75:19.25:5,DLin-MC3-DMA,DSPC,cholesterol,C14-PEG2000,25.0,5.0,19.25,0.75,50.0,50.0,doi_lookup,high,True,True,True,False,False,True
227,https://doi.org/10.1038/s41467-024-45422-9,"High-throughput barcoding of nanoparticles identifies cationic, degradable lipid-like materials for mRNA delivery to the lungs in female preclinical models",35:2.5:46.5:16,Custom lipid,DOPE,cholesterol,C14-PEG2000,35.0,16.0,46.5,2.5,100.0,0.0,doi_lookup,high,True,True,True,True,True,False
228,https://doi.org/10.1038/s41467-024-45422-9,"High-throughput barcoding of nanoparticles identifies cationic, degradable lipid-like materials for mRNA delivery to the lungs in female preclinical models",35:2.5:46.5:16,Custom lipid,DOPE,cholesterol,C14-PEG2000,35.0,16.0,46.5,2.5,100.0,0.0,doi_lookup,high,True,True,True,True,True,False
229,https://doi.org/10.1038/s41467-024-45422-9,"High-throughput barcoding of nanoparticles identifies cationic, degradable lipid-like materials for mRNA delivery to the lungs in female preclinical models",35:2.5:46.5:16,Custom lipid,DOPE,cholesterol,C14-PEG2000,35.0,16.0,46.5,2.5,100.0,0.0,doi_lookup,high,True,True,True,True,True,False
230,https://doi.org/10.1038/s41467-024-45422-9,"High-throughput barcoding of nanoparticles identifies cationic, degradable lipid-like materials for mRNA delivery to the lungs in female preclinical models",35:2.5:46.5:16,Custom lipid,DOPE,cholesterol,C14-PEG2000,35.0,16.0,46.5,2.5,100.0,0.0,doi_lookup,high,True,True,True,True,True,False
231,https://doi.org/10.1038/s41467-024-45422-9,"High-throughput barcoding of nanoparticles identifies cationic, degradable lipid-like materials for mRNA delivery to the lungs in female preclinical models",35:2.5:46.5:16,Custom lipid,DOPE,cholesterol,C14-PEG2000,35.0,16.0,46.5,2.5,100.0,0.0,doi_lookup,high,True,True,True,True,True,False
232,https://doi.org/10.1038/s41467-024-45422-9,"High-throughput barcoding of nanoparticles identifies cationic, degradable lipid-like materials for mRNA delivery to the lungs in female preclinical models",35:2.5:46.5:16,Custom lipid,DOPE,cholesterol,C14-PEG2000,35.0,16.0,46.5,2.5,100.0,0.0,doi_lookup,high,True,True,True,True,True,False
233,https://doi.org/10.1038/s41467-024-45422-9,"High-throughput barcoding of nanoparticles identifies cationic, degradable lipid-like materials for mRNA delivery to the lungs in female preclinical models",35:2.5:46.5:16,Custom lipid,DOPE,cholesterol,C14-PEG2000,35.0,16.0,46.5,2.5,100.0,0.0,doi_lookup,high,True,True,True,True,True,False
234,https://doi.org/10.1038/s41467-024-45422-9,"High-throughput barcoding of nanoparticles identifies cationic, degradable lipid-like materials for mRNA delivery to the lungs in female preclinical models",35:2.5:46.5:16,Custom lipid,DOPE,cholesterol,C14-PEG2000,35.0,16.0,46.5,2.5,100.0,0.0,doi_lookup,high,True,True,True,True,True,False
235,https://doi.org/10.1038/s41467-024-45422-9,"High-throughput barcoding of nanoparticles identifies cationic, degradable lipid-like materials for mRNA delivery to the lungs in female preclinical models",35:2.5:46.5:16,Custom lipid,DOPE,cholesterol,C14-PEG2000,35.0,16.0,46.5,2.5,100.0,0.0,doi_lookup,high,True,True,True,True,True,False
236,https://doi.org/10.1038/s41467-024-45422-9,"High-throughput barcoding of nanoparticles identifies cationic, degradable lipid-like materials for mRNA delivery to the lungs in female preclinical models",35:2.5:46.5:16,Custom lipid,DOPE,cholesterol,C14-PEG2000,35.0,16.0,46.5,2.5,100.0,0.0,doi_lookup,high,True,True,True,True,True,False
237,https://doi.org/10.1038/s41467-024-45422-9,"High-throughput barcoding of nanoparticles identifies cationic, degradable lipid-like materials for mRNA delivery to the lungs in female preclinical models",35:2.5:46.5:16,Custom lipid,DOPE,cholesterol,C14-PEG2000,35.0,16.0,46.5,2.5,100.0,0.0,doi_lookup,high,True,True,True,True,True,False
238,https://doi.org/10.1038/s41467-024-45422-9,"High-throughput barcoding of nanoparticles identifies cationic, degradable lipid-like materials for mRNA delivery to the lungs in female preclinical models",35:2.5:46.5:16,Custom lipid,DOPE,cholesterol,C14-PEG2000,35.0,16.0,46.5,2.5,100.0,0.0,doi_lookup,high,True,True,True,True,True,False
239,https://doi.org/10.1038/s41467-024-45422-9,"High-throughput barcoding of nanoparticles identifies cationic, degradable lipid-like materials for mRNA delivery to the lungs in female preclinical models",35:2.5:46.5:16,Custom lipid,DOPE,cholesterol,C14-PEG2000,35.0,16.0,46.5,2.5,100.0,0.0,doi_lookup,high,True,True,True,True,True,False
240,https://doi.org/10.1038/s41467-024-45422-9,"High-throughput barcoding of nanoparticles identifies cationic, degradable lipid-like materials for mRNA delivery to the lungs in female preclinical models",35:2.5:46.5:16,Custom lipid,DOPE,cholesterol,C14-PEG2000,35.0,16.0,46.5,2.5,100.0,0.0,doi_lookup,high,True,True,True,True,True,False
241,https://doi.org/10.1038/s41467-024-45422-9,"High-throughput barcoding of nanoparticles identifies cationic, degradable lipid-like materials for mRNA delivery to the lungs in female preclinical models",35:2.5:46.5:16,Custom lipid,DOPE,cholesterol,C14-PEG2000,35.0,16.0,46.5,2.5,100.0,0.0,doi_lookup,high,True,True,True,True,True,False
242,https://doi.org/10.1038/s41467-024-45422-9,"High-throughput barcoding of nanoparticles identifies cationic, degradable lipid-like materials for mRNA delivery to the lungs in female preclinical models",35:2.5:46.5:16,Custom lipid,DOPE,cholesterol,C14-PEG2000,35.0,16.0,46.5,2.5,100.0,0.0,doi_lookup,high,True,True,True,True,True,False
243,https://doi.org/10.1038/s41467-024-45422-9,"High-throughput barcoding of nanoparticles identifies cationic, degradable lipid-like materials for mRNA delivery to the lungs in female preclinical models",35:2.5:46.5:16,Custom lipid,DOPE,cholesterol,C14-PEG2000,35.0,16.0,46.5,2.5,100.0,0.0,doi_lookup,high,True,True,True,True,True,False
244,https://doi.org/10.1038/s41467-024-45422-9,"High-throughput barcoding of nanoparticles identifies cationic, degradable lipid-like materials for mRNA delivery to the lungs in female preclinical models",35:2.5:46.5:16,Custom lipid,DOPE,cholesterol,C14-PEG2000,35.0,16.0,46.5,2.5,100.0,0.0,doi_lookup,high,True,True,True,True,True,False
245,https://doi.org/10.1038/s41467-024-45422-9,"High-throughput barcoding of nanoparticles identifies cationic, degradable lipid-like materials for mRNA delivery to the lungs in female preclinical models",35:2.5:46.5:16,Custom lipid,DOPE,cholesterol,C14-PEG2000,35.0,16.0,46.5,2.5,100.0,0.0,doi_lookup,high,True,True,True,True,True,False
246,https://doi.org/10.1038/s41467-024-45422-9,"High-throughput barcoding of nanoparticles identifies cationic, degradable lipid-like materials for mRNA delivery to the lungs in female preclinical models",35:2.5:46.5:16,Custom lipid,DOPE,cholesterol,C14-PEG2000,35.0,16.0,46.5,2.5,100.0,0.0,doi_lookup,high,True,True,True,True,True,False
247,https://doi.org/10.1038/s41467-024-45422-9,"High-throughput barcoding of nanoparticles identifies cationic, degradable lipid-like materials for mRNA delivery to the lungs in female preclinical models",35:2.5:46.5:16,Custom lipid,DOPE,cholesterol,C14-PEG2000,35.0,16.0,46.5,2.5,100.0,0.0,doi_lookup,high,True,True,True,True,True,False
248,https://doi.org/10.1038/s41467-024-45422-9,"High-throughput barcoding of nanoparticles identifies cationic, degradable lipid-like materials for mRNA delivery to the lungs in female preclinical models",35:2.5:46.5:16,Custom lipid,DOPE,cholesterol,C14-PEG2000,35.0,16.0,46.5,2.5,100.0,0.0,doi_lookup,high,True,True,True,True,True,False
249,https://doi.org/10.1038/s41467-024-45422-9,"High-throughput barcoding of nanoparticles identifies cationic, degradable lipid-like materials for mRNA delivery to the lungs in female preclinical models",35:2.5:46.5:16,Custom lipid,DOPE,cholesterol,C14-PEG2000,35.0,16.0,46.5,2.5,100.0,0.0,doi_lookup,high,True,True,True,True,True,False
250,https://doi.org/10.1038/s41467-024-45422-9,"High-throughput barcoding of nanoparticles identifies cationic, degradable lipid-like materials for mRNA delivery to the lungs in female preclinical models",35:2.5:46.5:16,Custom lipid,DOPE,cholesterol,C14-PEG2000,35.0,16.0,46.5,2.5,100.0,0.0,doi_lookup,high,True,True,True,True,True,False
251,https://doi.org/10.1038/s41467-024-45422-9,"High-throughput barcoding of nanoparticles identifies cationic, degradable lipid-like materials for mRNA delivery to the lungs in female preclinical models",35:2.5:46.5:16,Custom lipid,DOPE,cholesterol,C14-PEG2000,35.0,16.0,46.5,2.5,100.0,0.0,doi_lookup,high,True,True,True,True,True,False
252,https://doi.org/10.1038/s41467-024-45422-9,"High-throughput barcoding of nanoparticles identifies cationic, degradable lipid-like materials for mRNA delivery to the lungs in female preclinical models",35:2.5:46.5:16,Custom lipid,DOPE,cholesterol,C14-PEG2000,35.0,16.0,46.5,2.5,100.0,0.0,doi_lookup,high,True,True,True,True,True,False
253,https://doi.org/10.1038/s41467-024-45422-9,"High-throughput barcoding of nanoparticles identifies cationic, degradable lipid-like materials for mRNA delivery to the lungs in female preclinical models",35:2.5:46.5:16,Custom lipid,DOPE,cholesterol,C14-PEG2000,35.0,16.0,46.5,2.5,100.0,0.0,doi_lookup,high,True,True,True,True,True,False
254,https://doi.org/10.1038/s41467-024-45422-9,"High-throughput barcoding of nanoparticles identifies cationic, degradable lipid-like materials for mRNA delivery to the lungs in female preclinical models",35:2.5:46.5:16,Custom lipid,DOPE,cholesterol,C14-PEG2000,35.0,16.0,46.5,2.5,100.0,0.0,doi_lookup,high,True,True,True,True,True,False
255,https://doi.org/10.1038/s41467-024-45422-9,"High-throughput barcoding of nanoparticles identifies cationic, degradable lipid-like materials for mRNA delivery to the lungs in female preclinical models",35:2.5:46.5:16,Custom lipid,DOPE,cholesterol,C14-PEG2000,35.0,16.0,46.5,2.5,100.0,0.0,doi_lookup,high,True,True,True,True,True,False
256,https://doi.org/10.1038/s41467-024-45422-9,"High-throughput barcoding of nanoparticles identifies cationic, degradable lipid-like materials for mRNA delivery to the lungs in female preclinical models",35:2.5:46.5:16,Custom lipid,DOPE,cholesterol,C14-PEG2000,35.0,16.0,46.5,2.5,100.0,0.0,doi_lookup,high,True,True,True,True,True,False
257,https://doi.org/10.1038/s41467-024-45422-9,"High-throughput barcoding of nanoparticles identifies cationic, degradable lipid-like materials for mRNA delivery to the lungs in female preclinical models",35:2.5:46.5:16,Custom lipid,DOPE,cholesterol,C14-PEG2000,35.0,16.0,46.5,2.5,100.0,0.0,doi_lookup,high,True,True,True,True,True,False
258,https://doi.org/10.1038/s41467-024-45422-9,"High-throughput barcoding of nanoparticles identifies cationic, degradable lipid-like materials for mRNA delivery to the lungs in female preclinical models",35:2.5:46.5:16,Custom lipid,DOPE,cholesterol,C14-PEG2000,35.0,16.0,46.5,2.5,100.0,0.0,doi_lookup,high,True,True,True,True,True,False
259,https://doi.org/10.1038/s41467-024-45422-9,"High-throughput barcoding of nanoparticles identifies cationic, degradable lipid-like materials for mRNA delivery to the lungs in female preclinical models",35:2.5:46.5:16,Custom lipid,DOPE,cholesterol,C14-PEG2000,35.0,16.0,46.5,2.5,100.0,0.0,doi_lookup,high,True,True,True,True,True,False
260,https://doi.org/10.1038/s41467-024-45422-9,"High-throughput barcoding of nanoparticles identifies cationic, degradable lipid-like materials for mRNA delivery to the lungs in female preclinical models",35:2.5:46.5:16,Custom lipid,DOPE,cholesterol,C14-PEG2000,35.0,16.0,46.5,2.5,100.0,0.0,doi_lookup,high,True,True,True,True,True,False
261,https://doi.org/10.1038/s41467-024-45422-9,"High-throughput barcoding of nanoparticles identifies cationic, degradable lipid-like materials for mRNA delivery to the lungs in female preclinical models",35:2.5:46.5:16,Custom lipid,DOPE,cholesterol,C14-PEG2000,35.0,16.0,46.5,2.5,100.0,0.0,doi_lookup,high,True,True,True,True,True,False
262,https://doi.org/10.1038/s41467-024-45422-9,"High-throughput barcoding of nanoparticles identifies cationic, degradable lipid-like materials for mRNA delivery to the lungs in female preclinical models",35:2.5:46.5:16,Custom lipid,DOPE,cholesterol,C14-PEG2000,35.0,16.0,46.5,2.5,100.0,0.0,doi_lookup,high,True,True,True,True,True,False
263,https://doi.org/10.1038/s41467-024-45422-9,"High-throughput barcoding of nanoparticles identifies cationic, degradable lipid-like materials for mRNA delivery to the lungs in female preclinical models",35:2.5:46.5:16,Custom lipid,DOPE,cholesterol,C14-PEG2000,35.0,16.0,46.5,2.5,100.0,0.0,doi_lookup,high,True,True,True,True,True,False
264,https://doi.org/10.1038/s41467-024-45422-9,"High-throughput barcoding of nanoparticles identifies cationic, degradable lipid-like materials for mRNA delivery to the lungs in female preclinical models",35:2.5:46.5:16,Custom lipid,DOPE,cholesterol,C14-PEG2000,35.0,16.0,46.5,2.5,100.0,0.0,doi_lookup,high,True,True,True,True,True,False
265,https://doi.org/10.1038/s41467-024-45422-9,"High-throughput barcoding of nanoparticles identifies cationic, degradable lipid-like materials for mRNA delivery to the lungs in female preclinical models",35:2.5:46.5:16,Custom lipid,DOPE,cholesterol,C14-PEG2000,35.0,16.0,46.5,2.5,100.0,0.0,doi_lookup,high,True,True,True,True,True,False
266,https://doi.org/10.1038/s41467-024-45422-9,"High-throughput barcoding of nanoparticles identifies cationic, degradable lipid-like materials for mRNA delivery to the lungs in female preclinical models",35:2.5:46.5:16,Custom lipid,DOPE,cholesterol,C14-PEG2000,35.0,16.0,46.5,2.5,100.0,0.0,doi_lookup,high,True,True,True,True,True,False
267,https://doi.org/10.1038/s41467-024-45422-9,"High-throughput barcoding of nanoparticles identifies cationic, degradable lipid-like materials for mRNA delivery to the lungs in female preclinical models",35:2.5:46.5:16,Custom lipid,DOPE,cholesterol,C14-PEG2000,35.0,16.0,46.5,2.5,100.0,0.0,doi_lookup,high,True,True,True,True,True,False
268,https://doi.org/10.1038/s41467-024-45422-9,"High-throughput barcoding of nanoparticles identifies cationic, degradable lipid-like materials for mRNA delivery to the lungs in female preclinical models",35:2.5:46.5:16,Custom lipid,DOPE,cholesterol,C14-PEG2000,35.0,16.0,46.5,2.5,100.0,0.0,doi_lookup,high,True,True,True,True,True,False
269,https://doi.org/10.1038/s41467-024-45422-9,"High-throughput barcoding of nanoparticles identifies cationic, degradable lipid-like materials for mRNA delivery to the lungs in female preclinical models",35:2.5:46.5:16,Custom lipid,DOPE,cholesterol,C14-PEG2000,35.0,16.0,46.5,2.5,100.0,0.0,doi_lookup,high,True,True,True,True,True,False
270,https://doi.org/10.1038/s41467-024-45422-9,"High-throughput barcoding of nanoparticles identifies cationic, degradable lipid-like materials for mRNA delivery to the lungs in female preclinical models",35:2.5:46.5:16,Custom lipid,DOPE,cholesterol,C14-PEG2000,35.0,16.0,46.5,2.5,100.0,0.0,doi_lookup,high,True,True,True,True,True,False
271,https://doi.org/10.1038/s41467-024-45422-9,"High-throughput barcoding of nanoparticles identifies cationic, degradable lipid-like materials for mRNA delivery to the lungs in female preclinical models",35:2.5:46.5:16,Custom lipid,DOPE,cholesterol,C14-PEG2000,35.0,16.0,46.5,2.5,100.0,0.0,doi_lookup,high,True,True,True,True,True,False
272,https://doi.org/10.1038/s41467-024-45422-9,"High-throughput barcoding of nanoparticles identifies cationic, degradable lipid-like materials for mRNA delivery to the lungs in female preclinical models",35:2.5:46.5:16,Custom lipid,DOPE,cholesterol,C14-PEG2000,35.0,16.0,46.5,2.5,100.0,0.0,doi_lookup,high,True,True,True,True,True,False
273,https://doi.org/10.1038/s41467-024-45422-9,"High-throughput barcoding of nanoparticles identifies cationic, degradable lipid-like materials for mRNA delivery to the lungs in female preclinical models",35:2.5:46.5:16,Custom lipid,DOPE,cholesterol,C14-PEG2000,35.0,16.0,46.5,2.5,100.0,0.0,doi_lookup,high,True,True,True,True,True,False
274,https://doi.org/10.1038/s41467-024-45422-9,"High-throughput barcoding of nanoparticles identifies cationic, degradable lipid-like materials for mRNA delivery to the lungs in female preclinical models",35:2.5:46.5:16,Custom lipid,DOPE,cholesterol,C14-PEG2000,35.0,16.0,46.5,2.5,100.0,0.0,doi_lookup,high,True,True,True,True,True,False
275,https://doi.org/10.1038/s41467-024-45422-9,"High-throughput barcoding of nanoparticles identifies cationic, degradable lipid-like materials for mRNA delivery to the lungs in female preclinical models",35:2.5:46.5:16,Custom lipid,DOPE,cholesterol,C14-PEG2000,35.0,16.0,46.5,2.5,100.0,0.0,doi_lookup,high,True,True,True,True,True,False
276,https://doi.org/10.1038/s41467-024-45422-9,"High-throughput barcoding of nanoparticles identifies cationic, degradable lipid-like materials for mRNA delivery to the lungs in female preclinical models",35:2.5:46.5:16,Custom lipid,DOPE,cholesterol,C14-PEG2000,35.0,16.0,46.5,2.5,100.0,0.0,doi_lookup,high,True,True,True,True,True,False
277,https://doi.org/10.1038/s41467-024-45422-9,"High-throughput barcoding of nanoparticles identifies cationic, degradable lipid-like materials for mRNA delivery to the lungs in female preclinical models",35:2.5:46.5:16,Custom lipid,DOPE,cholesterol,C14-PEG2000,35.0,16.0,46.5,2.5,100.0,0.0,doi_lookup,high,True,True,True,True,True,False
278,https://doi.org/10.1038/s41467-024-45422-9,"High-throughput barcoding of nanoparticles identifies cationic, degradable lipid-like materials for mRNA delivery to the lungs in female preclinical models",35:2.5:46.5:16,Custom lipid,DOPE,cholesterol,C14-PEG2000,35.0,16.0,46.5,2.5,100.0,0.0,doi_lookup,high,True,True,True,True,True,False
279,https://doi.org/10.1038/s41467-024-45422-9,"High-throughput barcoding of nanoparticles identifies cationic, degradable lipid-like materials for mRNA delivery to the lungs in female preclinical models",35:2.5:46.5:16,Custom lipid,DOPE,cholesterol,C14-PEG2000,35.0,16.0,46.5,2.5,100.0,0.0,doi_lookup,high,True,True,True,True,True,False
280,https://doi.org/10.1038/s41467-024-45422-9,"High-throughput barcoding of nanoparticles identifies cationic, degradable lipid-like materials for mRNA delivery to the lungs in female preclinical models",35:2.5:46.5:16,Custom lipid,DOPE,cholesterol,C14-PEG2000,35.0,16.0,46.5,2.5,100.0,0.0,doi_lookup,high,True,True,True,True,True,False
281,https://doi.org/10.1038/s41467-024-45422-9,"High-throughput barcoding of nanoparticles identifies cationic, degradable lipid-like materials for mRNA delivery to the lungs in female preclinical models",35:2.5:46.5:16,Custom lipid,DOPE,cholesterol,C14-PEG2000,35.0,16.0,46.5,2.5,100.0,0.0,doi_lookup,high,True,True,True,True,True,False
282,https://doi.org/10.1038/s41467-024-45422-9,"High-throughput barcoding of nanoparticles identifies cationic, degradable lipid-like materials for mRNA delivery to the lungs in female preclinical models",35:2.5:46.5:16,Custom lipid,DOPE,cholesterol,C14-PEG2000,35.0,16.0,46.5,2.5,100.0,0.0,doi_lookup,high,True,True,True,True,True,False
283,https://doi.org/10.1038/s41467-024-45422-9,"High-throughput barcoding of nanoparticles identifies cationic, degradable lipid-like materials for mRNA delivery to the lungs in female preclinical models",35:2.5:46.5:16,Custom lipid,DOPE,cholesterol,C14-PEG2000,35.0,16.0,46.5,2.5,100.0,0.0,doi_lookup,high,True,True,True,True,True,False
284,https://doi.org/10.1038/s41467-024-45422-9,"High-throughput barcoding of nanoparticles identifies cationic, degradable lipid-like materials for mRNA delivery to the lungs in female preclinical models",35:2.5:46.5:16,Custom lipid,DOPE,cholesterol,C14-PEG2000,35.0,16.0,46.5,2.5,100.0,0.0,doi_lookup,high,True,True,True,True,True,False
285,https://doi.org/10.1038/s41467-024-45422-9,"High-throughput barcoding of nanoparticles identifies cationic, degradable lipid-like materials for mRNA delivery to the lungs in female preclinical models",35:2.5:46.5:16,Custom lipid,DOPE,cholesterol,C14-PEG2000,35.0,16.0,46.5,2.5,100.0,0.0,doi_lookup,high,True,True,True,True,True,False
286,https://doi.org/10.1038/s41467-024-45422-9,"High-throughput barcoding of nanoparticles identifies cationic, degradable lipid-like materials for mRNA delivery to the lungs in female preclinical models",35:2.5:46.5:16,Custom lipid,DOPE,cholesterol,C14-PEG2000,35.0,16.0,46.5,2.5,100.0,0.0,doi_lookup,high,True,True,True,True,True,False
287,https://doi.org/10.1038/s41467-024-45422-9,"High-throughput barcoding of nanoparticles identifies cationic, degradable lipid-like materials for mRNA delivery to the lungs in female preclinical models",35:2.5:46.5:16,Custom lipid,DOPE,cholesterol,C14-PEG2000,35.0,16.0,46.5,2.5,100.0,0.0,doi_lookup,high,True,True,True,True,True,False
288,https://doi.org/10.1038/s41467-024-45422-9,"High-throughput barcoding of nanoparticles identifies cationic, degradable lipid-like materials for mRNA delivery to the lungs in female preclinical models",35:2.5:46.5:16,Custom lipid,DOPE,cholesterol,C14-PEG2000,35.0,16.0,46.5,2.5,100.0,0.0,doi_lookup,high,True,True,True,True,True,False
289,https://doi.org/10.1038/s41467-024-45422-9,"High-throughput barcoding of nanoparticles identifies cationic, degradable lipid-like materials for mRNA delivery to the lungs in female preclinical models",35:2.5:46.5:16,Custom lipid,DOPE,cholesterol,C14-PEG2000,35.0,16.0,46.5,2.5,100.0,0.0,doi_lookup,high,True,True,True,True,True,False
290,https://doi.org/10.1038/s41467-024-45422-9,"High-throughput barcoding of nanoparticles identifies cationic, degradable lipid-like materials for mRNA delivery to the lungs in female preclinical models",35:2.5:46.5:16,Custom lipid,DOPE,cholesterol,C14-PEG2000,35.0,16.0,46.5,2.5,100.0,0.0,doi_lookup,high,True,True,True,True,True,False
291,https://doi.org/10.1038/s41467-024-45422-9,"High-throughput barcoding of nanoparticles identifies cationic, degradable lipid-like materials for mRNA delivery to the lungs in female preclinical models",35:2.5:46.5:16,Custom lipid,DOPE,cholesterol,C14-PEG2000,35.0,16.0,46.5,2.5,100.0,0.0,doi_lookup,high,True,True,True,True,True,False
292,https://doi.org/10.1038/s41467-024-45422-9,"High-throughput barcoding of nanoparticles identifies cationic, degradable lipid-like materials for mRNA delivery to the lungs in female preclinical models",35:2.5:46.5:16,Custom lipid,DOPE,cholesterol,C14-PEG2000,35.0,16.0,46.5,2.5,100.0,0.0,doi_lookup,high,True,True,True,True,True,False
293,https://doi.org/10.1038/s41467-024-45422-9,"High-throughput barcoding of nanoparticles identifies cationic, degradable lipid-like materials for mRNA delivery to the lungs in female preclinical models",35:2.5:46.5:16,Custom lipid,DOPE,cholesterol,C14-PEG2000,35.0,16.0,46.5,2.5,100.0,0.0,doi_lookup,high,True,True,True,True,True,False
294,https://doi.org/10.1038/s41467-024-45422-9,"High-throughput barcoding of nanoparticles identifies cationic, degradable lipid-like materials for mRNA delivery to the lungs in female preclinical models",35:2.5:46.5:16,Custom lipid,DOPE,cholesterol,C14-PEG2000,35.0,16.0,46.5,2.5,100.0,0.0,doi_lookup,high,True,True,True,True,True,False
295,https://doi.org/10.1038/s41467-024-45422-9,"High-throughput barcoding of nanoparticles identifies cationic, degradable lipid-like materials for mRNA delivery to the lungs in female preclinical models",35:2.5:46.5:16,Custom lipid,DOPE,cholesterol,C14-PEG2000,35.0,16.0,46.5,2.5,100.0,0.0,doi_lookup,high,True,True,True,True,True,False
296,https://doi.org/10.1038/s41467-024-45422-9,"High-throughput barcoding of nanoparticles identifies cationic, degradable lipid-like materials for mRNA delivery to the lungs in female preclinical models",35:2.5:46.5:16,Custom lipid,DOPE,cholesterol,C14-PEG2000,35.0,16.0,46.5,2.5,100.0,0.0,doi_lookup,high,True,True,True,True,True,False
297,https://doi.org/10.1038/s41467-024-45422-9,"High-throughput barcoding of nanoparticles identifies cationic, degradable lipid-like materials for mRNA delivery to the lungs in female preclinical models",35:2.5:46.5:16,Custom lipid,DOPE,cholesterol,C14-PEG2000,35.0,16.0,46.5,2.5,100.0,0.0,doi_lookup,high,True,True,True,True,True,False
298,https://doi.org/10.1038/s41467-024-45422-9,"High-throughput barcoding of nanoparticles identifies cationic, degradable lipid-like materials for mRNA delivery to the lungs in female preclinical models",35:2.5:46.5:16,Custom lipid,DOPE,cholesterol,C14-PEG2000,35.0,16.0,46.5,2.5,100.0,0.0,doi_lookup,high,True,True,True,True,True,False
433,10.1002/anie.201809056,Customizable Lipid Nanoparticle Materials for the Delivery of siRNAs and mRNAs,35:16:46.5:2.5,Custom lipid,DOPE,cholesterol,C14-PEG 2000,35.0,16.0,46.5,2.5,100.0,0.0,doi_lookup,high,True,True,True,True,True,False
435,10.1002/anie.201809056,Customizable Lipid Nanoparticle Materials for the Delivery of siRNAs and mRNAs,35:16:46.5:2.5,Custom lipid,DOPE,cholesterol,C14-PEG 2000,35.0,16.0,46.5,2.5,100.0,0.0,doi_lookup,high,True,True,True,True,True,False
437,10.1002/anie.201809056,Customizable Lipid Nanoparticle Materials for the Delivery of siRNAs and mRNAs,35:16:46.5:2.5,Custom lipid,DOPE,cholesterol,C14-PEG 2000,35.0,16.0,46.5,2.5,100.0,0.0,doi_lookup,high,True,True,True,True,True,False
440,10.1002/anie.201809056,Customizable Lipid Nanoparticle Materials for the Delivery of siRNAs and mRNAs,35:16:46.5:2.5,Custom lipid,DOPE,cholesterol,C14-PEG 2000,35.0,16.0,46.5,2.5,100.0,0.0,doi_lookup,high,True,True,True,True,True,False
442,10.1002/anie.201809056,Customizable Lipid Nanoparticle Materials for the Delivery of siRNAs and mRNAs,35:16:46.5:2.5,Custom lipid,DOPE,cholesterol,C14-PEG 2000,35.0,16.0,46.5,2.5,100.0,0.0,doi_lookup,high,True,True,True,True,True,False
444,10.1002/anie.201809056,Customizable Lipid Nanoparticle Materials for the Delivery of siRNAs and mRNAs,35:16:46.5:2.5,OF-Deg-Lin,DOPE,cholesterol,C14-PEG 2000,35.0,16.0,46.5,2.5,100.0,0.0,doi_lookup,high,True,True,True,True,True,False
446,10.1002/anie.201809056,Customizable Lipid Nanoparticle Materials for the Delivery of siRNAs and mRNAs,35:16:46.5:2.5,OF-C4-Deg-Lin,DOPE,cholesterol,C14-PEG 2000,35.0,16.0,46.5,2.5,100.0,0.0,doi_lookup,high,True,True,True,True,True,False
448,10.1002/anie.201809056,Customizable Lipid Nanoparticle Materials for the Delivery of siRNAs and mRNAs,35:16:46.5:2.5,cKK-E12,DOPE,cholesterol,C14-PEG 2000,35.0,16.0,46.5,2.5,100.0,0.0,doi_lookup,high,True,True,True,True,True,False
450,10.1016/j.jconrel.2019.10.028,Ionizable lipid nanoparticles encapsulating barcoded mRNA for accelerated in vivo delivery screening,40:2.5:53.5:4,C12-200,DOPE,cholesterol,C14-PEG2000,40.0,4.0,53.5,2.5,100.0,0.0,doi_lookup,high,True,True,True,True,True,False
451,10.1016/j.jconrel.2019.10.028,Ionizable lipid nanoparticles encapsulating barcoded mRNA for accelerated in vivo delivery screening,60:0.5:29.5:10,C12-200,DOPE,cholesterol,C14-PEG2000,60.0,10.0,29.5,0.5,100.0,0.0,doi_lookup,high,True,True,True,True,True,False
452,10.1016/j.jconrel.2019.10.028,Ionizable lipid nanoparticles encapsulating barcoded mRNA for accelerated in vivo delivery screening,40:3.5:28.5:28,C12-200,DOPE,cholesterol,C14-PEG2000,40.0,28.0,28.5,3.5,100.0,0.0,doi_lookup,high,True,True,True,True,True,False
453,10.1016/j.jconrel.2019.10.028,Ionizable lipid nanoparticles encapsulating barcoded mRNA for accelerated in vivo delivery screening,40:2.5:29.5:28,C12-200,DOPE,cholesterol,C14-PEG2000,40.0,28.0,29.5,2.5,100.0,0.0,doi_lookup,high,True,True,True,True,True,False
454,10.1016/j.jconrel.2019.10.028,Ionizable lipid nanoparticles encapsulating barcoded mRNA for accelerated in vivo delivery screening,40:3.0:35.0:22,C12-200,DOPE,cholesterol,C14-PEG2000,40.0,22.0,35.0,3.0,100.0,0.0,doi_lookup,high,True,True,True,True,True,False
455,10.1016/j.jconrel.2019.10.028,Ionizable lipid nanoparticles encapsulating barcoded mRNA for accelerated in vivo delivery screening,35:3.0:40.0:22,C12-200,DOPE,cholesterol,C14-PEG2000,35.0,22.0,40.0,3.0,100.0,0.0,doi_lookup,high,True,True,True,True,True,False
456,10.1016/j.jconrel.2019.10.028,Ionizable lipid nanoparticles encapsulating barcoded mRNA for accelerated in vivo delivery screening,35:3.5:39.5:22,C12-200,DOPE,cholesterol,C14-PEG2000,35.0,22.0,39.5,3.5,100.0,0.0,doi_lookup,high,True,True,True,True,True,False
457,10.1016/j.jconrel.2019.10.028,Ionizable lipid nanoparticles encapsulating barcoded mRNA for accelerated in vivo delivery screening,30:3.0:51.0:16,C12-200,DOPE,cholesterol,C14-PEG2000,30.0,16.0,51.0,3.0,100.0,0.0,doi_lookup,high,True,True,True,True,True,False
458,10.1016/j.jconrel.2019.10.028,Ionizable lipid nanoparticles encapsulating barcoded mRNA for accelerated in vivo delivery screening,30:2.5:51.5:16,C12-200,DOPE,cholesterol,C14-PEG2000,30.0,16.0,51.5,2.5,100.0,0.0,doi_lookup,high,True,True,True,True,True,False
459,10.1016/j.jconrel.2019.10.028,Ionizable lipid nanoparticles encapsulating barcoded mRNA for accelerated in vivo delivery screening,40:1.5:42.5:16,C12-200,DOPE,cholesterol,C14-PEG2000,40.0,16.0,42.5,1.5,100.0,0.0,doi_lookup,high,True,True,True,True,True,False
460,10.1016/j.jconrel.2019.10.028,Ionizable lipid nanoparticles encapsulating barcoded mRNA for accelerated in vivo delivery screening,35:2.5:46.5:16,C12-200,DOPE,cholesterol,C14-PEG2000,35.0,16.0,46.5,2.5,100.0,0.0,doi_lookup,high,True,True,True,True,True,False
461,10.1016/j.jconrel.2019.10.028,Ionizable lipid nanoparticles encapsulating barcoded mRNA for accelerated in vivo delivery screening,35:2.5:46.5:16,C12-200,DOPE,cholesterol,C14-PEG2000,35.0,16.0,46.5,2.5,100.0,0.0,doi_lookup,high,True,True,True,True,True,False
462,10.1016/j.jconrel.2019.10.028,Ionizable lipid nanoparticles encapsulating barcoded mRNA for accelerated in vivo delivery screening,35:2.5:46.5:16,C12-200,DOPE,cholesterol,C14-PEG2000,35.0,16.0,46.5,2.5,100.0,0.0,doi_lookup,high,True,True,True,True,True,False
463,10.1016/j.jconrel.2019.10.028,Ionizable lipid nanoparticles encapsulating barcoded mRNA for accelerated in vivo delivery screening,35:2.5:46.5:16,C12-200,DOPE,cholesterol,C14-PEG2000,35.0,16.0,46.5,2.5,100.0,0.0,doi_lookup,high,True,True,True,True,True,False
464,10.1016/j.jconrel.2019.10.028,Ionizable lipid nanoparticles encapsulating barcoded mRNA for accelerated in vivo delivery screening,35:2.5:46.5:16,C12-200,DOPE,cholesterol,C14-PEG2000,35.0,16.0,46.5,2.5,100.0,0.0,doi_lookup,high,True,True,True,True,True,False
465,10.1016/j.jconrel.2019.10.028,Ionizable lipid nanoparticles encapsulating barcoded mRNA for accelerated in vivo delivery screening,35:2.5:46.5:16,C12-200,DOPE,cholesterol,C14-PEG2000,35.0,16.0,46.5,2.5,100.0,0.0,doi_lookup,high,True,True,True,True,True,False
466,https://doi.org/10.1073/pnas.2409572122,Rational design and modular synthesis of biodegradable ionizable lipids via the Passerini reaction for mRNA delivery,50:1.5:38.5:10,Custom lipid,DSPC,cholesterol,C14-PEG2000,50.0,1.5,38.5,10.0,100.0,0.0,doi_lookup,high,True,True,True,True,True,False
467,https://doi.org/10.1073/pnas.2409572122,Rational design and modular synthesis of biodegradable ionizable lipids via the Passerini reaction for mRNA delivery,50:1.5:38.5:10,Custom lipid,DSPC,cholesterol,C14-PEG2000,50.0,1.5,38.5,10.0,100.0,0.0,doi_lookup,high,True,True,True,True,True,False
468,https://doi.org/10.1073/pnas.2409572122,Rational design and modular synthesis of biodegradable ionizable lipids via the Passerini reaction for mRNA delivery,50:1.5:38.5:10,Custom lipid,DSPC,cholesterol,C14-PEG2000,50.0,1.5,38.5,10.0,100.0,0.0,doi_lookup,high,True,True,True,True,True,False
469,https://doi.org/10.1073/pnas.2409572122,Rational design and modular synthesis of biodegradable ionizable lipids via the Passerini reaction for mRNA delivery,50:1.5:38.5:10,Custom lipid,DSPC,cholesterol,C14-PEG2000,50.0,1.5,38.5,10.0,100.0,0.0,doi_lookup,high,True,True,True,True,True,False
470,https://doi.org/10.1073/pnas.2409572122,Rational design and modular synthesis of biodegradable ionizable lipids via the Passerini reaction for mRNA delivery,50:1.5:38.5:10,Custom lipid,DSPC,cholesterol,C14-PEG2000,50.0,1.5,38.5,10.0,100.0,0.0,doi_lookup,high,True,True,True,True,True,False
471,https://doi.org/10.1073/pnas.2409572122,Rational design and modular synthesis of biodegradable ionizable lipids via the Passerini reaction for mRNA delivery,50:1.5:38.5:10,Custom lipid,DSPC,cholesterol,C14-PEG2000,50.0,1.5,38.5,10.0,100.0,0.0,doi_lookup,high,True,True,True,True,True,False
472,https://doi.org/10.1073/pnas.2409572122,Rational design and modular synthesis of biodegradable ionizable lipids via the Passerini reaction for mRNA delivery,50:1.5:38.5:10,Custom lipid,DSPC,cholesterol,C14-PEG2000,50.0,1.5,38.5,10.0,100.0,0.0,doi_lookup,high,True,True,True,True,True,False
473,https://doi.org/10.1073/pnas.2409572122,Rational design and modular synthesis of biodegradable ionizable lipids via the Passerini reaction for mRNA delivery,50:1.5:38.5:10,Custom lipid,DSPC,cholesterol,C14-PEG2000,50.0,1.5,38.5,10.0,100.0,0.0,doi_lookup,high,True,True,True,True,True,False
474,https://doi.org/10.1073/pnas.2409572122,Rational design and modular synthesis of biodegradable ionizable lipids via the Passerini reaction for mRNA delivery,50:1.5:38.5:10,Custom lipid,DSPC,cholesterol,C14-PEG2000,50.0,1.5,38.5,10.0,100.0,0.0,doi_lookup,high,True,True,True,True,True,False
475,https://doi.org/10.1073/pnas.2409572122,Rational design and modular synthesis of biodegradable ionizable lipids via the Passerini reaction for mRNA delivery,50:1.5:38.5:10,SM-102,DSPC,cholesterol,C14-PEG2000,50.0,1.5,38.5,10.0,100.0,0.0,doi_lookup,high,True,True,True,True,True,False
509,https://doi.org/10.34133/bmr.0017,Development of Lipid Nanoparticle Formulation for the Repeated Administration of mRNA Therapeutics,50:10:38.5:1.5,SM-102,DSPC,cholesterol,DMG-PEG2000,50.0,10.0,38.5,1.5,100.0,0.0,doi_lookup,high,True,True,True,True,True,False
510,https://doi.org/10.34133/bmr.0017,Development of Lipid Nanoparticle Formulation for the Repeated Administration of mRNA Therapeutics,50:10:38.5:1.5,SM-102,DSPC,cholesterol,C16-Ceramide-PEG2000,50.0,10.0,38.5,1.5,100.0,0.0,doi_lookup,high,True,True,True,True,True,False
511,https://doi.org/10.34133/bmr.0017,Development of Lipid Nanoparticle Formulation for the Repeated Administration of mRNA Therapeutics,26.5:20:52:1.5,244-cis,DOPE,cholesterol,C16-Ceramide-PEG2000,26.5,20.0,52.0,1.5,100.0,0.0,doi_lookup,high,True,True,True,True,True,False
512,https://doi.org/10.34133/bmr.0017,Development of Lipid Nanoparticle Formulation for the Repeated Administration of mRNA Therapeutics,26.5:20:52:1.5,244-cis,DOPE,cholesterol,DMG-PEG2000,26.5,20.0,52.0,1.5,100.0,0.0,doi_lookup,high,True,True,True,True,True,False
513,https://doi.org/10.34133/bmr.0017,Development of Lipid Nanoparticle Formulation for the Repeated Administration of mRNA Therapeutics,26.5:20:52.4:1.1,244-cis,DOPE,cholesterol,DMG-PEG2000,26.5,20.0,52.4,1.1,100.0,0.0,doi_lookup,high,True,True,True,True,True,False
563,10.1039/C9NR02004G,Fusion-dependent formation of lipid nanoparticles containing macromolecular payloads,50:10:39:1,DLin-KC2-DMA,DSPC,cholesterol,DSPE-PEG2000,50.0,10.0,39.0,1.0,100.0,0.0,doi_lookup,high,True,True,True,True,True,False
574,10.1002/jbm.a.37705,Influence of ionizable lipid tail length on lipid nanoparticle delivery of mRNA of varying length,35:2.5:46.5:16,Custom lipid,DOPE,cholesterol,C14-PEG2000,35.0,16.0,46.5,2.5,100.0,0.0,doi_lookup,high,True,True,True,True,True,False
575,10.1002/jbm.a.37705,Influence of ionizable lipid tail length on lipid nanoparticle delivery of mRNA of varying length,35:2.5:46.5:16,C9-200,DOPE,cholesterol,C14-PEG2000,35.0,16.0,46.5,2.5,100.0,0.0,doi_lookup,high,True,True,True,True,True,False
576,10.1002/jbm.a.37705,Influence of ionizable lipid tail length on lipid nanoparticle delivery of mRNA of varying length,35:2.5:46.5:16,C10-200,DOPE,cholesterol,C14-PEG2000,35.0,16.0,46.5,2.5,100.0,0.0,doi_lookup,high,True,True,True,True,True,False
577,10.1002/jbm.a.37705,Influence of ionizable lipid tail length on lipid nanoparticle delivery of mRNA of varying length,35:2.5:46.5:16,Custom lipid,DOPE,cholesterol,C14-PEG2000,35.0,16.0,46.5,2.5,100.0,0.0,doi_lookup,high,True,True,True,True,True,False
578,10.1002/jbm.a.37705,Influence of ionizable lipid tail length on lipid nanoparticle delivery of mRNA of varying length,35:2.5:46.5:16,C12-200,DOPE,cholesterol,C14-PEG2000,35.0,16.0,46.5,2.5,100.0,0.0,doi_lookup,high,True,True,True,True,True,False
579,10.1002/jbm.a.37705,Influence of ionizable lipid tail length on lipid nanoparticle delivery of mRNA of varying length,35:2.5:46.5:16,Custom lipid,DOPE,cholesterol,C14-PEG2000,35.0,16.0,46.5,2.5,100.0,0.0,doi_lookup,high,True,True,True,True,True,False
580,10.1002/jbm.a.37705,Influence of ionizable lipid tail length on lipid nanoparticle delivery of mRNA of varying length,35:2.5:46.5:16,Custom lipid,DOPE,cholesterol,C14-PEG2000,35.0,16.0,46.5,2.5,100.0,0.0,doi_lookup,high,True,True,True,True,True,False
581,10.1002/jbm.a.37705,Influence of ionizable lipid tail length on lipid nanoparticle delivery of mRNA of varying length,35:2.5:46.5:16,Custom lipid,DOPE,cholesterol,C14-PEG2000,35.0,16.0,46.5,2.5,100.0,0.0,doi_lookup,high,True,True,True,True,True,False
582,10.1002/jbm.a.37705,Influence of ionizable lipid tail length on lipid nanoparticle delivery of mRNA of varying length,35:2.5:46.5:16,Custom lipid,DOPE,cholesterol,C14-PEG2000,35.0,16.0,46.5,2.5,100.0,0.0,doi_lookup,high,True,True,True,True,True,False
607,10.1126/sciadv.aba1028,Ionizable lipid nanoparticles for in utero mRNA delivery,35:46.5:16:2.5,Custom lipid,DOPE,cholesterol,C14-PEG2000,35.0,16.0,46.5,2.5,100.0,0.0,doi_lookup,high,True,True,True,True,True,False
608,10.1126/sciadv.aba1028,Ionizable lipid nanoparticles for in utero mRNA delivery,35:46.5:16:2.5,Custom lipid,DOPE,cholesterol,C14-PEG2000,35.0,16.0,46.5,2.5,100.0,0.0,doi_lookup,high,True,True,True,True,True,False
609,10.1126/sciadv.aba1028,Ionizable lipid nanoparticles for in utero mRNA delivery,35:46.5:16:2.5,Custom lipid,DOPE,cholesterol,C14-PEG2000,35.0,16.0,46.5,2.5,100.0,0.0,doi_lookup,high,True,True,True,True,True,False
610,10.1126/sciadv.aba1028,Ionizable lipid nanoparticles for in utero mRNA delivery,35:46.5:16:2.5,Custom lipid,DOPE,cholesterol,C14-PEG2000,35.0,16.0,46.5,2.5,100.0,0.0,doi_lookup,high,True,True,True,True,True,False
611,10.1126/sciadv.aba1028,Ionizable lipid nanoparticles for in utero mRNA delivery,35:46.5:16:2.5,Custom lipid,DOPE,cholesterol,C14-PEG2000,35.0,16.0,46.5,2.5,100.0,0.0,doi_lookup,high,True,True,True,True,True,False
612,10.1126/sciadv.aba1028,Ionizable lipid nanoparticles for in utero mRNA delivery,35:46.5:16:2.5,Custom lipid,DOPE,cholesterol,C14-PEG2000,35.0,16.0,46.5,2.5,100.0,0.0,doi_lookup,high,True,True,True,True,True,False
613,10.1126/sciadv.aba1028,Ionizable lipid nanoparticles for in utero mRNA delivery,35:46.5:16:2.5,Custom lipid,DOPE,cholesterol,C14-PEG2000,35.0,16.0,46.5,2.5,100.0,0.0,doi_lookup,high,True,True,True,True,True,False
614,10.1126/sciadv.aba1028,Ionizable lipid nanoparticles for in utero mRNA delivery,35:46.5:16:2.5,Custom lipid,DOPE,cholesterol,C14-PEG2000,35.0,16.0,46.5,2.5,100.0,0.0,doi_lookup,high,True,True,True,True,True,False
615,10.1126/sciadv.aba1028,Ionizable lipid nanoparticles for in utero mRNA delivery,35:46.5:16:2.5,Custom lipid,DOPE,cholesterol,C14-PEG2000,35.0,16.0,46.5,2.5,100.0,0.0,doi_lookup,high,True,True,True,True,True,False
616,10.1126/sciadv.aba1028,Ionizable lipid nanoparticles for in utero mRNA delivery,35:46.5:16:2.5,Custom lipid,DOPE,cholesterol,C14-PEG2000,35.0,16.0,46.5,2.5,100.0,0.0,doi_lookup,high,True,True,True,True,True,False
617,10.1126/sciadv.aba1028,Ionizable lipid nanoparticles for in utero mRNA delivery,35:46.5:16:2.5,Custom lipid,DOPE,cholesterol,C14-PEG2000,35.0,16.0,46.5,2.5,100.0,0.0,doi_lookup,high,True,True,True,True,True,False
618,10.1126/sciadv.aba1028,Ionizable lipid nanoparticles for in utero mRNA delivery,35:46.5:16:2.5,Custom lipid,DOPE,cholesterol,C14-PEG2000,35.0,16.0,46.5,2.5,100.0,0.0,doi_lookup,high,True,True,True,True,True,False
619,10.1126/sciadv.aba1028,Ionizable lipid nanoparticles for in utero mRNA delivery,35:46.5:16:2.5,Custom lipid,DOPE,cholesterol,C14-PEG2000,35.0,16.0,46.5,2.5,100.0,0.0,doi_lookup,high,True,True,True,True,True,False
620,10.1126/sciadv.aba1028,Ionizable lipid nanoparticles for in utero mRNA delivery,35:46.5:16:2.5,Custom lipid,DOPE,cholesterol,C14-PEG2000,35.0,16.0,46.5,2.5,100.0,0.0,doi_lookup,high,True,True,True,True,True,False
621,10.1126/sciadv.aba1028,Ionizable lipid nanoparticles for in utero mRNA delivery,35:46.5:16:2.5,DLin-MC3-DMA,DOPE,cholesterol,C14-PEG2000,35.0,16.0,46.5,2.5,100.0,0.0,doi_lookup,high,True,True,True,True,True,False
622,10.1021/jacs.2c12893,Ionizable Lipid Nanoparticles for In Vivo mRNA Delivery to the Placenta during Pregnancy,35:16:46.5:2.5,Custom lipid,DOPE,cholesterol,C14-PEG2000,35.0,16.0,46.5,2.5,100.0,0.0,doi_lookup,high,True,True,True,True,True,False
623,10.1021/jacs.2c12893,Ionizable Lipid Nanoparticles for In Vivo mRNA Delivery to the Placenta during Pregnancy,35:16:46.5:2.5,Custom lipid,DOPE,cholesterol,C14-PEG2000,35.0,16.0,46.5,2.5,100.0,0.0,doi_lookup,high,True,True,True,True,True,False
624,10.1021/jacs.2c12893,Ionizable Lipid Nanoparticles for In Vivo mRNA Delivery to the Placenta during Pregnancy,35:16:46.5:2.5,Custom lipid,DOPE,cholesterol,C14-PEG2000,35.0,16.0,46.5,2.5,100.0,0.0,doi_lookup,high,True,True,True,True,True,False
625,10.1021/jacs.2c12893,Ionizable Lipid Nanoparticles for In Vivo mRNA Delivery to the Placenta during Pregnancy,35:16:46.5:2.5,Custom lipid,DOPE,cholesterol,C14-PEG2000,35.0,16.0,46.5,2.5,100.0,0.0,doi_lookup,high,True,True,True,True,True,False
626,10.1021/jacs.2c12893,Ionizable Lipid Nanoparticles for In Vivo mRNA Delivery to the Placenta during Pregnancy,35:16:46.5:2.5,Custom lipid,DOPE,cholesterol,C14-PEG2000,35.0,16.0,46.5,2.5,100.0,0.0,doi_lookup,high,True,True,True,True,True,False
627,10.1021/jacs.2c12893,Ionizable Lipid Nanoparticles for In Vivo mRNA Delivery to the Placenta during Pregnancy,35:16:46.5:2.5,Custom lipid,DOPE,cholesterol,C14-PEG2000,35.0,16.0,46.5,2.5,100.0,0.0,doi_lookup,high,True,True,True,True,True,False
628,10.1021/jacs.2c12893,Ionizable Lipid Nanoparticles for In Vivo mRNA Delivery to the Placenta during Pregnancy,35:16:46.5:2.5,Custom lipid,DOPE,cholesterol,C14-PEG2000,35.0,16.0,46.5,2.5,100.0,0.0,doi_lookup,high,True,True,True,True,True,False
629,10.1021/jacs.2c12893,Ionizable Lipid Nanoparticles for In Vivo mRNA Delivery to the Placenta during Pregnancy,35:16:46.5:2.5,Custom lipid,DOPE,cholesterol,C14-PEG2000,35.0,16.0,46.5,2.5,100.0,0.0,doi_lookup,high,True,True,True,True,True,False
630,10.1021/jacs.2c12893,Ionizable Lipid Nanoparticles for In Vivo mRNA Delivery to the Placenta during Pregnancy,35:16:46.5:2.5,Custom lipid,DOPE,cholesterol,C14-PEG2000,35.0,16.0,46.5,2.5,100.0,0.0,doi_lookup,high,True,True,True,True,True,False
631,10.1021/jacs.2c12893,Ionizable Lipid Nanoparticles for In Vivo mRNA Delivery to the Placenta during Pregnancy,35:16:46.5:2.5,Custom lipid,DOPE,cholesterol,C14-PEG2000,35.0,16.0,46.5,2.5,100.0,0.0,doi_lookup,high,True,True,True,True,True,False
632,10.1021/jacs.2c12893,Ionizable Lipid Nanoparticles for In Vivo mRNA Delivery to the Placenta during Pregnancy,35:16:46.5:2.5,Custom lipid,DOPE,cholesterol,C14-PEG2000,35.0,16.0,46.5,2.5,100.0,0.0,doi_lookup,high,True,True,True,True,True,False
633,10.1021/jacs.2c12893,Ionizable Lipid Nanoparticles for In Vivo mRNA Delivery to the Placenta during Pregnancy,35:16:46.5:2.5,Custom lipid,DOPE,cholesterol,C14-PEG2000,35.0,16.0,46.5,2.5,100.0,0.0,doi_lookup,high,True,True,True,True,True,False
634,10.1021/jacs.2c12893,Ionizable Lipid Nanoparticles for In Vivo mRNA Delivery to the Placenta during Pregnancy,35:16:46.5:2.5,Custom lipid,DOPE,cholesterol,C14-PEG2000,35.0,16.0,46.5,2.5,100.0,0.0,doi_lookup,high,True,True,True,True,True,False
635,10.1021/jacs.2c12893,Ionizable Lipid Nanoparticles for In Vivo mRNA Delivery to the Placenta during Pregnancy,35:16:46.5:2.5,C12-200,DOPE,cholesterol,C14-PEG2000,35.0,16.0,46.5,2.5,100.0,0.0,doi_lookup,high,True,True,True,True,True,False
636,10.1021/jacs.2c12893,Ionizable Lipid Nanoparticles for In Vivo mRNA Delivery to the Placenta during Pregnancy,50:10:38.5:1.5,DLin-MC3-DMA,DSPC,cholesterol,DMG-PEG2000,50.0,10.0,38.5,1.5,100.0,0.0,doi_lookup,high,True,True,True,True,True,False
637,https://doi.org/10.1016/j.jconrel.2021.11.022,Lipid nanoparticle chemistry determines how nucleoside base modifications alter mRNA delivery,35:16:46.5:2.5,C12-200,DOPE,cholesterol,C14-PEG2000,35.0,16.0,46.5,2.5,100.0,0.0,doi_lookup,high,True,True,True,True,True,False
638,https://doi.org/10.1016/j.jconrel.2021.11.022,Lipid nanoparticle chemistry determines how nucleoside base modifications alter mRNA delivery,35:16:46.5:2.5,cKK-E12,DOPE,cholesterol,C14-PEG2000,35.0,16.0,46.5,2.5,100.0,0.0,doi_lookup,high,True,True,True,True,True,False
639,https://doi.org/10.1016/j.jconrel.2021.11.022,Lipid nanoparticle chemistry determines how nucleoside base modifications alter mRNA delivery,35:16:46.5:2.5,Custom lipid,DOPE,cholesterol,C14-PEG2000,35.0,16.0,46.5,2.5,100.0,0.0,doi_lookup,high,True,True,True,True,True,False
641,https://doi.org/10.1016/j.jpha.2024.100996,Machine learning-driven optimization of mRNA-lipid nanoparticle vaccine quality with XGBoost/Bayesian method and ensemble model approaches,46.3:9.4:41.8:2.5,DOTAP,DOPE,cholesterol,DSG-PEG2000,46.3,9.4,41.8,2.5,100.0,0.0,doi_lookup,high,True,True,True,True,True,False
642,https://doi.org/10.1016/j.jpha.2024.100996,Machine learning-driven optimization of mRNA-lipid nanoparticle vaccine quality with XGBoost/Bayesian method and ensemble model approaches,46.3:9.4:42.7:1.6,DOTAP,DSPE,cholesterol,DMG,46.3,9.4,42.7,1.6,100.0,0.0,doi_lookup,high,True,True,True,True,True,False
643,https://doi.org/10.1016/j.jpha.2024.100996,Machine learning-driven optimization of mRNA-lipid nanoparticle vaccine quality with XGBoost/Bayesian method and ensemble model approaches,50:10:38.4:1.6,DOTAP,DMPC,cholesterol,DPPE-PEG2000,50.0,10.0,38.4,1.6,100.0,0.0,doi_lookup,high,True,True,True,True,True,False
644,https://doi.org/10.1016/j.jpha.2024.100996,Machine learning-driven optimization of mRNA-lipid nanoparticle vaccine quality with XGBoost/Bayesian method and ensemble model approaches,50:10:38.5:1.5,DOTAP,DOPC,cholesterol,C16-Ceramide-PEG2000,50.0,10.0,38.5,1.5,100.0,0.0,doi_lookup,high,True,True,True,True,True,False
645,https://doi.org/10.1016/j.jpha.2024.100996,Machine learning-driven optimization of mRNA-lipid nanoparticle vaccine quality with XGBoost/Bayesian method and ensemble model approaches,50:10:38.4:1.6,DOTAP,DSPC,cholesterol,C16-Ceramide-PEG2000,50.0,10.0,38.4,1.6,100.0,0.0,doi_lookup,high,True,True,True,True,True,False
646,https://doi.org/10.1016/j.jpha.2024.100996,Machine learning-driven optimization of mRNA-lipid nanoparticle vaccine quality with XGBoost/Bayesian method and ensemble model approaches,50:10:38.4:1.6,DOTMA,DLPE,cholesterol,DMG,50.0,10.0,38.4,1.6,100.0,0.0,doi_lookup,high,True,True,True,True,True,False
647,https://doi.org/10.1016/j.jpha.2024.100996,Machine learning-driven optimization of mRNA-lipid nanoparticle vaccine quality with XGBoost/Bayesian method and ensemble model approaches,50:10:38.5:1.5,DOTMA,DOPE,cholesterol,DPPE-PEG2000,50.0,10.0,38.5,1.5,100.0,0.0,doi_lookup,high,True,True,True,True,True,False
648,https://doi.org/10.1016/j.jpha.2024.100996,Machine learning-driven optimization of mRNA-lipid nanoparticle vaccine quality with XGBoost/Bayesian method and ensemble model approaches,50:10:38.4:1.6,DOTMA,DSPE,cholesterol,DPPE-PEG2000,50.0,10.0,38.4,1.6,100.0,0.0,doi_lookup,high,True,True,True,True,True,False
649,https://doi.org/10.1016/j.jpha.2024.100996,Machine learning-driven optimization of mRNA-lipid nanoparticle vaccine quality with XGBoost/Bayesian method and ensemble model approaches,50:10:38.5:1.5,DOTMA,DMPC,cholesterol,DSG-PEG2000,50.0,10.0,38.5,1.5,100.0,0.0,doi_lookup,high,True,True,True,True,True,False
650,https://doi.org/10.1016/j.jpha.2024.100996,Machine learning-driven optimization of mRNA-lipid nanoparticle vaccine quality with XGBoost/Bayesian method and ensemble model approaches,46.3:9.4:42.7:1.6,DOTMA,DOPC,cholesterol,DSG-PEG2000,46.3,9.4,42.7,1.6,100.0,0.0,doi_lookup,high,True,True,True,True,True,False
651,https://doi.org/10.1016/j.jpha.2024.100996,Machine learning-driven optimization of mRNA-lipid nanoparticle vaccine quality with XGBoost/Bayesian method and ensemble model approaches,50:10:37.5:2.5,DOTMA,DSPC,cholesterol,C16-Ceramide-PEG2000,50.0,10.0,37.5,2.5,100.0,0.0,doi_lookup,high,True,True,True,True,True,False
652,https://doi.org/10.1016/j.jpha.2024.100996,Machine learning-driven optimization of mRNA-lipid nanoparticle vaccine quality with XGBoost/Bayesian method and ensemble model approaches,46.3:9.4:41.8:2.5,DODAP,DLPE,cholesterol,DPPE-PEG2000,46.3,9.4,41.8,2.5,100.0,0.0,doi_lookup,high,True,True,True,True,True,False
653,https://doi.org/10.1016/j.jpha.2024.100996,Machine learning-driven optimization of mRNA-lipid nanoparticle vaccine quality with XGBoost/Bayesian method and ensemble model approaches,46.3:9.4:42.7:1.6,DODAP,DOPE,cholesterol,DMG,46.3,9.4,42.7,1.6,100.0,0.0,doi_lookup,high,True,True,True,True,True,False
654,https://doi.org/10.1016/j.jpha.2024.100996,Machine learning-driven optimization of mRNA-lipid nanoparticle vaccine quality with XGBoost/Bayesian method and ensemble model approaches,50:10:38.5:1.5,DODAP,DSPE,cholesterol,C16-Ceramide-PEG2000,50.0,10.0,38.5,1.5,100.0,0.0,doi_lookup,high,True,True,True,True,True,False
655,https://doi.org/10.1016/j.jpha.2024.100996,Machine learning-driven optimization of mRNA-lipid nanoparticle vaccine quality with XGBoost/Bayesian method and ensemble model approaches,50:10:37.5:2.5,DODAP,DMPC,cholesterol,DMG,50.0,10.0,37.5,2.5,100.0,0.0,doi_lookup,high,True,True,True,True,True,False
656,https://doi.org/10.1016/j.jpha.2024.100996,Machine learning-driven optimization of mRNA-lipid nanoparticle vaccine quality with XGBoost/Bayesian method and ensemble model approaches,50:10:37.5:2.5,DODAP,DOPC,cholesterol,DMG,50.0,10.0,37.5,2.5,100.0,0.0,doi_lookup,high,True,True,True,True,True,False
657,https://doi.org/10.1016/j.jpha.2024.100996,Machine learning-driven optimization of mRNA-lipid nanoparticle vaccine quality with XGBoost/Bayesian method and ensemble model approaches,50:10:38.4:1.6,DODAP,DSPC,cholesterol,DSG-PEG2000,50.0,10.0,38.4,1.6,100.0,0.0,doi_lookup,high,True,True,True,True,True,False
658,https://doi.org/10.1016/j.jpha.2024.100996,Machine learning-driven optimization of mRNA-lipid nanoparticle vaccine quality with XGBoost/Bayesian method and ensemble model approaches,50:10:38.4:1.6,DLin-MC3-DMA,DLPE,cholesterol,DSG-PEG2000,50.0,10.0,38.4,1.6,100.0,0.0,doi_lookup,high,True,True,True,True,True,False
659,https://doi.org/10.1016/j.jpha.2024.100996,Machine learning-driven optimization of mRNA-lipid nanoparticle vaccine quality with XGBoost/Bayesian method and ensemble model approaches,50:10:37.5:2.5,DLin-MC3-DMA,DOPE,cholesterol,C16-Ceramide-PEG2000,50.0,10.0,37.5,2.5,100.0,0.0,doi_lookup,high,True,True,True,True,True,False
660,https://doi.org/10.1016/j.jpha.2024.100996,Machine learning-driven optimization of mRNA-lipid nanoparticle vaccine quality with XGBoost/Bayesian method and ensemble model approaches,50:10:37.5:2.5,DLin-MC3-DMA,DSPE,cholesterol,DSG-PEG2000,50.0,10.0,37.5,2.5,100.0,0.0,doi_lookup,high,True,True,True,True,True,False
661,https://doi.org/10.1016/j.jpha.2024.100996,Machine learning-driven optimization of mRNA-lipid nanoparticle vaccine quality with XGBoost/Bayesian method and ensemble model approaches,46.3:9.4:42.7:1.6,DLin-MC3-DMA,DMPC,cholesterol,C16-Ceramide-PEG2000,46.3,9.4,42.7,1.6,100.0,0.0,doi_lookup,high,True,True,True,True,True,False
662,https://doi.org/10.1016/j.jpha.2024.100996,Machine learning-driven optimization of mRNA-lipid nanoparticle vaccine quality with XGBoost/Bayesian method and ensemble model approaches,50:10:38.4:1.6,DLin-MC3-DMA,DOPC,cholesterol,DPPE-PEG2000,50.0,10.0,38.4,1.6,100.0,0.0,doi_lookup,high,True,True,True,True,True,False
663,https://doi.org/10.1016/j.jpha.2024.100996,Machine learning-driven optimization of mRNA-lipid nanoparticle vaccine quality with XGBoost/Bayesian method and ensemble model approaches,46.3:8.4:42.8:2.5,DLin-MC3-DMA,DSPC,cholesterol,DPPE-PEG2000,46.3,8.4,42.8,2.5,100.0,0.0,doi_lookup,high,True,True,True,True,True,False
664,https://doi.org/10.1016/j.jpha.2024.100996,Machine learning-driven optimization of mRNA-lipid nanoparticle vaccine quality with XGBoost/Bayesian method and ensemble model approaches,50:10:38.5:1.5,DLin-MC3-DMA,DSPC,cholesterol,DMG,50.0,10.0,38.5,1.5,100.0,0.0,doi_lookup,high,True,True,True,True,True,False
665,https://doi.org/10.1038/s41563-020-00886-0,Membrane-destabilizing ionizable phospholipids for organ-selective mRNA delivery and CRISPR?Cas gene editing,25:1:30:30,9A1P9,MDOA,cholesterol,DMG-PEG2000,,,,,,,ambiguous_doi,excluded,False,False,False,False,False,False
668,https://doi.org/10.1038/s41563-020-00886-0,Membrane-destabilizing ionizable phospholipids for organ-selective mRNA delivery and CRISPR?Cas gene editing,25:1:30:30,Custom lipid,MDOA,cholesterol,DMG-PEG2000,,,,,,,ambiguous_doi,excluded,False,False,False,False,False,False
669,https://doi.org/10.1038/s41563-020-00886-0,Membrane-destabilizing ionizable phospholipids for organ-selective mRNA delivery and CRISPR?Cas gene editing,55:0.2:45:30,9A1P9,DOPE,cholesterol,DMG-PEG2000,,,,,,,ambiguous_doi,excluded,False,False,False,False,False,False
675,https://doi.org/10.1038/s41563-020-00886-0,Membrane-destabilizing ionizable phospholipids for organ-selective mRNA delivery and CRISPR?Cas gene editing,25:30:30:1,9A1P9,MDOA,cholesterol,DMG-PEG2000,,,,,,,ambiguous_doi,excluded,False,False,False,False,False,False
678,https://doi.org/10.1038/s41563-020-00886-0,Membrane-destabilizing ionizable phospholipids for organ-selective mRNA delivery and CRISPR?Cas gene editing,55:30:45:0.2,9A1P9,DOPE,cholesterol,DMG-PEG2000,,,,,,,ambiguous_doi,excluded,False,False,False,False,False,False
679,https://doi.org/10.1038/s41563-020-00886-0,Membrane-destabilizing ionizable phospholipids for organ-selective mRNA delivery and CRISPR?Cas gene editing,25:30:30:1,Custom lipid,MDOA,cholesterol,DMG-PEG2000,,,,,,,ambiguous_doi,excluded,False,False,False,False,False,False
680,https://doi.org/10.1038/s41563-020-00886-0,Membrane-destabilizing ionizable phospholipids for organ-selective mRNA delivery and CRISPR?Cas gene editing,25:30:30:1,9A1P9,DODAP,cholesterol,DMG-PEG2000,,,,,,,ambiguous_doi,excluded,False,False,False,False,False,False
686,https://doi.org/10.1038/s41563-020-00886-0,Membrane-destabilizing ionizable phospholipids for organ-selective mRNA delivery and CRISPR?Cas gene editing,25:30:30:1,Custom lipid,MDOA,cholesterol,DMG-PEG2000,,,,,,,ambiguous_doi,excluded,False,False,False,False,False,False
687,https://doi.org/10.1038/s41563-020-00886-0,Membrane-destabilizing ionizable phospholipids for organ-selective mRNA delivery and CRISPR?Cas gene editing,50:10:38.5:1.5,DLin-MC3-DMA,DSPC,cholesterol,DMG-PEG2000,,,,,,,ambiguous_doi,excluded,False,False,False,False,False,False
716,10.1021/acs.jpcb.5b02891,Microfluidic Mixing: A General Method for Encapsulating Macromolecules in Lipid Nanoparticle Systems,50:1:37.5:11.5,DLin-KC2-DMA,DSPC,cholesterol,PEG-c-DMA,50.0,1.0,37.5,11.5,100.0,0.0,doi_lookup,high,True,True,True,True,True,False
717,10.1021/acs.jpcb.5b02891,Microfluidic Mixing: A General Method for Encapsulating Macromolecules in Lipid Nanoparticle Systems,50:1:37.5:11.5,DLin-KC2-DMA,DOPE,cholesterol,PEG-c-DMA,50.0,1.0,37.5,11.5,100.0,0.0,doi_lookup,high,True,True,True,True,True,False
718,10.1021/acs.jpcb.5b02891,Microfluidic Mixing: A General Method for Encapsulating Macromolecules in Lipid Nanoparticle Systems,80:1:7.5:11.5,DLin-KC2-DMA,DSPC,cholesterol,PEG-c-DMA,80.0,1.0,7.5,11.5,100.0,0.0,doi_lookup,high,True,True,True,True,True,False
719,10.1021/acs.jpcb.5b02891,Microfluidic Mixing: A General Method for Encapsulating Macromolecules in Lipid Nanoparticle Systems,80:1:7.5:11.5,DLin-KC2-DMA,DOPE,cholesterol,PEG-c-DMA,80.0,1.0,7.5,11.5,100.0,0.0,doi_lookup,high,True,True,True,True,True,False
736,10.1021/acs.jpcb.5b02891,Microfluidic Mixing: A General Method for Encapsulating Macromolecules in Lipid Nanoparticle Systems,50:1:37.5:11.5,DLin-KC2-DMA,DSPC,cholesterol,PEG-c-DMA,50.0,1.0,37.5,11.5,100.0,0.0,doi_lookup,high,True,True,True,True,True,False
737,10.1021/acs.jpcb.5b02891,Microfluidic Mixing: A General Method for Encapsulating Macromolecules in Lipid Nanoparticle Systems,80:1:7.5:11.5,DLin-KC2-DMA,DSPC,cholesterol,PEG-c-DMA,80.0,1.0,7.5,11.5,100.0,0.0,doi_lookup,high,True,True,True,True,True,False
738,10.1021/acs.jpcb.5b02891,Microfluidic Mixing: A General Method for Encapsulating Macromolecules in Lipid Nanoparticle Systems,50:1:37.5:11.5,DLin-KC2-DMA,DOPE,cholesterol,PEG-c-DMA,50.0,1.0,37.5,11.5,100.0,0.0,doi_lookup,high,True,True,True,True,True,False
739,10.1021/acs.jpcb.5b02891,Microfluidic Mixing: A General Method for Encapsulating Macromolecules in Lipid Nanoparticle Systems,80:1:7.5:11.5,DLin-KC2-DMA,DOPE,cholesterol,PEG-c-DMA,80.0,1.0,7.5,11.5,100.0,0.0,doi_lookup,high,True,True,True,True,True,False
756,https://doi.org/10.1016/j.ijpharm.2023.123050,Optimization of formulation and atomization of lipid nanoparticles for the inhalation of mRNA,50:10:38.5:1.5,AX4,DSPC,cholesterol,DMG-PEG2000,50.0,10.0,38.5,1.5,100.0,0.0,doi_lookup,high,True,True,True,True,True,False
757,https://doi.org/10.1016/j.ijpharm.2023.123050,Optimization of formulation and atomization of lipid nanoparticles for the inhalation of mRNA,50:10:38.5:3,AX4,DSPC,cholesterol,DMG-PEG2000,50.0,10.0,38.5,3.0,101.5,1.5,doi_lookup,high,True,True,True,False,False,True
758,https://doi.org/10.1016/j.ijpharm.2023.123050,Optimization of formulation and atomization of lipid nanoparticles for the inhalation of mRNA,50:10:38.5:5,AX4,DSPC,cholesterol,DMG-PEG2000,50.0,10.0,38.5,5.0,103.5,3.5,doi_lookup,high,True,True,True,False,False,True
759,https://doi.org/10.1016/j.ijpharm.2023.123050,Optimization of formulation and atomization of lipid nanoparticles for the inhalation of mRNA,50:10:38.5:10,AX4,DSPC,cholesterol,DMG-PEG2000,50.0,10.0,38.5,10.0,108.5,8.5,doi_lookup,high,True,True,True,False,False,True
760,https://doi.org/10.1016/j.ijpharm.2023.123050,Optimization of formulation and atomization of lipid nanoparticles for the inhalation of mRNA,50:10:38.5:15,AX4,DSPC,cholesterol,DMG-PEG2000,50.0,10.0,38.5,15.0,113.5,13.5,doi_lookup,high,True,True,True,False,False,True
761,https://doi.org/10.1016/j.ijpharm.2023.123050,Optimization of formulation and atomization of lipid nanoparticles for the inhalation of mRNA,50:10:38.5:25,AX4,DSPC,cholesterol,DMG-PEG2000,50.0,10.0,38.5,25.0,123.5,23.5,doi_lookup,high,True,True,True,False,False,True
762,https://doi.org/10.1016/j.ijpharm.2023.123050,Optimization of formulation and atomization of lipid nanoparticles for the inhalation of mRNA,50:10:38.5:50,AX4,DSPC,cholesterol,DMG-PEG2000,50.0,10.0,38.5,50.0,148.5,48.5,doi_lookup,high,True,True,True,False,False,True
763,https://doi.org/10.1016/j.ijpharm.2023.123050,Optimization of formulation and atomization of lipid nanoparticles for the inhalation of mRNA,50:10:38.5:1.5,AX4,DOPE,cholesterol,DMG-PEG2000,50.0,10.0,38.5,1.5,100.0,0.0,doi_lookup,high,True,True,True,True,True,False
764,https://doi.org/10.1016/j.ijpharm.2023.123050,Optimization of formulation and atomization of lipid nanoparticles for the inhalation of mRNA,50:10:38.5:3,AX4,DOPE,cholesterol,DMG-PEG2000,50.0,10.0,38.5,3.0,101.5,1.5,doi_lookup,high,True,True,True,False,False,True
765,https://doi.org/10.1016/j.ijpharm.2023.123050,Optimization of formulation and atomization of lipid nanoparticles for the inhalation of mRNA,50:10:38.5:5,AX4,DOPE,cholesterol,DMG-PEG2000,50.0,10.0,38.5,5.0,103.5,3.5,doi_lookup,high,True,True,True,False,False,True
766,https://doi.org/10.1016/j.ijpharm.2023.123050,Optimization of formulation and atomization of lipid nanoparticles for the inhalation of mRNA,50:10:38.5:10,AX4,DOPE,cholesterol,DMG-PEG2000,50.0,10.0,38.5,10.0,108.5,8.5,doi_lookup,high,True,True,True,False,False,True
767,https://doi.org/10.1016/j.ijpharm.2023.123050,Optimization of formulation and atomization of lipid nanoparticles for the inhalation of mRNA,50:10:38.5:15,AX4,DOPE,cholesterol,DMG-PEG2000,50.0,10.0,38.5,15.0,113.5,13.5,doi_lookup,high,True,True,True,False,False,True
768,https://doi.org/10.1016/j.ijpharm.2023.123050,Optimization of formulation and atomization of lipid nanoparticles for the inhalation of mRNA,50:10:38.5:25,AX4,DOPE,cholesterol,DMG-PEG2000,50.0,10.0,38.5,25.0,123.5,23.5,doi_lookup,high,True,True,True,False,False,True
769,https://doi.org/10.1016/j.ijpharm.2023.123050,Optimization of formulation and atomization of lipid nanoparticles for the inhalation of mRNA,50:10:38.5:50,AX4,DOPE,cholesterol,DMG-PEG2000,50.0,10.0,38.5,50.0,148.5,48.5,doi_lookup,high,True,True,True,False,False,True
770,https://doi.org/10.1016/j.ijpharm.2023.123050,Optimization of formulation and atomization of lipid nanoparticles for the inhalation of mRNA,50:10:5:5,AX4,DSPC,cholesterol,DMG-PEG2000,50.0,10.0,5.0,5.0,70.0,30.0,doi_lookup,high,True,True,True,False,False,True
771,https://doi.org/10.1016/j.ijpharm.2023.123050,Optimization of formulation and atomization of lipid nanoparticles for the inhalation of mRNA,50:10:100:5,AX4,DSPC,cholesterol,DMG-PEG2000,50.0,10.0,100.0,5.0,165.0,65.0,doi_lookup,high,True,True,True,False,False,True
772,https://doi.org/10.1016/j.ijpharm.2023.123050,Optimization of formulation and atomization of lipid nanoparticles for the inhalation of mRNA,20:10:100:5,AX4,DSPC,cholesterol,DMG-PEG2000,20.0,10.0,100.0,5.0,135.0,35.0,doi_lookup,high,True,True,True,False,False,True
773,https://doi.org/10.1016/j.ijpharm.2023.123050,Optimization of formulation and atomization of lipid nanoparticles for the inhalation of mRNA,35:16:46.5:2.5,AX4,DSPC,cholesterol,DMG-PEG2000,35.0,16.0,46.5,2.5,100.0,0.0,doi_lookup,high,True,True,True,True,True,False
774,https://doi.org/10.1016/j.ijpharm.2023.123050,Optimization of formulation and atomization of lipid nanoparticles for the inhalation of mRNA,35:16:46.5:5,AX4,DSPC,cholesterol,DMG-PEG2000,35.0,16.0,46.5,5.0,102.5,2.5,doi_lookup,high,True,True,True,False,False,True
775,https://doi.org/10.1016/j.ijpharm.2023.123050,Optimization of formulation and atomization of lipid nanoparticles for the inhalation of mRNA,35:16:46.5:5,AX4,DSPC,cholesterol,DMG-PEG2000,35.0,16.0,46.5,5.0,102.5,2.5,doi_lookup,high,True,True,True,False,False,True
776,https://doi.org/10.1016/j.ijpharm.2023.123050,Optimization of formulation and atomization of lipid nanoparticles for the inhalation of mRNA,35:16:46.5:5,AX4,DSPC,cholesterol,DMG-PEG2000,35.0,16.0,46.5,5.0,102.5,2.5,doi_lookup,high,True,True,True,False,False,True
777,https://doi.org/10.1016/j.ijpharm.2023.123050,Optimization of formulation and atomization of lipid nanoparticles for the inhalation of mRNA,50:10:38.5:1.5,DLin-MC3-DMA,DSPC,cholesterol,DMG-PEG2000,50.0,10.0,38.5,1.5,100.0,0.0,doi_lookup,high,True,True,True,True,True,False
778,10.1002/btm2.10580,Optimization of ionizable lipids for aerosolizable mRNA lipid nanoparticles,60:20:19:1,DLin-MC3-DMA,DPPC,cholesterol,DMPE-PEG2000,60.0,20.0,19.0,1.0,100.0,0.0,doi_lookup,high,True,True,True,True,True,False
779,10.1002/btm2.10580,Optimization of ionizable lipids for aerosolizable mRNA lipid nanoparticles,45:20:34:1,DLin-MC3-DMA,DPPC,cholesterol,DMPE-PEG2000,45.0,20.0,34.0,1.0,100.0,0.0,doi_lookup,high,True,True,True,True,True,False
780,10.1002/btm2.10580,Optimization of ionizable lipids for aerosolizable mRNA lipid nanoparticles,45:5:49:1,DLin-MC3-DMA,DPPC,cholesterol,DMPE-PEG2000,45.0,5.0,49.0,1.0,100.0,0.0,doi_lookup,high,True,True,True,True,True,False
781,10.1002/btm2.10580,Optimization of ionizable lipids for aerosolizable mRNA lipid nanoparticles,50:10:38.5:1.5,DLin-MC3-DMA,DSPC,cholesterol,DMG-PEG2000,50.0,10.0,38.5,1.5,100.0,0.0,doi_lookup,high,True,True,True,True,True,False
782,10.1002/btm2.10580,Optimization of ionizable lipids for aerosolizable mRNA lipid nanoparticles,45:20:34:1,SM-102,DPPC,cholesterol,DMPE-PEG2000,45.0,20.0,34.0,1.0,100.0,0.0,doi_lookup,high,True,True,True,True,True,False
783,10.1002/btm2.10580,Optimization of ionizable lipids for aerosolizable mRNA lipid nanoparticles,50:10:38.5:1.5,SM-102,DSPC,cholesterol,DMG-PEG2000,50.0,10.0,38.5,1.5,100.0,0.0,doi_lookup,high,True,True,True,True,True,False
784,10.1002/btm2.10580,Optimization of ionizable lipids for aerosolizable mRNA lipid nanoparticles,45:20:34:1,ALC-0315,DPPC,cholesterol,DMPE-PEG2000,45.0,20.0,34.0,1.0,100.0,0.0,doi_lookup,high,True,True,True,True,True,False
785,10.1002/btm2.10580,Optimization of ionizable lipids for aerosolizable mRNA lipid nanoparticles,46.3:9.4:42.7:1.6,ALC-0315,DSPC,cholesterol,ALC-0159,46.3,9.4,42.7,1.6,100.0,0.0,doi_lookup,high,True,True,True,True,True,False
786,10.1002/btm2.10580,Optimization of ionizable lipids for aerosolizable mRNA lipid nanoparticles,45:20:34:1,Custom lipid,DPPC,cholesterol,DMPE-PEG2000,45.0,20.0,34.0,1.0,100.0,0.0,doi_lookup,high,True,True,True,True,True,False
787,10.1002/btm2.10580,Optimization of ionizable lipids for aerosolizable mRNA lipid nanoparticles,45:20:34:1,Custom lipid,DPPC,cholesterol,DMPE-PEG2000,45.0,20.0,34.0,1.0,100.0,0.0,doi_lookup,high,True,True,True,True,True,False
788,10.1002/btm2.10580,Optimization of ionizable lipids for aerosolizable mRNA lipid nanoparticles,45:20:34:1,Custom lipid,DPPC,cholesterol,DMPE-PEG2000,45.0,20.0,34.0,1.0,100.0,0.0,doi_lookup,high,True,True,True,True,True,False
789,10.1002/btm2.10580,Optimization of ionizable lipids for aerosolizable mRNA lipid nanoparticles,45:20:34:1,Custom lipid,DPPC,cholesterol,DMPE-PEG2000,45.0,20.0,34.0,1.0,100.0,0.0,doi_lookup,high,True,True,True,True,True,False
790,10.1039/d1bm01454d,Optimization of phospholipid chemistry for improved lipid nanoparticle (LNP) delivery of messenger RNA (mRNA),38.5:1.5:30:30,4A3-SC8,DOPE,cholesterol,DMG-PEG2000,,,,,,,ambiguous_doi,excluded,False,False,False,False,False,False
791,10.1039/d1bm01454d,Optimization of phospholipid chemistry for improved lipid nanoparticle (LNP) delivery of messenger RNA (mRNA),38.5:1.5:30:30,4A3-SC8,POPE,cholesterol,DMG-PEG2000,,,,,,,ambiguous_doi,excluded,False,False,False,False,False,False
792,10.1039/d1bm01454d,Optimization of phospholipid chemistry for improved lipid nanoparticle (LNP) delivery of messenger RNA (mRNA),38.5:1.5:30:30,4A3-SC8,BMP,cholesterol,DMG-PEG2000,,,,,,,ambiguous_doi,excluded,False,False,False,False,False,False
793,10.1039/d1bm01454d,Optimization of phospholipid chemistry for improved lipid nanoparticle (LNP) delivery of messenger RNA (mRNA),38.5:1.5:30:30,4A3-SC8,BMP,cholesterol,DMG-PEG2000,,,,,,,ambiguous_doi,excluded,False,False,False,False,False,False
794,10.1039/d1bm01454d,Optimization of phospholipid chemistry for improved lipid nanoparticle (LNP) delivery of messenger RNA (mRNA),38.5:1.5:30:30,4A3-SC8,4ME,cholesterol,DMG-PEG2000,,,,,,,ambiguous_doi,excluded,False,False,False,False,False,False
795,10.1039/d1bm01454d,Optimization of phospholipid chemistry for improved lipid nanoparticle (LNP) delivery of messenger RNA (mRNA),38.5:1.5:30:30,4A3-SC8,DSPC,cholesterol,DMG-PEG2000,,,,,,,ambiguous_doi,excluded,False,False,False,False,False,False
796,10.1039/d1bm01454d,Optimization of phospholipid chemistry for improved lipid nanoparticle (LNP) delivery of messenger RNA (mRNA),38.5:1.5:30:30,4A3-SC8,CL,cholesterol,DMG-PEG2000,,,,,,,ambiguous_doi,excluded,False,False,False,False,False,False
797,10.1039/d1bm01454d,Optimization of phospholipid chemistry for improved lipid nanoparticle (LNP) delivery of messenger RNA (mRNA),38.5:1.5:30:30,4A3-SC8,SOPE,cholesterol,DMG-PEG2000,,,,,,,ambiguous_doi,excluded,False,False,False,False,False,False
798,10.1039/d1bm01454d,Optimization of phospholipid chemistry for improved lipid nanoparticle (LNP) delivery of messenger RNA (mRNA),38.5:1.5:30:30,4A3-SC8,DEPE,cholesterol,DMG-PEG2000,,,,,,,ambiguous_doi,excluded,False,False,False,False,False,False
799,10.1039/d1bm01454d,Optimization of phospholipid chemistry for improved lipid nanoparticle (LNP) delivery of messenger RNA (mRNA),38.5:1.5:30:30,4A3-SC8,DPPE,cholesterol,DMG-PEG2000,,,,,,,ambiguous_doi,excluded,False,False,False,False,False,False
800,10.1039/d1bm01454d,Optimization of phospholipid chemistry for improved lipid nanoparticle (LNP) delivery of messenger RNA (mRNA),38.5:1.5:30:30,4A3-SC8,C16-18:1 PE,cholesterol,DMG-PEG2000,,,,,,,ambiguous_doi,excluded,False,False,False,False,False,False
801,10.1039/d1bm01454d,Optimization of phospholipid chemistry for improved lipid nanoparticle (LNP) delivery of messenger RNA (mRNA),38.5:1.5:30:30,4A3-SC8,SOPC,cholesterol,DMG-PEG2000,,,,,,,ambiguous_doi,excluded,False,False,False,False,False,False
802,10.1039/d1bm01454d,Optimization of phospholipid chemistry for improved lipid nanoparticle (LNP) delivery of messenger RNA (mRNA),38.5:1.5:30:30,4A3-SC8,POPC,cholesterol,DMG-PEG2000,,,,,,,ambiguous_doi,excluded,False,False,False,False,False,False
803,https://doi.org/10.1038/s41467-022-33157-4,Payload distribution and capacity of mRNA lipid nanoparticles,50:1.5:38.5:10,DLin-MC3-DMA,DSPC,cholesterol,DMG-PEG2000,50.0,1.5,38.5,10.0,100.0,0.0,doi_lookup,high,True,True,True,True,True,False
804,https://doi.org/10.1038/s41467-022-33157-4,Payload distribution and capacity of mRNA lipid nanoparticles,50:0.25:38.75:10.5,DLin-MC3-DMA,DSPC + TMR-PC,cholesterol,DMG-PEG2000,50.0,0.25,38.75,10.5,99.5,0.5,doi_lookup,high,True,True,True,True,True,False
805,https://doi.org/10.1038/s41467-022-33157-4,Payload distribution and capacity of mRNA lipid nanoparticles,50:0.5:38.5:10.5,DLin-MC3-DMA,DSPC + TMR-PC,cholesterol,DMG-PEG2000,50.0,0.5,38.5,10.5,99.5,0.5,doi_lookup,high,True,True,True,True,True,False
806,https://doi.org/10.1038/s41467-022-33157-4,Payload distribution and capacity of mRNA lipid nanoparticles,50:1.0:38.0:10.5,DLin-MC3-DMA,DSPC + TMR-PC,cholesterol,DMG-PEG2000,50.0,1.0,38.0,10.5,99.5,0.5,doi_lookup,high,True,True,True,True,True,False
807,https://doi.org/10.1038/s41467-022-33157-4,Payload distribution and capacity of mRNA lipid nanoparticles,50:1.5:38.5:10.5,DLin-MC3-DMA,DSPC + TMR-PC,cholesterol,DMG-PEG2000,50.0,1.5,38.5,10.5,100.5,0.5,doi_lookup,high,True,True,True,True,True,False
808,https://doi.org/10.1038/s41467-022-33157-4,Payload distribution and capacity of mRNA lipid nanoparticles,50:3.0:35.5:10.5,DLin-MC3-DMA,DSPC + TMR-PC,cholesterol,DMG-PEG2000,50.0,3.0,35.5,10.5,99.0,1.0,doi_lookup,high,True,True,True,True,True,False
809,https://doi.org/10.1038/s41467-022-33157-4,Payload distribution and capacity of mRNA lipid nanoparticles,variable based on N/P:1.5:38.5:10.5,DLin-MC3-DMA,DSPC + TMR-PC,cholesterol,DMG-PEG2000,,,,,,,non_numeric,none,False,False,False,False,False,False
810,https://doi.org/10.1038/s41467-022-33157-4,Payload distribution and capacity of mRNA lipid nanoparticles,50:1.5:38.5:10.5,DLin-MC3-DMA,DSPC + TMR-PC,cholesterol,DMG-PEG2000,50.0,1.5,38.5,10.5,100.5,0.5,doi_lookup,high,True,True,True,True,True,False
811,https://doi.org/10.1038/s41467-022-33157-4,Payload distribution and capacity of mRNA lipid nanoparticles,50:1.5:38.5:10.5,DLin-MC3-DMA,DSPC + TMR-PC,cholesterol,DMG-PEG2000,50.0,1.5,38.5,10.5,100.5,0.5,doi_lookup,high,True,True,True,True,True,False
812,https://doi.org/10.1038/s41467-022-33157-4,Payload distribution and capacity of mRNA lipid nanoparticles,50:1.5:38.5:10,DLin-MC3-DMA,DSPC,cholesterol,DMG-PEG2000,50.0,1.5,38.5,10.0,100.0,0.0,doi_lookup,high,True,True,True,True,True,False
846,https://doi.org/10.1038/s41467-024-50093-7,Reformulating lipid nanoparticles for organ-targeted mRNA accumulation and translation,15:2:25:20,Custom lipid,DOPE,cholesterol,DMG-PEG2000,,,,,,,ambiguous_doi,excluded,False,False,False,False,False,False
847,https://doi.org/10.1038/s41467-024-50093-7,Reformulating lipid nanoparticles for organ-targeted mRNA accumulation and translation,15:2:25:20,Custom lipid,DOPE,cholesterol,DMG-PEG2000,,,,,,,ambiguous_doi,excluded,False,False,False,False,False,False
853,https://doi.org/10.1038/s41467-024-50093-7,Reformulating lipid nanoparticles for organ-targeted mRNA accumulation and translation,15:2:25:20,Custom lipid,DOPE,cholesterol,DMG-PEG2000,,,,,,,ambiguous_doi,excluded,False,False,False,False,False,False
854,https://doi.org/10.1038/s41467-024-50093-7,Reformulating lipid nanoparticles for organ-targeted mRNA accumulation and translation,50:1.5:38.5:10,SM-102,DSPC,cholesterol,DMG-PEG2000,,,,,,,ambiguous_doi,excluded,False,False,False,False,False,False
856,https://doi.org/10.1038/s41467-024-50093-7,Reformulating lipid nanoparticles for organ-targeted mRNA accumulation and translation,46.3:1.6:42.7:9.4,ALC-0315,DSPC,cholesterol,ALC-0159,,,,,,,ambiguous_doi,excluded,False,False,False,False,False,False
858,https://doi.org/10.1038/s41467-024-50093-7,Reformulating lipid nanoparticles for organ-targeted mRNA accumulation and translation,50:1.5:38.5:10,DLin-MC3-DMA,DSPC,cholesterol,DMG-PEG2000,,,,,,,ambiguous_doi,excluded,False,False,False,False,False,False
860,https://doi.org/10.1038/s41467-024-50093-7,Reformulating lipid nanoparticles for organ-targeted mRNA accumulation and translation,15:2:25:20,Custom lipid,DOPE,cholesterol,DMG-PEG2000,,,,,,,ambiguous_doi,excluded,False,False,False,False,False,False
861,https://doi.org/10.1038/s41467-024-50093-7,Reformulating lipid nanoparticles for organ-targeted mRNA accumulation and translation,15:2:25:20,Custom lipid,DOPE,cholesterol,DMG-PEG2000,,,,,,,ambiguous_doi,excluded,False,False,False,False,False,False
862,https://doi.org/10.1016/j.jconrel.2025.01.071,Role of PEGylated lipid in lipid nanoparticle formulation for in vitro and in vivo delivery of mRNA vaccines,46.3:9.4:42.7:1.6,ALC-0315,DSPC,cholesterol,ALC-0159,46.3,9.4,42.7,1.6,100.0,0.0,doi_lookup,high,True,True,True,True,True,False
863,https://doi.org/10.1016/j.jconrel.2025.01.071,Role of PEGylated lipid in lipid nanoparticle formulation for in vitro and in vivo delivery of mRNA vaccines,46.3:9.4:42.7:1.6,ALC-0315,DSPC,cholesterol,ALC-0159,46.3,9.4,42.7,1.6,100.0,0.0,doi_lookup,high,True,True,True,True,True,False
864,https://doi.org/10.1016/j.jconrel.2025.01.071,Role of PEGylated lipid in lipid nanoparticle formulation for in vitro and in vivo delivery of mRNA vaccines,46.3:9.4:42.7:1.6,ALC-0315,DSPC,cholesterol,DMG-PEG2000,46.3,9.4,42.7,1.6,100.0,0.0,doi_lookup,high,True,True,True,True,True,False
865,https://doi.org/10.1016/j.jconrel.2025.01.071,Role of PEGylated lipid in lipid nanoparticle formulation for in vitro and in vivo delivery of mRNA vaccines,46.3:9.4:42.7:1.6,ALC-0315,DSPC,cholesterol,DMG-PEG2000,46.3,9.4,42.7,1.6,100.0,0.0,doi_lookup,high,True,True,True,True,True,False
866,https://doi.org/10.1016/j.jconrel.2025.01.071,Role of PEGylated lipid in lipid nanoparticle formulation for in vitro and in vivo delivery of mRNA vaccines,46.3:9.4:42.7:1.6,ALC-0315,DSPC,cholesterol,DSG-PEG2000,46.3,9.4,42.7,1.6,100.0,0.0,doi_lookup,high,True,True,True,True,True,False
867,https://doi.org/10.1016/j.jconrel.2025.01.071,Role of PEGylated lipid in lipid nanoparticle formulation for in vitro and in vivo delivery of mRNA vaccines,46.3:9.4:42.7:1.6,ALC-0315,DSPC,cholesterol,C8-Ceramide-PEG2000,46.3,9.4,42.7,1.6,100.0,0.0,doi_lookup,high,True,True,True,True,True,False
868,https://doi.org/10.1016/j.jconrel.2025.01.071,Role of PEGylated lipid in lipid nanoparticle formulation for in vitro and in vivo delivery of mRNA vaccines,46.3:9.4:42.7:1.6,ALC-0315,DSPC,cholesterol,C16-Ceramide-PEG2000,46.3,9.4,42.7,1.6,100.0,0.0,doi_lookup,high,True,True,True,True,True,False
869,https://doi.org/10.1016/j.jconrel.2025.01.071,Role of PEGylated lipid in lipid nanoparticle formulation for in vitro and in vivo delivery of mRNA vaccines,46.3:9.4:42.7:1.6,ALC-0315,DSPC,cholesterol,DMPE-PEG2000,46.3,9.4,42.7,1.6,100.0,0.0,doi_lookup,high,True,True,True,True,True,False
870,https://doi.org/10.1016/j.jconrel.2025.01.071,Role of PEGylated lipid in lipid nanoparticle formulation for in vitro and in vivo delivery of mRNA vaccines,46.3:9.4:42.7:1.6,ALC-0315,DSPC,cholesterol,DSPE-PEG2000,46.3,9.4,42.7,1.6,100.0,0.0,doi_lookup,high,True,True,True,True,True,False
875,https://doi.org/10.1101/2023.11.09.565872,Applying machine learning to identify ionizable lipids for nanoparticle-mediated delivery of mRNA,45:20:34:1,SM-102,DPPC,cholesterol,DMPE-PEG2000,45.0,20.0,34.0,1.0,100.0,0.0,doi_lookup,high,True,True,True,True,True,False
876,https://doi.org/10.1101/2023.11.09.565872,Applying machine learning to identify ionizable lipids for nanoparticle-mediated delivery of mRNA,45:20:34:1,ALC-0315,DPPC,cholesterol,DMPE-PEG2000,45.0,20.0,34.0,1.0,100.0,0.0,doi_lookup,high,True,True,True,True,True,False
877,https://doi.org/10.1101/2023.11.09.565872,Applying machine learning to identify ionizable lipids for nanoparticle-mediated delivery of mRNA,45:20:34:1,Custom lipid,DPPC,cholesterol,DMPE-PEG2000,45.0,20.0,34.0,1.0,100.0,0.0,doi_lookup,high,True,True,True,True,True,False
878,https://doi.org/10.1101/2023.11.09.565872,Applying machine learning to identify ionizable lipids for nanoparticle-mediated delivery of mRNA,45:20:34:1,Custom lipid,DPPC,cholesterol,DMPE-PEG2000,45.0,20.0,34.0,1.0,100.0,0.0,doi_lookup,high,True,True,True,True,True,False
879,https://doi.org/10.1101/2023.11.09.565872,Applying machine learning to identify ionizable lipids for nanoparticle-mediated delivery of mRNA,45:20:34:1,Custom lipid,DPPC,cholesterol,DMPE-PEG2000,45.0,20.0,34.0,1.0,100.0,0.0,doi_lookup,high,True,True,True,True,True,False
880,https://doi.org/10.1101/2023.11.09.565872,Applying machine learning to identify ionizable lipids for nanoparticle-mediated delivery of mRNA,45:20:34:1,Custom lipid,DPPC,cholesterol,DMPE-PEG2000,45.0,20.0,34.0,1.0,100.0,0.0,doi_lookup,high,True,True,True,True,True,False
881,https://doi.org/10.1101/2023.11.09.565872,Applying machine learning to identify ionizable lipids for nanoparticle-mediated delivery of mRNA,45:20:34:1,Custom lipid,DPPC,cholesterol,DMPE-PEG2000,45.0,20.0,34.0,1.0,100.0,0.0,doi_lookup,high,True,True,True,True,True,False
882,https://doi.org/10.1101/2023.11.09.565872,Applying machine learning to identify ionizable lipids for nanoparticle-mediated delivery of mRNA,45:20:34:1,Custom lipid,DPPC,cholesterol,DMPE-PEG2000,45.0,20.0,34.0,1.0,100.0,0.0,doi_lookup,high,True,True,True,True,True,False
885,https://doi.org/10.1021/acs.nanolett.1c01353,Scalable mRNA and siRNA Lipid Nanoparticle Production Using a Parallelized Microfluidic Device,35:2.5:46.5:16,C12-200,DOPE,cholesterol,PE-PEG2000,35.0,16.0,46.5,2.5,100.0,0.0,doi_lookup,high,True,True,True,True,True,False
911,https://doi.org/10.1101/2024.09.27.614859,Structural Characterization of mRNA Lipid Nanoparticles in the Presence of Intrinsic Drug-free Lipid Nanoparticles,50:38.5:10:1.5,SM-102,DSPC,cholesterol,DMG-PEG2000,50.0,10.0,38.5,1.5,100.0,0.0,doi_lookup,high,True,True,True,True,True,False
913,https://doi.org/10.1038/s41434-022-00370-1,Taylor Dispersion Analysis to support lipid-nanoparticle formulations for mRNA vaccines,50:10:35:5,DLin-MC3-DMA,DSPC,cholesterol,DMG-PEG2000,50.0,10.0,35.0,5.0,100.0,0.0,doi_lookup,high,True,True,True,True,True,False
914,https://doi.org/10.1038/s41434-022-00370-1,Taylor Dispersion Analysis to support lipid-nanoparticle formulations for mRNA vaccines,50:10:38.5:1.5,DLin-MC3-DMA,DSPC,cholesterol,DMG-PEG2000,50.0,10.0,38.5,1.5,100.0,0.0,doi_lookup,high,True,True,True,True,True,False
915,https://doi.org/10.1038/s41434-022-00370-1,Taylor Dispersion Analysis to support lipid-nanoparticle formulations for mRNA vaccines,50:10:39.5:0.5,DLin-MC3-DMA,DSPC,cholesterol,DMG-PEG2000,50.0,10.0,39.5,0.5,100.0,0.0,doi_lookup,high,True,True,True,True,True,False
922,https://doi.org/10.1073/pnas.2303567120,Throughput-scalable manufacturing of SARS-CoV-2 mRNA lipid nanoparticle vaccines,50:1.5:38.5:10,DLin-MC3-DMA,DSPC,cholesterol,DMG-PEG2000,50.0,1.5,38.5,10.0,100.0,0.0,doi_lookup,high,True,True,True,True,True,False
923,https://doi.org/10.1073/pnas.2303567120,Throughput-scalable manufacturing of SARS-CoV-2 mRNA lipid nanoparticle vaccines,50:1.5:38.5:10,DLin-MC3-DMA,DSPC,cholesterol,DMG-PEG2000,50.0,1.5,38.5,10.0,100.0,0.0,doi_lookup,high,True,True,True,True,True,False
928,https://doi.org/10.1073/pnas.2303567120,Throughput-scalable manufacturing of SARS-CoV-2 mRNA lipid nanoparticle vaccines,50:1.5:38.5:10,DLin-MC3-DMA,DSPC,cholesterol,DMG-PEG2000,50.0,1.5,38.5,10.0,100.0,0.0,doi_lookup,high,True,True,True,True,True,False
929,https://doi.org/10.1073/pnas.2303567120,Throughput-scalable manufacturing of SARS-CoV-2 mRNA lipid nanoparticle vaccines,50:1.5:38.5:10,DLin-MC3-DMA,DSPC,cholesterol,DMG-PEG2000,50.0,1.5,38.5,10.0,100.0,0.0,doi_lookup,high,True,True,True,True,True,False
931,https://doi.org/10.1073/pnas.2303567120,Throughput-scalable manufacturing of SARS-CoV-2 mRNA lipid nanoparticle vaccines,50:1.5:38.5:10,DLin-MC3-DMA,DSPC,cholesterol,DMG-PEG2000,50.0,1.5,38.5,10.0,100.0,0.0,doi_lookup,high,True,True,True,True,True,False
932,https://doi.org/10.1248/cpb.c24-00089,Understanding the Manufacturing Process of Lipid Nanoparticles for mRNA Delivery Using Machine Learning,50:10:38.5:1.5,L202,DSPC,cholesterol,DMG-PEG2000,50.0,10.0,38.5,1.5,100.0,0.0,doi_lookup,high,True,True,True,True,True,False
933,https://doi.org/10.1248/cpb.c24-00089,Understanding the Manufacturing Process of Lipid Nanoparticles for mRNA Delivery Using Machine Learning,50:10:38.5:1.5,L202,DSPC,cholesterol,DMG-PEG2000,50.0,10.0,38.5,1.5,100.0,0.0,doi_lookup,high,True,True,True,True,True,False
934,https://doi.org/10.1248/cpb.c24-00089,Understanding the Manufacturing Process of Lipid Nanoparticles for mRNA Delivery Using Machine Learning,50:10:38.5:1.5,L202,DSPC,cholesterol,DMG-PEG2000,50.0,10.0,38.5,1.5,100.0,0.0,doi_lookup,high,True,True,True,True,True,False
935,https://doi.org/10.1248/cpb.c24-00089,Understanding the Manufacturing Process of Lipid Nanoparticles for mRNA Delivery Using Machine Learning,50:10:38.5:1.5,L202,DSPC,cholesterol,DMG-PEG2000,50.0,10.0,38.5,1.5,100.0,0.0,doi_lookup,high,True,True,True,True,True,False
936,https://doi.org/10.1248/cpb.c24-00089,Understanding the Manufacturing Process of Lipid Nanoparticles for mRNA Delivery Using Machine Learning,50:10:38.5:1.5,L202,DSPC,cholesterol,DMG-PEG2000,50.0,10.0,38.5,1.5,100.0,0.0,doi_lookup,high,True,True,True,True,True,False
937,https://doi.org/10.1248/cpb.c24-00089,Understanding the Manufacturing Process of Lipid Nanoparticles for mRNA Delivery Using Machine Learning,50:10:38.5:1.5,L202,DSPC,cholesterol,DMG-PEG2000,50.0,10.0,38.5,1.5,100.0,0.0,doi_lookup,high,True,True,True,True,True,False
938,https://doi.org/10.1248/cpb.c24-00089,Understanding the Manufacturing Process of Lipid Nanoparticles for mRNA Delivery Using Machine Learning,50:10:38.5:1.5,L202,DSPC,cholesterol,DMG-PEG2000,50.0,10.0,38.5,1.5,100.0,0.0,doi_lookup,high,True,True,True,True,True,False
939,https://doi.org/10.1248/cpb.c24-00089,Understanding the Manufacturing Process of Lipid Nanoparticles for mRNA Delivery Using Machine Learning,50:10:38.5:1.5,L202,DSPC,cholesterol,DMG-PEG2000,50.0,10.0,38.5,1.5,100.0,0.0,doi_lookup,high,True,True,True,True,True,False
940,https://doi.org/10.1248/cpb.c24-00089,Understanding the Manufacturing Process of Lipid Nanoparticles for mRNA Delivery Using Machine Learning,50:10:38.5:1.5,L202,DSPC,cholesterol,DMG-PEG2000,50.0,10.0,38.5,1.5,100.0,0.0,doi_lookup,high,True,True,True,True,True,False
946,https://doi.org/10.1038/s41467-020-16248-y,Synergistic lipid compositions for albumin receptor mediated delivery of mRNA to the liver,35:16:46.5:2.5,cKK-E12,DOPE,cholesterol,C14-PEG2000,35.0,16.0,46.5,2.5,100.0,0.0,doi_lookup,high,True,True,True,True,True,False
947,https://doi.org/10.1038/s41467-020-16248-y,Synergistic lipid compositions for albumin receptor mediated delivery of mRNA to the liver,35:16:46.5:2.5,Custom lipid,DOPE,cholesterol,C14-PEG2000,35.0,16.0,46.5,2.5,100.0,0.0,doi_lookup,high,True,True,True,True,True,False
948,https://doi.org/10.1038/s41467-020-16248-y,Synergistic lipid compositions for albumin receptor mediated delivery of mRNA to the liver,35:16:46.5:2.5,Custom lipid,DOPE,cholesterol,C14-PEG2000,35.0,16.0,46.5,2.5,100.0,0.0,doi_lookup,high,True,True,True,True,True,False
949,https://doi.org/10.1038/s41587-019-0247-3,Delivery of mRNA vaccines with heterocyclic lipids increases anti-tumor efficacy by STING-mediated immune cell activation,35:2.5:37.5:16,A2-Iso5-2DC18,DOPE,cholesterol,C14-PEG2000,35.0,16.0,37.5,2.5,91.0,9.0,doi_lookup,high,True,True,True,False,False,True
950,https://doi.org/10.1038/s41587-019-0247-3,Delivery of mRNA vaccines with heterocyclic lipids increases anti-tumor efficacy by STING-mediated immune cell activation,35:2.5:37.5:16,A12-Iso5-2DC18,DOPE,cholesterol,C14-PEG2000,35.0,16.0,37.5,2.5,91.0,9.0,doi_lookup,high,True,True,True,False,False,True
951,https://doi.org/10.1038/s41587-019-0247-3,Delivery of mRNA vaccines with heterocyclic lipids increases anti-tumor efficacy by STING-mediated immune cell activation,35:2.5:37.5:16,Custom lipid,DOPE,cholesterol,C14-PEG2000,35.0,16.0,37.5,2.5,91.0,9.0,doi_lookup,high,True,True,True,False,False,True
952,https://doi.org/10.1038/s41587-019-0247-3,Delivery of mRNA vaccines with heterocyclic lipids increases anti-tumor efficacy by STING-mediated immune cell activation,35:2.5:37.5:16,Custom lipid,DOPE,cholesterol,C14-PEG2000,35.0,16.0,37.5,2.5,91.0,9.0,doi_lookup,high,True,True,True,False,False,True
953,https://doi.org/10.1038/s41587-019-0247-3,Delivery of mRNA vaccines with heterocyclic lipids increases anti-tumor efficacy by STING-mediated immune cell activation,35:2.5:37.5:16,A18-Iso5-2DC18,DOPE,cholesterol,C14-PEG2000,35.0,16.0,37.5,2.5,91.0,9.0,doi_lookup,high,True,True,True,False,False,True
954,https://doi.org/10.1038/s41587-019-0247-3,Delivery of mRNA vaccines with heterocyclic lipids increases anti-tumor efficacy by STING-mediated immune cell activation,35:2.5:37.5:16,Custom lipid,DOPE,cholesterol,C14-PEG2000,35.0,16.0,37.5,2.5,91.0,9.0,doi_lookup,high,True,True,True,False,False,True
955,https://doi.org/10.1038/s41587-019-0247-3,Delivery of mRNA vaccines with heterocyclic lipids increases anti-tumor efficacy by STING-mediated immune cell activation,35:2.5:37.5:16,Custom lipid,DOPE,cholesterol,C14-PEG2000,35.0,16.0,37.5,2.5,91.0,9.0,doi_lookup,high,True,True,True,False,False,True
956,https://doi.org/10.1038/s41587-019-0247-3,Delivery of mRNA vaccines with heterocyclic lipids increases anti-tumor efficacy by STING-mediated immune cell activation,35:2.5:37.5:16,Custom lipid,DOPE,cholesterol,C14-PEG2000,35.0,16.0,37.5,2.5,91.0,9.0,doi_lookup,high,True,True,True,False,False,True
957,https://doi.org/10.1038/s41587-019-0247-3,Delivery of mRNA vaccines with heterocyclic lipids increases anti-tumor efficacy by STING-mediated immune cell activation,35:2.5:37.5:16,Custom lipid,DOPE,cholesterol,C14-PEG2000,35.0,16.0,37.5,2.5,91.0,9.0,doi_lookup,high,True,True,True,False,False,True
958,https://doi.org/10.1038/s41587-019-0247-3,Delivery of mRNA vaccines with heterocyclic lipids increases anti-tumor efficacy by STING-mediated immune cell activation,35:2.5:37.5:16,DLin-MC3-DMA,DOPE,cholesterol,C14-PEG2000,35.0,16.0,37.5,2.5,91.0,9.0,doi_lookup,high,True,True,True,False,False,True
959,https://doi.org/10.1038/s41587-019-0247-3,Delivery of mRNA vaccines with heterocyclic lipids increases anti-tumor efficacy by STING-mediated immune cell activation,45:2.5:42.5:10,A2-Iso5-2DC18,DOPE,cholesterol,C14-PEG2000,45.0,10.0,42.5,2.5,100.0,0.0,doi_lookup,high,True,True,True,True,True,False
960,https://doi.org/10.1038/s41587-019-0247-3,Delivery of mRNA vaccines with heterocyclic lipids increases anti-tumor efficacy by STING-mediated immune cell activation,35:2.5:37.5:25,A2-Iso5-2DC18,DOPE,cholesterol,C14-PEG2000,35.0,25.0,37.5,2.5,100.0,0.0,doi_lookup,high,True,True,True,True,True,False
961,https://doi.org/10.1038/s41587-019-0247-3,Delivery of mRNA vaccines with heterocyclic lipids increases anti-tumor efficacy by STING-mediated immune cell activation,50:1.5:32.5:16,A2-Iso5-2DC18,DOPE,cholesterol,C14-PEG2000,50.0,16.0,32.5,1.5,100.0,0.0,doi_lookup,high,True,True,True,True,True,False
962,https://doi.org/10.1038/s41587-019-0247-3,Delivery of mRNA vaccines with heterocyclic lipids increases anti-tumor efficacy by STING-mediated immune cell activation,50:2.9:31.1:16,A2-Iso5-2DC18,DOPE,cholesterol,C14-PEG2000,50.0,16.0,31.1,2.9,100.0,0.0,doi_lookup,high,True,True,True,True,True,False
963,https://doi.org/10.1038/s41587-019-0247-3,Delivery of mRNA vaccines with heterocyclic lipids increases anti-tumor efficacy by STING-mediated immune cell activation,50:1.5:32.5:16,A2-Iso5-2DC18,DOPE,cholesterol,C14-PEG2000,50.0,16.0,32.5,1.5,100.0,0.0,doi_lookup,high,True,True,True,True,True,False
964,https://doi.org/10.1038/s41587-019-0247-3,Delivery of mRNA vaccines with heterocyclic lipids increases anti-tumor efficacy by STING-mediated immune cell activation,35:0.5:57.5:7,A2-Iso5-2DC18,DOPE,cholesterol,C14-PEG2000,35.0,7.0,57.5,0.5,100.0,0.0,doi_lookup,high,True,True,True,True,True,False
965,https://doi.org/10.1038/s41587-019-0247-3,Delivery of mRNA vaccines with heterocyclic lipids increases anti-tumor efficacy by STING-mediated immune cell activation,65:0.5:27.5:7,A2-Iso5-2DC18,DOPE,cholesterol,C14-PEG2000,65.0,7.0,27.5,0.5,100.0,0.0,doi_lookup,high,True,True,True,True,True,False
966,https://doi.org/10.1038/s41587-019-0247-3,Delivery of mRNA vaccines with heterocyclic lipids increases anti-tumor efficacy by STING-mediated immune cell activation,65:2.5:7.5:25,A2-Iso5-2DC18,DOPE,cholesterol,C14-PEG2000,65.0,25.0,7.5,2.5,100.0,0.0,doi_lookup,high,True,True,True,True,True,False
967,https://doi.org/10.1038/s41587-019-0247-3,Delivery of mRNA vaccines with heterocyclic lipids increases anti-tumor efficacy by STING-mediated immune cell activation,50:1.5:32.5:16,A2-Iso5-2DC18,DOPE,cholesterol,C14-PEG2000,50.0,16.0,32.5,1.5,100.0,0.0,doi_lookup,high,True,True,True,True,True,False
968,https://doi.org/10.1038/s41587-019-0247-3,Delivery of mRNA vaccines with heterocyclic lipids increases anti-tumor efficacy by STING-mediated immune cell activation,50:1.5:32.5:16,A2-Iso5-2DC18,DOPE,cholesterol,C14-PEG2000,50.0,16.0,32.5,1.5,100.0,0.0,doi_lookup,high,True,True,True,True,True,False
969,https://doi.org/10.1038/s41587-019-0247-3,Delivery of mRNA vaccines with heterocyclic lipids increases anti-tumor efficacy by STING-mediated immune cell activation,71.2:1.5:11.3:16,A2-Iso5-2DC18,DOPE,cholesterol,C14-PEG2000,71.2,16.0,11.3,1.5,100.0,0.0,doi_lookup,high,True,True,True,True,True,False
970,https://doi.org/10.1038/s41587-019-0247-3,Delivery of mRNA vaccines with heterocyclic lipids increases anti-tumor efficacy by STING-mediated immune cell activation,50:1.5:32.5:16,A2-Iso5-2DC18,DOPE,cholesterol,C14-PEG2000,50.0,16.0,32.5,1.5,100.0,0.0,doi_lookup,high,True,True,True,True,True,False
971,https://doi.org/10.1038/s41587-019-0247-3,Delivery of mRNA vaccines with heterocyclic lipids increases anti-tumor efficacy by STING-mediated immune cell activation,28.8:1.5:53.7:16,A2-Iso5-2DC18,DOPE,cholesterol,C14-PEG2000,28.8,16.0,53.7,1.5,100.0,0.0,doi_lookup,high,True,True,True,True,True,False
972,https://doi.org/10.1038/s41587-019-0247-3,Delivery of mRNA vaccines with heterocyclic lipids increases anti-tumor efficacy by STING-mediated immune cell activation,65:2.5:25.5:7,A2-Iso5-2DC18,DOPE,cholesterol,C14-PEG2000,65.0,7.0,25.5,2.5,100.0,0.0,doi_lookup,high,True,True,True,True,True,False
973,https://doi.org/10.1038/s41587-019-0247-3,Delivery of mRNA vaccines with heterocyclic lipids increases anti-tumor efficacy by STING-mediated immune cell activation,50:1.5:32.5:16,A2-Iso5-2DC18,DOPE,cholesterol,C14-PEG2000,50.0,16.0,32.5,1.5,100.0,0.0,doi_lookup,high,True,True,True,True,True,False
974,https://doi.org/10.1038/s41587-019-0247-3,Delivery of mRNA vaccines with heterocyclic lipids increases anti-tumor efficacy by STING-mediated immune cell activation,35:2.5:55.5:7,A2-Iso5-2DC18,DOPE,cholesterol,C14-PEG2000,35.0,7.0,55.5,2.5,100.0,0.0,doi_lookup,high,True,True,True,True,True,False
975,https://doi.org/10.1038/s41587-019-0247-3,Delivery of mRNA vaccines with heterocyclic lipids increases anti-tumor efficacy by STING-mediated immune cell activation,50:1.5:45.2:3.3,A2-Iso5-2DC18,DOPE,cholesterol,C14-PEG2000,50.0,3.3,45.2,1.5,100.0,0.0,doi_lookup,high,True,True,True,True,True,False
976,https://doi.org/10.1038/s41587-019-0247-3,Delivery of mRNA vaccines with heterocyclic lipids increases anti-tumor efficacy by STING-mediated immune cell activation,50:1.5:32.5:16,A2-Iso5-2DC18,DOPE,cholesterol,C14-PEG2000,50.0,16.0,32.5,1.5,100.0,0.0,doi_lookup,high,True,True,True,True,True,False
977,https://doi.org/10.1038/s41587-019-0247-3,Delivery of mRNA vaccines with heterocyclic lipids increases anti-tumor efficacy by STING-mediated immune cell activation,35:0.5:39.5:25,A2-Iso5-2DC18,DOPE,cholesterol,C14-PEG2000,35.0,25.0,39.5,0.5,100.0,0.0,doi_lookup,high,True,True,True,True,True,False
978,https://doi.org/10.1038/s41587-019-0247-3,Delivery of mRNA vaccines with heterocyclic lipids increases anti-tumor efficacy by STING-mediated immune cell activation,50:1.5:19.8:28.7,A2-Iso5-2DC18,DOPE,cholesterol,C14-PEG2000,50.0,28.7,19.8,1.5,100.0,0.0,doi_lookup,high,True,True,True,True,True,False
979,https://doi.org/10.1038/s41587-019-0247-3,Delivery of mRNA vaccines with heterocyclic lipids increases anti-tumor efficacy by STING-mediated immune cell activation,65:0.5:9.5:25,A2-Iso5-2DC18,DOPE,cholesterol,C14-PEG2000,65.0,25.0,9.5,0.5,100.0,0.0,doi_lookup,high,True,True,True,True,True,False
980,https://doi.org/10.1038/s41587-019-0247-3,Delivery of mRNA vaccines with heterocyclic lipids increases anti-tumor efficacy by STING-mediated immune cell activation,50:0.1:33.9:16,A2-Iso5-2DC18,DOPE,cholesterol,C14-PEG2000,50.0,16.0,33.9,0.1,100.0,0.0,doi_lookup,high,True,True,True,True,True,False
981,https://doi.org/10.1038/s41587-019-0247-3,Delivery of mRNA vaccines with heterocyclic lipids increases anti-tumor efficacy by STING-mediated immune cell activation,35:2.5:46.5:16,A2-Iso5-2DC18,DOPE,cholesterol,C14-PEG2000,35.0,16.0,46.5,2.5,100.0,0.0,doi_lookup,high,True,True,True,True,True,False
982,https://doi.org/10.1038/s41587-019-0247-3,Delivery of mRNA vaccines with heterocyclic lipids increases anti-tumor efficacy by STING-mediated immune cell activation,50:1.5:23.5:25,A2-Iso5-2DC18,DOPE,cholesterol,C14-PEG2000,50.0,25.0,23.5,1.5,100.0,0.0,doi_lookup,high,True,True,True,True,True,False
983,https://doi.org/10.1038/s41587-019-0247-3,Delivery of mRNA vaccines with heterocyclic lipids increases anti-tumor efficacy by STING-mediated immune cell activation,35:2.5:46.5:16,A2-Iso5-2DC18,DOPE,cholesterol,C14-PEG2000,35.0,16.0,46.5,2.5,100.0,0.0,doi_lookup,high,True,True,True,True,True,False
984,https://doi.org/10.1038/s41587-019-0247-3,Delivery of mRNA vaccines with heterocyclic lipids increases anti-tumor efficacy by STING-mediated immune cell activation,35:2.5:46.5:16,A2-Iso5-2DC18,DOPE,cholesterol,C14-PEG2000,35.0,16.0,46.5,2.5,100.0,0.0,doi_lookup,high,True,True,True,True,True,False
985,https://doi.org/10.1038/s41587-019-0247-3,Delivery of mRNA vaccines with heterocyclic lipids increases anti-tumor efficacy by STING-mediated immune cell activation,35:2.5:37.5:25,A2-Iso5-2DC18,DOPE,cholesterol,C14-PEG2000,35.0,25.0,37.5,2.5,100.0,0.0,doi_lookup,high,True,True,True,True,True,False
986,https://doi.org/10.1038/s41587-019-0247-3,Delivery of mRNA vaccines with heterocyclic lipids increases anti-tumor efficacy by STING-mediated immune cell activation,35:2.5:34.5:28,A2-Iso5-2DC18,DOPE,cholesterol,C14-PEG2000,35.0,28.0,34.5,2.5,100.0,0.0,doi_lookup,high,True,True,True,True,True,False
987,https://doi.org/10.1038/s41587-019-0247-3,Delivery of mRNA vaccines with heterocyclic lipids increases anti-tumor efficacy by STING-mediated immune cell activation,35:2.5:42.5:20,A2-Iso5-2DC18,DOPE,cholesterol,C14-PEG2000,35.0,20.0,42.5,2.5,100.0,0.0,doi_lookup,high,True,True,True,True,True,False
988,https://doi.org/10.1038/s41587-019-0247-3,Delivery of mRNA vaccines with heterocyclic lipids increases anti-tumor efficacy by STING-mediated immune cell activation,50:2.5:37.5:10,A2-Iso5-2DC18,DOPE,cholesterol,C14-PEG2000,50.0,10.0,37.5,2.5,100.0,0.0,doi_lookup,high,True,True,True,True,True,False
989,https://doi.org/10.1038/s41587-019-0247-3,Delivery of mRNA vaccines with heterocyclic lipids increases anti-tumor efficacy by STING-mediated immune cell activation,45:2.5:36.5:16,A2-Iso5-2DC18,DOPE,cholesterol,C14-PEG2000,45.0,16.0,36.5,2.5,100.0,0.0,doi_lookup,high,True,True,True,True,True,False
990,https://doi.org/10.1038/s41587-019-0247-3,Delivery of mRNA vaccines with heterocyclic lipids increases anti-tumor efficacy by STING-mediated immune cell activation,45:2.5:42.5:10,A2-Iso5-2DC18,DOPE,cholesterol,C14-PEG2000,45.0,10.0,42.5,2.5,100.0,0.0,doi_lookup,high,True,True,True,True,True,False
991,https://doi.org/10.1038/s41587-019-0247-3,Delivery of mRNA vaccines with heterocyclic lipids increases anti-tumor efficacy by STING-mediated immune cell activation,35:1.5:47.5:16,A2-Iso5-2DC18,DOPE,cholesterol,C14-PEG2000,35.0,16.0,47.5,1.5,100.0,0.0,doi_lookup,high,True,True,True,True,True,False
992,https://doi.org/10.1038/s41587-019-0247-3,Delivery of mRNA vaccines with heterocyclic lipids increases anti-tumor efficacy by STING-mediated immune cell activation,35:2.8:46.2:16,A2-Iso5-2DC18,DOPE,cholesterol,C14-PEG2000,35.0,16.0,46.2,2.8,100.0,0.0,doi_lookup,high,True,True,True,True,True,False
1005,10.1002/smll.201805097,Branched-Tail Lipid Nanoparticles Potently Deliver mRNA In Vivo due to Enhanced Ionization at Endosomal pH,35:16:46.5:2.5 (ionizable_lipid:cholesterol:DOPE:C14-mPEG2000),Custom lipid,DOPE,cholesterol,C14-PEG2000,35.0,16.0,46.5,2.5,100.0,0.0,doi_lookup,high,True,True,True,True,True,False
1006,10.1002/smll.201805097,Branched-Tail Lipid Nanoparticles Potently Deliver mRNA In Vivo due to Enhanced Ionization at Endosomal pH,35:16:46.5:2.5,Custom lipid,DOPE,cholesterol,C14-PEG2000,35.0,16.0,46.5,2.5,100.0,0.0,doi_lookup,high,True,True,True,True,True,False
1007,10.1002/smll.201805097,Branched-Tail Lipid Nanoparticles Potently Deliver mRNA In Vivo due to Enhanced Ionization at Endosomal pH,35:16:46.5:2.5,Custom lipid,DOPE,cholesterol,C14-PEG2000,35.0,16.0,46.5,2.5,100.0,0.0,doi_lookup,high,True,True,True,True,True,False
1008,10.1002/smll.201805097,Branched-Tail Lipid Nanoparticles Potently Deliver mRNA In Vivo due to Enhanced Ionization at Endosomal pH,35:16:46.5:2.5,Custom lipid,DOPE,cholesterol,C14-PEG2000,35.0,16.0,46.5,2.5,100.0,0.0,doi_lookup,high,True,True,True,True,True,False
1009,10.1002/smll.201805097,Branched-Tail Lipid Nanoparticles Potently Deliver mRNA In Vivo due to Enhanced Ionization at Endosomal pH,35:16:46.5:2.5,Custom lipid,DOPE,cholesterol,C14-PEG2000,35.0,16.0,46.5,2.5,100.0,0.0,doi_lookup,high,True,True,True,True,True,False
1010,10.1002/smll.201805097,Branched-Tail Lipid Nanoparticles Potently Deliver mRNA In Vivo due to Enhanced Ionization at Endosomal pH,35:16:46.5:2.5,Custom lipid,DOPE,cholesterol,C14-PEG2000,35.0,16.0,46.5,2.5,100.0,0.0,doi_lookup,high,True,True,True,True,True,False
1011,10.1002/smll.201805097,Branched-Tail Lipid Nanoparticles Potently Deliver mRNA In Vivo due to Enhanced Ionization at Endosomal pH,35:16:46.5:2.5,Custom lipid,DOPE,cholesterol,C14-PEG2000,35.0,16.0,46.5,2.5,100.0,0.0,doi_lookup,high,True,True,True,True,True,False
1012,10.1002/smll.201805097,Branched-Tail Lipid Nanoparticles Potently Deliver mRNA In Vivo due to Enhanced Ionization at Endosomal pH,35:16:46.5:2.5,Custom lipid,DOPE,cholesterol,C14-PEG2000,35.0,16.0,46.5,2.5,100.0,0.0,doi_lookup,high,True,True,True,True,True,False
1013,10.1002/smll.201805097,Branched-Tail Lipid Nanoparticles Potently Deliver mRNA In Vivo due to Enhanced Ionization at Endosomal pH,35:16:46.5:2.5,Custom lipid,DOPE,cholesterol,C14-PEG2000,35.0,16.0,46.5,2.5,100.0,0.0,doi_lookup,high,True,True,True,True,True,False
1014,10.1002/smll.201805097,Branched-Tail Lipid Nanoparticles Potently Deliver mRNA In Vivo due to Enhanced Ionization at Endosomal pH,35:16:46.5:2.5,Custom lipid,DOPE,cholesterol,C14-PEG2000,35.0,16.0,46.5,2.5,100.0,0.0,doi_lookup,high,True,True,True,True,True,False
1015,10.1002/smll.201805097,Branched-Tail Lipid Nanoparticles Potently Deliver mRNA In Vivo due to Enhanced Ionization at Endosomal pH,35:16:46.5:2.5,Custom lipid,DOPE,cholesterol,C14-PEG2000,35.0,16.0,46.5,2.5,100.0,0.0,doi_lookup,high,True,True,True,True,True,False
1021,10.1073/pnas.1209367109,Nonviral delivery of self-amplifying RNA vaccines,40:2:48:10,DLinDMA,DSPC,cholesterol,DMG-PEG2000,40.0,2.0,48.0,10.0,100.0,0.0,doi_lookup,high,True,True,True,True,True,False
1030,10.1038/s41551-021-00786-x,Optimization of lipid nanoparticles for the delivery of nebulized therapeutic mRNA to the lungs,60:10:2:28,7C1,DOPE,cholesterol,C14-PEG2000,,,,,,,ambiguous_doi,excluded,False,False,False,False,False,False
1032,10.1038/s41551-021-00786-x,Optimization of lipid nanoparticles for the delivery of nebulized therapeutic mRNA to the lungs,60:5:30:5,7C1,DOPE,cholesterol,C14-PEG2000,,,,,,,ambiguous_doi,excluded,False,False,False,False,False,False
1034,10.1038/s41551-021-00786-x,Optimization of lipid nanoparticles for the delivery of nebulized therapeutic mRNA to the lungs,60:15:20:5,7C1,DOPE,cholesterol,C18-PEG2000,,,,,,,ambiguous_doi,excluded,False,False,False,False,False,False
1088,https://dx.doi.org/10.1021/acs.nanolett.0c01386,Deconvoluting Lipid Nanoparticle Structure for Messenger RNA Delivery,50:1.5:38.5:10,DLin-MC3-DMA,DSPC,cholesterol,DMG-PEG2000,50.0,1.5,38.5,10.0,100.0,0.0,doi_lookup,high,True,True,True,True,True,False
1089,https://dx.doi.org/10.1021/acs.nanolett.0c01386,Deconvoluting Lipid Nanoparticle Structure for Messenger RNA Delivery,50:1.5:38.5:10,DLin-MC3-DMA,DSPC,¥â-sitosterol,DMG-PEG2000,50.0,1.5,38.5,10.0,100.0,0.0,doi_lookup,high,True,True,True,True,True,False
1090,https://dx.doi.org/10.1021/acs.nanolett.0c01386,Deconvoluting Lipid Nanoparticle Structure for Messenger RNA Delivery,50:1.5:38.5:10,DLin-MC3-DMA,DSPC,fucosterol,DMG-PEG2000,50.0,1.5,38.5,10.0,100.0,0.0,doi_lookup,high,True,True,True,True,True,False
1091,https://dx.doi.org/10.1021/acs.nanolett.0c01386,Deconvoluting Lipid Nanoparticle Structure for Messenger RNA Delivery,50:1.5:38.5:10,DLin-MC3-DMA,DSPC,campesterol,DMG-PEG2000,50.0,1.5,38.5,10.0,100.0,0.0,doi_lookup,high,True,True,True,True,True,False
1092,https://dx.doi.org/10.1021/acs.nanolett.0c01386,Deconvoluting Lipid Nanoparticle Structure for Messenger RNA Delivery,50:1.5:38.5:10,DLin-MC3-DMA,DSPC,stigmastanol,DMG-PEG2000,50.0,1.5,38.5,10.0,100.0,0.0,doi_lookup,high,True,True,True,True,True,False
