bootstrap_iteration,macro_mae_improvement_vs_baseline_pct
1,26.142877895004034
2,28.161686517776047
3,11.334249708040659
4,30.446967290869473
5,35.38057376582161
6,30.388396938393196
7,9.383894954825427
8,22.18304833279056
9,31.531076210486724
10,21.904810318859393
11,33.59151369103826
12,22.560575705659318
13,33.91391427980969
14,28.972410562538503
15,39.76621273448811
16,36.8761041177374
17,32.33552775814328
18,36.81540617320281
19,23.97889195003318
20,39.56578733146537
21,22.981697684856965
22,31.3944247040945
23,18.416164224357804
24,34.99611303100899
25,22.755560916137096
26,28.945574916703347
27,11.148187721716775
28,17.559989708435495
29,47.94102730394749
30,26.361589561346012
31,33.2177094451325
32,33.88055509339441
33,31.965043015769805
34,27.41862647030917
35,26.708491621720917
36,33.008362428306576
37,28.750910581181078
38,23.675919001958057
39,23.659494383621922
40,31.191623839194083
41,23.042856689551634
42,28.869786644053367
43,40.98683537190785
44,20.618272804585278
45,28.993751202429834
46,18.398965413121783
47,29.600552780044588
48,39.97397388291261
49,30.204243087139538
50,31.232117652096775
51,28.107610941350504
52,33.9204261278526
53,37.82238524740616
54,32.06517248402963
55,35.86720911947713
56,33.88714601985025
57,23.874293898115692
58,29.161306459940633
59,39.947608185452644
60,26.432605234937114
61,17.872118271937833
62,20.780768424540145
63,39.07664635373277
64,30.906379105560536
65,36.021604298922405
66,29.66505272535478
67,28.720536920433165
68,24.473557597791363
69,27.725370053896203
70,16.255330568442805
71,23.896869687092245
72,30.823001335558935
73,25.579012430026356
74,7.526501015495375
75,23.94039636409476
76,23.814026218763445
77,32.316115295547746
78,25.230446422314223
79,31.708756431683263
80,39.71269585782495
81,30.085126682801317
82,22.26121933036221
83,19.60862399773741
84,30.087820553208232
85,15.02544624588702
86,33.34523936687214
87,28.214257372023173
88,32.1410492752164
89,31.086527243168884
90,33.70160478917214
91,28.115072491191924
92,23.193334163646558
93,20.019645578672172
94,31.4956333547293
95,25.32194922095688
96,25.673568903902243
97,34.84339811340208
98,32.6104476869549
99,27.040864971697733
100,36.255355256160335
101,40.00225293931712
102,18.49293835037028
103,32.478304602377406
104,16.074889432786083
105,12.777797363539326
106,39.87951770203006
107,29.446433043758763
108,23.40758921735197
109,15.611478208020324
110,19.33832376195201
111,17.02661286964133
112,28.085876258494007
113,37.688932849923894
114,31.72528618380773
115,23.592466078388245
116,35.98283305018835
117,12.578856590384367
118,28.85769016816964
119,22.755124739012615
120,35.967451666674144
121,28.405256903357593
122,21.242837272890316
123,35.24460231191845
124,36.556781783024746
125,25.339706120986918
126,33.83692130937396
127,38.2890894014469
128,21.885233463269724
129,21.847889770899627
130,26.480922990101373
131,32.80614172209949
132,15.210772976849642
133,22.503695173806747
134,30.90184345991464
135,32.27847720263185
136,32.85189254962771
137,24.61157886884701
138,25.026081815373296
139,23.42405161334392
140,42.91966859471847
141,27.105310961702486
142,18.274550659658146
143,32.43399268093188
144,38.02270523508248
145,32.07591492900995
146,25.74815420940205
147,27.03647375372009
148,40.22491474493573
149,33.17294189521119
150,27.984463062293102
151,21.665241518417275
152,23.5702883933289
153,37.6285411262503
154,31.592594182260747
155,27.997464401986456
156,28.177600765577385
157,31.709762612038823
158,23.806334751857623
159,30.77048619822402
160,32.2121485155389
161,31.226329321762805
162,41.081867101643915
163,35.57840131975926
164,40.96020425297574
165,33.70724349752665
166,21.81494740068296
167,39.70177601932124
168,40.07507850867173
169,34.539000576435996
170,34.607035455434854
171,26.296287909963922
172,40.16842297811987
173,31.384877678073366
174,29.740724695973967
175,39.35305753722861
176,29.756922487571604
177,26.2873543671209
178,14.791156796608423
179,36.55534060388129
180,28.882441063490266
181,21.58152682309609
182,29.67649198616175
183,32.4710194307134
184,13.78460376031965
185,34.34548269787588
186,23.681382363158168
187,29.6427848681753
188,23.0357092061356
189,44.989473071285815
190,15.437855545633427
191,29.239502878465107
192,19.039677993793006
193,23.86925089321914
194,31.18314726548812
195,23.47555100324611
196,45.76197405718901
197,36.28860078782493
198,30.27248048267303
199,19.35614350085996
200,30.17876162843622
201,37.69819316489476
202,36.6933444327331
203,27.95199908606062
204,29.306714437694215
205,35.54096903523425
206,34.43831017719839
207,26.052246757904868
208,23.02327564464123
209,29.735869464181647
210,26.613715137423135
211,12.336805132572128
212,22.288731334791397
213,27.586889489858414
214,33.81120337907637
215,27.775922897202268
216,36.549709178661985
217,16.812146514953074
218,24.67498485372042
219,29.978590640828013
220,27.44788221001767
221,15.462996623684692
222,21.923232429634
223,20.77368425907496
224,29.789272361307138
225,41.06684259816542
226,36.315594647674295
227,24.287642674737313
228,33.416692574327456
229,16.018443442396933
230,21.369930523664856
231,29.523604393517125
232,25.501281686512755
233,32.67819849516438
234,32.85376294952155
235,30.143700428363324
236,37.82287079719891
237,37.72084979523287
238,38.718094763751836
239,25.632861278080544
240,32.86965196543979
241,39.75024867812648
242,36.75271255314008
243,30.523421112961444
244,31.124992028487956
245,25.29124547546673
246,34.768442701045785
247,33.751283520782586
248,33.45048762187407
249,25.773663073775882
250,29.089026778624483
251,31.627757940269802
252,29.859338557828345
253,32.41366290785211
254,25.613548975985438
255,44.698580971168234
256,26.016833712580514
257,23.80225151938888
258,29.45819056418926
259,26.659322938552823
260,37.703260300090975
261,26.85596882033438
262,26.95405474448278
263,30.181010157248437
264,22.32994386296547
265,29.91144812040349
266,27.405733454317478
267,21.562537537513712
268,48.72710240743196
269,14.651621463911319
270,15.643598108265337
271,27.47961514630849
272,24.94903826632646
273,24.189306850871095
274,26.8264459286442
275,28.702765847841402
276,24.7198310653846
277,24.599640915207004
278,30.97321253161134
279,26.895948114417486
280,23.204024146217463
281,27.69723848703101
282,25.395329677401804
283,38.68337434955312
284,24.19148917798637
285,28.329858591307545
286,23.30460150619133
287,26.405614945815472
288,18.799731785122948
289,28.62082548973781
290,28.33386034583443
291,26.85156922999673
292,28.062700164859415
293,17.634565004587223
294,35.24954807162966
295,35.036091103319485
296,25.30402684998912
297,34.77480276303974
298,37.24962135401923
299,31.709185358111558
300,12.01318435177892
301,32.595240100742984
302,34.72632524124327
303,26.2136546597763
304,39.841257210458515
305,42.17729051448197
306,42.950650150146885
307,31.9606800828341
308,43.95238318415087
309,39.08787835547866
310,34.69288727693686
311,36.67213607461415
312,35.20797048101216
313,26.49524253775058
314,26.571997116325836
315,25.55717852771212
316,28.045104286387087
317,30.9169301424408
318,34.67799205182235
319,13.580671655760128
320,7.768472177105572
321,37.26151097115382
322,40.161379764545025
323,39.82036369696919
324,30.9261997375693
325,31.774195493081127
326,26.171458585127798
327,27.64112967034883
328,24.837402542672592
329,25.342482712926657
330,24.62177720101729
331,17.810880807979398
332,30.608432078505427
333,40.821451247612245
334,23.15437594807049
335,27.482696100891484
336,21.077302693061817
337,28.966138040761724
338,27.776048428707437
339,30.62921190453723
340,35.046016372053835
341,25.111024300815444
342,25.870399263860246
343,39.44542262545814
344,43.78493276120917
345,22.161160885142472
346,30.724854895798323
347,37.92320262818972
348,35.28658928596023
349,33.84734498946016
350,36.01590666051486
351,36.7337926050315
352,15.762405818507705
353,22.805554778608983
354,27.735269379553618
355,26.32985573326925
356,29.106642247833825
357,31.988518175368775
358,19.08476509655397
359,36.13088019266441
360,42.41049917065626
361,13.752520087154803
362,26.602679800244534
363,16.42442595526981
364,33.43203346602486
365,40.66710007380914
366,29.1953254294618
367,32.043873351025226
368,21.924777051436912
369,34.34549385201405
370,37.07650785991221
371,28.337459531206942
372,24.628410977093647
373,21.61799808857224
374,33.87628579851387
375,40.40367663478665
376,33.13196272675981
377,32.03083487592625
378,24.445757505314795
379,20.31695086974981
380,29.972537471767193
381,16.584284205297315
382,26.35632701155398
383,18.87515485421448
384,40.09382072598154
385,31.028085924340704
386,31.14026305913304
387,24.457522528679004
388,25.712583718456916
389,15.113807593651106
390,25.222016171775433
391,25.235939381373306
392,31.026192538815263
393,30.064594629580405
394,22.755284628534575
395,29.620521055107837
396,32.770127366945175
397,34.042403928965186
398,11.460489427537949
399,29.76278738421898
400,42.5963257599738
401,43.57877411951074
402,27.921214443306738
403,25.767726497865414
404,35.836314336080925
405,35.27672947194647
406,27.028703536260803
407,31.708748939781664
408,29.967686412378093
409,33.42458023192911
410,15.844690109525407
411,33.61410901203834
412,17.941792008361436
413,15.08657791212661
414,25.403663853276406
415,29.045289874037582
416,31.639976630200838
417,18.994558189133613
418,25.20754943078863
419,36.825722335434236
420,27.912414712644434
421,24.517364692072245
422,47.24744258408255
423,41.332554502831584
424,29.445649658430835
425,17.901368566554016
426,29.365824440909257
427,22.23918075800361
428,20.13393946698129
429,27.133685176654744
430,19.09196166948428
431,24.54093819703561
432,19.99043112327207
433,29.249666063728366
434,35.68199553162739
435,28.832018507073375
436,35.17625940048625
437,25.619980510180984
438,34.49298544932208
439,25.808800859476822
440,30.421041742816673
441,27.882849513259316
442,28.56023030357358
443,35.205162701424534
444,21.24535840859058
445,23.193037179132215
446,16.79277847407503
447,24.386825261574838
448,24.065234062352445
449,29.869304647509022
450,26.77964962866816
451,28.453214118678122
452,38.10224263408346
453,29.041416820840908
454,23.949949889120393
455,24.013458368303738
456,36.44117138709837
457,30.956598291372867
458,37.998715390078104
459,31.65986882686885
460,41.21891235967809
461,28.925906261366077
462,8.225027521975921
463,31.38438523056988
464,28.543421822420886
465,37.095919029024635
466,29.044285105221807
467,38.87084251914277
468,32.35816243518053
469,23.830242295400463
470,35.184650528620104
471,28.632081440598714
472,15.506034671970623
473,40.358789264094824
474,31.741865456015574
475,25.567081872138075
476,29.620730503624593
477,33.168726208041136
478,39.49148839484532
479,36.03947037246854
480,20.502889347789285
481,27.975448170290242
482,25.92381699025122
483,41.08523191970402
484,22.51595123688633
485,28.571145277834763
486,20.16940338544568
487,30.250116915471
488,33.17187983189771
489,21.02605424651423
490,29.53435942687333
491,21.777343586187566
492,24.973405203436425
493,31.47871190685497
494,17.558217018903253
495,26.25663316362983
496,38.54698623156002
497,33.01560177039412
498,16.89186227401516
499,41.517442386196635
500,34.42087207392578
501,46.64963860470522
502,42.79655526047684
503,31.123428256890303
504,14.73752807064852
505,35.14700630154182
506,27.539497812920864
507,26.039470740889474
508,26.165586731320712
509,41.109005278636474
510,37.09782566358357
511,28.683299088901077
512,25.45434132416023
513,30.638397848538403
514,20.617778082510966
515,28.838468389130057
516,37.96215979700226
517,30.987402507737634
518,43.42486661957002
519,33.28321887383312
520,18.072883327113438
521,13.597285915192256
522,25.705513881828352
523,28.64771391483818
524,19.54622948686654
525,34.408015088887815
526,28.662585312903012
527,23.920422024991105
528,30.013804872462988
529,28.50908114638147
530,35.90993436667247
531,27.218196966463793
532,6.181851119150642
533,27.371808636015075
534,30.36889419172702
535,28.23580270197906
536,28.37492388570835
537,34.90558820258587
538,23.56671453290696
539,24.60498249211857
540,34.63316447005731
541,25.01624660444493
542,27.05346129025436
543,27.882492995159673
544,29.82536010248717
545,25.012834165083877
546,32.69713145024127
547,35.27362252131287
548,15.058989757777328
549,30.936471828551674
550,26.807576741764187
551,26.313989552193938
552,37.14863378876908
553,23.775110305042926
554,38.24443540241023
555,34.982958490055665
556,33.27507357596842
557,26.70286732500582
558,35.184683055913055
559,37.01335490555868
560,20.726833139761716
561,38.7508406934537
562,37.55107656412289
563,45.36233621633927
564,0.24126444268173564
565,20.740417570707145
566,30.81381225861573
567,28.003736970207118
568,27.67358726881105
569,23.974517393455248
570,24.517610648668203
571,27.230712350209235
572,31.714920076598304
573,27.34222929785044
574,29.2837230747059
575,39.5904224468412
576,32.59882864835925
577,28.910425389601034
578,31.38082974806598
579,37.54652119866511
580,22.741230931082583
581,30.48237284206289
582,33.900583869721714
583,32.29155731685066
584,27.136998727918296
585,26.248378788766473
586,32.5929447508062
587,23.491409346468206
588,21.338483115107895
589,23.74398770381348
590,29.135269657305674
591,18.995516798272686
592,14.749277307617744
593,28.01169213212645
594,33.7125165751086
595,37.430713711014675
596,21.126920414787044
597,43.52638806426178
598,21.795360290978614
599,28.489102814948396
600,37.121635031923496
601,40.01426549679774
602,26.713733587417856
603,36.28321222736347
604,35.97938808778622
605,31.42596467502021
606,27.096012315077832
607,31.307607957659965
608,37.09456787603595
609,27.711396298494247
610,24.063850855731804
611,32.81134044411315
612,15.93005167151631
613,33.6227140714852
614,43.61689845312159
615,21.81251828510531
616,27.478826960610405
617,26.071526109050218
618,45.99786285375208
619,25.210174642301364
620,33.11773661072854
621,33.308172739450555
622,23.296190577365252
623,30.859788368795773
624,23.30359451798175
625,23.95364999214734
626,20.20243083904353
627,19.425730995420345
628,28.723530932308893
629,29.341995738861687
630,37.002366464879195
631,36.47842215586814
632,26.706035688614552
633,36.0176492235888
634,37.79400214549164
635,28.200065981469038
636,26.860562794949907
637,21.20263412547117
638,24.447704219210333
639,42.98977915210884
640,14.137378490797593
641,17.890697971501094
642,34.837775575156485
643,28.579214824845664
644,38.717557661312675
645,33.26678361977846
646,24.342837280079017
647,34.38906132792774
648,31.339261041538958
649,33.16848151680311
650,30.537609192893534
651,24.985293207274694
652,24.541794429244465
653,43.466349637457576
654,23.855616169537083
655,32.71349419947502
656,19.156005466626908
657,20.218656335359114
658,29.000564671881346
659,31.972583450897037
660,22.469851035698383
661,31.123984022268772
662,21.62242853076112
663,35.176791003793575
664,25.04933626353534
665,23.283669006634497
666,9.838578580916042
667,31.529877325201525
668,55.65850996419925
669,32.2340770727711
670,23.316859551225715
671,31.465854793173307
672,26.412317387565306
673,26.225905486126102
674,33.87034619809196
675,21.052377266673453
676,37.13678884717904
677,25.960898534621077
678,25.21908647474437
679,24.57341768959064
680,30.07534761385693
681,35.12345955913984
682,33.57930106175681
683,13.470438929745942
684,23.779582627248963
685,29.868178752627824
686,28.698151994229175
687,34.32191632438702
688,13.590557298484843
689,24.654003867532484
690,40.20082303449983
691,22.838388683871592
692,38.52488733857939
693,22.353281353761645
694,41.081522446794956
695,31.08558096675581
696,28.680466656296048
697,27.479293212404507
698,31.321660569344985
699,21.341385067644435
700,28.004273868388097
701,28.358022273292104
702,32.014929433662935
703,42.10823623995366
704,20.506849334055286
705,22.628014508447855
706,10.594963241314556
707,30.117428997424028
708,40.88494283823506
709,31.258124557129044
710,33.33730371997312
711,41.652677163521126
712,30.874541545244586
713,34.28845335491398
714,22.350492220988375
715,25.831819882232406
716,21.963875019066066
717,25.889656172487204
718,33.53307753766211
719,25.977747041577786
720,12.041318071305687
721,1.3285221528549358
722,20.716256770344618
723,37.47213407703528
724,26.496489971722195
725,27.693749104171022
726,22.970017092803936
727,31.691950145029114
728,33.75176655675814
729,26.894801578263788
730,49.394830063042285
731,15.245043528173442
732,24.378218466266592
733,26.790488473166178
734,42.25783560027201
735,36.23647759541219
736,39.73721964007595
737,40.663714622390735
738,25.309760918055346
739,42.144923237383956
740,26.929390330980407
741,34.16262583938677
742,38.7976931140149
743,31.703175401160433
744,45.48334216080998
745,28.38259823251332
746,38.066085017257954
747,24.27571233963736
748,28.883967986747376
749,34.923539951079924
750,26.584725909255447
751,20.877313034969184
752,20.175795328831665
753,22.109163079594158
754,17.46100253846451
755,18.632302925973306
756,20.77192631792804
757,34.33606991784059
758,25.108803278950198
759,40.45807205125131
760,25.91050037903661
761,33.93223035522372
762,31.177002583870195
763,38.01639889662507
764,45.756580107282666
765,43.06637264958776
766,34.704532579668545
767,30.70141942564368
768,29.992148339974854
769,31.64291772410394
770,31.342109137594818
771,36.97504383245084
772,31.30669146280297
773,18.232055963908607
774,33.04023574209529
775,24.685163633248354
776,23.099844793789174
777,28.277508236039303
778,27.643563208647844
779,29.265393107796545
780,24.522337936659355
781,14.672486361952588
782,15.808533060140547
783,30.055859332136027
784,39.24004462288094
785,24.412412225680267
786,38.27028299972021
787,33.031702510429234
788,27.738584521433406
789,29.17716273014546
790,7.688321591495319
791,26.45862192049333
792,40.19642532707178
793,25.773778566918526
794,7.084854830862385
795,14.067997067248799
796,23.777663340778798
797,30.462518430999026
798,45.446482886555295
799,40.39238866740682
800,22.115233717051602
801,15.286985045326634
802,5.196314756953614
803,33.465341589279824
804,28.702914614070583
805,35.4233867819812
806,30.92914867282505
807,27.86575915219978
808,42.47775795688586
809,27.461816129497937
810,24.00912122861884
811,32.74197636878193
812,31.9918006853492
813,32.408347225835385
814,26.495109546068417
815,15.687451782835003
816,15.994170937623457
817,20.33521863082566
818,39.7935186276213
819,27.81452935340098
820,33.69515729980314
821,31.27635423487243
822,41.223947530043525
823,34.38283452513294
824,38.292964900085565
825,12.78088927777979
826,46.21310381404207
827,25.142819004329493
828,27.698709240257557
829,16.243631388666664
830,17.027953037877133
831,32.597572867773415
832,26.68930931528514
833,32.77600468176517
834,23.533458553235203
835,31.850672491381065
836,42.88827037868339
837,26.179180981479824
838,37.96027869788882
839,38.04322088228415
840,35.21027110797001
841,25.421686818894955
842,39.880569108940364
843,18.905561252504025
844,34.34017928278793
845,21.670174678982804
846,41.870172708040016
847,26.110561960590093
848,22.396843079183725
849,47.8385238035416
850,24.588684703002517
851,28.12799438503736
852,24.336118953139398
853,23.655009482757475
854,24.04104356134894
855,35.23940454964854
856,30.629192840054866
857,20.520443486533495
858,10.93027901362304
859,32.52277595315152
860,35.0218765911781
861,34.759471544434845
862,18.86314932009871
863,29.982494649748958
864,27.865996071789336
865,34.81264290730615
866,25.436507350936072
867,25.661540764144622
868,30.60955403346482
869,28.703424209877735
870,28.166557721807084
871,18.599121080558636
872,19.605569583923902
873,18.58476092444547
874,18.89505824126367
875,27.982628787008974
876,39.13179304627667
877,12.16217761780735
878,21.912810175922623
879,17.34966701842864
880,31.333460987720564
881,25.014165627110557
882,18.310665263764243
883,25.253219673291735
884,29.29703978626659
885,42.6642574026544
886,24.9510852588909
887,33.159458655092514
888,42.071042090243424
889,25.920134220258948
890,36.56126029509782
891,25.804853051523267
892,20.858895960364933
893,22.644470735944644
894,28.717137974897454
895,18.397406260780482
896,35.04006760440206
897,20.755298649095856
898,26.701198336288137
899,13.453857250563333
900,25.41871893844075
901,29.085199064004616
902,29.439984012462606
903,30.821485102996487
904,27.222442356680475
905,35.001501742685235
906,45.12484205662407
907,36.51523130242406
908,17.06035693609303
909,31.555508200437913
910,16.59151359570507
911,23.123792895225797
912,26.500761824886386
913,33.034637345557215
914,40.790862530417144
915,24.69559245912186
916,30.764840611394707
917,25.053205447181902
918,32.95667431563177
919,24.173710635764124
920,19.22294986826649
921,43.82054918006194
922,34.55878561428214
923,44.58583459808439
924,30.405035669159297
925,27.267227381676648
926,11.578525359802946
927,37.972860547598614
928,17.11587098131966
929,19.715278861127874
930,33.852791825628586
931,34.669415783927676
932,32.2219025371091
933,33.87360451854848
934,34.57370400141902
935,34.27218911579817
936,19.499112410959988
937,23.62911776587307
938,26.152189027907927
939,46.74357489606117
940,17.547856965710434
941,28.958563726148594
942,32.762907719452365
943,31.26578184324821
944,19.41516785646767
945,28.52681033756446
946,9.329544816808411
947,33.29337383263231
948,19.71793663037911
949,35.65780243522486
950,38.05612534583019
951,36.19171776684128
952,27.20040232564542
953,45.604454197895144
954,27.72829060004709
955,34.83265842942138
956,28.59469915179704
957,27.970286996195064
958,26.309285793001443
959,20.14375324879625
960,23.38381716810932
961,33.93834738750815
962,39.38716221495492
963,17.738828005377247
964,23.768819099468626
965,22.460354378051544
966,34.81203021811103
967,28.655931812125424
968,15.043569546496274
969,32.588243289402776
970,25.606923572358767
971,20.48578291990782
972,34.97046973099766
973,35.745364071858795
974,32.850610232296866
975,26.23380215995839
976,33.51316562217345
977,34.90047187592417
978,23.656968430497333
979,33.2028482024207
980,14.116075730049406
981,32.57786775446782
982,27.129251582867663
983,40.10719760927353
984,22.665401168508975
985,38.188853797842725
986,34.45395674772699
987,30.699671432106843
988,23.224367417652925
989,26.79836663115429
990,45.13677035558053
991,21.156855961168173
992,29.6768651740113
993,15.08592197640257
994,19.155782526436067
995,40.64196244436494
996,40.05268494247331
997,29.188094400863676
998,27.00290339878648
999,31.50656837157112
1000,22.309628398550014
1001,26.278255473329384
1002,16.091741890322936
1003,24.43306254032706
1004,31.459480198646915
1005,12.98089574130802
1006,30.481761561951128
1007,36.130448653403285
1008,22.069919075118378
1009,34.054473748993345
1010,35.5004888536685
1011,25.172078132998273
1012,21.75786176297091
1013,25.80052495664827
1014,18.662589999618035
1015,42.43247651090185
1016,31.207468209887068
1017,34.56019720732134
1018,32.95490838988021
1019,31.880799117563047
1020,27.21944856746345
1021,30.786621053510277
1022,19.9582448210449
1023,25.45528076443979
1024,36.306119161948175
1025,33.55684628556427
1026,29.018128380761173
1027,30.291969137379176
1028,23.43080521328357
1029,25.32319067847609
1030,30.457038278493016
1031,28.319714561878765
1032,19.24930578172134
1033,28.250442839401924
1034,33.62578964811449
1035,29.35230085204198
1036,32.79070025921916
1037,22.915130830771467
1038,32.07300874454536
1039,32.87570469960846
1040,35.7422944716816
1041,26.62897142001639
1042,20.811322784878843
1043,24.470882077220935
1044,25.61429727699566
1045,22.373334099107016
1046,25.145463641974274
1047,21.553085448999337
1048,23.211474614711076
1049,40.810636311652445
1050,30.257831202043743
1051,43.855990671509254
1052,19.779366462312975
1053,13.892937588233771
1054,17.685458626202806
1055,30.257659426490747
1056,36.26908118716162
1057,38.13194960033043
1058,35.8218474642008
1059,33.028302312282385
1060,26.272117986342682
1061,26.855306294353195
1062,30.138654104729888
1063,41.76357867735555
1064,20.20122548810675
1065,28.57520999930001
1066,19.852829226013004
1067,36.94635657990282
1068,24.589632333239063
1069,25.850973043320437
1070,22.722169838238813
1071,34.489154898918926
1072,35.66007933869742
1073,21.30230953921611
1074,20.905201127067585
1075,17.997486803152942
1076,33.9211885947439
1077,25.664380314666474
1078,21.914730957527805
1079,22.916198879248938
1080,36.81980659918987
1081,22.769428739074087
1082,17.05959618519279
1083,30.00076428062169
1084,17.037486665277143
1085,23.39138388074612
1086,28.67409270457942
1087,33.3593060583439
1088,33.73544129391162
1089,20.0095414154878
1090,36.946828127768185
1091,37.333517877416
1092,20.4614385997609
1093,26.999880796200433
1094,29.1234080912713
1095,32.67259729475616
1096,38.713836675616605
1097,23.04807035935258
1098,37.99125307964534
1099,26.281849719196906
1100,27.44756298433235
1101,15.131062787204657
1102,33.543618219821056
1103,26.135101549144512
1104,21.74839735008383
1105,37.319844139658976
1106,40.65166714753665
1107,13.504377949711214
1108,33.29795470078712
1109,18.428525676546307
1110,32.79566620034476
1111,15.198023129193878
1112,29.1429724310239
1113,31.815637053022762
1114,41.70154772959579
1115,29.296718876336953
1116,34.30667778793044
1117,25.64368354083459
1118,30.613954555566863
1119,31.55671095821861
1120,26.446803980673067
1121,33.420732075940236
1122,26.993085497114
1123,40.467944452414116
1124,18.763075707887122
1125,20.724477686594536
1126,33.67781871241832
1127,34.32801224584992
1128,34.07492025957256
1129,16.640759918047767
1130,29.399674765902976
1131,38.43256696796167
1132,40.48507315778661
1133,30.80069945149011
1134,15.77200695527862
1135,27.546452815281814
1136,33.533583533008226
1137,28.82566702605363
1138,16.397224977269065
1139,21.69495009493256
1140,28.3021568619716
1141,23.62072544528621
1142,26.673568220978677
1143,27.315892537804114
1144,28.980445671339556
1145,27.864711737845838
1146,33.985378188003494
1147,27.572112700515607
1148,35.439223029223285
1149,28.727795661079682
1150,35.76220906688961
1151,26.116738945627226
1152,50.41869274220633
1153,14.734070080375789
1154,33.55279897572327
1155,20.55493173480553
1156,35.23117974247656
1157,29.300748671299758
1158,37.892549022898834
1159,43.808068950942655
1160,25.204823590075176
1161,30.485244264722876
1162,21.828845643165863
1163,17.52928345299587
1164,18.532213999459906
1165,23.0315318945029
1166,21.651819339575486
1167,30.41073825472681
1168,18.622580513827877
1169,34.18011146348965
1170,23.8862276617253
1171,30.3491631201906
1172,34.053092405624064
1173,21.557110342936404
1174,22.663550052416895
1175,19.538405973128427
1176,26.79509594240001
1177,29.891581068727113
1178,23.931398007659634
1179,22.671641617922575
1180,33.320671672175365
1181,22.527650295410538
1182,21.04015157224852
1183,34.58459730453235
1184,24.8179738535331
1185,30.789375639633313
1186,15.552999767206197
1187,34.12497123005986
1188,35.22415534913218
1189,12.2074795195686
1190,40.592977732529384
1191,21.034210626908944
1192,31.312665623178216
1193,20.72247200189421
1194,12.82836675741389
1195,14.04675356478005
1196,17.5665921437803
1197,24.51347985475394
1198,24.727295856747283
1199,18.49268362812156
1200,30.576553739586757
1201,36.81538485337819
1202,25.62759399919439
1203,36.596130536716004
1204,7.6446217375064425
1205,29.352052123842068
1206,34.755187650556394
1207,17.982867305340626
1208,30.946033974323353
1209,31.18384334772895
1210,26.10939295094213
1211,33.4333192117381
1212,16.00535071798011
1213,34.2793392783154
1214,25.14106360065364
1215,37.18669159878382
1216,33.843223708339266
1217,29.379975169186807
1218,29.276428199849462
1219,29.392568255051973
1220,27.18651250773605
1221,26.34390243730004
1222,48.89571134174082
1223,44.835631266847024
1224,18.530755070288606
1225,38.490385398109275
1226,30.98956061652028
1227,17.06465332554957
1228,31.06914198613466
1229,35.136410943218976
1230,32.011065940724684
1231,28.583745278199277
1232,39.71113265078894
1233,28.05493466906559
1234,29.468196758630434
1235,31.59312188248994
1236,44.66492045121326
1237,38.812641760691484
1238,24.849645655174005
1239,31.39550961266217
1240,24.68295208435739
1241,47.91930579780191
1242,18.324646492258974
1243,38.132934216941315
1244,34.95543323036361
1245,39.64993289050966
1246,24.451193199581287
1247,30.231563227242894
1248,22.120020765624105
1249,30.302165978697087
1250,20.12576528303889
1251,27.604539141394156
1252,35.47824666749513
1253,19.58090654790906
1254,20.54207057385383
1255,27.98784957574574
1256,42.04065453162615
1257,28.998712303822057
1258,31.515394965743607
1259,15.794793803351745
1260,34.58270737218
1261,28.586295022256532
1262,32.15334551520399
1263,35.0885741048153
1264,38.17582684115282
1265,32.83185897041065
1266,32.18923313210396
1267,25.785038856067594
1268,35.34247506263639
1269,32.2165117291496
1270,40.66880613907096
1271,41.509444198237375
1272,16.991833314729227
1273,43.338005050532615
1274,33.03393033043544
1275,30.218873614297422
1276,23.013087934177268
1277,20.977231883403043
1278,28.955701078232767
1279,21.987835905194512
1280,17.458104717140912
1281,17.982268901604883
1282,18.51310784373927
1283,21.5216589692008
1284,25.143823887479094
1285,25.223023112875442
1286,26.385358056113898
1287,29.760786093165585
1288,41.07200400010091
1289,20.090637077561713
1290,43.21971221276759
1291,21.575272791582407
1292,35.85669857499509
1293,15.475167999519213
1294,28.05521356157568
1295,30.23099584767866
1296,32.803116444196995
1297,27.572121638617915
1298,31.529460402246432
1299,38.804407317697994
1300,19.72876178481512
1301,43.648631507522445
1302,23.259721253587166
1303,31.690297487565044
1304,38.31052809624485
1305,23.450858844467692
1306,-0.04113095498495505
1307,22.989140055038856
1308,26.87556212134351
1309,29.864393337456914
1310,32.462756497076334
1311,18.60903879364635
1312,32.25576349505075
1313,19.819859451151554
1314,36.8891344124706
1315,21.218413115801397
1316,21.739259578653222
1317,27.653084226054393
1318,37.829230902739646
1319,30.63170125276491
1320,32.4579951710594
1321,34.64834562259736
1322,27.401758039585648
1323,30.23876153924635
1324,31.77714276565891
1325,22.707634614776847
1326,21.232539215018182
1327,30.8289287306674
1328,20.539797524817278
1329,19.49861169358372
1330,37.13542787707887
1331,46.430892502070265
1332,28.54583777516734
1333,32.19289245172115
1334,43.244962205821594
1335,16.804069217109202
1336,20.976516609020333
1337,30.34354880802421
1338,14.257444332827095
1339,27.56803105429991
1340,26.503795989969483
1341,45.074347683697624
1342,33.90727497458184
1343,36.31789310557581
1344,23.790681831826298
1345,25.331634945564957
1346,35.73719195919882
1347,26.650899457340625
1348,32.305940774416776
1349,26.160580563500783
1350,23.73615830292789
1351,16.83321506141723
1352,36.2768038398174
1353,38.91303751032726
1354,26.120121725051668
1355,23.32240914327353
1356,34.57347057967845
1357,43.782376996051
1358,28.441344172687966
1359,41.51313570415715
1360,25.350599081791785
1361,33.119691379917505
1362,37.86256994491967
1363,36.6853488422205
1364,43.76898638117014
1365,34.30269780438323
1366,27.91780379607138
1367,34.892880567959054
1368,23.573103653379658
1369,29.6195955488405
1370,27.58173599308025
1371,34.43003620949676
1372,15.11658147431349
1373,23.869359442024503
1374,43.59442686286143
1375,33.93811985763383
1376,37.78248861162569
1377,46.015686620005084
1378,35.78718050124907
1379,37.96326722241027
1380,18.812530933058657
1381,27.4695333945453
1382,25.448358178807162
1383,28.263826928081258
1384,31.917505835539757
1385,22.79098105671004
1386,42.26282528194921
1387,39.52607000638827
1388,23.25476399985317
1389,23.45625629372153
1390,18.759863048232962
1391,11.667699905901967
1392,39.24908524771513
1393,33.84692385791107
1394,29.11083605302356
1395,24.99669250368117
1396,29.333235544778102
1397,38.81015912030148
1398,38.90922154299534
1399,41.58128506335143
1400,36.52379548484448
1401,25.653766411554095
1402,17.703032866870714
1403,32.22134584206259
1404,24.258428085759203
1405,28.83425861645617
1406,29.826893242624237
1407,32.54152848790649
1408,22.011395463729773
1409,25.696521031651844
1410,37.43174152094365
1411,31.025597036284356
1412,21.6161663045995
1413,20.986368665698993
1414,31.960259744303688
1415,29.28757155541908
1416,23.557345639163348
1417,27.584901495461903
1418,22.987946547128594
1419,38.24092786944896
1420,29.135021950526422
1421,33.9308123342577
1422,41.92796097995177
1423,22.235895781941238
1424,25.9444673303318
1425,20.955809876910507
1426,34.588646591416804
1427,9.616025670797399
1428,30.239846768740023
1429,38.38215836025679
1430,37.83441423550405
1431,21.980992471637823
1432,18.75632546084665
1433,22.68297585738572
1434,28.17453032751933
1435,18.402266864088425
1436,30.723404808861353
1437,36.84358202448532
1438,17.242830110788194
1439,37.376924846226025
1440,20.14547778670375
1441,24.409052039799302
1442,21.956127758600097
1443,31.650869721042593
1444,24.74585290595819
1445,22.22894963661649
1446,17.319763836694403
1447,28.539113446157224
1448,19.847291354589363
1449,36.86922723946589
1450,27.21992578032561
1451,27.84503727432783
1452,42.4904041888799
1453,15.160815005439193
1454,32.08819112475196
1455,32.99182539666514
1456,21.526818803753116
1457,35.74002415874666
1458,37.05951437265234
1459,32.63492618254628
1460,34.84773007416218
1461,22.416737011650444
1462,25.3609491255353
1463,26.454259067494963
1464,32.98485956204915
1465,20.14958992705918
1466,45.17258345344112
1467,31.899193340421583
1468,36.873795978683496
1469,28.661760383840495
1470,27.951664585715328
1471,26.492910365215064
1472,34.179609546021695
1473,33.389709407978785
1474,31.753308709059386
1475,31.57853940583384
1476,16.14196591370356
1477,29.29789218042482
1478,42.66055437869935
1479,35.962917404036595
1480,32.89557379011997
1481,36.171519230746924
1482,12.683625092161984
1483,32.87385130866381
1484,17.444869296775877
1485,27.89680474316441
1486,21.025141435708008
1487,24.630494234240594
1488,28.205303606910814
1489,23.2511235609081
1490,23.446962947168394
1491,32.11553289055367
1492,28.470163128162245
1493,32.776301850624655
1494,17.5674168497124
1495,34.3320014502376
1496,22.50736323142871
1497,20.4420524583971
1498,43.1305172658194
1499,19.65949889629048
1500,19.525693998298543
1501,25.865842402115632
1502,40.411667125004534
1503,23.750748268974917
1504,20.3794670187296
1505,27.80890883486618
1506,23.686281673217884
1507,24.648690158995677
1508,27.850148795234276
1509,30.396525102164443
1510,27.208156451229097
1511,27.335264693231323
1512,20.790318358531817
1513,41.33945243964052
1514,35.05552381760428
1515,25.037040124655622
1516,30.062070151532353
1517,20.655952429479466
1518,37.809797215360774
1519,29.26808303255576
1520,38.02587741119027
1521,42.02095198559842
1522,24.26659011361233
1523,24.513433335941087
1524,37.36696294613188
1525,32.471702016043004
1526,13.41354711215718
1527,22.709996233992815
1528,27.767115841022374
1529,34.23074355798576
1530,21.28629732797856
1531,24.21646636720632
1532,21.590790254793614
1533,30.72813527908761
1534,19.620528391688747
1535,21.75415797389354
1536,25.337888566723812
1537,32.26649983562853
1538,47.536950216879106
1539,30.486978583902975
1540,24.423693254233818
1541,29.163867865707633
1542,9.953891649954562
1543,30.297906082996853
1544,39.577102338255216
1545,24.630258864509138
1546,37.19947726302527
1547,35.912683883626066
1548,36.708494298063414
1549,37.73232524677504
1550,28.68872517120472
1551,28.905499969457768
1552,28.50871581430412
1553,37.081072117022174
1554,37.80931014409626
1555,21.362023001353744
1556,32.67187810878275
1557,28.870302188894655
1558,10.95163310616018
1559,34.26930996894968
1560,33.99335737508272
1561,15.451833591482373
1562,21.412123443269564
1563,24.014690546129565
1564,37.62317233986193
1565,27.271798538365996
1566,33.95343311226853
1567,22.23398663387742
1568,31.66769297184374
1569,36.300320905731894
1570,26.13447867665178
1571,15.536855343155455
1572,25.812231680741846
1573,33.70369138096006
1574,20.113811984575303
1575,28.558075165033355
1576,24.466656495239036
1577,21.458336956407564
1578,29.868854772103006
1579,20.274618579106512
1580,27.265575966338027
1581,30.062797708613775
1582,42.45526969199355
1583,19.09390938666062
1584,31.042963810589242
1585,20.734592442820677
1586,28.129934611395807
1587,23.03622878268837
1588,27.63133546609142
1589,36.27267967510199
1590,24.042133280358357
1591,21.41908182600837
1592,24.197717665035125
1593,29.78935737794565
1594,22.011966544231235
1595,35.467758821923404
1596,25.859876725275324
1597,24.10535927693857
1598,20.770483935915006
1599,32.175716673772406
1600,25.60430249420229
1601,33.77031022057655
1602,33.403469837562
1603,41.87202954303403
1604,27.221393515700267
1605,36.449146921887085
1606,25.622934632471605
1607,44.11012947811776
1608,28.491942647265734
1609,25.07259079355707
1610,34.71514391412287
1611,56.106688938912605
1612,37.73927732762325
1613,27.18078187512732
1614,25.12951769093387
1615,20.10278484032718
1616,44.85182870794753
1617,27.843077967592343
1618,21.493860428214674
1619,26.09972477047739
1620,30.26354034135896
1621,35.01119398034795
1622,38.50768106828115
1623,29.771655940414956
1624,21.79823916588374
1625,27.617197661587422
1626,28.150363698041787
1627,26.367507709306082
1628,16.987508160619214
1629,25.54653326911026
1630,24.383712505066306
1631,40.593133493310134
1632,16.27711128234337
1633,25.05272454313178
1634,23.737700522840736
1635,27.80918958689889
1636,24.27986643971905
1637,24.22686860994187
1638,14.290772493089433
1639,33.669807547759454
1640,38.16322604462532
1641,38.81860707735765
1642,32.639856226519306
1643,33.977280357840684
1644,29.11900227427016
1645,31.831508984719573
1646,21.138001198336433
1647,29.964236422705508
1648,30.15319809829516
1649,20.8509026327487
1650,26.23134786027516
1651,21.198562086593373
1652,23.312457270184492
1653,43.00815443715834
1654,30.55075389392644
1655,25.718539743815843
1656,21.031126685835158
1657,32.176290329218595
1658,31.628406517766727
1659,36.70227713118229
1660,19.12449405245159
1661,30.23251343234629
1662,31.891997774266958
1663,38.283503375301954
1664,17.363798547010333
1665,35.68279870750008
1666,43.12674436970707
1667,17.357854539821723
1668,37.18781948415627
1669,38.12667216536053
1670,38.217920539541424
1671,36.16849804142866
1672,14.73737565892941
1673,10.922126961481379
1674,24.457496097841332
1675,29.726826220802877
1676,22.24095256474724
1677,23.90733700270428
1678,36.789155259259324
1679,29.87184036061504
1680,38.00998538970618
1681,32.564934309833646
1682,41.22346564038874
1683,44.18702840266505
1684,23.813501399978975
1685,32.06158194588595
1686,37.95032077582575
1687,29.99447986288183
1688,22.211760523492234
1689,33.974181504318224
1690,30.1971012112701
1691,31.650697060482788
1692,34.85172369462986
1693,35.068559775556196
1694,35.820787791291714
1695,25.109848946447215
1696,33.56627003686029
1697,27.534553249383414
1698,32.47461141905799
1699,32.45849889740484
1700,24.05819771691632
1701,23.371300206552004
1702,31.626018381176777
1703,21.38766359534098
1704,43.155018721835035
1705,30.845107628335498
1706,40.30115233270447
1707,27.150106991949055
1708,31.714717593145103
1709,26.152208369149328
1710,31.246705599662747
1711,30.51177735751486
1712,33.57514386379346
1713,28.505220193100413
1714,19.004125719630462
1715,33.070926281282155
1716,33.404775146875544
1717,33.87723326409752
1718,29.486955252864384
1719,23.14996218100177
1720,38.157496644460785
1721,37.18903797829187
1722,31.966061020580568
1723,24.323169291481907
1724,30.664590853013827
1725,24.768296122932966
1726,36.22353693371867
1727,17.439718241560115
1728,31.60724024042522
1729,33.51810858429243
1730,25.97807057357676
1731,33.52729597426378
1732,29.31076130658151
1733,44.00788761382068
1734,27.45367082092463
1735,43.23353715003236
1736,22.893402207913713
1737,13.76959419547252
1738,23.843086575174947
1739,27.8317003582057
1740,19.096487357288428
1741,17.911007723576184
1742,24.357381895174978
1743,25.456154465638758
1744,29.8334902740167
1745,31.000049396627645
1746,14.70072854059187
1747,20.51200506744565
1748,27.46452706357992
1749,32.77836954550382
1750,28.923114416590987
1751,30.429567993955228
1752,29.643097625110272
1753,35.67611994441029
1754,26.793002995244095
1755,26.47676648390787
1756,25.90590453729605
1757,27.23322265216057
1758,32.171478992137125
1759,26.405047902074813
1760,26.66183848396441
1761,23.534626552412597
1762,36.07572027472637
1763,10.266768231037943
1764,15.665523138653395
1765,30.05993870217467
1766,34.78827267685257
1767,33.64058423041876
1768,44.32196451964746
1769,34.676843513872385
1770,18.574607367533662
1771,17.44894666927791
1772,19.89365463912183
1773,28.357095827423766
1774,17.593464906125014
1775,33.315223426125776
1776,20.213057443183327
1777,19.888419469100192
1778,29.45376128656387
1779,30.032987087419727
1780,33.267070072398184
1781,50.06036501613433
1782,29.13137402238491
1783,22.15735876975202
1784,27.374940481761282
1785,36.87229195819452
1786,25.33338352564401
1787,27.218564964823166
1788,41.352130121755586
1789,33.438385293000756
1790,30.347827927077798
1791,18.37146657820967
1792,23.392410817142583
1793,41.58697441113107
1794,26.6422213731447
1795,27.028352273706375
1796,25.728229719921615
1797,29.469365240212262
1798,25.043204430477235
1799,36.7516661135555
1800,26.544873553710584
1801,24.31817282688052
1802,27.477814279970858
1803,27.052326153895994
1804,20.883120316039733
1805,38.298343691667625
1806,31.12625347238812
1807,31.381468547019974
1808,37.52623663286109
1809,23.742750513496958
1810,25.851291842419247
1811,27.699773459700758
1812,24.079705485013893
1813,13.279691695477345
1814,18.25044927774771
1815,15.1629872065697
1816,31.200600577499763
1817,21.266856206256648
1818,36.259472944127324
1819,31.22024830779516
1820,17.949799665696386
1821,21.26975334126026
1822,31.11877248068442
1823,37.55158690180633
1824,24.993578581494756
1825,34.28231186718927
1826,15.579955751064782
1827,31.470859678233918
1828,33.18057382282782
1829,32.83580340231606
1830,26.31021404498462
1831,20.36183831255485
1832,38.56327197618772
1833,32.99838634060546
1834,34.60763015747931
1835,22.429120700184725
1836,20.32393936764079
1837,43.874168593063395
1838,18.43005714673982
1839,31.24004976918873
1840,35.99856254867983
1841,34.073791041916074
1842,28.902739893605613
1843,31.630764100157855
1844,43.98554715939067
1845,30.48362942266835
1846,31.58516231229729
1847,40.08952086897105
1848,21.72370067267759
1849,22.857970418361777
1850,16.263930251713596
1851,31.177414252476936
1852,31.079960475620485
1853,29.833504884393005
1854,39.977418726420275
1855,29.61085084135026
1856,30.96775648072452
1857,39.83049300874896
1858,35.006000998041635
1859,19.152726215243383
1860,31.01350594226053
1861,30.299924709382175
1862,29.61820399555042
1863,32.1410259199364
1864,41.48269553384796
1865,32.58851045311191
1866,26.431386844566582
1867,31.31746185532559
1868,47.01759619044078
1869,24.01079993950429
1870,4.839031331238231
1871,31.739386144336535
1872,34.75642789058311
1873,25.25559894411665
1874,40.96809074367838
1875,29.06598731306465
1876,19.46974780673489
1877,14.266326316184557
1878,38.32668039021047
1879,25.64796349137041
1880,31.297519329104052
1881,35.49173054565471
1882,23.870665510228537
1883,36.44455646651529
1884,30.426916480549313
1885,13.282381042751044
1886,34.507802675265644
1887,31.83025394127373
1888,31.710148836481444
1889,19.003412157985906
1890,39.432222405641056
1891,30.24419278569484
1892,35.94627359664093
1893,21.355422417333
1894,23.00942629952696
1895,35.91893826117191
1896,36.11944236856161
1897,32.20196744384243
1898,15.881417501255047
1899,22.551290052731446
1900,26.652459880715245
1901,37.69742636854117
1902,32.14738863209082
1903,39.15500740770009
1904,27.666702766879745
1905,25.926002506834056
1906,21.501046799570155
1907,24.39405817505537
1908,26.701064427694583
1909,35.63813735899275
1910,21.11649247111691
1911,38.32017462887891
1912,31.733984519446135
1913,28.02191271522183
1914,30.82351108236744
1915,41.31792429850855
1916,23.858994052940094
1917,25.220978789244224
1918,20.63920478936447
1919,22.1202982551035
1920,33.625335537395436
1921,17.728147367952396
1922,24.20676940044449
1923,33.7208042036887
1924,41.86005845413012
1925,29.88186014829122
1926,23.20913324474268
1927,17.62618178437886
1928,33.931362107592314
1929,13.905996669761263
1930,17.293641581253823
1931,32.253938835795786
1932,26.50006009724982
1933,34.80868155501752
1934,30.497056592396014
1935,24.75388182984945
1936,25.729957271259508
1937,35.245664545279496
1938,31.907059122184275
1939,24.920883289804795
1940,23.204379904976392
1941,11.314712101504258
1942,20.59143824069762
1943,30.479963581682092
1944,25.571574921019195
1945,26.94419182144663
1946,27.05764377057084
1947,25.18204018128706
1948,28.092295751180185
1949,40.326934075181065
1950,29.55438398793768
1951,33.63877459112837
1952,30.371327359472506
1953,32.25648654367129
1954,25.57744180507361
1955,38.23969317659624
1956,28.50669507436559
1957,34.952369267791674
1958,33.86355461355555
1959,17.2991846109783
1960,31.750839652961446
1961,17.18284238516587
1962,31.583532699304268
1963,21.45928499932891
1964,29.362918646360708
1965,30.383936678871155
1966,34.28068073392207
1967,38.53518709207508
1968,43.46719222081693
1969,35.941024524576235
1970,25.38183684673451
1971,14.17822021873043
1972,42.088750045354146
1973,31.88167258221634
1974,35.1449868533713
1975,36.68377161694243
1976,32.80572567450019
1977,22.038442554348816
1978,19.06158682009231
1979,28.29401223746222
1980,30.821186021866005
1981,38.43517774613374
1982,31.153954098278025
1983,19.161890330798172
1984,32.49703913452573
1985,20.49502704807375
1986,29.55703705310007
1987,36.48430186592617
1988,31.106235324218495
1989,30.742531417143372
1990,36.03785348103489
1991,18.80568571717354
1992,29.798263702673253
1993,26.6603759443566
1994,27.109841624588256
1995,27.745760842506197
1996,11.200614488052098
1997,36.07063739154149
1998,22.75070839574455
1999,27.210279237594335
2000,25.52595078651655
2001,27.611350400971865
2002,31.921437535906552
2003,24.692262554898146
2004,21.05616430008657
2005,17.3244932006143
2006,25.53646469873392
2007,29.93449638403208
2008,40.634198443529826
2009,22.836531224966098
2010,21.18128367049968
2011,26.06962926248508
2012,25.500880234191424
2013,24.028094047989722
2014,31.46240073937289
2015,33.20159137305199
2016,31.52425705383294
2017,37.34975780288533
2018,27.684193041408992
2019,16.7145423539723
2020,35.37448936095027
2021,24.65424854125174
2022,32.12021716609919
2023,24.330706309625544
2024,27.07508449029264
2025,21.68691219823351
2026,42.01627767071581
2027,32.15714751955959
2028,35.67830923738809
2029,9.258583573633764
2030,31.67883632022034
2031,26.720335495735437
2032,15.566008030690336
2033,18.58238918995342
2034,21.830573913186377
2035,28.564328838197618
2036,23.61236481506448
2037,32.07891168827446
2038,39.05323912934226
2039,23.081740980363282
2040,33.95375023052644
2041,30.87164916418774
2042,16.20919251394888
2043,18.50563776288184
2044,35.36177103402421
2045,33.46751963663936
2046,38.444859414812335
2047,28.620506828646135
2048,35.00499601669591
2049,35.30597521786719
2050,21.830680120945186
2051,18.99223684078501
2052,31.73395705106199
2053,32.35792486238863
2054,14.23284992532857
2055,19.874485613166332
2056,23.948063135652312
2057,41.62657742622385
2058,30.15175853087625
2059,22.22090122804726
2060,27.103566201627114
2061,41.52196237128686
2062,11.850097619640861
2063,19.12922435530151
2064,24.82312232984742
2065,31.82275625072807
2066,26.310980152276457
2067,27.995389865509683
2068,18.477810313687993
2069,29.436768808938567
2070,21.68169735786278
2071,31.474958175855935
2072,44.114152510612975
2073,33.794850634489784
2074,17.919748708902922
2075,31.674313645240254
2076,25.696518957071376
2077,26.741883540830013
2078,20.378900699527282
2079,21.073651979843735
2080,40.71961638104384
2081,30.803009818991473
2082,31.381202539248434
2083,25.250618888688457
2084,16.162981952497105
2085,42.18674097668268
2086,30.195473894002138
2087,23.66744887106791
2088,31.24377010475484
2089,36.074326588297026
2090,24.45342007817455
2091,34.734810881520794
2092,9.680918074431968
2093,26.88801866349084
2094,23.3201606058253
2095,34.277407094304344
2096,22.596226529974953
2097,18.804283373474224
2098,20.681703451127973
2099,30.388037911120183
2100,26.140685664002152
2101,25.884198895018574
2102,37.19565805520672
2103,26.78307348541174
2104,29.024364855562894
2105,21.096903537649514
2106,32.95484557578743
2107,22.247253724247162
2108,9.72073414747112
2109,34.722704613057566
2110,38.55182867795825
2111,45.71138009821942
2112,32.52563613096009
2113,31.8877126831099
2114,34.535207458351415
2115,21.552320467490606
2116,27.942594613512423
2117,33.44941622480334
2118,33.497940090099526
2119,33.94476886427075
2120,31.84013626942139
2121,29.44682317918449
2122,31.51814309007076
2123,19.622980639992228
2124,29.5811961897459
2125,17.78831172739765
2126,41.13502723877673
2127,28.41153879954644
2128,29.156904146736284
2129,31.988888847067436
2130,19.000407974388924
2131,26.711912326840597
2132,10.991484660766892
2133,34.15756355884859
2134,26.373942018857147
2135,17.241608058047262
2136,17.366025043985854
2137,12.0293443057367
2138,36.17831355793376
2139,28.364325977566768
2140,33.41819873156397
2141,38.30968894576433
2142,16.144591057156223
2143,22.902132614620758
2144,28.052143778657868
2145,44.43770135625906
2146,22.676337397475564
2147,32.856560027410474
2148,30.73840775578344
2149,15.686119890408271
2150,32.043740756648134
2151,28.695273012412212
2152,34.55152180842738
2153,18.622829739919165
2154,40.01049560106413
2155,26.398732563434102
2156,40.103903722085555
2157,26.795054627109266
2158,42.05724224593251
2159,31.97627494926395
2160,20.074089918896217
2161,21.932595572133135
2162,34.81702667497166
2163,41.27868671113923
2164,51.353103233632055
2165,35.79756226862527
2166,40.51043290965755
2167,26.01293903105865
2168,26.744229660465667
2169,38.45236079041728
2170,34.5094327619948
2171,20.73459144918079
2172,22.160786011120877
2173,21.139659147548283
2174,22.333826680082
2175,24.385547500950985
2176,26.001836188431202
2177,28.40437939765076
2178,22.82902813497542
2179,30.885048762999713
2180,30.16264961568169
2181,20.012776799592636
2182,29.909802707921674
2183,29.688105855476703
2184,28.048126492479696
2185,24.3161855601722
2186,22.039701568267628
2187,24.25727984929687
2188,21.902110460962973
2189,34.80194242374398
2190,31.624624135862007
2191,23.379281645217738
2192,26.41475915084231
2193,22.677136701230502
2194,12.682016692311644
2195,25.471246772209327
2196,30.87345336831307
2197,32.997467470288754
2198,32.938129771303316
2199,29.687335034396146
2200,35.90232203346354
2201,31.981145378058386
2202,25.816763664814214
2203,38.67196854938658
2204,38.22929341516735
2205,22.89295575132265
2206,22.081888333073863
2207,17.080710861053674
2208,32.44998836317475
2209,28.82003346697011
2210,25.36937172587841
2211,29.014323680978833
2212,27.751087503465698
2213,17.7993984053736
2214,15.102422846189341
2215,21.73505281022333
2216,21.23033385429979
2217,33.526069517101924
2218,43.11759068209701
2219,18.66124632001621
2220,35.094792204494944
2221,24.156806098025207
2222,33.78724402048446
2223,32.15605876202055
2224,38.93009806998684
2225,39.05631022194342
2226,33.83078900020453
2227,30.61756324323572
2228,33.15086524208766
2229,28.473078597159024
2230,8.109692941669888
2231,25.44847562982942
2232,24.7359013303526
2233,27.35824506161005
2234,34.16058573668253
2235,23.465196453248762
2236,24.661663189308797
2237,26.927116184585493
2238,28.163384566157553
2239,25.69499365854133
2240,21.391354082839523
2241,34.85819431084579
2242,17.981487938842733
2243,21.471286213786012
2244,29.172410867014914
2245,26.13259233607824
2246,23.24426374838633
2247,19.33911631915636
2248,27.26386632819923
2249,18.104213541126448
2250,28.378621743006292
2251,44.04891523704414
2252,34.65908659205501
2253,28.22882937568363
2254,21.195466713072488
2255,25.31569020373041
2256,38.03502256768192
2257,50.90724614122866
2258,33.91790580719419
2259,33.86893470122512
2260,36.38620309500905
2261,29.875468461637155
2262,41.118148175140966
2263,27.627019449444713
2264,33.08121714249029
2265,35.28748081273249
2266,25.815857864252028
2267,33.11115491245851
2268,31.224922774061785
2269,25.338515551825918
2270,38.10938132742421
2271,15.95925507738265
2272,25.936463030831746
2273,42.17648653268676
2274,11.272124933518242
2275,30.82241642671478
2276,30.5978515899283
2277,25.513259915084426
2278,23.111872042811
2279,14.950159990756514
2280,38.237551965512964
2281,33.459627398683445
2282,36.8088136869187
2283,20.34398922562175
2284,27.179695700299984
2285,15.56624402879931
2286,33.26101628985137
2287,27.405292709272384
2288,19.137273906724413
2289,14.854074911089272
2290,33.355035235268524
2291,36.1806457366496
2292,16.220467543688063
2293,8.090217464294433
2294,31.58424488034201
2295,34.11718366401438
2296,25.222911355222312
2297,33.54812706415272
2298,19.120671674129454
2299,24.5537751980883
2300,24.81170277944456
2301,35.81899943517226
2302,39.201728278823744
2303,32.975405446493724
2304,30.185450873124953
2305,29.589854915431598
2306,25.30829377758895
2307,28.840707304260516
2308,36.16088908430406
2309,30.59304230288476
2310,42.75686382193727
2311,29.75867224793096
2312,48.824230049125084
2313,22.632345844873285
2314,28.431055050830338
2315,26.119237046946775
2316,35.41614805946517
2317,33.453864380871245
2318,22.61186613361755
2319,30.838932868562463
2320,34.42839727736356
2321,25.027097713315566
2322,37.68927790483325
2323,30.524699476671913
2324,28.01596072828035
2325,20.03752717488991
2326,28.753386050719335
2327,6.691363308689107
2328,36.49992116719152
2329,17.29808389678864
2330,22.859359376016698
2331,35.877413779304995
2332,37.989045744779865
2333,25.293301652430383
2334,30.257953125202626
2335,34.03808313056596
2336,37.22410027966366
2337,23.794062125155428
2338,32.18213610493004
2339,17.092707257890666
2340,35.901617943082606
2341,19.488268405059568
2342,45.52179363719045
2343,22.52964993231202
2344,32.525420071123875
2345,27.644950053087197
2346,29.244883112278245
2347,25.23968558565506
2348,28.750220226480003
2349,32.80652415188713
2350,29.80777833862885
2351,25.808150771869244
2352,34.50865039050077
2353,33.499588186759
2354,29.643760525057406
2355,15.156119042610577
2356,31.65130363963832
2357,35.530473591470276
2358,32.34029389246845
2359,22.24840075153585
2360,31.36965962913448
2361,29.83697635170911
2362,32.87706383068228
2363,26.771991670144146
2364,32.403871013614456
2365,31.041435824436935
2366,7.657593734029875
2367,37.565269595741626
2368,43.38684250976907
2369,24.178402109173533
2370,46.73421890497749
2371,14.480195438392013
2372,33.49358112327953
2373,32.666279167782264
2374,12.457007518922657
2375,31.355958382868803
2376,24.395605443432157
2377,37.05376712178897
2378,30.82444913436449
2379,27.44145187226356
2380,25.52358439525135
2381,24.731371422959825
2382,30.382128508086886
2383,21.210273381593385
2384,21.47181140287718
2385,22.807002358722315
2386,29.189622445873905
2387,37.541879347343134
2388,29.117002927964606
2389,35.10472130055167
2390,22.656028446096986
2391,28.95851249313948
2392,6.986055622993974
2393,23.86293560472875
2394,22.164532617633846
2395,29.236305050533257
2396,28.70389260164252
2397,29.518701079590464
2398,35.29006878279013
2399,23.67953435486378
2400,22.66127532163604
2401,35.779522135283834
2402,22.178192751300312
2403,28.46818738911853
2404,36.21260948623264
2405,23.718866679812514
2406,48.78252364695306
2407,25.123788125072906
2408,41.80930502212218
2409,27.883987013200016
2410,10.509859321665825
2411,34.00416715973654
2412,19.135109955651025
2413,15.044123101784866
2414,36.02194663525259
2415,40.19028701367781
2416,30.71789101494327
2417,31.561519467098204
2418,24.023420012128
2419,23.910338377470136
2420,25.956374356307496
2421,31.681541211724706
2422,41.32966564859568
2423,30.484853594963337
2424,27.889826144836807
2425,30.577547292984995
2426,27.90663080532152
2427,29.975085053303843
2428,25.733611212721108
2429,37.58407643128791
2430,33.635225647768564
2431,23.64075920589089
2432,38.20412962996437
2433,20.442103406938447
2434,26.529658723215036
2435,28.824575454820547
2436,23.180472363201897
2437,29.78374318113184
2438,33.10368548242099
2439,39.94966797068199
2440,29.140163108557264
2441,42.91067854884648
2442,26.056102906356795
2443,21.179559176480346
2444,10.82417556690023
2445,36.01547208235061
2446,16.31376897799555
2447,35.786472331871714
2448,15.438273296929989
2449,21.167484512807047
2450,31.160454702733283
2451,19.458752658475365
2452,31.43616887207352
2453,15.846678167784486
2454,20.92121314484262
2455,29.89511509842647
2456,22.1502035499896
2457,37.5494197996065
2458,27.102913520292567
2459,39.30851133752099
2460,38.410977256278066
2461,24.87640099246172
2462,15.0058091063007
2463,32.84050497247411
2464,22.836855779521635
2465,28.843314742380837
2466,26.290825054709032
2467,40.793292205023555
2468,32.91107869172283
2469,38.24838853403177
2470,27.81781912353997
2471,29.525990293524504
2472,24.838435788209516
2473,28.58846973676025
2474,15.118284555754599
2475,32.719026354540006
2476,25.1868518008964
2477,32.24115852743453
2478,37.937981447642905
2479,33.16122695686262
2480,35.13724246942377
2481,28.352453863131696
2482,41.55645411586069
2483,33.044617334850386
2484,33.70430175894133
2485,41.838205807844304
2486,28.846681191261705
2487,31.213048928613873
2488,18.79122442515708
2489,29.85049213341636
2490,35.98646800465624
2491,13.067450185978798
2492,25.905824270684846
2493,24.57892868074926
2494,19.252138604696853
2495,21.05704929212619
2496,32.1095952403371
2497,22.85568942114804
2498,40.221285594476136
2499,27.87488654175251
2500,41.291430936272015
2501,21.937488082853516
2502,28.622270587904605
2503,28.320299356147853
2504,22.326743761681
2505,29.632947493823142
2506,30.682439621996547
2507,16.27468601459918
2508,32.829185424483384
2509,11.27068751975148
2510,22.220161283112134
2511,50.48495342319992
2512,33.27383939563231
2513,26.229699143097672
2514,28.309723891436196
2515,33.464314524606145
2516,31.33759415675844
2517,29.03450888798363
2518,31.121341268450493
2519,33.57797383587954
2520,41.73787011498155
2521,29.13211718502602
2522,35.876528937048064
2523,22.29898420191606
2524,42.84785456140603
2525,19.920337002571976
2526,18.916388739145294
2527,26.811394089006367
2528,42.466069495216615
2529,30.075188449961555
2530,33.99339648795382
2531,15.269899389214467
2532,30.8079653344146
2533,15.15215179153996
2534,36.09525244088892
2535,28.88743652570112
2536,33.21546015240077
2537,34.450962928786254
2538,34.12222517715696
2539,30.704528014157106
2540,15.884725043442623
2541,28.452609828923336
2542,24.993203674512547
2543,31.66774385797174
2544,29.236237815579255
2545,23.41871390965041
2546,34.782568490948
2547,28.36725521376143
2548,38.45761579024199
2549,18.798895363612075
2550,34.3329177509941
2551,40.12096927269615
2552,18.532410551445903
2553,25.827804731179434
2554,28.704023439246047
2555,18.221488323887115
2556,29.657815927611672
2557,27.357570038747465
2558,15.441545168184659
2559,32.45372234069593
2560,18.306831217218043
2561,22.686016753454634
2562,13.155970939138703
2563,24.28850877997828
2564,27.726632839484907
2565,19.677046078165123
2566,43.60098840483679
2567,15.993265064051315
2568,31.67990598333991
2569,39.656128713894724
2570,27.95355305158263
2571,27.050310641637907
2572,23.717225687988336
2573,20.26983268088904
2574,15.588596314948257
2575,32.63506153985628
2576,21.384491518500347
2577,34.14979761388915
2578,42.17754126553046
2579,25.574430490392544
2580,23.559950951079664
2581,29.444245062869086
2582,32.04784660634224
2583,19.904003087684874
2584,49.084702932456494
2585,21.79602959521909
2586,38.466795731387094
2587,36.816527727814844
2588,42.49328096086998
2589,24.995675657352777
2590,36.76440572736642
2591,39.32166546029454
2592,30.403975585926375
2593,36.0629527935928
2594,-0.5393465980474919
2595,41.24836265368975
2596,38.774090247548145
2597,24.83019307269384
2598,19.789050887999434
2599,27.13839069432622
2600,37.734880965167825
2601,39.310756824818874
2602,28.69684459653014
2603,38.669610455165945
2604,20.82587799532275
2605,28.271620546342167
2606,31.879562159240763
2607,29.50208092019565
2608,38.94661095505001
2609,29.012305089577673
2610,4.81137299431845
2611,31.70619025114481
2612,24.62373214866204
2613,15.228293209117359
2614,30.017987680463914
2615,31.422487106842883
2616,28.45646091977428
2617,28.857392591334104
2618,36.19270037357754
2619,29.165846899311752
2620,14.897707845400594
2621,22.8191367239977
2622,26.29926080573556
2623,34.42181054643421
2624,14.65152443880994
2625,26.998096837866377
2626,31.606543233164338
2627,20.4841047563975
2628,21.546851667536995
2629,24.94371180779874
2630,41.067131889887406
2631,12.9435637174944
2632,33.2830458054271
2633,18.445141896919637
2634,24.68080254257999
2635,48.72916400717537
2636,25.966971550291802
2637,22.623843800084426
2638,35.21437762092716
2639,37.074929989228146
2640,33.352008634075034
2641,31.392443832816383
2642,33.977157437327456
2643,27.852564948171803
2644,30.301100670678952
2645,39.59533533619277
2646,37.63614074468812
2647,42.19228701549468
2648,36.49432585617953
2649,22.429920052315108
2650,15.092735268838169
2651,32.151279806908946
2652,24.642478963926905
2653,29.623634829981768
2654,37.40052551036601
2655,25.11590665442133
2656,27.78626266513021
2657,25.961603311283785
2658,43.60654932560049
2659,25.488947721874098
2660,35.54842662379477
2661,22.094786608974168
2662,25.3529109627727
2663,22.581465143757345
2664,25.67359071638812
2665,46.25689607235892
2666,29.150400061437878
2667,46.30660208325283
2668,23.69380931517151
2669,38.11077854427189
2670,27.93282214310314
2671,26.081669725724943
2672,20.720429379520787
2673,18.81224090329908
2674,35.57420232220484
2675,29.347046378294156
2676,23.512766676101577
2677,32.84326969924478
2678,24.3752189404606
2679,26.342986885688468
2680,42.906727710195455
2681,23.513395109998505
2682,25.07195802972725
2683,20.22718364642453
2684,21.763709708577757
2685,36.057505392989725
2686,28.054657924954334
2687,31.865286951006865
2688,23.330364338737592
2689,20.702796388793164
2690,30.101059432200305
2691,32.51779720682934
2692,40.44456619715531
2693,38.31393061588942
2694,19.652135650801846
2695,20.1340460455204
2696,31.70698991002175
2697,35.69744355430626
2698,23.619430467147676
2699,26.776934181161387
2700,33.649631336149056
2701,22.768919445553635
2702,30.219043776901
2703,38.19126877178124
2704,37.973101841909816
2705,38.16282705123106
2706,13.271199730856624
2707,21.25255693306026
2708,24.593589372719148
2709,28.67788332398565
2710,12.056489182788848
2711,25.50450510909672
2712,34.923979162642574
2713,39.82724465077249
2714,29.569406952853534
2715,32.024374943839995
2716,41.94945066616716
2717,22.094512929030603
2718,43.43198115678631
2719,10.6037273203394
2720,13.59092551551323
2721,27.674797052257393
2722,39.06185461493445
2723,19.539066157794217
2724,32.90866255787734
2725,35.49673473165271
2726,19.745245381843667
2727,26.3429836615587
2728,25.279588526466668
2729,29.63426830492198
2730,29.62749045122673
2731,25.311048659989247
2732,20.58619094026872
2733,7.146855507530741
2734,36.58359489294739
2735,37.79326375853843
2736,48.81252356531981
2737,37.643870483416514
2738,28.524520795028756
2739,17.555196465338376
2740,30.233818110465357
2741,36.35113800732478
2742,27.66536810983889
2743,33.11111039833398
2744,15.347648054132998
2745,35.2449426566906
2746,35.910070271616014
2747,32.79682738013906
2748,35.08840840594768
2749,27.032072129966874
2750,32.38951479865163
2751,33.20062861188907
2752,33.634023045287805
2753,30.89047218512631
2754,25.3184393195322
2755,12.960770975823214
2756,29.23223323172297
2757,27.60357031464569
2758,27.458964470147393
2759,22.126008896865525
2760,30.968112500699352
2761,33.36270683183464
2762,37.495978214218574
2763,27.775564050918838
2764,24.223186032282992
2765,34.00038830138762
2766,28.07132813199343
2767,19.117940320761914
2768,23.612848137167283
2769,31.288868849016442
2770,31.257241053330283
2771,27.425038114930118
2772,27.430712606991417
2773,26.033057303053265
2774,18.51058632076898
2775,26.953101176371202
2776,17.068437587930344
2777,36.05524848415836
2778,27.533325640962733
2779,21.54060718453468
2780,34.910369649726896
2781,20.050810120414603
2782,31.30272870119479
2783,46.52709496099396
2784,25.769485464732767
2785,24.291221233416778
2786,30.32912895699531
2787,42.52587407769011
2788,30.246424374201606
2789,32.4182358326738
2790,44.898132032390045
2791,28.597675600396315
2792,21.986388331712973
2793,24.904708446593645
2794,14.112959099620694
2795,26.388175170633513
2796,35.63994069974731
2797,21.620663487834225
2798,28.67685024903688
2799,24.95321279398525
2800,27.651506907517064
2801,16.85009523552608
2802,33.90872842726389
2803,36.57249819197325
2804,44.80986461503368
2805,22.647049492354572
2806,35.77479087413799
2807,30.67302354722582
2808,30.794923547042934
2809,27.70395368698094
2810,29.900810593833835
2811,38.51476678726438
2812,26.793806110475543
2813,37.709805491758495
2814,21.46829598127117
2815,24.399865230549526
2816,37.188971629952235
2817,32.90878652240248
2818,15.523042684837417
2819,28.47381004625747
2820,17.558673713737438
2821,26.33594643872607
2822,35.51207315232161
2823,31.754719930106326
2824,33.76617928067345
2825,46.50767804533144
2826,25.059128189512446
2827,28.037268035250865
2828,32.963383622542274
2829,35.12053181632484
2830,26.819599818775092
2831,26.4088226101023
2832,28.297540387306693
2833,10.115365332344641
2834,24.528755646205923
2835,28.43605131142575
2836,34.120044767977724
2837,29.092403055882933
2838,44.04843719091174
2839,31.47243511119474
2840,20.735247098795835
2841,20.588013078201577
2842,41.016850281089916
2843,25.987030471948863
2844,33.449136673065574
2845,52.62083173560375
2846,23.417606982026435
2847,14.877677980647492
2848,17.026510188338655
2849,41.77183934726524
2850,27.89929109172728
2851,24.53594288059975
2852,11.643372691829951
2853,27.73086809452216
2854,30.85353979948268
2855,24.561311184611277
2856,41.14641691741026
2857,23.099495728644655
2858,41.14178371947432
2859,30.071032250826313
2860,15.558008620286444
2861,37.11654734964351
2862,40.285228350315165
2863,17.217529677532767
2864,34.14457334074543
2865,42.67767249107841
2866,23.911801676273743
2867,29.695252341427345
2868,28.355461926011436
2869,32.98580284508343
2870,27.763001387716518
2871,34.73306451152491
2872,32.27980613355809
2873,33.839762871773665
2874,27.148441890427762
2875,27.20349210064745
2876,31.81929509629937
2877,13.807014822349705
2878,30.596762372101132
2879,12.15430217304757
2880,23.419459761656956
2881,10.467038149700048
2882,26.164215051121836
2883,44.56445917057894
2884,34.16648674864985
2885,20.241234160913418
2886,36.5164969473964
2887,29.83420580264183
2888,31.93410951566289
2889,40.28463938709032
2890,27.927299114996412
2891,28.696851048778903
2892,30.147861126465767
2893,31.7159601375754
2894,35.35241014458802
2895,37.607126286375454
2896,21.249174784582834
2897,26.391726392445744
2898,28.540410155072006
2899,25.54072988285573
2900,41.31428025708839
2901,33.57304076134459
2902,36.828471638468024
2903,28.430317618579195
2904,23.9781881910544
2905,25.196915284157125
2906,30.45779844188853
2907,49.08413899614552
2908,17.857452515824082
2909,30.204180458830216
2910,26.59852480217174
2911,26.39627195763833
2912,37.11747566313971
2913,33.46451220075409
2914,37.098522055230454
2915,23.490059298283857
2916,40.299647761135475
2917,23.28897525732727
2918,41.25011318970895
2919,24.256554671809322
2920,29.334288142358833
2921,21.098206113468297
2922,35.32148579884184
2923,34.227463735205866
2924,21.573424735542716
2925,19.47168654033966
2926,30.441888525206494
2927,19.421328507880418
2928,35.58688837772175
2929,19.6077015921748
2930,26.094800742224475
2931,27.44167702064738
2932,37.51896876058448
2933,25.19934257699153
2934,37.745596448162864
2935,22.028887004558467
2936,36.64354521989387
2937,31.272877906892745
2938,29.2011858422366
2939,36.677733907978784
2940,26.611195530493536
2941,19.082174526488338
2942,28.076239560879312
2943,32.08187019701746
2944,31.41563450469876
2945,33.640441556632524
2946,33.544075489424905
2947,37.07223077847243
2948,37.50698126572412
2949,43.12755905938026
2950,26.600918448431873
2951,29.19930667579648
2952,39.04042826666492
2953,27.490106489785553
2954,31.232842224542093
2955,22.23674744497898
2956,18.571698444062303
2957,25.17581144182397
2958,36.4038388472365
2959,17.705331234586232
2960,27.86351469805027
2961,29.64416896923165
2962,30.91152131422476
2963,27.770656068888055
2964,26.51428070598942
2965,25.986844997236602
2966,33.78336583175925
2967,31.689572533833626
2968,28.012396618665463
2969,37.41040162135479
2970,30.09599132460473
2971,41.59255727520303
2972,27.274530831394834
2973,31.355386562926945
2974,6.550336214981098
2975,25.969232178908364
2976,28.894600714506005
2977,27.944655382306593
2978,33.41676705070476
2979,33.83408197423708
2980,33.221489829500946
2981,40.34435418314951
2982,33.06745892530474
2983,32.66564035377451
2984,28.231004804777058
2985,19.127996542984917
2986,42.406410652470555
2987,6.065188575871394
2988,34.9018940586393
2989,32.0667651799361
2990,34.102993508312395
2991,19.034304347760845
2992,38.20592736575021
2993,32.561050412840636
2994,30.017355665926175
2995,23.716226815619503
2996,31.781038645035547
2997,26.245414565588327
2998,40.57189927921574
2999,19.154677911926818
3000,23.70870732493544
3001,30.464152363658336
3002,37.070242526460355
3003,27.149039573204757
3004,34.24723077943638
3005,33.38684748729079
3006,19.503371782636712
3007,32.51087618999804
3008,29.316095900460788
3009,35.95326894915733
3010,35.60696446443795
3011,21.86005740210718
3012,13.278046735678352
3013,24.069149635259755
3014,26.912009133604094
3015,20.38395419819942
3016,37.16614348833016
3017,32.48114831886171
3018,30.597743552852045
3019,32.65387619477502
3020,37.96609247364407
3021,34.665331838650374
3022,27.600998155126668
3023,12.856419403392836
3024,21.03686218400207
3025,25.997885365229074
3026,29.19693725568955
3027,33.70858313489854
3028,35.51551462613319
3029,24.315254561880316
3030,21.818575077588893
3031,38.597552795380814
3032,35.25660747458202
3033,32.5952005913677
3034,33.30025514210152
3035,44.03084981663814
3036,34.64089878143101
3037,38.60577473455915
3038,38.239737065856026
3039,21.26032910719166
3040,32.334249599989626
3041,24.50647606255345
3042,34.273137293072566
3043,34.45975619329159
3044,45.13562881080687
3045,12.952228246855741
3046,28.72319070966005
3047,34.64537652110467
3048,25.592411563781383
3049,29.851646843019388
3050,28.290855829327967
3051,33.3631865645849
3052,36.903081301600785
3053,30.258000611800693
3054,24.20732503998065
3055,28.681564611733904
3056,31.10020129263264
3057,25.61428337885611
3058,43.23263045405509
3059,20.266526840554345
3060,28.629260328471315
3061,20.719427399906763
3062,32.97014751232981
3063,15.589996025253807
3064,23.287238586096777
3065,19.775173787339348
3066,19.878842577647735
3067,37.69097726408365
3068,38.500564413774335
3069,18.84387773173029
3070,27.84409292499941
3071,23.327934893497577
3072,41.341039528693706
3073,31.096535443498407
3074,33.77802795020765
3075,34.115254025373055
3076,16.296451558220664
3077,18.568956608007603
3078,27.860830379797914
3079,22.538703212926034
3080,41.80341884036707
3081,30.34635160512603
3082,34.462806505028794
3083,17.380381979697262
3084,16.477209058561723
3085,12.786181544439836
3086,27.955505973671347
3087,24.39045113193199
3088,42.86290272194358
3089,28.319429131248725
3090,21.519313181658102
3091,32.54961178221908
3092,26.153497648260867
3093,35.34088980303465
3094,31.704099577990174
3095,28.44380295685861
3096,21.524189248351227
3097,39.573485633910906
3098,23.398761875923682
3099,27.017446067926144
3100,31.515636337829473
3101,21.11112976248867
3102,40.315731960359926
3103,10.201035650653862
3104,11.758591966978065
3105,20.651511014978393
3106,20.832232041640534
3107,19.24809083006042
3108,34.8193844673883
3109,23.356702225194145
3110,47.63383650805014
3111,25.14178904174044
3112,33.02418760178206
3113,28.105783572227022
3114,14.837435017521871
3115,27.99656817371022
3116,27.862181861243
3117,26.92844589048031
3118,35.73396497292726
3119,37.13722700305586
3120,33.620537365484296
3121,27.398498358587265
3122,12.436202600706142
3123,16.937952708834896
3124,40.13147604219791
3125,35.758300305998326
3126,24.871861356972342
3127,18.389941692194313
3128,11.425153734638862
3129,45.526706247594134
3130,30.120944327298936
3131,20.878608870069552
3132,34.53895489428408
3133,23.603483282701955
3134,31.951334196737307
3135,36.775623097756565
3136,33.518042159157744
3137,6.380005215507454
3138,31.215962084135768
3139,17.640043637170265
3140,25.447077953995002
3141,31.18288158332618
3142,25.213033814726327
3143,32.84554936843706
3144,26.756110357415672
3145,30.359650314687876
3146,40.41971307681716
3147,33.11552564294195
3148,27.793740778820606
3149,23.783309174696704
3150,35.72318661916409
3151,15.124185606747012
3152,22.56634005702044
3153,31.619540246322263
3154,41.94703153189532
3155,24.078265336974244
3156,25.87951952812521
3157,34.894467776091474
3158,23.52650784018865
3159,38.624680592665065
3160,23.33972826317101
3161,36.235751074835946
3162,26.58671783175904
3163,29.026717882276998
3164,36.299454581637306
3165,40.90099335947324
3166,31.401329058200602
3167,43.25079088386827
3168,25.054388450796836
3169,24.949458792154225
3170,19.56348161672159
3171,37.027895078685674
3172,10.699888151326482
3173,24.56361450283615
3174,34.05271854872605
3175,20.08940742219002
3176,27.161294858233465
3177,24.279326008499883
3178,40.713667060784516
3179,42.93293576956447
3180,19.41216286641985
3181,30.862896098188088
3182,18.96062584848676
3183,28.476911021143724
3184,45.758800167774844
3185,18.804532394374515
3186,29.244914369956653
3187,47.329615635857415
3188,22.345677508047853
3189,21.832969438872492
3190,18.8849166218197
3191,25.484389299476085
3192,33.48224039596392
3193,33.707594239655954
3194,28.43921026927629
3195,22.322906653114945
3196,17.608371174302455
3197,34.825823213372544
3198,35.49234399538098
3199,34.21456323834316
3200,19.691241030108568
3201,23.23641089498181
3202,28.57479220722088
3203,33.39409163640096
3204,17.03269836583468
3205,16.498537931941023
3206,32.71451944482156
3207,21.823303738577554
3208,20.185244240492466
3209,29.296552968069687
3210,34.47170637357086
3211,10.725194823601848
3212,24.52355439306824
3213,34.06868141461863
3214,28.907319126491707
3215,22.899069826344384
3216,24.835338702528507
3217,36.6073137863271
3218,33.42574079522991
3219,32.151313258713294
3220,35.829382174615866
3221,25.637006297537773
3222,21.46237954538674
3223,30.034333275436754
3224,28.067407628488386
3225,6.110580435733331
3226,22.863834925659166
3227,25.5626250211957
3228,22.24741910324702
3229,38.78376059915023
3230,25.49205026240587
3231,35.34490328906287
3232,36.782354268436784
3233,23.977549221922974
3234,20.136453582633727
3235,31.84498190459233
3236,6.221069090755167
3237,21.63030460746759
3238,33.5494065562913
3239,33.913466758840904
3240,24.141155139429056
3241,39.40589043067934
3242,37.27388386929163
3243,34.15820581180606
3244,29.700833088813223
3245,28.924887263858167
3246,30.85721296182718
3247,38.06419058851218
3248,26.644497681530638
3249,26.481661786049294
3250,30.272059124932557
3251,38.66099321571576
3252,27.87443662069357
3253,37.32474099395532
3254,32.60145345996906
3255,31.452789865537383
3256,37.87813793549026
3257,28.219493682789757
3258,29.84865172846478
3259,15.479546881784866
3260,18.733704515943153
3261,34.459186085095375
3262,25.9968117102745
3263,25.671577595737983
3264,33.579166769741484
3265,24.379000669631683
3266,25.766195122999164
3267,11.669844184203939
3268,30.523424520774654
3269,21.937778537811926
3270,30.28691784379222
3271,33.43282678904881
3272,41.20599115395689
3273,25.503566240778024
3274,17.916709488843498
3275,34.94543579616562
3276,33.485377180261786
3277,30.279636492224874
3278,34.01842361518561
3279,13.85289202908867
3280,23.17761569339734
3281,25.46032008585832
3282,25.129893877226838
3283,4.486716310608605
3284,28.516995889214634
3285,32.470416707022345
3286,19.20071520801267
3287,21.37645198315565
3288,33.82271045479934
3289,28.93183536105356
3290,40.092125245759824
3291,24.838917974263563
3292,27.598257128824784
3293,33.35290381936022
3294,36.33291519473471
3295,39.84845946674363
3296,24.41459894318125
3297,29.919738831767052
3298,30.354697244114533
3299,31.19404270744773
3300,37.79716206952359
3301,27.595033333648857
3302,24.907438960936627
3303,31.867246146791107
3304,33.354186741171354
3305,27.84771004345687
3306,36.571067706591364
3307,16.30789880610098
3308,25.697386099735265
3309,22.571828056644666
3310,19.083655922830452
3311,26.577526657533152
3312,40.020445379457534
3313,20.59566595579454
3314,32.16188070903329
3315,36.05518493661113
3316,32.624770471327665
3317,38.807404866763065
3318,35.52705231164717
3319,36.027484867227855
3320,19.323085791395577
3321,23.868094418298007
3322,33.74785680182033
3323,21.398028304756927
3324,37.163116479221365
3325,35.87938515367228
3326,30.950118249708698
3327,29.6988806305212
3328,36.07981819946276
3329,32.25687915172805
3330,20.99629969925866
3331,37.52369641997711
3332,19.408173195600437
3333,13.089394367637215
3334,26.25037105571364
3335,23.537826812593067
3336,22.613183233512185
3337,10.770884807069972
3338,31.96696269861692
3339,22.04525267994352
3340,29.123375636350687
3341,26.341741541287814
3342,28.550862216018302
3343,37.93591141591917
3344,32.289150543166784
3345,25.391124173876
3346,30.28669894105624
3347,36.13028666772816
3348,32.34491470394387
3349,29.266028805915234
3350,27.567290813171347
3351,20.750509922102406
3352,24.60223371269617
3353,36.345711672508244
3354,34.74975212345416
3355,26.09480221681416
3356,34.293868394617895
3357,27.815662561104357
3358,18.552082398300588
3359,21.40091195278395
3360,31.713192031451666
3361,28.58340381441136
3362,26.32426978562393
3363,26.0569816017035
3364,27.12865747113966
3365,26.935788885783804
3366,28.97456017137601
3367,25.724711217251983
3368,23.756930024679072
3369,27.00108430940247
3370,32.76318851431914
3371,26.573354172634662
3372,32.5688398352743
3373,34.299264145726966
3374,29.425855662755193
3375,24.494879883529194
3376,23.929717762374164
3377,50.481353460744145
3378,28.258658372207332
3379,36.26228071693403
3380,46.90076084279666
3381,20.626162775973363
3382,44.60599241740243
3383,42.10767480150925
3384,12.231806671145844
3385,24.26212306297044
3386,28.543770314250967
3387,32.17688042269606
3388,16.650421415223256
3389,24.09060379554167
3390,28.921989347198096
3391,25.380315806025425
3392,23.633482710320607
3393,22.33989496827619
3394,24.34528475244234
3395,34.56973160671697
3396,18.85212610016178
3397,34.79558783221102
3398,21.813413931066197
3399,23.936028109177293
3400,23.900621525165928
3401,32.798485257279616
3402,25.179370352412125
3403,27.640432183976838
3404,22.649965888860283
3405,28.797383468345707
3406,28.81456451521791
3407,34.53345742865963
3408,32.2875336786784
3409,33.54145947842526
3410,34.522248640439685
3411,33.32868413323017
3412,40.49284916478794
3413,27.858139984656763
3414,39.32921115492451
3415,34.271173467697004
3416,24.722331394587407
3417,23.266077260802344
3418,14.26337969917969
3419,24.050399997823188
3420,24.97807211858423
3421,34.714707632609795
3422,47.34287384109099
3423,38.12171595958807
3424,22.224194300860642
3425,23.166382017034685
3426,35.2524609209685
3427,29.51418181765718
3428,29.775914193514875
3429,34.24156806981733
3430,25.91654888095798
3431,27.278574451351016
3432,34.127027525804785
3433,27.3081907887247
3434,40.259913272134085
3435,17.35618521026312
3436,34.957610393939454
3437,33.24896817665363
3438,31.884012205690563
3439,26.81567498837851
3440,21.180203483504528
3441,27.911522440513604
3442,33.08283995313699
3443,24.3253407508337
3444,44.480247940072935
3445,31.951136203564587
3446,44.458080723154104
3447,24.674334548490453
3448,23.193540823626833
3449,24.488099318186816
3450,25.48018125087297
3451,23.68370001463399
3452,42.11681369135342
3453,22.98794923032534
3454,34.29636170214537
3455,34.70382634762744
3456,21.307542035205376
3457,33.34660346586917
3458,30.142939302765527
3459,25.90091747729738
3460,26.1723563897324
3461,34.1773917407489
3462,27.586209864329668
3463,21.585122569429686
3464,24.09870955504966
3465,28.238683536479755
3466,14.391711165293433
3467,22.71941369839128
3468,30.659420138365792
3469,28.22684065849386
3470,32.95972802796645
3471,26.355046406903355
3472,27.46867981216212
3473,23.035558632306785
3474,28.017592936584972
3475,24.40084824344479
3476,35.78446135938623
3477,24.947850512813435
3478,21.147672150316637
3479,16.07354879297558
3480,28.647681948219077
3481,22.70996633418364
3482,47.753434336463435
3483,39.50963170334291
3484,40.01362805492973
3485,22.438067701243188
3486,41.640595065401605
3487,34.789224409005044
3488,22.59053836423377
3489,24.152760010575847
3490,32.65549215141507
3491,27.57913812972151
3492,26.07961890965084
3493,40.917855093326644
3494,31.448518016691416
3495,32.498070970385626
3496,42.595825587712106
3497,17.474715137838807
3498,6.049358285815296
3499,25.739718897031644
3500,36.03361302516123
3501,24.84000530258353
3502,32.181169951797486
3503,46.20055176380591
3504,31.867489164513522
3505,19.90883296693558
3506,35.632899628048705
3507,27.714152060246764
3508,31.84069910132375
3509,17.971751990495957
3510,17.660943234128844
3511,15.060011386230771
3512,31.673663690023382
3513,29.14754636777684
3514,36.87374530353252
3515,19.003505644565866
3516,33.072855762887094
3517,32.22465331656449
3518,36.76993240416791
3519,36.94161694251342
3520,17.58751321886103
3521,35.4282060082661
3522,30.164732410464907
3523,14.55943682704843
3524,39.985157105606916
3525,29.308362512111053
3526,23.9922146486313
3527,17.466319849027432
3528,31.009637033064255
3529,18.359922245747438
3530,28.87577210981009
3531,27.229197128975496
3532,20.694997489461702
3533,34.19833990574243
3534,34.48052533790947
3535,25.84470115717859
3536,32.20007498521484
3537,29.015388942506263
3538,38.815817898061205
3539,30.46995387702299
3540,39.743775112172294
3541,34.92374820929599
3542,32.19879850234335
3543,37.82855800470866
3544,25.117527429644557
3545,32.7915434030641
3546,35.126223852807755
3547,37.645252595737915
3548,30.808206935959607
3549,33.465851161033456
3550,34.47317418319956
3551,26.870406535752746
3552,35.615949876915735
3553,32.24503178284755
3554,26.97918667805838
3555,27.219051196371414
3556,48.63658370039362
3557,39.412905955062215
3558,41.98885026175828
3559,27.915855358641274
3560,20.807966464131482
3561,32.16491006049103
3562,36.11050059767918
3563,18.274291127228185
3564,27.217462538042682
3565,29.478394664034894
3566,43.85428943083749
3567,26.28407791026183
3568,25.067335912409632
3569,28.544911948624375
3570,36.031989949576065
3571,18.74619807047867
3572,36.70783958008554
3573,25.312813635246194
3574,28.04160567108926
3575,36.24787429927522
3576,33.42771123182166
3577,43.1566000654836
3578,18.747357261514093
3579,7.964369769652347
3580,30.054704549608363
3581,25.925461618893337
3582,25.438326518265356
3583,17.119904414602907
3584,36.02211879109451
3585,-4.110946534378101
3586,26.033932942512088
3587,42.3298935674935
3588,28.548289345704788
3589,20.163030610727855
3590,34.730694849406234
3591,28.242746728474096
3592,22.868165339949265
3593,23.583900444188092
3594,26.656566940477457
3595,13.964650922571396
3596,27.163088415357567
3597,37.97166532260902
3598,37.71057639626449
3599,31.81242975200029
3600,15.272259658274384
3601,33.02232167557065
3602,27.35246900685726
3603,29.990401960000856
3604,16.12283873834357
3605,30.278824009060834
3606,25.03189619641876
3607,20.757739492228037
3608,29.01624833604313
3609,13.153063884235198
3610,31.90299723860126
3611,26.98358533007541
3612,36.72152179202144
3613,47.159745114754394
3614,44.61866226707209
3615,20.208645324090043
3616,30.370392825488093
3617,21.261376006339006
3618,38.48947530446949
3619,30.731856609193862
3620,29.875917389961767
3621,25.189954242809414
3622,21.13037444188875
3623,37.51774341729857
3624,27.09096024995076
3625,25.587063542663213
3626,26.958859740850762
3627,41.97544012983974
3628,16.321232645562617
3629,26.915310101361445
3630,31.646754910254895
3631,35.08853167834679
3632,32.873733145230204
3633,21.149085802040073
3634,32.51527745711515
3635,26.262749671984977
3636,26.43324125117839
3637,23.334794857584757
3638,21.609300787701674
3639,32.85145044514275
3640,26.13031502457392
3641,15.513888540044436
3642,33.52964961361956
3643,15.805041902747472
3644,19.688972844234563
3645,32.632119424969055
3646,32.40987449182678
3647,20.988205191604415
3648,25.71713500320108
3649,13.303192825650486
3650,24.404322274461816
3651,29.352619851918952
3652,19.784270109116537
3653,47.07009381741042
3654,33.94925838643077
3655,30.870287978827786
3656,41.82144846031082
3657,30.94867185249502
3658,13.893720443290109
3659,20.394124848712092
3660,33.46080923729975
3661,29.653384986229668
3662,16.158377876371
3663,27.192127549621063
3664,13.479787658305929
3665,39.293997210779835
3666,27.173418543998192
3667,23.649833222474932
3668,30.36578748441839
3669,29.519080549789994
3670,28.214093324406367
3671,32.21214418250826
3672,31.093969232614022
3673,32.773985292864594
3674,31.099109062727358
3675,34.05834609440357
3676,20.280742467671114
3677,29.292324019106108
3678,38.315835420292366
3679,37.13041652623112
3680,33.58606259959613
3681,25.00045536239114
3682,32.012810667268475
3683,21.348070179288676
3684,27.37767737174982
3685,35.3291139386142
3686,23.197453410235042
3687,35.627862929724216
3688,28.85259012693831
3689,31.224015870602983
3690,27.03519014964085
3691,31.093777640674094
3692,28.50034116848735
3693,23.372707591874853
3694,34.01702599490482
3695,31.208636745610416
3696,19.358731693832677
3697,22.92727243227353
3698,19.235733479093195
3699,36.29936866320882
3700,32.24909521874885
3701,25.86826535107744
3702,30.239596900070477
3703,25.50823368272123
3704,30.41001653765296
3705,23.001339686420724
3706,34.43146360877908
3707,28.606273705504144
3708,37.88965714348394
3709,35.834268167474676
3710,41.74699043275148
3711,12.507059393530655
3712,17.54051012747602
3713,37.704877484526875
3714,20.114179603808484
3715,7.040710880411253
3716,26.54291648189627
3717,29.38468738766157
3718,17.93329415480364
3719,35.20676490344767
3720,25.694475333385107
3721,35.88670292410713
3722,29.756861527744533
3723,22.729908164936163
3724,34.765590652523215
3725,36.8134798573689
3726,33.05711464226413
3727,32.60458755124955
3728,26.128514639240148
3729,9.288875507632534
3730,20.202966015208762
3731,25.97056822750019
3732,35.35425680607263
3733,26.778331162375313
3734,27.92185831939989
3735,22.19145525573249
3736,30.234046965449995
3737,34.39313192517168
3738,29.449049098333738
3739,27.58300588443249
3740,22.184720727466345
3741,23.41608737936775
3742,28.460969285387694
3743,29.916741677681873
3744,20.68808824171277
3745,42.749917067463805
3746,32.25451573688477
3747,36.019832688315475
3748,22.954734723059847
3749,27.777533792190784
3750,33.06315315916204
3751,42.95063201193348
3752,30.908040135208225
3753,31.548875325973764
3754,31.278329285674626
3755,21.107818708856808
3756,10.967020212174187
3757,16.110511493374066
3758,45.392858370541724
3759,24.585727737214718
3760,32.12195012649667
3761,28.119261918211766
3762,20.50088689407455
3763,34.300563590609016
3764,16.568458461539894
3765,23.146404922240933
3766,26.83236773107569
3767,32.59379638395758
3768,29.823817981817143
3769,36.2963807834284
3770,27.213419351083378
3771,30.832563587419873
3772,29.209922030360836
3773,14.993138063692742
3774,29.255544245732448
3775,41.524084079944544
3776,22.189774496514886
3777,29.7262678904781
3778,21.652080857887007
3779,9.120593722765536
3780,44.09593004047402
3781,33.08778437362725
3782,29.859234612029365
3783,3.982517900321687
3784,34.56473585076556
3785,37.81568140494325
3786,24.53283151137227
3787,26.03700510141788
3788,41.23339242630267
3789,25.42460956253814
3790,28.657972317165044
3791,32.871650621811895
3792,16.256264020462023
3793,22.859527686899153
3794,36.99911545746247
3795,29.68452180042467
3796,30.654545467427027
3797,31.08053826018253
3798,32.56503528280495
3799,29.42692574581299
3800,24.770427203290573
3801,42.87805600095416
3802,29.236078947281552
3803,21.34475382946321
3804,29.99321109439311
3805,25.324943914995664
3806,26.773908671219125
3807,23.238654071258516
3808,38.83784437804231
3809,32.8178917554999
3810,26.053977329353067
3811,30.25872801929584
3812,27.032869019081385
3813,22.611792503634202
3814,45.392929138087624
3815,44.78993540225848
3816,37.54844577270934
3817,27.563836705006125
3818,22.70957663692167
3819,25.088569115730607
3820,26.823405343348707
3821,18.229349067232963
3822,40.99631137141586
3823,20.36694735249453
3824,19.199375784046673
3825,40.36075572310493
3826,45.854265429841
3827,34.379170199508614
3828,26.96103389932014
3829,33.99525659798596
3830,30.52880826600999
3831,25.366037697758255
3832,34.55586515375546
3833,33.91334580649599
3834,33.968094074540765
3835,26.652211204433012
3836,35.3467287345703
3837,30.214701345446656
3838,36.4944054928746
3839,38.17541017538269
3840,36.48893955021455
3841,23.98084377638928
3842,22.500674586818054
3843,29.92163428657837
3844,40.94549546648463
3845,28.93182229107164
3846,20.63697394220687
3847,35.28755512154889
3848,25.897337167412424
3849,19.330880847891784
3850,33.53507769945246
3851,31.094816436039636
3852,36.2768713128573
3853,32.321061604546934
3854,21.123811648849273
3855,24.541352414695552
3856,29.86061155963364
3857,32.75209177472184
3858,22.83160255518435
3859,31.74547839803981
3860,33.656256377923036
3861,13.274664343997925
3862,29.135173746329922
3863,27.976411518223987
3864,41.766818625536295
3865,15.815935003914912
3866,21.026664674178445
3867,40.073602055895755
3868,21.941466200903054
3869,24.866075637006425
3870,26.298234698147287
3871,27.462295985111158
3872,28.600214678676075
3873,32.92020111000267
3874,15.973698782795646
3875,21.099275265616768
3876,25.545944192187473
3877,27.644303421871243
3878,17.310506332584055
3879,36.641638475015874
3880,38.945156136211935
3881,22.454296708416248
3882,29.923093372528772
3883,31.53761466211436
3884,25.02301541457841
3885,9.24303841124054
3886,27.377494498357393
3887,34.36305673755295
3888,22.54304335245048
3889,32.23321104929654
3890,34.49120864495618
3891,36.15362211012585
3892,36.22193903743064
3893,26.157730566127622
3894,31.073538223904553
3895,27.604581721047907
3896,25.00198412221216
3897,32.788287100848976
3898,17.4024738281336
3899,27.029077885313587
3900,25.407394288396038
3901,31.083186603261183
3902,28.828184750524102
3903,27.399016615736343
3904,33.062941656352464
3905,25.876837514831443
3906,26.335644772239483
3907,24.55415571815862
3908,27.428798454618896
3909,28.9316978205082
3910,30.921553350885816
3911,29.30297921507066
3912,30.61888849183912
3913,33.821043799404485
3914,17.056230666115855
3915,21.40210332329414
3916,21.232988185076344
3917,40.59420123702151
3918,32.689477970342956
3919,34.601021804398755
3920,20.120207896636625
3921,22.911040547353654
3922,35.74822817835476
3923,28.81315868165137
3924,35.79193934750767
3925,41.011014549357334
3926,23.558421821368412
3927,32.16371159174029
3928,37.67786185711213
3929,26.999971936406826
3930,34.22333840875494
3931,38.47164194063812
3932,30.08882050393852
3933,39.25078592280891
3934,30.152129475780388
3935,23.546424520993938
3936,28.839985315904915
3937,18.26755131523801
3938,31.654322627274183
3939,42.62601654078092
3940,25.67333794675648
3941,40.752482390327344
3942,22.403967525396578
3943,39.418561331727
3944,23.33192968800118
3945,37.96276937249665
3946,26.057198770431842
3947,28.356499206886213
3948,23.374181926400187
3949,33.93092616853147
3950,23.251349075848374
3951,41.0210081957552
3952,3.283098786673329
3953,25.152522988314587
3954,30.139903085272252
3955,17.255221894537854
3956,26.873899749818452
3957,24.20032269899125
3958,22.051989849748818
3959,27.371914852921428
3960,26.768608343983303
3961,24.98147254913143
3962,24.206965643332122
3963,25.766331281682255
3964,31.203284565546802
3965,40.36425109916592
3966,17.950799353785737
3967,24.038127763512644
3968,24.513685662433485
3969,33.94088175451414
3970,26.57145774219893
3971,37.28524712301859
3972,20.313431550014055
3973,24.613608045653148
3974,39.114906501541334
3975,19.608464978432817
3976,24.19238786306783
3977,15.926541753946452
3978,27.2969072424596
3979,25.673209988675733
3980,29.04561090021365
3981,15.900799540644842
3982,20.640444445435556
3983,41.40241463012134
3984,26.233175496443522
3985,35.066263109106764
3986,31.960411242515832
3987,24.131091505752394
3988,18.38899821101371
3989,28.322552001522343
3990,31.151363099431887
3991,33.95872892780558
3992,25.633824693608876
3993,34.56483448928517
3994,26.060016804235087
3995,10.775453031176541
3996,26.45434871485194
3997,24.70623554035625
3998,27.41638600252144
3999,27.62362011450839
4000,26.508692943057824
4001,28.37899507137829
4002,38.414251680656974
4003,22.5090993149293
4004,29.690982221915476
4005,22.519692985183813
4006,40.71359195392324
4007,31.724403737998216
4008,34.07814451572435
4009,22.330962016274455
4010,31.834458984911148
4011,33.285304767230194
4012,37.548892932540724
4013,25.031094444528694
4014,35.46884099777556
4015,38.050291525373645
4016,28.58117433830447
4017,27.794761980999237
4018,20.96153517894142
4019,35.53573716275445
4020,27.39172782110561
4021,22.55225431489416
4022,31.213278681565132
4023,33.48729983611125
4024,37.153228568815834
4025,25.534739882092254
4026,19.005458249855142
4027,25.49024573398535
4028,30.165130727242577
4029,28.33776497042349
4030,31.09382272996663
4031,21.200681127677207
4032,42.78350421011072
4033,24.801119419473757
4034,32.64602974922616
4035,7.687884848087391
4036,32.16970411101608
4037,33.358266187709845
4038,41.300654836067885
4039,23.098779452839572
4040,27.575941932028226
4041,23.917760193414793
4042,25.609097644652813
4043,32.21801121856949
4044,32.45052653764409
4045,37.00346440607707
4046,25.35095610864167
4047,14.572924223378951
4048,31.356924637878702
4049,36.083624851145
4050,40.73091995064352
4051,31.15980617934458
4052,34.29317702586804
4053,36.940815915797685
4054,44.34405960120272
4055,37.31350832899319
4056,27.50943559537548
4057,27.746265016997025
4058,38.307259534642846
4059,29.75281570968015
4060,16.177562873305515
4061,24.373665737275374
4062,24.857063472689067
4063,23.89945519961915
4064,25.560008184988213
4065,24.438298473354475
4066,15.056224510864075
4067,26.73269834989491
4068,39.42649056266708
4069,22.158753668959044
4070,19.56638015807511
4071,36.540899704278864
4072,25.65695280666603
4073,19.244106255609445
4074,32.52489695147169
4075,24.832312862450223
4076,28.222480684166914
4077,30.569031273748593
4078,22.419287615696195
4079,24.806836213243827
4080,34.013423224578176
4081,24.950449694209315
4082,25.30983304403034
4083,12.370239724872999
4084,35.6696232486654
4085,14.967567800686153
4086,34.77767256632113
4087,30.444414535399048
4088,13.817016877594945
4089,26.01116860456585
4090,33.34017137128311
4091,35.23634634731676
4092,33.69409199700106
4093,24.97402364495824
4094,26.392198535246273
4095,22.96168455612645
4096,18.578177116329332
4097,35.08953481474342
4098,29.26694612479285
4099,32.407559086406074
4100,11.087822168925173
4101,26.769851272076348
4102,20.490929125513436
4103,29.803231291011205
4104,14.564909788372933
4105,18.800472106962854
4106,27.735497804961028
4107,31.143232611980743
4108,23.71138188870945
4109,35.47392077679097
4110,28.42537373760074
4111,30.023316772395045
4112,20.691858282010053
4113,33.15716418341669
4114,22.440949225961806
4115,36.444253668697506
4116,28.421490922548582
4117,40.38057735838455
4118,23.441734932238454
4119,23.114088605242944
4120,22.56200035746139
4121,28.40856418895528
4122,22.738111859423466
4123,13.603091383700146
4124,16.063935121154962
4125,25.625235725446657
4126,28.96592258878545
4127,30.03308623300768
4128,30.15827577854443
4129,25.636698432292746
4130,24.689355585288627
4131,16.180311856127307
4132,25.013420980044707
4133,32.40610624859992
4134,19.824526246327103
4135,38.95490150411188
4136,24.25813151808226
4137,24.266731949408094
4138,26.649256563952033
4139,33.83102591283291
4140,30.770712810959964
4141,30.543690018136765
4142,41.69103672904935
4143,26.695142382103104
4144,50.430958103849754
4145,28.09321529021666
4146,31.035292875925716
4147,23.35167262587506
4148,28.773652068800097
4149,32.84313251477588
4150,16.89694686750251
4151,26.0680532918819
4152,26.491188389278314
4153,33.38268967670841
4154,21.560419315418944
4155,32.85657709427181
4156,25.612218547410738
4157,35.84374647628427
4158,26.864778455245915
4159,18.455708834823206
4160,43.22339577723446
4161,25.75140985990046
4162,34.78519484924599
4163,24.07091363536034
4164,45.5924204713031
4165,28.738601637224995
4166,37.9877109565715
4167,29.773146903300944
4168,18.07198027467793
4169,45.87391453289639
4170,34.774385765543066
4171,27.10034519922227
4172,43.00713783849561
4173,17.668761112541016
4174,29.812239624515342
4175,37.705464883421016
4176,33.17813992047127
4177,8.928826259654826
4178,17.111021080425814
4179,18.258264380902713
4180,26.24671284029559
4181,25.084668953567334
4182,43.34393370577394
4183,33.435847949023625
4184,25.38095577858256
4185,35.87149713962562
4186,24.742750699601547
4187,25.74798231081371
4188,34.716126531703125
4189,41.119875043074984
4190,19.696848096958043
4191,29.073857799854334
4192,36.75649634914904
4193,20.28097183923482
4194,34.41879469952343
4195,24.14718713986956
4196,30.66276862407103
4197,24.52566430778215
4198,32.33251064607499
4199,27.759376302210438
4200,30.861994456638914
4201,35.58792472149178
4202,34.014403427243934
4203,29.267908816515515
4204,24.03695075627639
4205,32.99474132197099
4206,26.343589959464538
4207,29.403343951306272
4208,29.505715822289453
4209,45.74186140585112
4210,30.7595969156918
4211,28.386068959447417
4212,31.914027584288938
4213,28.96435438963481
4214,31.59298729391278
4215,34.65512475256482
4216,18.54461722970177
4217,34.43905012559567
4218,32.33113518440378
4219,25.488774582685497
4220,23.64254100625376
4221,41.89353736915575
4222,38.651825943595405
4223,22.37976029612338
4224,30.47125032615153
4225,21.037327310140956
4226,20.325391392800697
4227,24.50268417195009
4228,29.068464238166495
4229,30.359236281824604
4230,25.05258849207776
4231,47.803241328865106
4232,35.01189968816762
4233,30.037012268136852
4234,25.034781769255115
4235,26.538990770398343
4236,16.923273902360823
4237,27.357284979432624
4238,39.900427495023585
4239,22.31068471553123
4240,37.763747360955605
4241,24.84796512181811
4242,34.99136846371698
4243,41.549501939820374
4244,27.082150126276726
4245,17.943258955044
4246,33.6693999590983
4247,39.17078859865182
4248,27.45466034185899
4249,23.525408719681575
4250,19.801994587548744
4251,20.08214385601844
4252,6.826248797626895
4253,32.776841236984
4254,15.521595729216253
4255,35.283089378684416
4256,22.60648987150427
4257,31.0637922589833
4258,24.286281079190296
4259,28.560891659551423
4260,34.5743162473423
4261,36.62697874906984
4262,28.39248752870515
4263,33.6143078823173
4264,29.3036100049885
4265,28.863786097656533
4266,32.48919321729787
4267,36.54319533207382
4268,42.38428629368471
4269,20.20927979954883
4270,17.094585819860853
4271,41.0700345911012
4272,24.132707789589908
4273,25.242339288688857
4274,29.78791977515462
4275,21.50805273114896
4276,27.811899483435656
4277,32.63266384481805
4278,14.403514268282553
4279,30.028303772668377
4280,27.597979967652325
4281,32.42168794015554
4282,32.710852228383466
4283,20.453008915781627
4284,43.18098798952563
4285,33.4937368777345
4286,20.94191593322197
4287,25.593029728995866
4288,22.20466084352721
4289,44.222863608667126
4290,22.793007970526222
4291,27.090430088777016
4292,25.68015963738333
4293,31.95105279514651
4294,22.38700833475977
4295,38.87643437734848
4296,35.0954135026819
4297,18.922593909948063
4298,33.270438489142705
4299,33.33357565818227
4300,25.7413853476637
4301,36.226206272023646
4302,40.73753811560607
4303,24.249701697554112
4304,34.40160273740803
4305,28.342535741060612
4306,31.525871185786592
4307,18.714743628942728
4308,41.320059078030525
4309,20.636297292592534
4310,33.97979843407249
4311,28.59353782076808
4312,33.4229800048259
4313,35.91566230030959
4314,27.3905362676502
4315,20.671319954514413
4316,23.602057380241362
4317,34.7655563534201
4318,18.14926728395813
4319,31.776874106393354
4320,25.904303623921873
4321,22.92944677164337
4322,42.70144231439292
4323,38.44728007786888
4324,25.00612792260793
4325,29.653229531243454
4326,29.898212403473746
4327,37.041336795488384
4328,34.387830644981634
4329,20.92469510374831
4330,12.75108863978143
4331,34.31637065983059
4332,38.452126493131594
4333,19.946356287961574
4334,20.76797228399039
4335,27.677278098230023
4336,16.72304856870003
4337,25.99579498526401
4338,21.493009110052583
4339,14.016435602091228
4340,34.46613564519434
4341,24.342780664572302
4342,29.370637974573455
4343,15.40546529230083
4344,23.566072936028753
4345,33.213676663153635
4346,21.808500357963343
4347,21.911409033612525
4348,51.5042391810175
4349,25.580792127258626
4350,28.389635448311676
4351,33.16978619693306
4352,34.84527373864338
4353,35.13391747143204
4354,15.36611841823137
4355,33.763123766696566
4356,36.06157877211805
4357,34.553045437504565
4358,27.45760357785955
4359,25.660275936287288
4360,32.68808059679659
4361,28.65913289096706
4362,21.764134266896754
4363,23.081121159781357
4364,22.698511936928142
4365,22.75023705848908
4366,16.117710285769014
4367,28.301471335664374
4368,10.30430571807135
4369,20.316540163365882
4370,26.625163101329356
4371,27.338433182197672
4372,41.21073106701466
4373,32.49821792729929
4374,32.69402845738849
4375,38.328501065625076
4376,28.32914060068861
4377,35.86754805596372
4378,40.00522255113975
4379,39.42558671163348
4380,27.247329558764367
4381,36.17326612079207
4382,28.793696248793896
4383,36.7699064430778
4384,34.37381217239191
4385,32.363006233139295
4386,27.1812206938803
4387,26.132860647778458
4388,34.55455106751686
4389,37.25655304689835
4390,31.395514710346514
4391,28.480482137521395
4392,27.02991530582533
4393,26.1423676185716
4394,20.28123968373188
4395,32.944638091905155
4396,26.04463671061909
4397,29.895531515683764
4398,17.764541139094153
4399,37.24379776451953
4400,22.47306117101619
4401,33.98025533900655
4402,23.23832804409797
4403,29.58837480126416
4404,24.445647569785805
4405,21.105159816785076
4406,37.003105707715655
4407,32.78177975793218
4408,29.69927317605729
4409,7.7820268526729945
4410,19.690686714002087
4411,29.10761911644397
4412,21.553218711098708
4413,18.5517974751402
4414,24.701307841885626
4415,33.25496203077484
4416,14.775014032977596
4417,30.745340975056468
4418,26.81947790984399
4419,26.800271087960457
4420,29.154468198810733
4421,17.60576254976859
4422,39.02986686928455
4423,28.592435079794768
4424,43.32468163522961
4425,21.335434537630846
4426,20.596906052962275
4427,31.987269485467976
4428,32.63337275421928
4429,23.82620460216096
4430,26.7211874459216
4431,35.168229272793994
4432,45.40997599316933
4433,27.842019610903613
4434,36.94896760539699
4435,18.82257112064203
4436,21.54464666007597
4437,29.54035355482703
4438,38.62952476628961
4439,28.308797537815853
4440,32.84974297204126
4441,21.349136537833473
4442,26.489365935555266
4443,15.459429103096165
4444,32.89531780228886
4445,29.509950582454806
4446,33.95641665553789
4447,30.340442933893762
4448,29.03725800205617
4449,20.103055233494587
4450,24.629615974844356
4451,15.84944416612832
4452,34.871765594070986
4453,33.774798251734026
4454,29.530766872130997
4455,23.720250560584798
4456,30.58168504466545
4457,34.88165654222191
4458,27.028163444095107
4459,21.402773294337667
4460,29.289319819601673
4461,32.55099607035935
4462,14.596025904868219
4463,13.414996354592258
4464,44.55732079655613
4465,29.159441042767643
4466,28.319744749951514
4467,36.29351108561785
4468,32.278381209869345
4469,24.59564352796313
4470,28.595207162369316
4471,46.75260007479886
4472,47.283256466521486
4473,26.549744440786192
4474,25.30778949857967
4475,22.255498575876334
4476,32.95707879530736
4477,27.725216690322053
4478,38.67771128043539
4479,25.61699096734408
4480,20.719999961647982
4481,35.99519301445668
4482,18.936995471727418
4483,32.12877279044508
4484,22.863376284459434
4485,27.73750458526407
4486,25.16768973525802
4487,6.230349075427171
4488,20.696848686530057
4489,22.397957388476552
4490,45.31346595026113
4491,24.972030266523895
4492,33.89270429890918
4493,29.451257461759205
4494,24.58791403812765
4495,33.050882312172746
4496,9.193014227925149
4497,26.866053698333676
4498,38.715695062022846
4499,34.51514765498541
4500,34.96759583489908
4501,31.76261565553176
4502,42.6594637474012
4503,31.89181293254004
4504,16.07511265086627
4505,20.992392997949384
4506,22.016672204642074
4507,31.340037670761117
4508,30.270231568308592
4509,33.76058869789335
4510,37.84306991421215
4511,32.839254934852036
4512,28.466124743461492
4513,34.43592532573911
4514,37.30870264769288
4515,36.02491759095336
4516,39.735744821007316
4517,35.363787870683936
4518,24.088870907897405
4519,29.68900840451739
4520,24.755549011175848
4521,17.76662204024105
4522,38.88765551807793
4523,26.83895120962868
4524,43.57091637770216
4525,31.78152273847822
4526,20.27318565626136
4527,25.701801260749274
4528,21.406887067104467
4529,26.52845071166184
4530,30.508286608661834
4531,37.25768925117585
4532,22.871723364122943
4533,24.094532802200437
4534,30.18189509835768
4535,34.14713935838766
4536,24.270394288277853
4537,31.63504856500505
4538,16.40134620037782
4539,12.651190489323188
4540,18.894335995784882
4541,23.973978609539518
4542,45.639107667185755
4543,23.550070662400444
4544,33.70810566455138
4545,31.263236646119232
4546,32.36562361191978
4547,35.48838237342137
4548,23.075963192227047
4549,21.363320933717844
4550,29.89258325357937
4551,30.48093208176525
4552,30.815225262706914
4553,40.56213802143376
4554,20.583396947574595
4555,41.739145878207424
4556,14.183609322518874
4557,35.78622867426519
4558,36.20389177556967
4559,35.54690082088121
4560,35.816225047337355
4561,33.853125876940595
4562,39.869011571976465
4563,40.83882883161694
4564,34.776091793375485
4565,17.703144897194154
4566,25.898103511412884
4567,20.737924676353977
4568,35.23979903462613
4569,33.13778487318544
4570,39.2920962430915
4571,20.987081090994014
4572,34.90391647036593
4573,32.57292010236313
4574,21.961714114591214
4575,24.406678249413638
4576,21.396040896507554
4577,15.798213829496264
4578,35.13373652396463
4579,32.71088804706987
4580,24.735135322070434
4581,31.449441451876957
4582,9.107350901929875
4583,23.516197295591716
4584,35.035214169067146
4585,37.42961468970092
4586,40.090142071836446
4587,52.84902636589533
4588,33.252225740477726
4589,21.36437811092422
4590,13.557796337468313
4591,27.20960831786214
4592,32.500385609484724
4593,21.62445989465612
4594,30.675100434854556
4595,20.873736022852302
4596,20.449213943851092
4597,24.293061384981094
4598,21.842328755752582
4599,16.832301551590398
4600,22.054959547929887
4601,9.08554099649336
4602,26.024369044202228
4603,26.081565920919108
4604,19.566192874749763
4605,37.82966550776301
4606,39.58720017061471
4607,13.21501142178728
4608,29.138106313055776
4609,31.766252530203364
4610,22.34767181172512
4611,23.880965624060046
4612,36.883112061960574
4613,15.852611718272398
4614,38.93426657278406
4615,17.711558338668755
4616,36.08782790442994
4617,36.19381084648151
4618,41.3415113683464
4619,18.65253927744926
4620,15.315134999894992
4621,27.224453150062587
4622,38.32014816264568
4623,30.38070711552429
4624,31.678245428150923
4625,36.3300405332615
4626,26.71786182302231
4627,26.059377226141454
4628,23.786563665400532
4629,15.948244918030534
4630,34.34826540211312
4631,39.23589286420365
4632,36.45053048097316
4633,24.802634670691553
4634,36.7066453622122
4635,24.784826992102563
4636,24.2112008556205
4637,48.69316317502483
4638,35.33477450006741
4639,35.85322800508743
4640,36.30162453929583
4641,12.594440471900693
4642,40.667199837679966
4643,24.75720095396614
4644,31.048015666304863
4645,38.70477939170202
4646,20.20815060026381
4647,36.257934514539244
4648,26.745507526648115
4649,29.62417031171285
4650,38.19265120168556
4651,25.43555745042585
4652,25.399837188264797
4653,25.090837751736405
4654,28.167266526896796
4655,34.19295987981648
4656,27.590978571426767
4657,28.646246653636823
4658,35.88990728670704
4659,27.918863196811948
4660,21.885204177768852
4661,36.5734991853791
4662,28.03913163411922
4663,40.52562224660704
4664,37.24010774214718
4665,29.12893086455602
4666,31.64111970052498
4667,25.634561062063774
4668,30.300380719094473
4669,28.765996342140053
4670,15.29622523895863
4671,26.640731507561842
4672,30.896175590358176
4673,27.0995161784213
4674,34.29192445563103
4675,20.823866559775475
4676,26.14047471128013
4677,30.627410562146473
4678,27.788442613994427
4679,24.887912816309733
4680,30.3110174532505
4681,33.51319679353623
4682,27.249147016511394
4683,17.677681714125235
4684,30.00501411649249
4685,24.63220735265524
4686,38.96175609786563
4687,18.602241108673134
4688,23.265833560846584
4689,28.85600193392704
4690,37.02868063978616
4691,29.40702866717563
4692,40.79646082634991
4693,29.55243701135685
4694,29.65719950324033
4695,18.68428743190258
4696,43.58369459610774
4697,34.72864879119941
4698,38.93792199302108
4699,9.216265240209875
4700,22.933518599547366
4701,32.130512147303826
4702,30.851443628451516
4703,27.270805337571165
4704,36.65665032634394
4705,36.36972917197295
4706,22.869848177874378
4707,20.531425825388375
4708,34.14834375575712
4709,30.056862567285037
4710,23.996804057842926
4711,23.788727069488132
4712,31.64812522126158
4713,18.715734817335438
4714,34.27248503125168
4715,37.5258251392683
4716,44.4036424655159
4717,19.879533887766193
4718,25.00098650267935
4719,28.34155608983682
4720,17.898892068495964
4721,37.271981558697675
4722,23.842668928186296
4723,24.964582468971148
4724,25.909005851206686
4725,27.160285180591085
4726,35.783126112720836
4727,28.42440692306733
4728,45.73323527527877
4729,27.589027291705623
4730,36.00360423990613
4731,23.80359357888164
4732,31.13653940726152
4733,26.790561871671912
4734,29.42210663091985
4735,38.511145645560504
4736,18.81016060337921
4737,38.103804495976604
4738,32.31187265667136
4739,27.25869484478355
4740,27.15999401758755
4741,25.330199280746577
4742,32.27274987938133
4743,29.741775380470433
4744,28.469489537822817
4745,29.39236039465141
4746,9.997061694600289
4747,21.863241938978465
4748,37.072385732265715
4749,38.03326378020233
4750,32.10020231452204
4751,24.64681229032221
4752,28.698340498046722
4753,38.46063460271927
4754,29.992245299042583
4755,33.31188775997436
4756,26.080517160096182
4757,22.67073685358925
4758,7.687345837583045
4759,26.326713551383072
4760,36.23587027664306
4761,38.40906639903714
4762,24.649600049276973
4763,22.3578921815222
4764,33.2361004764409
4765,33.98685541441768
4766,29.754048641855615
4767,29.910178606823095
4768,45.73916441145697
4769,38.490848842065766
4770,17.837461977347658
4771,35.90512244926705
4772,37.489889520769786
4773,27.31647135808609
4774,30.4163615643248
4775,13.963568632236068
4776,21.38793827084935
4777,24.36918091685002
4778,47.18644976243887
4779,23.699709799861214
4780,41.5736864401366
4781,17.248736284294033
4782,22.798186367133486
4783,27.812916616173165
4784,20.126934994804174
4785,27.43637607748242
4786,19.91486780173007
4787,19.045676118713804
4788,23.134020134633136
4789,24.94127922793584
4790,13.683911385639954
4791,39.05089071416629
4792,20.9506471232259
4793,31.27141738348951
4794,23.080724258989772
4795,26.654193533354242
4796,26.217753920825484
4797,20.453095463084008
4798,35.0430863828731
4799,33.034552769157536
4800,18.268568240084818
4801,41.25428394322008
4802,38.340530963601736
4803,34.485964816223635
4804,22.979738560278484
4805,21.961446872634944
4806,28.971447874130618
4807,31.90801683266795
4808,25.96054002677456
4809,21.458977339887568
4810,31.832592495527905
4811,24.245937471840172
4812,33.12757845654275
4813,27.98988877931068
4814,30.77923191024584
4815,38.42234057275147
4816,8.925398995272145
4817,37.84426482203349
4818,31.104456723432964
4819,19.362966030925556
4820,20.95678099058017
4821,32.54406759587398
4822,38.977229722159414
4823,25.591654866790954
4824,30.788299696029743
4825,31.22569536282043
4826,32.2828742028305
4827,42.27534055997888
4828,36.06106553253668
4829,30.587749404636828
4830,10.850876323314592
4831,39.282400302637825
4832,23.32066605639038
4833,35.237799479815905
4834,20.154543051173455
4835,22.906727659409814
4836,22.964586085687515
4837,38.63065231344596
4838,15.35359339685825
4839,22.684074670484627
4840,23.728069319797743
4841,22.58021490101351
4842,21.84859659122866
4843,28.114573258578854
4844,36.05806581319357
4845,38.152437129816676
4846,22.833230581653087
4847,40.552242815330665
4848,31.895314288550676
4849,28.11130557213092
4850,23.5043328545139
4851,44.66037299921171
4852,18.01983875441444
4853,35.36294310657043
4854,25.485020620178123
4855,30.161974817453917
4856,34.565250469381056
4857,39.65160203926464
4858,15.00878115119065
4859,26.903467546399526
4860,42.398219561880495
4861,26.816431697574323
4862,28.836056464070328
4863,16.41073931553289
4864,35.638896525147075
4865,21.521563908180052
4866,32.85042512991233
4867,45.96792148605976
4868,28.347017148979162
4869,15.464883507900598
4870,36.79129875603627
4871,25.840975700515976
4872,25.20499952361833
4873,13.008480406089129
4874,38.79541897686187
4875,34.48251421364368
4876,25.991271665321186
4877,38.73093028678653
4878,38.6590599146403
4879,27.25880743247479
4880,17.618790003946796
4881,9.801228187825862
4882,30.16049880279245
4883,25.866727463442075
4884,28.315117810034057
4885,27.348515889643984
4886,29.378558528413755
4887,15.631066979710246
4888,19.66989710458229
4889,38.46416575547572
4890,32.20744281832269
4891,18.908661240090886
4892,30.49705264218546
4893,35.16489424770812
4894,27.98141166392901
4895,16.49377825081066
4896,23.637081531507675
4897,21.620381682276864
4898,21.98627628685413
4899,24.922382639834648
4900,19.124365484030836
4901,25.767052687800824
4902,36.956222570776085
4903,22.85144646780733
4904,25.15433601810184
4905,30.349562588422913
4906,34.8079045529556
4907,24.49027450597426
4908,21.68007133360994
4909,36.53361875545484
4910,20.22289457910233
4911,28.42914181329381
4912,33.368032025109535
4913,18.820051828152934
4914,7.463715332802266
4915,18.067865970361385
4916,28.62334226023508
4917,36.736395050845644
4918,19.62687340042647
4919,28.172502267778682
4920,35.735343216934005
4921,29.87666164650672
4922,17.998203170789928
4923,16.30985409572405
4924,32.43074020487948
4925,31.644887265881145
4926,33.65518436305898
4927,27.48591940891214
4928,26.717182793199353
4929,26.505966961867337
4930,32.5974054162593
4931,16.39135659395546
4932,27.285814846428718
4933,30.83914918301881
4934,29.318065361223432
4935,23.059641033082585
4936,32.2822041579826
4937,37.668594099383235
4938,24.291776957285727
4939,23.663410621996334
4940,16.24504764317503
4941,28.554190861447523
4942,39.768959176533386
4943,24.970137925012786
4944,43.11349914877566
4945,32.26241925295918
4946,36.393428434560825
4947,27.250112413621828
4948,25.68305908260482
4949,27.976626813180662
4950,20.879009748662646
4951,31.052400556247882
4952,29.782570058396455
4953,33.68532939831704
4954,29.35844022237385
4955,25.3572834738044
4956,34.3810377998152
4957,34.01456307059449
4958,36.26108261854898
4959,39.7995095043233
4960,25.106575863098218
4961,18.377977145150904
4962,28.44717618598538
4963,32.9116964427998
4964,33.0159460905148
4965,42.36555119987765
4966,32.730801911052
4967,30.186657447165093
4968,35.589487243022425
4969,23.168445818889555
4970,29.50343603282177
4971,30.413590253678336
4972,21.79597138034463
4973,27.576324126561545
4974,30.04219123348545
4975,29.29668010108744
4976,26.925225609329775
4977,6.053720233032933
4978,19.84076414940946
4979,17.900878029602556
4980,17.45641585208035
4981,28.98161013827321
4982,44.71264702801963
4983,34.84580916144792
4984,30.99583479903976
4985,28.964394226068073
4986,39.3377622709173
4987,25.75069820917766
4988,24.519725967654463
4989,36.27870538809597
4990,27.306648728105667
4991,32.451508133519454
4992,25.791029723947986
4993,20.68133579240887
4994,24.678665193084004
4995,35.72065043924218
4996,14.799079944461322
4997,21.066442303031078
4998,12.60045450500767
4999,31.60950506303005
5000,40.27700665820099
